Product Name,Slug,Product SKU,Size Range,Colors,Category,Industries,Supplier Tag,Subcategories,Gender,Key Highlights,Description,Fabric & Features
Women's Cool Stretch Bandless Slim Leg Pant,womens-cool-stretch-bandless-slim-leg-pant-10121,10121,4 - 26,black; navy,suiting,corporate; government,Fashion biz,trousers,Women,"<ul><li>Slim leg tailored suit pants</li><li>Mid-rise bandless design</li><li>Mechanical stretch for all-day comfort</li><li>Breathable, antibacterial suiting fabric</li><li>Clean side zip closure for a streamlined fit</li></ul>","Designed to deliver a sleek, contemporary silhouette, these slim leg pants combine refined tailoring with everyday comfort. The bandless mid-rise design and concealed side zip create a smooth, flattering finish, while the breathable mechanical stretch fabric provides unrestricted movement throughout the day. Finished with an antibacterial treatment to help minimise odours, they're the perfect choice for busy corporate and customer-facing professionals.","<p><strong>Fabric:</strong> 92% Polyester, 8% Bamboo Charcoal</p><ul><li>Versatile, durable suiting fabric with mechanical stretch for enhanced comfort and mobility</li><li>Breathable construction designed to keep you cool and dry in warmer climates</li><li>Antibacterial finish to help minimise odours and maintain freshness</li><li>Mid-rise bandless design for a clean, streamlined appearance</li><li>Slim tapered leg for a modern professional silhouette</li><li>Concealed side zip closure for a smooth finish</li><li>Functional front slant pockets for convenient storage</li><li>Back slant pocket for added practicality</li><li>Easy-care construction suitable for everyday professional wear</li><li>Coordinates seamlessly with matching suiting separates</li><li>Ideal for corporate, hospitality and customer-facing environments</li></ul>"
Silvertech Polo - Men's,silvertech-polo-mens-1058,1058,"5XL, XS - 3XL",black-silver; charcoal-silver; navy-silver; ocean-blue-silver; red-silver; teal-silver; white-silver,tops,healthcare; corporate,Stencil,polos; short-sleeve,Men,<ul><li>SilverTech® antibacterial performance fabric</li><li>Nano-scale silver technology</li><li>Lightweight moisture-wicking construction</li><li>Natural anti-odour protection</li><li>4-way stretch comfort</li></ul>,"Engineered for superior performance, the SilverTech® Polo combines advanced fabric technology with all-day comfort. Crafted from a lightweight blend of SilverTech®, Cool Dry® polyester, rayon and spandex, it features Nano-Scale Silver Technology that delivers permanent natural antibacterial and deodorising protection to help keep you feeling fresh, clean and cool throughout the day. Finished with subtle horizontal silver stripe detailing and a classic three-button placket, it's the ideal choice for active workplaces and professional uniforms.","<p><strong>Fabric:</strong> 130g 100% Polyester High Performance Fabric</p><ul><li>85% SilverTech®/Polyester Cool Dry®, 8% Rayon, 7% Spandex</li><li>130 GSM lightweight performance fabric</li><li>Nano-Scale Silver Technology for permanent antibacterial protection</li><li>Natural deodorising and anti-odour performance</li><li>Moisture-wicking fabric helps keep you cool and dry</li><li>Horizontal silver stripe detail across the body</li><li>3-button placket on both men&#x27;s and ladies&#x27; styles</li><li>Antibacterial rating of 99.99%</li></ul>"
Freshen Polo Men's,freshen-polo-mens-1061,1061,S - 3XL,red-white; white-navy; white-red,tops,government,Stencil,polos; short-sleeve,Men,<ul><li>Lightweight performance polo</li><li>Breathable micro-perforated jersey mesh fabric</li><li>BIZ COOL™ moisture-wicking technology</li><li>Quick-drying stretch performance fabric</li><li>Modern athletic styling for all-day comfort</li></ul>,"The Phoenix Polo is designed to deliver the perfect balance of professional style and everyday performance. Crafted from lightweight BIZ COOL™ jersey mesh with micro-perforations, it provides exceptional breathability to keep you cool and comfortable throughout the day. Moisture-wicking, quick-drying and built with stretch for unrestricted movement, it's an ideal choice for busy workplaces and active environments.","<p><strong>Fabric:</strong> 100% DryMax Polyester</p><ul><li>140 GSM BIZ COOL™ fabric</li><li>93% Polyester, 7% Elastane jersey mesh construction</li><li>Micro-perforated fabric for enhanced breathability</li><li>Moisture-wicking technology to keep you dry</li><li>Quick-drying performance fabric</li><li>Four-way stretch for improved comfort and movement</li><li>Two-piece self-fabric cutaway collar with collar stand</li><li>Angled forward shoulder seams for a modern fit</li><li>Self-fabric side panels extending from body hem to sleeve hem</li><li>Straight hemline for a clean finish</li><li>Women&#x27;s style features a four-button grown-on placket</li></ul>"
Superdry Polo - Men's,superdry-polo-mens-1062,1062,"XS - 3XL\, 5XL",white-navy,tops,automotive,Stencil,polos; short-sleeve,Men,<ul><li>High-performance moisture-wicking polo</li><li>DryMax polyester performance fabric</li><li>Lightweight pinhead-weave texture</li><li>Quick-drying comfort</li><li>Contrast trim detailing</li></ul>,"Designed for maximum comfort in demanding environments, the Superdry Polo is crafted from high-performance DryMax polyester fabric that rapidly wicks moisture away from the body to keep you feeling fresh, cool and dry throughout the day. Featuring a lightweight pinhead-weave texture and subtle contrast trim detailing, it delivers a modern, professional look with all-day performance.","<p><strong>Fabric:</strong> 160g 100% Polyester</p><ul><li>100% DryMax Polyester</li><li>160 GSM performance fabric</li><li>Ultra-high performance moisture-wicking technology</li><li>Lightweight pinhead-weave fabric</li><li>Contrast trim on the inside collar, placket and side splits</li><li>Quick-drying construction</li><li>Men&#x27;s style features a 3-button placket</li><li>Designed for all-day comfort and durability</li></ul>"
Kahve Polo - Men's,kahve-polo-mens-1064,1064,"XS - 3XL\, 5XL",black; royal-blue; white,tops,hospitality; retail; corporate,Stencil,polos; short-sleeve; sustainable,Men,<ul><li>Eco-friendly Coffee Charcoal fabric</li><li>Naturally antibacterial and anti-odour</li><li>Moisture-wicking performance</li><li>Self-fabric collar with collar stays</li><li>Contrast collar detailing</li></ul>,"Give your morning coffee a second life with the Kahve Polo. Crafted using innovative Coffee Charcoal technology, recycled coffee grounds are fused with polymers to create a sustainable performance fabric that's naturally antibacterial, anti-odour and gentle on the skin. Combined with moisture-wicking properties and a cationic polyester outer that helps regulate body temperature, the Kahve Polo delivers exceptional comfort, freshness and performance throughout the day.","<p><strong>Fabric:</strong> 200g 30% Eco-Friendly Coffee Charcoal, 70% Cationic Polyester</p><ul><li>30% Eco-Friendly Coffee Charcoal, 70% Cationic Polyester</li><li>200 GSM fabric weight</li><li>Natural moisture-wicking performance</li><li>Naturally antibacterial and deodorising properties</li><li>Cationic polyester outer helps reduce heat absorption and encourages heat release</li><li>Self-fabric two-piece collar with collar stays</li><li>Contrast inside collar detail</li><li>Back yoke with side splits for added comfort and movement</li><li>3-button placket on both men&#x27;s and ladies&#x27; styles</li></ul>"
Women's Bandless Elastic Waist Pant,womens-bandless-elastic-waist-pant-10722,10722,4 - 26,black; marine,suiting,corporate; government,Fashion biz,trousers,Women,"<ul><li>Lightweight stretch suiting fabric</li><li>Soft, breathable all-day comfort</li><li>Durable easy-care construction</li><li>Added stretch for unrestricted movement</li><li>Ideal for corporate and functional roles</li></ul>","Designed to deliver lasting comfort and professional performance, this lightweight suiting fabric combines softness, durability and everyday practicality. The addition of stretch provides unrestricted movement, while the breathable viscose blend helps keep you comfortable throughout the day. Easy to care for and built for regular wear, it's the ideal choice for both corporate and functional workplace environments.",<p><strong>Fabric:</strong> 79% Polyester 17% Viscose 4% Elastane</p><ul><li>Lightweight fabric for year-round comfort</li><li>Soft-touch construction for a premium feel</li><li>Added stretch for enhanced comfort and ease of movement</li><li>Breathable viscose blend for improved airflow</li><li>Durable fabric designed for everyday professional wear</li><li>Easy-care construction requiring minimal maintenance</li><li>Suitable for both corporate and functional workplace environments</li></ul>
Canvas Apron,canvas-apron-1080,1080,One Size,black; walnut,accessories,hospitality,AS Colour,aprons,Unisex,<ul><li>Heavyweight cotton canvas bib apron</li><li>Durable duck canvas construction</li><li>Adjustable shoulder straps for comfort</li><li>Large front utility pocket</li><li>Built for hospitality and creative work</li></ul>,"Crafted from heavyweight cotton duck canvas, this premium bib apron is designed to withstand the demands of busy workplaces while delivering timeless style. Featuring adjustable shoulder straps for all-day comfort and reinforced top-stitch detailing for added durability, it's the perfect choice for hospitality, cafés, workshops, retail and creative environments.","<p><strong>Fabric:</strong> 100% Cotton Duck Weave Canvas</p><ul><li>Heavyweight 365 GSM 100% cotton duck canvas for exceptional durability</li><li>Adjustable shoulder straps with premium YKK metal strap adjusters for a customised fit</li><li>Large front patch pocket provides convenient storage for everyday essentials</li><li>Self-fabric neck and waist ties for a secure, comfortable fit</li><li>Reinforced top-stitch detailing enhances strength and durability</li><li>Pre-shrunk fabric helps minimise shrinkage after washing</li><li>Measures 90cm long × 83cm wide for generous coverage</li><li>Suitable for embroidery and custom branding applications</li><li>Ideal for hospitality, cafés, retail, workshops, creative studios and promotional use</li></ul>"
Trucker Cap,trucker-cap-1108,1108,One Size,black; khaki; navy; walnut,accessories,corporate; government; retail,AS Colour,headwear,Unisex,<ul><li>Low-profile trucker snapback cap</li><li>Breathable mesh back panels</li><li>Flat peak modern design</li><li>Adjustable snapback closure</li><li>Lightweight everyday comfort</li></ul>,"Blending contemporary street style with everyday practicality, this low-profile trucker cap is designed for all-day comfort. Featuring a lightweight cotton front, breathable mesh back panels and a modern flat peak, it offers excellent ventilation and a relaxed fit. Finished with an adjustable snapback closure, it's the perfect choice for teamwear, corporate branding, events and casual wear.","<p><strong>Fabric:</strong> 100% Cotton Front And Peak, 100% Polyester Mesh Back</p><ul><li>Low-profile trucker cap with a modern six-panel design</li><li>Midweight construction for comfortable everyday wear</li><li>100% cotton front panels and peak for durability and comfort</li><li>100% polyester mesh back panels for enhanced airflow and breathability</li><li>Flat peak for a contemporary, on-trend look</li><li>Tonal under-peak lining for a clean, premium finish</li><li>Adjustable plastic snapback closure for a secure, customised fit</li><li>One size fits most</li><li>Suitable for embroidery and custom branding applications</li><li>Ideal for corporate uniforms, teamwear, promotional events and everyday casual wear</li></ul>"
Access Cap,access-cap-1130,1130,One Size,black; bone; coal; cypress; ecru; hazy-pink; khaki; midnight-blue; walnut,accessories,corporate; government; retail,AS Colour,headwear,Unisex,<ul><li>Lightweight 100% cotton cap</li><li>Low-profile six-panel design</li><li>Pre-curved peak for everyday wear</li><li>Adjustable metal clasp closure</li><li>Ideal for corporate branding and casual wear</li></ul>,"Designed for effortless everyday style, the Access Cap combines a clean, low-profile silhouette with lightweight comfort. Crafted from 100% cotton, it offers breathable all-day wear, while the curved peak and adjustable metal clasp ensure a secure, personalised fit. Finished with subtle premium details, it's an excellent choice for corporate uniforms, teamwear, promotional events and casual use.","<p><strong>Fabric:</strong> 100% Cotton</p><ul><li>Made from lightweight 100% cotton for breathable comfort</li><li>Low-profile six-panel construction for a modern, relaxed fit</li><li>Pre-curved peak delivers a classic everyday look</li><li>Tonal under-peak lining provides a clean, premium finish</li><li>Adjustable rear strap with metal clasp for a secure, customised fit</li><li>Lightweight design suitable for extended all-day wear</li><li>Suitable for embroidery and custom branding applications</li><li>Ideal for corporate uniforms, teamwear, promotional events and everyday casual wear</li></ul>"
Freshen Polo - Ladies,freshen-polo-ladies-1161,1161,8 - 22,white-navy,tops,government,Stencil,polos; short-sleeve,Women,<ul><li>DryMax performance fabric</li><li>Ultra-fast moisture-wicking technology</li><li>Lightweight breathable construction</li><li>Mesh ventilation panels</li><li>UPF 50+ sun protection</li></ul>,"Built for high-performance comfort, the Freshen Polo is crafted from lightweight DryMax polyester fabric that rapidly wicks moisture away from the body to keep you feeling fresh, cool and dry throughout the day. Tonal mesh panels under the arms and along the sides enhance airflow where you need it most, making it an ideal choice for active workplaces and warm conditions.","<p><strong>Fabric:</strong> 145g 100% Polyester</p><ul><li>100% DryMax Polyester</li><li>145 GSM lightweight performance fabric</li><li>Ultra-fast moisture-wicking technology</li><li>Tonal mesh side and underarm panels for enhanced ventilation</li><li>Lightweight, breathable construction</li><li>Designed to keep you cool, fresh and comfortable all day</li><li>UPF 50+ sun protection</li></ul>"
Superdry Polo Ladies,superdry-polo-ladies-1162,1162,6 - 26,black-charcoal-colour; charcoal-black; latte-charcoal; navy-silver; platinum-charcoal; white-navy,tops,corporate; government; education; retail,Stencil,polos; short-sleeve,Women,"<ul><li>Lightweight DryMax performance polo</li><li>Attractive pinhead-weave performance fabric</li><li>Super quick moisture-wicking technology</li><li>Contrast trim detailing for a modern finish</li><li>Soft, breathable comfort for everyday wear</li></ul>","The Pinhead Polo combines premium comfort with modern styling for a polished professional look. Crafted from lightweight DryMax performance fabric with an attractive pinhead weave, it delivers exceptional breathability and advanced moisture-wicking performance to keep you cool and comfortable throughout the day. Finished with subtle contrast detailing, it's a versatile polo designed for both comfort and durability.","<p><strong>Fabric:</strong> 100% DryMax Polyester</p><ul><li>160 GSM 100% DryMax polyester ultra-high performance fabric</li><li>Attractive pinhead-weave fabric for a premium appearance</li><li>Super quick moisture-wicking technology to keep you cool, dry and fresh</li><li>Self-fabric collar with subtle contrast trim inside the collar, placket and side splits</li><li>Four-button placket on women&#x27;s styles</li><li>Lightweight, breathable construction for all-day comfort</li><li>Durable fabric designed for long-lasting wear</li><li>Available in a range of vibrant, hard-wearing colours</li></ul>"
Kahve Polo - Ladies,kahve-polo-ladies-1164,1164,6 - 22,charcoal; navy; royal; white,tops,hospitality; retail; corporate,Stencil,polos; short-sleeve; sustainable,Women,<ul><li>Eco-friendly Coffee Charcoal fabric</li><li>Naturally antibacterial and anti-odour</li><li>Moisture-wicking performance</li><li>Self-fabric collar with collar stays</li><li>Temperature-regulating comfort</li></ul>,"Give your morning coffee a second life with the Kahve Polo. Crafted using innovative Coffee Charcoal technology, recycled coffee grounds are fused with polymers to create a sustainable performance fabric that's naturally antibacterial, anti-odour and gentle on the skin. Designed to wick moisture away from the body while helping regulate temperature, the Kahve Polo keeps you feeling cool, fresh and comfortable throughout the day. Finished with refined detailing and a modern fit, it's the perfect combination of sustainability, comfort and everyday performance.","<p><strong>Fabric:</strong> 200g 30% Eco-Friendly Coffee Charcoal, 70% Cationic Polyester</p><ul><li>30% Eco-Friendly Coffee Charcoal, 70% Cationic Polyester</li><li>200 GSM fabric weight</li><li>Natural moisture-wicking performance</li><li>Naturally antibacterial and deodorising properties</li><li>Cationic polyester outer helps reduce heat absorption and encourages heat release</li><li>Self-fabric two-piece collar with collar stays</li><li>Contrast inside collar detail</li><li>Back yoke with side splits for enhanced comfort and movement</li><li>3-button placket on both men&#x27;s and ladies&#x27; styles</li></ul>"
Nylon Bucket Hat,nylon-bucket-hat-1171,1171,One Size,army; black; bone; ecru; lapis; lime; mushroom; navy; pistachio; powder; sand,accessories,,AS Colour,headwear; sustainable,Unisex,<ul><li>Lightweight recycled nylon bucket hat</li><li>Quick-dry performance fabric</li><li>Reinforced brim for durability</li><li>Breathable ventilated design</li><li>Ideal for outdoor work and events</li></ul>,"Designed for all-day comfort in the outdoors, the Nylon Bucket Hat combines lightweight performance with sustainable materials. Made from 100% quick-dry recycled nylon, it delivers breathable comfort, durability and reliable sun protection. The reinforced brim and ventilation eyelets make it an ideal choice for work, travel, events and everyday outdoor wear.","<p><strong>Fabric:</strong> 100% Quick Dry Recycled Nylon</p><ul><li>Made from lightweight to midweight 100% quick-dry recycled nylon</li><li>Durable, quick-drying fabric for all-day comfort in outdoor conditions</li><li>Reinforced brim with stitched detailing for added durability and shape retention</li><li>Side eyelets improve ventilation and airflow</li><li>Lightweight construction ideal for extended wear</li><li>Designed for corporate uniforms, outdoor work, teamwear, promotional events and everyday use</li><li>Suitable for custom embroidery and branded applications</li></ul>"
Wide Brim Bucket Hat,wide-brim-bucket-hat-1172,1172,One Size,black,accessories,,AS Colour,headwear,Unisex,<ul><li>Lightweight wide brim bucket hat</li><li>100% cotton for breathable comfort</li><li>Reinforced brim for added durability</li><li>Adjustable chin strap for a secure fit</li><li>Ideal for outdoor work and events</li></ul>,"Designed for dependable sun protection and everyday comfort, the Wide Brim Bucket Hat is crafted from lightweight 100% cotton for breathable all-day wear. The reinforced wide brim provides excellent coverage, while ventilation eyelets and an adjustable chin strap ensure comfort and a secure fit in outdoor environments. Perfect for work, events and recreational use, it's an ideal choice for custom branding.","<p><strong>Fabric:</strong> 100% Cotton</p><ul><li>Made from lightweight to midweight 100% cotton for breathable comfort</li><li>Wide reinforced brim with stitched detailing for durability and sun protection</li><li>Side eyelets improve ventilation and airflow</li><li>Self-fabric chin strap with adjustable plastic toggle for a secure, customised fit</li><li>Lightweight construction suitable for extended outdoor wear</li><li>Ideal for corporate uniforms, teamwear, outdoor events, promotional campaigns and everyday use</li></ul>"
Nylon Wide Brim Bucket Hat,nylon-wide-brim-bucket-hat-1174,1174,One Size,black; ecru; khaki; navy; storm,accessories,,AS Colour,headwear; sustainable,Unisex,<ul><li>Wide brim bucket hat for sun protection</li><li>Reinforced brim for lasting durability</li><li>Adjustable chin strap for a secure fit</li><li>Breathable ventilated design</li><li>Ideal for embroidery and screen printing</li></ul>,"Built for outdoor performance and everyday comfort, this wide brim bucket hat provides reliable sun protection with a durable, functional design. The reinforced brim offers excellent coverage, while ventilation eyelets and an adjustable chin strap ensure comfort and a secure fit throughout the day. Perfect for uniforms, events and promotional branding, it's designed to showcase your logo with ease.","<p><strong>Fabric:</strong> 100% Quick Dry Recycled Nylon</p><ul><li>Reinforced wide brim with stitched detailing for enhanced durability and shape retention</li><li>Side eyelets improve ventilation and airflow for all-day comfort</li><li>Self-fabric chin strap with adjustable plastic toggle for a secure, customised fit</li><li>Lightweight construction suitable for extended outdoor wear</li><li>Designed for reliable sun protection in outdoor environments</li><li>Suitable for both screen printing and embroidery applications</li><li>Ideal for corporate uniforms, teamwear, promotional events and everyday outdoor</li></ul>"
Eureka Men's Tees,eureka-mens-tees-1204,1204,"S-3XL, 5XL",black-gold; black-red; black-white; navy-white; orange,tops,automotive,Aussie Pacific,tees; short-sleeve,Men,"<ul><li>Durable mini waffle performance T-shirt</li><li>Lightweight, breathable performance fabric</li><li>Designed for sport and active wear</li><li>Long-lasting construction for demanding use</li><li>Ideal for team uniforms and training</li></ul>","Built for performance and durability, the Eureka Tee is designed to handle the demands of sport and active environments. Made from a unique mini waffle performance fabric, it delivers lightweight comfort, enhanced breathability and exceptional durability to keep you performing at your best. Whether it's game day or training, the Eureka Tee is designed to help your team stand out while standing up to repeated wear.","<p><strong>Fabric:</strong> 100% Polyester</p><ul><li>Unique mini waffle performance fabric for enhanced durability</li><li>Lightweight, breathable construction for all-day comfort</li><li>Designed to withstand the demands of sport and active use</li><li>Moisture-managing fabric to help keep you cool and dry</li><li>Durable construction for long-lasting performance</li><li>Modern athletic fit suitable for teamwear and training</li><li>Ideal for custom team branding and decoration</li></ul>"
Men's Nicholson Premium Poplin Long Sleeve Shirt,mens-nicholson-premium-poplin-long-sleeve-shirt-1272l,1272L,37 - 60,black; charcoal; french-blue; navy; silver; sky; star-white,tops,corporate; education; government,Gloweave,shirts; long-sleeve,Men,<ul><li>Easy-iron fabric for a polished appearance</li><li>Contemporary fit for professional styling</li><li>Premium poplin fabric with a breathable feel</li><li>Silk protein finish for added softness</li></ul>,"Designed to deliver a refined and professional appearance, the Nicholson Premium Poplin Long Sleeve Shirt combines classic styling with everyday comfort. Crafted from a crisp and breathable premium poplin fabric, it features a silk protein and easy-iron finish that provides a smooth feel and low-maintenance care. The contemporary fit, classic collar and convertible cuffs create a versatile wardrobe essential suitable for a wide range of workplace environments.","<p><strong>Fabric:</strong> 65% polyester, 35% cotton</p><ul><li>65% polyester, 35% cotton</li><li>Premium poplin fabric</li><li>Silk protein finish</li><li>Easy-iron finish</li><li>Contemporary fit</li><li>Placket front</li><li>Classic collar</li><li>Convertible cuffs</li><li>Left chest pocket</li><li>Long sleeve styling</li></ul>"
Men's Nicholson Premium Poplin Short Sleeve Shirt,mens-nicholson-premium-poplin-short-sleeve-shirt-1272s,1272S,37 - 60,black; charcoal; french-blue; navy; silver; sky; star-white,tops,corporate; education; government,Gloweave,shirts; short-sleeve,Men,<ul><li>Easy-iron fabric for a polished appearance</li><li>Contemporary fit for professional styling</li><li>Premium poplin fabric with a breathable feel</li><li>Silk protein finish for added softness</li></ul>,"Designed to deliver a refined and professional appearance, the Nicholson Premium Poplin Short Sleeve Shirt combines classic styling with everyday comfort. Crafted from a crisp and breathable premium poplin fabric, it features a silk protein and easy-iron finish that provides a smooth feel and low-maintenance care. The contemporary fit, classic collar and chest pocket create a versatile wardrobe essential suitable for a wide range of workplace environments.","<p><strong>Fabric:</strong> 65% polyester, 35% cotton</p><ul><li>65% polyester, 35% cotton</li><li>Premium poplin fabric</li><li>Silk protein finish</li><li>Easy-iron finish</li><li>Contemporary fit</li><li>Placket front</li><li>Classic collar</li><li>Left chest pocket</li><li>Short sleeve styling</li></ul>"
Selwyn Men's Jackets,selwyn-mens-jackets-1512,1512,"S - 3XL, 5XL",black; navy; slate,outerwear,corporate; healthcare; retail; government,Aussie Pacific,jackets; soft-shells,Men,<ul><li>Lightweight water-repellent jacket</li><li>Wind-resistant everyday protection</li><li>Soft fleeced chin guard for comfort</li><li>Secure zip pockets for essentials</li><li>Changeable zip pullers for custom branding</li></ul>,"Designed to provide lightweight protection in changing weather conditions, this versatile jacket combines practical performance with everyday comfort. The water-repellent and wind-resistant finish helps shield you from the elements, while thoughtful details like a fleeced chin guard and shaped back hem enhance comfort throughout the day. Ideal for work, travel and outdoor wear, it's a reliable layer for any season.","<p><strong>Fabric:</strong> 95% Polyester, 5% Elastane</p><ul><li>Lightweight construction for comfortable everyday wear</li><li>Water-repellent finish helps protect against light showers</li><li>Wind-resistant fabric for added protection in cooler conditions</li><li>Soft fleeced chin guard for enhanced comfort</li><li>Two secure side zip pockets for convenient everyday storage</li><li>Shaped back hem for added warmth, coverage and modesty</li><li>Tone-on-tone interchangeable zip pullers for easy custom branding</li><li>Ideal for corporate, outdoor and active workplace environments</li></ul>"
Men's Olympus Soft Shell Jacket,mens-olympus-soft-shell-jacket-1513,1513,"S - 3XL, 5XL",black-black-colour; navy; slate,outerwear,corporate; healthcare; retail; government,Aussie Pacific,jackets; soft-shells,Men,<ul><li>Three-layer performance softshell jacket</li><li>Water-repellent and wind-resistant protection</li><li>Bonded fleece lining for warmth</li><li>Concealed removable hood</li><li>Stretch fabric for unrestricted movement</li></ul>,"Designed to perform in changing weather conditions, this three-layer performance softshell jacket delivers reliable protection without compromising on comfort. The stretch outer fabric provides excellent freedom of movement, while the bonded fleece lining offers warmth and insulation for cooler days. Finished with a concealed removable hood, it's a versatile outer layer for work, travel and everyday wear.","<p><strong>Fabric:</strong> 95% Polyester, 3% Elastane Bonded Soft Shell</p><ul><li>320 GSM three-layer performance softshell construction</li><li>Outer: 95% polyester, 5% elastane for comfort and flexibility</li><li>Bonded 100% polyester fleece lining for added warmth and insulation</li><li>Light water-repellent finish to protect against light showers</li><li>Wind-resistant construction for enhanced weather protection</li><li>Concealed removable hood for versatile wear</li><li>Stretch fabric allows unrestricted movement throughout the day</li><li>Durable construction suitable for everyday professional and outdoor wear</li><li>Ideal for corporate, outdoor and active workplace environments</li></ul>"
Women's Nicholson Premium Poplin Long Sleeve Shirt,womens-nicholson-premium-poplin-long-sleeve-shirt-1520wl,1520WL,6 - 26,black; charcoal; french-blue; navy; silver; sky; star-white,tops,corporate; education; government,Gloweave,shirts; long-sleeve,Women,<ul><li>Easy-iron fabric for a polished appearance</li><li>Tailored fit for a flattering silhouette</li><li>Premium poplin fabric with a breathable feel</li><li>Hidden modesty button for added coverage</li></ul>,"Designed to deliver a refined and professional appearance, the Nicholson Premium Poplin Long Sleeve Shirt combines tailored styling with everyday comfort. Crafted from a crisp and breathable premium poplin fabric, it features a silk protein and easy-iron finish that provides a smooth feel and low-maintenance care. Front and back darts create a flattering shape, while the hidden modesty button offers added confidence and coverage throughout the workday.","<p><strong>Fabric:</strong> 65% polyester, 35% cotton</p><ul><li>65% polyester, 35% cotton</li><li>Premium poplin fabric</li><li>Silk protein finish</li><li>Easy-iron finish</li><li>Tailored fit</li><li>Placket front</li><li>Front darts</li><li>Back darts</li><li>Hidden modesty button</li><li>Classic collar</li><li>Adjustable cuffs</li><li>Long sleeve styling</li></ul>"
Women's Nicholson Premium Poplin Short Sleeve Shirt,womens-nicholson-premium-poplin-short-sleeve-shirt-1520ws,1520WS,6 - 26,black; charcoal; french-blue; navy; silver; sky; star-white,tops,corporate; education; government,Gloweave,shirts; short-sleeve,Women,<ul><li>Easy-iron fabric for a polished appearance</li><li>Tailored fit for a flattering silhouette</li><li>Premium poplin fabric with a breathable feel</li><li>Hidden modesty button for added coverage</li></ul>,"Designed to deliver a refined and professional appearance, the Nicholson Premium Poplin Short Sleeve Shirt combines tailored styling with everyday comfort. Crafted from a crisp and breathable premium poplin fabric, it features a silk protein and easy-iron finish that provides a smooth feel and low-maintenance care. Front and back darts create a flattering shape, while the hidden modesty button offers added confidence and coverage throughout the workday.","<p><strong>Fabric:</strong> 65% polyester, 35% cotton</p><ul><li>65% polyester, 35% cotton</li><li>Premium poplin fabric</li><li>Silk protein finish</li><li>Easy-iron finish</li><li>Tailored fit</li><li>Placket front</li><li>Front darts</li><li>Back darts</li><li>Hidden modesty button</li><li>Classic collar</li><li>Short sleeve styling</li></ul>"
Premium Poplin 3/4 Sleeve Shirt,premium-poplin-3-4-sleeve-shirt-1520wz,1520WZ,6 - 26,star-white,tops,corporate; education; government,Gloweave,shirts; long-sleeve,Women,<ul><li>Easy-iron fabric for a polished appearance</li><li>Career slim fit for a flattering silhouette</li><li>Silk protein finish for a premium feel</li><li>Hidden modesty button for added coverage</li></ul>,"Designed for a professional and polished look, the Premium Poplin 3/4 Sleeve Shirt combines classic styling with everyday comfort. The career slim fit creates a flattering silhouette, while the silk protein and easy-iron finishes help maintain a crisp appearance throughout the day. Thoughtful tailoring details, including front and back darts and a hidden modesty button, make this shirt an ideal choice for corporate and customer-facing environments.","<p><strong>Fabric:</strong> 65% Polyester, 35% Cotton with Silk Protein and Easy Iron Finish</p><ul><li>65% polyester, 35% cotton</li><li>Silk protein finish</li><li>Easy-iron finish</li><li>Career slim fit</li><li>3/4 sleeve styling</li><li>Placket front</li><li>Front darts</li><li>Back darts</li><li>Hidden modesty button</li><li>Classic collar</li><li>Adjustable cuff</li></ul>"
Snowy Men's Vests,snowy-mens-vests-1523,1523,XS - 3XL,navy,outerwear,corporate; healthcare; retail; government,Aussie Pacific,puffers,Men,<ul><li>Lightweight fleece jacket</li><li>Stand-up collar for added warmth</li><li>Secure zip pockets for everyday essentials</li><li>Decoration-ready for custom branding</li><li>Comfortable everyday layering piece</li></ul>,"Designed for lightweight warmth and everyday versatility, this fleece jacket is the perfect layering piece for work, travel and casual wear. Featuring a clean, professional design with practical storage and a comfortable fit, it provides reliable performance in cooler conditions. Decoration-ready construction also makes it an excellent choice for branded uniforms and team apparel.","<p><strong>Fabric:</strong> Outer 380T 100% Nylon - Inner 100% Polyester Light Weight Padding</p><ul><li>Lightweight fleece construction for everyday warmth and comfort</li><li>Stand-up collar with a self-fabric chin guard for added comfort and protection</li><li>Two secure zip pockets for convenient everyday storage</li><li>Elasticated cuffs to help retain warmth and provide a comfortable fit</li><li>Tone-on-tone interchangeable zip pullers for custom branding opportunities</li><li>Internal embroidery access zip for easy custom decoration</li><li>Durable construction designed for everyday professional wear</li><li>Ideal for corporate, outdoor and active workplace environments</li></ul>"
Men's Westgarth Gingham Short Sleeve Shirt,mens-westgarth-gingham-short-sleeve-shirt-1637s,1637S,37 - 54,black; grey; lilac; navy; sky; teal,tops,corporate; education; government,Gloweave,shirts; short-sleeve; long-sleeve,Men,<ul><li>Cotton-rich gingham fabric with easy-iron finish</li><li>Contemporary fit for everyday comfort</li><li>Convertible cuffs for versatile styling</li><li>Silk protein finish for added softness</li></ul>,"A timeless gingham shirt designed to combine comfort, durability and professional style. Crafted from a cotton-rich fabric with a silk protein and easy-iron finish, it delivers a soft feel and low-maintenance care for everyday wear. The contemporary fit provides a clean, modern silhouette, while the classic collar, convertible cuffs and chest pocket create a practical and versatile option for a wide range of workplace environments.","<p><strong>Fabric:</strong> 60% cotton, 40% polyester</p><ul><li>60% cotton, 40% polyester</li><li>Silk protein finish</li><li>Easy-iron finish</li><li>Yarn-dyed gingham check fabric</li><li>Contemporary fit</li><li>Placket front</li><li>Classic collar</li><li>Convertible cuffs</li><li>Left chest pocket</li><li>Long sleeve styling</li></ul>"
Women's Westgarth Gingham Long Sleeve Slim Fit Shirt,womens-westgarth-gingham-long-sleeve-slim-fit-shirt-1637whl,1637WHL,6 - 20,black; navy,tops,corporate; education; government,Gloweave,shirts; long-sleeve,Women,<ul><li>Cotton-rich gingham fabric with easy-iron finish</li><li>Tailored fit for a flattering silhouette</li><li>Roll-up sleeve tabs for versatile styling</li><li>Silk protein finish for added softness</li></ul>,"A timeless gingham shirt designed to combine comfort, durability and professional style. Crafted from a cotton-rich fabric with a silk protein and easy-iron finish, it delivers a soft feel and low-maintenance care for everyday wear. The tailored fit, front and back darts, and classic collar create a flattering silhouette, while practical details such as the chest pocket and roll-up sleeve tabs add functionality to this versatile workplace essential.","<p><strong>Fabric:</strong> 60% cotton, 40% polyester</p><ul><li>60% cotton, 40% polyester</li><li>Silk protein finish</li><li>Easy-iron finish</li><li>Yarn-dyed gingham check fabric</li><li>Tailored fit</li><li>Classic collar</li><li>Placket front</li><li>Left chest pocket</li><li>Front darts</li><li>Back darts</li><li>Roll-up sleeve tabs</li><li>Adjustable cuffs</li><li>Long sleeve styling</li></ul>"
Westgarth Gingham Long Sleeve Slim Fit Shirt,westgarth-gingham-long-sleeve-slim-fit-shirt-1637wl,1637WL,6 - 28,black; crimson; emerald; grey; lilac; navy; pink; sky; teal,tops,corporate; education; government,Gloweave,shirts; long-sleeve,Women,<ul><li>Contemporary slim fit styling</li><li>Easy-iron cotton blend fabric</li><li>Classic gingham check design</li><li>Hidden modesty button for added coverage</li></ul>,"A modern gingham shirt designed to deliver a polished and professional appearance. Featuring a contemporary slim fit and easy-iron fabric, it combines comfort with everyday practicality. The classic check pattern adds a timeless touch, while thoughtful details such as action back pleats and a hidden modesty button provide functionality and confidence throughout the working day.","<p><strong>Fabric:</strong> 60% Cotton, 40% Polyester with Silk Protein &amp; Easy Iron Finish</p><ul><li>60% cotton, 40% polyester</li><li>Silk protein finish</li><li>Easy-iron finish</li><li>Gingham check pattern</li><li>Career contemporary fit</li><li>Placket front</li><li>Classic collar</li><li>Action back pleats</li><li>Hidden modesty button</li></ul>"
Women's Westgarth Gingham Short Sleeve Shirt,womens-westgarth-gingham-short-sleeve-shirt-1637ws,1637WS,6 - 30,black; crimson; grey; lilac; navy; pink; sky; teal,tops,corporate; education; government,Gloweave,shirts; short-sleeve,Women,<ul><li>Cotton-rich gingham fabric with easy-iron finish</li><li>Contemporary fit for everyday comfort</li><li>Hidden modesty button for added coverage</li><li>Silk protein finish for added softness</li></ul>,"A timeless gingham shirt designed to combine comfort, durability and professional style. Crafted from a cotton-rich fabric with a silk protein and easy-iron finish, it delivers a soft feel and low-maintenance care for everyday wear. The contemporary fit provides comfort throughout the day, while action back pleats and a hidden modesty button offer added movement and confidence in busy workplace environments.","<p><strong>Fabric:</strong> 60% cotton, 40% polyester</p><ul><li>60% cotton, 40% polyester</li><li>Silk protein finish</li><li>Easy-iron finish</li><li>Yarn-dyed gingham check fabric</li><li>Contemporary fit</li><li>Placket front</li><li>Classic collar</li><li>Action back pleats</li><li>Hidden modesty button</li><li>Short sleeve styling</li></ul>"
Westgarth Gingham 3/4 Sleeve Shirt,westgarth-gingham-3-4-sleeve-shirt-1637wz,1637WZ,6 - 30,black; grey; lilac; navy; sky; teal,tops,corporate; education; government,Gloweave,shirts; long-sleeve,Women,<ul><li>Easy-iron fabric for a polished appearance</li><li>Contemporary fit for a flattering silhouette</li><li>Classic gingham check design</li><li>Hidden modesty button for added coverage</li></ul>,"A stylish gingham shirt designed to combine timeless patterning with professional functionality. The contemporary fit creates a flattering silhouette, while the silk protein and easy-iron finishes provide comfort and easy care. Practical details including action back pleats, a hidden modesty button and bias-cut cuff detailing complete this versatile workplace essential.","<p><strong>Fabric:</strong> 60% Cotton, 40% Polyester with Silk Protein</p><ul><li>60% cotton, 40% polyester</li><li>Silk protein finish</li><li>Easy-iron finish</li><li>Gingham check fabric</li><li>Career contemporary fit</li><li>3/4 sleeve styling</li><li>Placket front</li><li>Classic collar</li><li>Action back pleats</li><li>Hidden modesty button</li><li>Bias-cut cuff detail</li></ul>"
Balmoral Royal Oxford Shirt,balmoral-royal-oxford-shirt-1701wl,1701WL,37 - 60,blue; charcoal; grey; ink; navy; white,tops,corporate; education; government,Gloweave,shirts; long-sleeve,Men,<ul><li>Easy-care cotton blend fabric</li><li>Slim fit for a tailored appearance</li><li>Classic spread collar styling</li><li>Mitred cuffs for a refined finish</li></ul>,"A sophisticated business shirt designed for a sharp and professional look. Featuring a slim fit silhouette and classic Royal Oxford fabric, it delivers a polished appearance suitable for corporate and customer-facing environments. The spread collar and mitred cuffs add refined detailing, creating a timeless wardrobe essential.","<p><strong>Fabric:</strong> 60% Cotton, 40% Polyester</p><ul><li>60% cotton, 40% polyester</li><li>Royal Oxford fabric</li><li>Slim fit</li><li>Spread collar</li><li>Mitred cuffs</li></ul>"
Royal Oxford 3/4 Sleeve Shirt,royal-oxford-3-4-sleeve-shirt-1710wl,1710WL,6 - 26,black; navy,tops,corporate; education; government,Gloweave,shirts; long-sleeve,Women,<ul><li>Easy-iron fabric for a polished appearance</li><li>Contemporary fit for a flattering silhouette</li><li>Classic Oxford check design</li><li>Hidden modesty button for added coverage</li></ul>,"A sophisticated 3/4 sleeve shirt designed to deliver a polished and professional look. Featuring a classic Royal Oxford check pattern and contemporary fit, it combines timeless styling with everyday comfort. The easy-iron finish helps maintain a crisp appearance throughout the day, while practical details such as action back pleats, a hidden modesty button and split cuff detailing enhance both comfort and functionality.","<p><strong>Fabric:</strong> 60% Cotton, 40% Polyester with Easy Iron Finish</p><ul><li>60% cotton, 40% polyester</li><li>Easy-iron finish</li><li>Royal Oxford check fabric</li><li>Career contemporary fit</li><li>3/4 sleeve styling</li><li>Placket front</li><li>Classic collar</li><li>Action back pleats</li><li>Hidden modesty button</li><li>Split cuff detail</li></ul>"
Men's Washable Pant,mens-washable-pant-1722mt,1722MT,72 - 132,black; charcoal; navy,suiting,corporate; government,Gloweave,trousers,Men,<ul><li>Flat front tailored trousers</li><li>Concealed comfort waistband</li><li>Functional front and back pockets</li><li>Key chain belt loop for convenience</li><li>Classic professional styling</li></ul>,"Designed for everyday professional wear, these flat front trousers combine classic tailoring with practical comfort. Featuring a concealed comfort waistband for a flexible fit, they deliver a polished appearance without compromising on ease of movement. Functional pockets and thoughtful utility details make them an ideal choice for corporate, hospitality and customer-facing environments.","<p><strong>Fabric:</strong> Shell: 77% Polyester, 21% Viscose, 2% Spandex Lining &amp; Pocketing: 100% Polyester</p><ul><li>Flat front design for a clean, tailored appearance</li><li>Concealed comfort waistband for enhanced comfort throughout the day</li><li>Functional angled side pockets for convenient everyday storage</li><li>Jet back pockets for a refined professional finish</li><li>Coin fob pocket for small essentials</li><li>Key chain belt loop for secure attachment of keys or accessories</li><li>Tailored construction suitable for everyday professional wear</li><li>Coordinates seamlessly with matching suiting separates</li><li>Ideal for corporate, hospitality and customer-facing environments</li></ul>"
Women's Washable Pencil Skirt,womens-washable-pencil-skirt-1724wsk,1724WSK,4 - 24,black; charcoal; navy,suiting,corporate; government,Gloweave,skirts,Women,<ul><li>Tailored slim fit pencil skirt</li><li>Flattering curved waistband</li><li>Functional scooped side pockets</li><li>Tapered hem for a refined silhouette</li><li>Professional styling for everyday wear</li></ul>,"Designed to create a sleek, professional look, this pencil skirt combines timeless tailoring with everyday comfort. Featuring a flattering slim fit, curved waistband and tapered hem, it delivers a streamlined silhouette that's perfect for corporate and customer-facing environments. Functional scooped side pockets add practicality without compromising its polished appearance.","<p><strong>Fabric:</strong> Shell: 77% Polyester/21% Viscose/2% Spandex Lining &amp; Pocketing: 100% Polyester Mechanical Stretch</p><ul><li>Slim fit pencil skirt for a modern, tailored silhouette</li><li>Curved waistband for enhanced comfort and a flattering fit</li><li>Functional scooped side pockets for convenient everyday storage</li><li>Tapered hem for a refined, professional finish</li><li>Structured design suitable for all-day wear</li><li>Coordinates seamlessly with matching suiting separates</li><li>Ideal for corporate, hospitality and customer-facing environments</li></ul>"
Women's Washable 'A' Line Skirt,womens-washable-a-line-skirt-1725wsk,1725WSK,6 -26,charcoal,suiting,corporate; government,Gloweave,skirts,Women,<ul><li>Flattering A-line skirt silhouette</li><li>Concealed comfort waistband</li><li>Slim waistband for a polished finish</li><li>Functional angled side pockets</li><li>Professional styling for everyday wear</li></ul>,"Designed for all-day comfort and timeless professional style, this A-line skirt offers a flattering silhouette with practical everyday functionality. The concealed comfort waistband provides flexibility without compromising on appearance, while the slim waistband and clean lines create a refined, tailored look. Finished with functional angled side pockets, it's an ideal choice for corporate, hospitality and customer-facing roles.","<p><strong>Fabric:</strong> Shell: 77% Polyester/21% Viscose/2% Spandex Lining &amp; Pocketing: 100% Polyester Mechanical Stretch</p><ul><li>Flattering A-line silhouette for ease of movement and all-day comfort</li><li>Concealed comfort waistband for a flexible, comfortable fit</li><li>Slim waistband for a clean, tailored appearance</li><li>Functional angled side pockets for convenient everyday storage</li><li>Professional design suitable for corporate and hospitality environments</li><li>Coordinates seamlessly with matching suiting separates</li></ul>"
Men's Washable Jacket,mens-washable-jacket-1728mj,1728MJ,87 - 137,black; charcoal; navy,suiting,corporate; government,Gloweave,blazers,Men,<ul><li>Tailored men&#x27;s suit jacket</li><li>Classic two-button front closure</li><li>Timeless notch lapel styling</li><li>Functional flap pockets</li><li>Double back vents for enhanced movement</li></ul>,"Designed for a sharp, professional appearance, this men's tailored suit jacket combines timeless styling with everyday functionality. Featuring a classic two-button front, notch lapel and practical flap pockets, it delivers a polished look suitable for corporate and formal environments. Double back vents provide greater comfort and freedom of movement, making it an ideal choice for all-day wear.","<p><strong>Fabric:</strong> Shell: 77% Polyester, 21% Viscose, 2% Spandex Lining &amp; Pocketing: 100% Polyester</p><ul><li>Tailored fit for a clean, professional silhouette</li><li>Two-button front closure for classic styling</li><li>Traditional notch lapel for a timeless finish</li><li>Functional front flap pockets for convenient storage</li><li>Double back vents for enhanced comfort and ease of movement</li><li>Structured construction designed for everyday professional wear</li><li>Coordinates with matching suiting separates</li><li>Ideal for corporate, hospitality and customer-facing environments</li></ul>"
Women's Washable Slim Leg Pant,womens-washable-slim-leg-pant-1762wt,1762WT,4 - 30,black; charcoal; navy,suiting,corporate; government,Gloweave,trousers,Women,<ul><li>Slim leg tailored suit pants</li><li>Concealed comfort waistband</li><li>Machine washable stretch suiting fabric</li><li>Multiple functional storage pockets</li><li>Durable nailhead weave construction</li></ul>,"Combining contemporary tailoring with everyday practicality, the Elliot Slim Leg Pants are designed to deliver a polished professional look with exceptional comfort. Crafted from a premium nailhead suiting fabric with added stretch, they offer outstanding durability, easy-care performance and unrestricted movement throughout the day. Featuring a concealed comfort waistband and a streamlined slim leg silhouette, they're the perfect choice for modern corporate wardrobes.","<p><strong>Fabric:</strong> Shell: 77% Polyester/21% Viscose/2% Spandex Lining &amp; Pocketing: 100% Polyester</p><ul><li>Premium nailhead suiting fabric in a durable polyester, viscose and spandex blend</li><li>Machine washable, easy-care construction for everyday convenience</li><li>Added stretch for enhanced comfort and freedom of movement</li><li>Slim leg silhouette with a modern tailored profile</li><li>Flat front styling for a clean, professional appearance</li><li>Concealed comfort waistband for a flexible, comfortable fit</li><li>Functional angled side pockets for convenient everyday storage</li><li>Jet back pockets for a refined tailored finish</li><li>Coin fob pocket for small essentials</li><li>Durable fabric designed to maintain its shape and appearance over time</li><li>Coordinates seamlessly with matching Elliot suiting separates</li><li>Ideal for corporate, hospitality and customer-facing professional environments</li></ul>"
Women's Washable One Button Jacket,womens-washable-one-button-jacket-1765wj,1765WJ,4 - 24,black; charcoal; navy,suiting,corporate; government,Gloweave,blazers,Women,<ul><li>Tailored women&#x27;s suit jacket</li><li>Single-button contemporary styling</li><li>Machine washable stretch suiting fabric</li><li>Durable nailhead weave construction</li><li>Timeless tailoring with modern comfort</li></ul>,"Blending timeless tailoring with modern performance, the Elliot Women's Tailored Jacket is designed for professionals who value both style and practicality. Crafted from a premium nailhead suiting fabric with added stretch, it delivers exceptional comfort, durability and easy-care convenience. Featuring a clean single-button front, classic notch lapel and streamlined silhouette, it's the perfect finishing piece for a polished corporate wardrobe.","<p><strong>Fabric:</strong> Shell: 77% Polyester/21% Viscose/2% Spandex Lining &amp; Pocketing: 100% Polyester</p><ul><li>Premium nailhead suiting fabric in a durable polyester, viscose and spandex blend</li><li>Machine washable, easy-care construction for everyday convenience</li><li>Added stretch for enhanced comfort and freedom of movement</li><li>Tailored fit with a modern single-button front closure</li><li>Classic single notch lapel for timeless professional styling</li><li>Functional side jet pockets for a clean, streamlined appearance</li><li>Durable fabric designed to maintain its shape and appearance over time</li><li>Coordinates seamlessly with matching Elliot suiting separates</li><li>Ideal for corporate, hospitality and customer-facing professional environments</li></ul>"
Quinn Top,quinn-top-1797wl,1797WL,6 -30,black; charcoal; denim; ivory; navy; silver,tops,corporate; education; government,Gloweave,long-sleeve,Women,<ul><li>Quinn long sleeve soft top</li><li>Luxe twill fabric</li><li>Concealed 1/2 placket front</li><li>Elegant mitred cuffs</li><li>Inverted centre back pleat</li></ul>,"A refined wardrobe staple, the Quinn long sleeve soft top combines thoughtful detailing with effortless comfort. Designed with a concealed half-placket front, elegant mitred cuffs and an inverted centre-back pleat, it delivers a polished and professional look with a modern edge. Crafted from signature Luxe Twill fabric, Quinn offers a soft, lightweight feel and graceful drape, making it an ideal choice for everyday workplace wear.","<p><strong>Fabric:</strong> 97% polyester, 3% elastane</p><ul><li>97% polyester, 3% elastane</li><li>Luxe twill fabric</li><li>Concealed 1/2 placket front</li><li>Long sleeves with mitred cuffs</li><li>Inverted centre back pleat</li><li>Gently scooped hemline</li><li>Soft, lightweight drape</li><li>Easy-care construction</li></ul>"
Taylor Top,taylor-top-1798ws,1798WS,6 -30,black; charcoal; denim; ivory; navy; silver,tops,corporate; education; government,Gloweave,short-sleeve,Women,<ul><li>Taylor short sleeve soft top</li><li>Luxe twill fabric</li><li>Relaxed shell silhouette</li><li>Short sleeves for everyday wear</li><li>Exposed centre back zip detail</li></ul>,"A timeless wardrobe essential designed for effortless workplace style. The Taylor short sleeve soft top features a clean shell silhouette with a gently scooped hem, creating a flattering and versatile look for everyday wear. An exposed centre back zip adds a contemporary touch, while the signature Luxe Twill fabric delivers a soft, cool-hand feel and elegant drape for all-day comfort.","<p><strong>Fabric:</strong> 97% polyester, 3% elastane</p><ul><li>97% polyester, 3% elastane</li><li>Luxe twill fabric</li><li>Short sleeve shell top design</li><li>Exposed centre back zip</li><li>Gently scooped hem</li><li>Soft, lightweight drape</li><li>Cool-hand feel</li><li>Easy-care construction</li></ul>"
Lola 3/4 Sleeve Shirred Cuff Top,lola-3-4-sleeve-shirred-cuff-top-1799wz,1799WZ,6 - 30,black; charcoal; denim; ivory; navy; silver,tops,corporate; education; government,Gloweave,3-4-sleeve,Women,<ul><li>Lola 3/4 sleeve top</li><li>Luxe twill fabric</li><li>Softly shirred cuff detail</li><li>Elbow-length sleeves</li><li>Keyhole back closure</li></ul>,"A sophisticated top designed to make an effortless statement in the workplace. Featuring elbow-length sleeves with softly bloused shirred cuffs, a keyhole back closure and a gently scooped hem, the Lola top combines elegant detailing with everyday comfort. Crafted from signature Luxe Twill fabric, its lightweight drape and cool-hand feel create a flattering silhouette that transitions seamlessly from desk to after-hours occasions.","<p><strong>Fabric:</strong> 97% Polyester, 3% Elastane</p><ul><li>97% polyester, 3% elastane</li><li>Luxe twill fabric</li><li>Softly shirred cuffs</li><li>Elbow-length sleeves</li><li>Keyhole back closure</li><li>Gently scooped hem</li><li>Lightweight drape with a cool-hand feel</li><li>Easy-care construction</li></ul>"
Ladies Reese V Neck Top,ladies-reese-v-neck-top-1800wz,1800WZ,6 - 30,black; charcoal; denim; emerald; ivory; navy; ocean; silver,tops,corporate; education; government,Gloweave,short-sleeve,Women,<ul><li>Reese V-neck top</li><li>Luxe twill fabric</li><li>Modest V-neckline</li><li>Adjustable elbow-length tab sleeve</li><li>Lightweight and durable construction</li></ul>,"A modern take on a workplace essential, the Reese V-neck top combines effortless style with everyday comfort. Featuring a classic shell silhouette, flattering modest V-neckline and adjustable elbow-length tab sleeves, it offers a versatile and polished look for professional environments. Crafted from lightweight yet durable Luxe Twill fabric, Reese delivers all-day ease with a refined finish.","<p><strong>Fabric:</strong> 97% Polyester, 3% Elastane</p><ul><li>97% polyester, 3% elastane</li><li>Luxe twill fabric</li><li>Modest V-neckline</li><li>Adjustable elbow-length tab sleeves</li><li>Lightweight and durable design</li><li>Classic shell silhouette</li></ul>"
Cleo V Neck Shirred Cuff Top,cleo-v-neck-shirred-cuff-top-1803wz,1803WZ,6 - 30,black; charcoal; denim; emerald; ivory; navy; ocean; silver,tops,corporate; education; government,Gloweave,short-sleeve,Women,<ul><li>Cleo V-neck top</li><li>Luxe twill fabric</li><li>Modest V-neckline</li><li>Softly shirred cuff detail</li><li>Keyhole back closure</li></ul>,"Designed for effortless workplace style, the Cleo V-neck top offers a flattering balance of comfort and sophistication. Featuring a modest V-neckline, softly shirred cuffs and a keyhole back closure, it creates a polished look with elegant detailing. Crafted from signature Luxe Twill fabric with a smooth, cool-hand feel, Cleo delivers all-day comfort and a refined finish for any professional setting.","<p><strong>Fabric:</strong> 97% Polyester, 3% Elastane</p><ul><li>97% polyester, 3% elastane</li><li>Luxe twill fabric</li><li>Modest V-neckline</li><li>Softly shirred cuffs</li><li>Keyhole back closure</li><li>Gently scooped hem</li><li>Smooth, cool-hand feel</li></ul>"
Marni 1/2 Placket Top,marni-1-2-placket-top-1805wl,1805WL,6 - 30,black; navy; peacock,tops,corporate; education; government,Gloweave,long-sleeve; sustainable,Women,<ul><li>Marni 1/2 placket top</li><li>56% recycled polyester blend fabric</li><li>Stylish placket front design</li><li>Full-length sleeves with shirred cuffs</li><li>Box pleat back detail</li></ul>,"Combining contemporary style with everyday practicality, the Marni 1/2 placket top is designed for effortless workplace dressing. Featuring a refined placket front, full-length sleeves and versatile shirred cuffs, it delivers a polished look with all-day comfort. A classic box pleat at the back enhances movement and creates a flattering drape, while the soft recycled polyester blend offers a lightweight, floaty feel.","<p><strong>Fabric:</strong> 56% Recycled Polyester, 44% Polyester</p><ul><li>56% recycled polyester, 44% polyester</li><li>Placket front design</li><li>Full-length sleeves</li><li>Shirred cuffs</li><li>Box pleat back detail</li><li>Soft, lightweight drape</li><li>Easy-care construction</li></ul>"
Poppy Puff Sleeve Top,poppy-puff-sleeve-top-1807ws,1807WS,6 - 30,black; navy; peacock,tops,corporate; education; government,Gloweave,short-sleeve; sustainable,Women,<ul><li>Poppy puff sleeve top</li><li>56% recycled polyester blend fabric</li><li>Classic round neckline</li><li>Feminine puff sleeves</li><li>Keyhole back closure</li></ul>,"A refined wardrobe essential, the Poppy puff sleeve top brings effortless elegance to the workday. Designed with a classic round neckline, softly gathered puff sleeves and elasticated cuffs, it creates a flattering silhouette with a touch of feminine detail. Crafted from a soft, fluid recycled polyester blend, Poppy combines sustainable design with easy-care practicality for all-day comfort and style.","<p><strong>Fabric:</strong> 56% Recycled Polyester 44% Polyester</p><ul><li>56% recycled polyester, 44% polyester</li><li>Round neckline</li><li>Puff sleeves with elasticated cuffs</li><li>Keyhole back closure</li><li>Soft, fluid drape</li><li>Easy-care construction</li></ul>"
Bradford Fine Oxford Long Sleeve Shirt,bradford-fine-oxford-long-sleeve-shirt-1898l,1898L,37 - 60,blue; navy; white,tops,corporate; education; government,Gloweave,shirts; long-sleeve,Men,"<ul><li>Easy-iron fabric for a polished appearance</li><li>Contemporary fit for professional styling</li><li>Contrast trim detailing for a modern finish</li><li>Button-down collar for a smart, refined look</li></ul>","Designed to bring contemporary style to everyday workwear, the Bradford Fine Oxford Long Sleeve Shirt combines a refined Oxford weave with subtle contrast detailing for a modern professional appearance. The contemporary fit delivers all-day comfort, while the internal collar and cuff contrast trims add a distinctive touch. Finished with a silk protein and easy-iron treatment, this shirt offers low-maintenance care and a consistently polished look.","<p><strong>Fabric:</strong> 60% cotton, 40% polyester</p><ul><li>60% cotton, 40% polyester</li><li>Fine Oxford fabric</li><li>Silk protein finish</li><li>Easy-iron finish</li><li>Contemporary fit</li><li>Internal collar contrast trim</li><li>Internal cuff contrast trim</li><li>Placket front</li><li>Button-down collar</li><li>Convertible cuffs</li><li>Left chest pocket</li><li>Long sleeve styling</li></ul>"
Bradford Women's Fine Oxford Long Sleeve Shirt,bradford-womens-fine-oxford-long-sleeve-shirt-1899wl,1899WL,6 - 26,blue; navy; white,tops,corporate; education; government,Gloweave,shirts; long-sleeve,Women,<ul><li>Easy-iron fabric for a polished appearance</li><li>Tailored fit for a flattering silhouette</li><li>Contrast trim detailing for a modern finish</li><li>Hidden modesty button for added coverage</li></ul>,"Designed to bring contemporary style to everyday workwear, the Bradford Women's Fine Oxford Long Sleeve Shirt combines a refined Oxford weave with subtle contrast detailing for a modern professional look. The tailored fit creates a flattering silhouette, while front and back darts provide shaping and structure. Finished with a silk protein and easy-iron treatment, this shirt offers all-day comfort and low-maintenance care, making it an ideal choice for busy workplace environments.","<p><strong>Fabric:</strong> 60% cotton, 40% polyester</p><ul><li>60% cotton, 40% polyester</li><li>Fine Oxford fabric</li><li>Silk protein finish</li><li>Easy-iron finish</li><li>Tailored fit</li><li>Internal collar contrast trim</li><li>Internal cuff contrast trim</li><li>Placket front</li><li>Front darts</li><li>Back darts</li><li>Hidden modesty button</li><li>Classic collar</li><li>Long sleeve styling</li></ul>"
Women's Multi-Pleat Skirt,womens-multi-pleat-skirt-20115,20115,4 - 26,black; charcoal; navy,suiting,corporate; government,Fashion biz,skirts,Women,<ul><li>Modern knee-length skirt</li><li>Box pleats for comfort and movement</li><li>Functional deep side pockets</li><li>Belt loops for versatile styling</li><li>Professional everyday design</li></ul>,"Combining timeless style with everyday practicality, this knee-length skirt is designed for comfort in professional environments. Featuring modern box pleats at the back for enhanced movement, deep side pockets for convenience and belt loops for versatile styling, it delivers a polished look that's ideal for corporate, hospitality and customer-facing roles.","<p><strong>Fabric:</strong> 92% Polyester, 8% Bamboo Charcoal</p><ul><li>Knee-length design for a classic professional appearance</li><li>Rear box pleats for enhanced comfort and ease of movement</li><li>Functional deep side pockets for convenient everyday storage</li><li>Belt loops to accommodate a variety of belts and styling options</li><li>Tailored silhouette suitable for everyday workplace wear</li><li>Coordinates seamlessly with matching suiting separates</li><li>Ideal for corporate, hospitality and customer-facing environments</li></ul>"
Women's Bandless Pencil Skirt,womens-bandless-pencil-skirt-20717,20717,4 - 20,black; marine,suiting,corporate; government,Fashion biz,skirts,Women,"<ul><li>Lightweight stretch suiting fabric</li><li>Soft, breathable all-day comfort</li><li>Durable easy-care construction</li><li>Added stretch for unrestricted movement</li><li>Ideal for corporate and professional wear</li></ul>","Designed to balance comfort, durability and professional style, this lightweight suiting fabric is ideal for busy workplaces. The blend of stretch fibres and breathable viscose delivers exceptional comfort and freedom of movement, while the easy-care construction ensures a polished appearance with minimal maintenance. Suitable for both corporate and functional roles, it's built for everyday performance.","<p><strong>Fabric:</strong> 79% Polyester, 17% Viscose, 4% Elastane</p><ul><li>Lightweight fabric for year-round comfort</li><li>Soft-touch construction for a premium feel</li><li>Added stretch for enhanced comfort and ease of movement</li><li>Breathable viscose blend for improved airflow</li><li>Durable fabric designed for everyday professional wear</li><li>Easy-care construction requiring minimal maintenance</li><li>Suitable for both corporate and functional workplace environments</li></ul>"
Women's Front Pleat Detail Straight Skirt,womens-front-pleat-detail-straight-skirt-20720,20720,4 - 26,black; marine,suiting,corporate; government,Fashion biz,skirts,Women,"<ul><li>Lightweight stretch suiting fabric</li><li>Soft, breathable all-day comfort</li><li>Durable easy-care construction</li><li>Added stretch for unrestricted movement</li><li>Suitable for corporate and functional roles</li></ul>","Crafted for comfort and everyday performance, this lightweight suiting fabric offers the perfect balance of style and practicality. Its soft finish, breathable viscose blend and added stretch provide lasting comfort throughout the day, while the durable easy-care construction ensures a polished professional appearance with minimal maintenance. Ideal for both corporate and functional workplace environments.","<p><strong>Fabric:</strong> 79% Polyester, 17% Viscose, 4% Elastane</p><ul><li>Lightweight fabric for year-round comfort</li><li>Soft-touch construction for a premium feel</li><li>Added stretch for enhanced comfort and freedom of movement</li><li>Breathable viscose blend for improved airflow</li><li>Durable fabric designed for everyday professional wear</li><li>Easy-care construction requiring minimal maintenance</li><li>Suitable for both corporate and functional workplace environments</li></ul>"
210 Polo,210-polo-210,210,S - 5XL,aqua; black; bottle; charcoal-marle; gold; gunmetal; hot-pink; jade; kelly-green; lt-blue; maroon; navy; orange; pea-green; purple; red; royal; white,tops,corporate; healthcare; education; government,JBs Wear,polos; short-sleeve,Unisex,"<ul><li>Durable polyester cotton double pique fabric</li><li>Easy-care, low-pill construction</li><li>Knitted collar with reinforced detailing</li><li>Classic fit with side splits</li><li>UPF sun protection</li></ul>","Built for long-lasting comfort and durability, this classic polo is crafted from premium double knit polyester cotton pique fabric that maintains a smart, professional appearance throughout the working day. The easy-care, reduced-pilling fabric is designed for everyday wear, while reinforced construction details provide added strength and shape retention. Ideal for workplace uniforms, it offers timeless style with dependable performance.","<p><strong>Fabric:</strong> 65% Polyester For Durability, And 35% Cotton</p><ul><li>65% Polyester, 35% Cotton Double Knit Pique</li><li>210 GSM fabric weight</li><li>Easy-care, reduced-pilling fabric</li><li>JB&#x27;s 3-button placket</li><li>Knitted collar with reinforced herringbone tape on inside neck seam</li><li>Set-in sleeves with open cuffs</li><li>Straight hem with herringbone tape reinforced side splits</li><li>Complies with AS/NZS 4399:1996 and AS/NZS 4399:2017 for UPF protection</li><li>Sizes 6/7XL available in White, Black, Navy, Bottle and Gunmetal</li><li>Sizes 8/9XL available in Black and Navy</li></ul>"
Olsen Cotton Stretch Shirt- Slim Fit,olsen-cotton-stretch-shirt-slim-fit-2102l,2102L,37 - 50,black; denim; navy; white,tops,corporate; education; government,Gloweave,shirts; long-sleeve,Men,<ul><li>Cotton stretch fabric for all-day comfort</li><li>Slim fit for a modern tailored look</li><li>Classic collar for timeless styling</li><li>Clean design with no chest pocket</li></ul>,"A contemporary business shirt designed to combine comfort with a sharp professional appearance. Crafted from cotton stretch fabric, it provides flexibility and ease of movement throughout the day while maintaining a polished look. The slim fit silhouette and classic collar create a refined finish suitable for a wide range of workplace environments.","<p><strong>Fabric:</strong> 96% Cotton, 4% Spandex</p><ul><li>96% cotton, 4% spandex</li><li>Cotton stretch fabric</li><li>Slim fit</li><li>Classic collar</li><li>Convertible cuffs</li><li>No chest pocket</li><li>Long sleeve styling</li></ul>"
Ladies Ashton Cotton Oxford Shirt,ladies-ashton-cotton-oxford-shirt-2103wl,2103WL,6 - 24,blue; chalk; navy,tops,corporate; education; government,Gloweave,shirts; long-sleeve,Women,"<ul><li>100% cotton fabric for natural comfort</li><li>Slim fit for a modern, tailored look</li><li>Concealed button-down collar for a clean finish</li><li>Hidden modesty button for added coverage</li></ul>","A modern cotton Oxford shirt designed to deliver a polished and professional appearance. Crafted from 100% cotton, it offers breathable comfort for all-day wear while maintaining a crisp and structured look. The slim fit creates a flattering silhouette, while the concealed button-down collar and hidden modesty button provide a clean, refined finish suitable for a wide range of workplace environments.",<p><strong>Fabric:</strong> 100% Cotton</p><ul><li>100% cotton</li><li>Oxford weave fabric</li><li>Slim fit</li><li>Concealed button-down collar</li><li>Hidden modesty button</li></ul>
Silvertech Polo - Ladies,silvertech-polo-ladies-2151,2151,8 - 26,black-silver; blue; charcoal-silver; grey-silver; red-silver; teal-silver; white-silver,tops,healthcare; corporate,Stencil,polos; short-sleeve,Women,<ul><li>SilverTech® antibacterial performance fabric</li><li>Nano-Scale Silver Technology</li><li>Lightweight moisture-wicking construction</li><li>Natural anti-odour protection</li><li>4-way stretch comfort</li></ul>,"Engineered for superior performance, the SilverTech® Polo combines advanced fabric technology with all-day comfort. Crafted from a lightweight blend of SilverTech®, Cool Dry® polyester, rayon and spandex, it features Nano-Scale Silver Technology that provides permanent natural antibacterial and deodorising protection to help keep you feeling fresh, clean and cool throughout the day. Finished with subtle horizontal silver stripe detailing and a classic three-button placket, it's an ideal choice for active workplaces and professional uniforms.","<p><strong>Fabric:</strong> 130g 100% Polyester High Performance Fabric</p><ul><li>85% SilverTech®/Polyester Cool Dry®, 8% Rayon, 7% Spandex</li><li>130 GSM lightweight performance fabric</li><li>Nano-Scale Silver Technology for permanent antibacterial protection</li><li>Natural deodorising and anti-odour performance</li><li>Moisture-wicking fabric helps keep you cool and dry</li><li>Horizontal silver stripe detail across the body</li><li>3-button placket on both men&#x27;s and ladies&#x27; styles</li><li>Antibacterial rating of 99.99%</li></ul>"
Ezylin Tunic,ezylin-tunic-2151cc,2151CC,6 - 30,royal,tops,healthcare,City Collection,tunics,Women,"<ul><li>Ezylin® performance tunic</li><li>Breathable, quick-drying comfort</li><li>Easy-care wash-and-wear fabric</li><li>Action back for enhanced movement</li><li>Two practical front pockets</li></ul>","Crafted from innovative Ezylin® performance fabric, this tunic is designed to keep you cool, dry and comfortable throughout the working day. Lightweight and breathable, it's ideal for demanding healthcare and beauty environments where comfort and durability matter. Finished with an action back, side splits and practical storage pockets, it delivers the perfect balance of functionality and professional style.",<p><strong>Fabric:</strong> 100% Breathable Polyester</p><ul><li>Ezylin® performance fabric designed for all work environments</li><li>Breathable construction for lasting comfort</li><li>Quick-drying fabric to help keep you cool and dry</li><li>Easy-care wash-and-wear performance fabric</li><li>Action back for improved flexibility and ease of movement</li><li>Functional side splits for enhanced comfort and mobility</li><li>Two front pockets for convenient everyday storage</li><li>Professional design ideal for healthcare and wellness environments</li></ul>
City Stretch® Spot Tunic,city-stretch-spot-tunic-2174,2174,4 - 30,blue,tops,healthcare,City Collection,tunics,Women,<ul><li>Modern mandarin collar design</li><li>Dual front pockets for practical storage</li><li>Wrinkle-resistant easy-care fabric</li><li>Quick-drying performance</li><li>Side splits for enhanced movement</li></ul>,"Designed for comfort and functionality, this modern tunic delivers a polished professional appearance with practical features for busy workdays. The mandarin collar creates a contemporary look, while the wrinkle-resistant, quick-drying fabric ensures it stays looking fresh with minimal maintenance. Finished with dual front pockets and side splits for ease of movement, it's ideal for healthcare and wellness professionals.","<p><strong>Fabric:</strong> 100% Polyester With Natural Stretch.</p><ul><li>Contemporary mandarin collar for a clean, professional look</li><li>Two front pockets for convenient everyday storage</li><li>Functional side splits for enhanced comfort and mobility</li><li>Quick-drying fabric to keep you comfortable throughout the day</li><li>Wrinkle-resistant finish for easy-care, wash-and-wear performance</li><li>Designed for healthcare and professional workplace environments</li></ul>"
Petal Print Top,petal-print-top-2277,2277,2XS - 5XL,navy-white,tops,corporate; education; government,City Collection,short-sleeve; sustainable,Women,<ul><li>Recycled fabric component</li><li>Printed petal design</li><li>Pleated raglan sleeves</li><li>Elbow-length sleeves</li><li>Tucked round neckline</li></ul>,"A versatile and flattering top designed for effortless workplace style. Featuring a delicate printed petal design, pleated raglan sleeves and a softly tucked round neckline, it delivers a polished look with feminine appeal. Shaped through the body with room to move, this style offers a comfortable fit that can be worn tucked or untucked, making it suitable for a wide range of body types and professional settings.","<p><strong>Fabric:</strong> Recycled Polyester/ Polyester, 5% Spandex</p><ul><li>Recycled fabric component</li><li>Printed petal design</li><li>Pleated raglan sleeves</li><li>Elbow-length sleeves</li><li>Tucked round neckline</li><li>Cover-stitched hems</li><li>Shaped fit with comfortable ease of movement</li><li>Suitable to wear tucked or untucked</li></ul>"
4 Way Stretch Tunic,4-way-stretch-tunic-2280,2280,6 - 30,blue-with-navy-trim,tops,healthcare,City Collection,tunics,Women,<ul><li>Contemporary tunic with feature trim</li><li>Two practical front pockets</li><li>Inverted action back for enhanced movement</li><li>Side splits for all-day comfort</li><li>Professional style for healthcare and beauty</li></ul>,"Designed for comfort, functionality and a polished professional appearance, this tunic is ideal for busy healthcare and beauty environments. Featuring stylish contrast trim, practical storage and an inverted action back for greater freedom of movement, it provides all-day comfort without compromising on style. Side splits further enhance mobility, making it perfect for active professionals.","<p><strong>Fabric:</strong> 95% Polyester, 5% Spandex</p><ul><li>Contemporary tunic with stylish feature trim detailing</li><li>Two front pockets for convenient everyday storage</li><li>Inverted action back for improved flexibility and ease of movement</li><li>Functional side splits for enhanced comfort and mobility</li><li>Professional fit suitable for healthcare and beauty environments</li><li>Designed for all-day comfort in demanding workplaces</li></ul>"
Heart Print Tunic,heart-print-tunic-2281,2281,4 - 30,blue,tops,healthcare,City Collection,tunics; sustainable,Women,"<ul><li>Sustainable four-way stretch tunic</li><li>Made with recycled components</li><li>Antibacterial, cool-touch comfort</li><li>Two practical front pockets</li><li>Airflow action back for enhanced mobility</li></ul>","Designed for modern healthcare professionals, this performance tunic combines sustainability, comfort and functionality in one versatile garment. Featuring four-way stretch fabric with recycled components, it delivers unrestricted movement and 360° comfort throughout the day. Finished with antibacterial protection, cool-touch technology and thoughtful design details, it's built to keep you looking professional and feeling comfortable during every shift.","<p><strong>Fabric:</strong> Recycled Polyester, 5% Spandex, Anti-Bacterial</p><ul><li>Performance fabric incorporating recycled components</li><li>Four-way stretch construction for unrestricted movement</li><li>360° comfort designed for active work environments</li><li>Antibacterial finish to help keep garments fresher for longer</li><li>Cool-touch fabric for enhanced comfort throughout the day</li><li>Easy-care wash-and-wear performance fabric</li><li>Contrast trim on the neckline and pockets for a modern finish</li><li>Airflow action back for improved ventilation and mobility</li><li>Action sleeve split for greater freedom of movement</li><li>Functional side splits for enhanced comfort and flexibility</li><li>Two front pockets for convenient everyday storage</li></ul>"
Zip Back Tunic,zip-back-tunic-2284,2284,6 - 26,black,tops,healthcare,City Collection,tunics; sustainable,Women,"<ul><li>Sustainable four-way stretch tunic</li><li>Made with recycled components</li><li>Antibacterial, cool-touch comfort</li><li>Multiple functional pockets for secure storage</li><li>Tailored fit with enhanced mobility</li></ul>","Designed for professionals who need exceptional comfort without compromising on style, this performance tunic combines sustainable materials with innovative workplace functionality. Featuring four-way stretch fabric with recycled components, it provides unrestricted movement, antibacterial protection and a cool-touch feel throughout the day. Thoughtfully designed with multiple storage options, a flattering tailored fit and ergonomic movement features, it's ideal for busy healthcare and beauty environments.","<p><strong>Fabric:</strong> Recycled Polyester, 5% Spandex, Anti-Bacterial</p><ul><li>Performance fabric incorporating recycled components</li><li>Four-way stretch construction for unrestricted movement</li><li>360° comfort for active work environments</li><li>Antibacterial finish to help keep garments fresher for longer</li><li>Cool-touch fabric for enhanced comfort throughout the day</li><li>Easy-care wash-and-wear performance fabric</li><li>Contemporary curved mandarin collar with a cut-away neckline and shaped placket tab</li><li>Double yoke with centre back action pleat for improved mobility</li><li>Action sleeve splits with reinforced bar tacks for durability</li><li>Two front pockets for convenient everyday storage</li><li>Concealed zip back pocket below the waistline for secure storage</li><li>Tailored fit with darts and back panels for a flattering silhouette</li><li>Side back pocket with accessory loops for additional functionality</li></ul>"
Smart Knit 3/4,smart-knit-3-4-2290,2290,XXS - 4XL,black; navy; royal,tops,corporate; education; government,City Collection,3-4-sleeve,Women,"<ul><li>Breathable matte jersey fabric</li><li>Wash-and-wear, easy-care construction</li><li>Wrinkle-free and no-iron finish</li><li>Quick-drying performance</li><li>Couture finish round neckline</li></ul>","Designed for effortless workplace dressing, this versatile top combines comfort, durability and a polished appearance. Crafted from breathable matte jersey fabric, it offers a cool, lightweight feel with wrinkle-free performance for easy everyday wear. The shaped fit provides comfortable room to move without being too slim or too loose, making it suitable for most body types. Finished with a couture-style round neckline and wide hem detailing, it can be worn tucked in or untucked for a professional look.","<p><strong>Fabric:</strong> Polyester Matte Jersey</p><ul><li>Breathable matte jersey fabric</li><li>Wash-and-wear, easy-care construction</li><li>Quick-drying performance</li><li>Durable design</li><li>No-iron finish</li><li>Wrinkle-free fabric</li><li>Cool and comfortable to wear</li><li>Couture finish round neckline</li><li>Wide hem for a refined appearance</li><li>3/4 sleeves</li><li>Shaped fit with room to move</li><li>Suitable to wear tucked in or untucked</li></ul>"
Smart Knit Top,smart-knit-top-2291,2291,XXS - 4XL,navy,tops,corporate; education; government,City Collection,short-sleeve,Women,"<ul><li>Breathable matte jersey fabric</li><li>Wash-and-wear, easy-care construction</li><li>Wrinkle-free and no-iron finish</li><li>Quick-drying performance</li><li>Couture finish round neckline</li></ul>","Designed for effortless workplace dressing, this versatile top combines comfort, durability and a polished appearance. Crafted from breathable matte jersey fabric, it offers a cool, lightweight feel with wrinkle-free performance for easy everyday wear. The shaped fit provides comfortable room to move without being too slim or too loose, making it suitable for most body types. Finished with a couture-style round neckline and wide hem detailing, it can be worn tucked in or untucked for a professional look.","<p><strong>Fabric:</strong> Polyester Matte Jersey</p><ul><li>Breathable matte jersey fabric</li><li>Wash-and-wear, easy-care construction</li><li>Quick-drying performance</li><li>Durable design</li><li>No-iron finish</li><li>Wrinkle-free fabric</li><li>Cool and comfortable to wear</li><li>Couture finish round neckline</li><li>Wide hem for a refined appearance</li><li>Short sleeves</li><li>Shaped fit with room to move</li><li>Suitable to wear tucked in or untucked</li></ul>"
Keira Ladies' Polos,keira-ladies-polos-2306,2306,6 - 26,black; navy; pacific-blue; red; royal; slate; white,tops,corporate; healthcare; hospitality,Aussie Pacific,polos; short-sleeve,Women,<ul><li>Cotton-backed moisture-wicking fabric</li><li>Easy-care performance blend</li><li>Raglan sleeve design</li><li>Knitted collar</li><li>Lightweight everyday comfort</li></ul>,"Designed for comfort and practicality, this polo is made from a moisture-wicking cotton-back pique knit that helps keep you cool and comfortable throughout the day. The easy-care fabric offers lasting durability with minimal maintenance, while the raglan sleeve construction provides enhanced freedom of movement. Finished with a classic knitted collar and three-button placket, it's a versatile choice for everyday workplace wear.","<p><strong>Fabric:</strong> 80% Polyester, 20% Cotton</p><ul><li>80% Polyester, 20% Cotton</li><li>180 GSM moisture-wicking cotton-back pique knit</li><li>Easy-care fabric</li><li>Raglan sleeve design for improved movement</li><li>Knitted collar</li><li>3-button placket</li><li>Lightweight, breathable construction</li><li>Durable and comfortable for everyday wear</li></ul>"
Elastic Sided Boot,elastic-sided-boot-240,240,5 - 14,black-brown; tan,shoes,,Oliver Bootmakers,,Unisex,<ul><li>Steel toe Chelsea safety boots</li><li>Premium suede leather upper</li><li>Advanced all-day comfort system</li><li>Slip and oil-resistant outsole</li><li>Electrical hazard protection</li></ul>,"Built for demanding workplaces, these Chelsea safety boots combine dependable protection with lightweight comfort and everyday practicality. Crafted from premium suede leather, they feature a 200J steel toe cap, easy pull-on design and advanced comfort technologies to keep you supported throughout long shifts. With electrical hazard protection and a slip-resistant outsole, they're ideal for a wide range of industrial environments.","<ul><li>Premium suede leather upper provides lasting durability with a comfortable, flexible fit</li><li>200J steel toe cap delivers reliable impact protection for hazardous workplaces</li><li>Chelsea boot design offers convenient pull-on wear with a secure, comfortable fit</li><li>AirZone® Comfort System enhances cushioning and reduces foot fatigue throughout the day</li><li>OrthoTec Lite footbed provides lightweight underfoot support and lasting comfort</li><li>Slip, oil and fat-resistant TPU/PU ToughSider outsole delivers dependable traction across a variety of work surfaces</li><li>Electrical hazard resistant construction provides additional protection in high-risk work environments</li><li>Durable Coats Nylbond stitching reinforces key stress points for extended boot life</li><li>Lightweight construction designed to maximise comfort during long shifts</li><li>Ideal for construction, manufacturing, warehousing, logistics, mining and industrial workplaces</li></ul>"
Ladies Olympus Soft Shell Jacket,ladies-olympus-soft-shell-jacket-2513,2513,8 - 22,black; bottle; cyan; maroon; navy; slate,outerwear,corporate; healthcare; retail; government,Aussie Pacific,jackets; soft-shells,Women,<ul><li>Three-layer performance softshell jacket</li><li>Water-repellent and wind-resistant protection</li><li>Bonded fleece lining for warmth</li><li>Concealed removable hood</li><li>Stretch fabric for unrestricted movement</li></ul>,"Designed to keep you comfortable in changing weather conditions, this three-layer performance softshell jacket delivers the perfect combination of protection, warmth and flexibility. The stretch outer fabric allows unrestricted movement, while the bonded fleece lining provides lightweight insulation for cooler days. Finished with a concealed removable hood, it's a versatile outer layer for work, travel and everyday wear.","<p><strong>Fabric:</strong> 95% Polyester, 3% Elastane Bonded Soft Shell</p><ul><li>320 GSM three-layer performance softshell construction</li><li>Outer: 95% polyester, 5% elastane for flexibility and comfort</li><li>Bonded 100% polyester fleece lining for warmth and insulation</li><li>Light water-repellent finish to protect against light showers</li><li>Wind-resistant construction for added weather protection</li><li>Concealed removable hood for versatile wear options</li><li>Stretch fabric allows unrestricted movement throughout the day</li><li>Durable construction suitable for everyday professional and outdoor wear</li><li>Ideal for corporate, outdoor and active workplace environments</li></ul>"
SNOWY LADY VESTS,snowy-lady-vests-2523,2523,8 - 22,black; navy,outerwear,corporate; healthcare; retail; government,Aussie Pacific,puffers,Women,<ul><li>Lightweight fleece jacket</li><li>Stand-up collar for added warmth</li><li>Secure zip pockets for everyday essentials</li><li>Decoration-ready for custom branding</li><li>Comfortable everyday layering piece</li></ul>,"Designed for lightweight warmth and everyday versatility, this fleece jacket is the perfect layering piece for work, travel and casual wear. Featuring a clean, professional design with practical storage and a comfortable fit, it delivers reliable performance in cooler conditions. Decoration-ready construction also makes it an excellent choice for branded uniforms and team apparel.","<p><strong>Fabric:</strong> Outer 380T 100% Nylon - Inner 100% Polyester Light Weight Padding</p><ul><li>Lightweight fleece construction for everyday warmth and comfort</li><li>Stand-up collar with a self-fabric chin guard for added protection and comfort</li><li>Two secure zip pockets for convenient everyday storage</li><li>Elasticated cuffs to help retain warmth and provide a comfortable fit</li><li>Tone-on-tone interchangeable zip pullers for custom branding opportunities</li><li>Internal embroidery access zip for easy custom decoration</li><li>Durable construction designed for everyday professional wear</li><li>Ideal for corporate, outdoor and active workplace environments</li></ul>"
Men's Zipsider Boot,mens-zipsider-boot-261,261,3 - 14,black; light-brown; wheat,shoes,,Oliver Bootmakers,,Men,<ul><li>Steel toe zip safety boots</li><li>Premium full-grain leather upper</li><li>Advanced all-day comfort system</li><li>Slip and oil-resistant outsole</li><li>Electrical hazard protection</li></ul>,"Designed for demanding worksites, these premium safety boots deliver dependable protection with exceptional all-day comfort. Crafted from durable full-grain leather, they feature a steel toe cap, convenient YKK side zip and advanced cushioning technologies to reduce fatigue during long shifts. With electrical hazard resistance and a slip-resistant outsole, they're built to perform across a wide range of industrial environments.","<ul><li>Premium full-grain leather upper provides exceptional durability and long-lasting performance</li><li>200J steel toe cap delivers reliable impact protection for hazardous workplaces</li><li>Durable YKK side zip with ZipGuard allows for quick, secure on-and-off convenience</li><li>AirZone® Comfort System enhances cushioning to reduce foot fatigue throughout the day</li><li>OrthoTec Air footbed with anatomical arch support provides superior underfoot comfort and stability</li><li>Slip, oil and fat-resistant TPU/PU ToughSider outsole delivers dependable traction across a variety of work surfaces</li><li>Electrical hazard resistant construction provides additional protection in high-risk work environments</li><li>Temperature-regulating lining helps manage heat and moisture for lasting comfort</li><li>Padded tongue and collar enhance comfort while reducing pressure around the ankle and instep</li><li>Durable Coats Nylbond stitching reinforces strength for extended boot life</li><li>Ideal for construction, manufacturing, warehousing, logistics, mining and industrial workplaces</li></ul>"
Ladies Contrast Polo,ladies-contrast-polo-2lcp,2LCP,8 - 24,black-white; gunmetal-red; navy-white; royal-white,tops,automotive,JBs Wear,polos; short-sleeve,Women,"<ul><li>Durable polyester cotton pique fabric</li><li>Easy-care, low-pill construction</li><li>Knitted collar with reinforced detailing</li><li>Ladies&#x27; 2-button placket</li><li>UPF sun protection</li></ul>","Designed for everyday comfort and durability, this ladies polo is crafted from a premium polyester cotton pique knit that delivers a smart, professional appearance. The easy-care, reduced-pilling fabric maintains its look wear after wear, while reinforced construction provides lasting durability. Finished with a flattering two-button placket and UPF protection, it's an ideal choice for a wide range of workplace environments.","<p><strong>Fabric:</strong> 65% Polyester For Durability, And 35% Cotton For Comfort</p><ul><li>65% Polyester, 35% Cotton Pique Knit</li><li>210 GSM fabric weight</li><li>Easy-care, reduced-pilling fabric</li><li>Knitted collar with reinforced herringbone tape on inside neck seam</li><li>JB&#x27;s 2-button placket for ladies</li><li>Straight hem with side splits for added comfort and movement</li><li>Complies with AS/NZS 4399:1996 and AS/NZS 4399:2017 for UPF protection</li></ul>"
Ladies 210 Polo,ladies-210-polo-2lps,2LPS,8 - 24,aqua; black; jade; musk; navy; pea-green; purple; red; white,tops,corporate; healthcare; education,JBs Wear,polos; short-sleeve,Women,"<ul><li>Durable polyester cotton pique fabric</li><li>Easy-care, low-pill construction</li><li>Knitted collar with reinforced detailing</li><li>Classic fit with side splits</li><li>UPF sun protection</li></ul>","Built for everyday durability and comfort, this classic polo is crafted from a premium polyester cotton pique fabric that delivers a professional look with lasting performance. The easy-care, low-pill fabric maintains its appearance wear after wear, while reinforced construction details enhance durability. Featuring a timeless fit and UPF protection, it's an ideal choice for a wide range of workplace environments.","<p><strong>Fabric:</strong> 65% Polyester For Durability, And 35% Cotton For Comfort</p><ul><li>65% Polyester, 35% Cotton Pique</li><li>210 GSM fabric weight</li><li>Easy-care, reduced pilling fabric</li><li>Knitted collar with reinforced herringbone tape on inside neck seam</li><li>JB&#x27;s 2-button placket</li><li>Set-in sleeves with open cuffs</li><li>Straight hem with herringbone tape reinforced side splits</li><li>Complies with AS/NZS 4399:1996 and AS/NZS 4399:2017 for UPF protection</li><li>Sizes 26, 28 and 30 available in Black, White and Navy only</li></ul>"
Men's Black Lace Up Derby Shoe,mens-black-lace-up-derby-shoe-34652,34652,4 - 13,black,shoes,retail; government; corporate,Rollie,,Men,<ul><li>Zip-side hiker safety boots</li><li>Water-resistant leather upper</li><li>Premium TECtuff® toe protection</li><li>Advanced impact absorption system</li><li>Heat and slip-resistant outsole</li></ul>,"Built for hardworking professionals, the WB34 Series hiker-style safety boots combine lightweight comfort with rugged durability. Crafted from water-resistant leather and featuring a convenient side zip, they deliver all-day support without compromising protection. Advanced comfort technologies, reinforced toe protection and a high-traction outsole make these boots ideal for demanding industrial environments.","<ul><li>Premium water-resistant leather upper provides lasting durability and protection in demanding work environments</li><li>Hiker-style ankle boot with side zip offers a secure fit and easy on-and-off convenience</li><li>Premium TECtuff® toe bumper enhances durability by protecting high-wear areas from abrasion and scuffing</li><li>NATUREform® Type 1 safety toe cap features a wider profile for improved comfort and reliable impact protection</li><li>Full lining infused with eco-friendly Odorban® Control Technology helps absorb odour and maintain lasting freshness and hygiene</li><li>COMFORTcushion® Impact Absorption System combines cellular urethane and PORON® technology to reduce shock and minimise foot fatigue</li><li>Shock-absorbing polyurethane midsole provides lightweight cushioning and all-day support</li><li>GRIPthane® outsole delivers excellent traction and is heat resistant to 130°C for dependable performance across a range of work environments</li><li>Lightweight construction designed to maximise comfort during long shifts</li><li>Ideal for construction, manufacturing, warehousing, logistics, mining and industrial workplaces</li></ul>"
Canvas Hat,canvas-hat-3791,3791,S - XL,natural; navy,accessories,,Headwear Australia,headwear,Unisex,<ul><li>Wide brim sun hat</li><li>Thick 8cm brim for maximum coverage</li><li>Comfortable towelling sweatband</li><li>Adjustable cord and toggle</li><li>Ideal for outdoor work and events</li></ul>,"Built for extended time outdoors, this wide brim sun hat provides reliable protection and lasting comfort. Featuring a generous 8cm brim with a green under brim to help reduce glare, it delivers excellent sun coverage for work, sport and recreation. Finished with a soft towelling sweatband and adjustable cord, it's designed to stay comfortable and secure throughout the day.","<p><strong>Fabric:</strong> 100% Cotton Canvas</p><ul><li>Wide brim design for enhanced sun protection</li><li>Thick 8cm brim provides excellent coverage from the elements</li><li>Green under brim helps reduce glare in bright conditions</li><li>Soft towelling sweatband improves comfort and moisture management</li><li>Adjustable chin cord with toggle for a secure, customised fit</li><li>Lightweight construction suitable for all-day outdoor wear</li><li>Available in four sizes: Small (55cm), Medium (57cm), Large (59cm) and XL (61cm)</li><li>Ideal for outdoor work, teamwear, sporting events, schools and promotional use</li></ul>"
Trucker Mesh Cap,trucker-mesh-cap-3803,3803,,black; charcoal; red; royal; white,accessories,corporate; government; retail,Headwear Australia,headwear,Unisex,<ul><li>Classic durable cap</li><li>Built for everyday wear</li><li>Comfortable all-day fit</li><li>Timeless versatile design</li><li>Ideal for custom branding</li></ul>,"A timeless essential, this classic cap is designed for durability, comfort and everyday versatility. Built to withstand regular wear, it offers a reliable fit and clean, professional styling that suits a wide range of industries and occasions. Available in a variety of colours, it's an excellent choice for corporate uniforms, teamwear, promotional events and casual wear.","<ul><li>Durable construction designed for long-lasting everyday use</li><li>Classic cap design suitable for a wide range of applications</li><li>Comfortable fit for extended all-day wear</li><li>Available in a variety of colours to suit different brands and uniforms</li><li>Versatile styling suitable for work, sport and casual wear</li><li>Suitable for embroidery and custom branding applications</li><li>Ideal for corporate uniforms, teamwear, promotional events and everyday casual wear</li></ul>"
Recycled Breathable Poly Twill Cap,recycled-breathable-poly-twill-cap-3980,3980,One size fits most,black; bottle; charcoal; navy; red; royal; stone; white,accessories,corporate; government; retail,Headwear Australia,aprons; sustainable,Unisex,<ul><li>Structured six-panel cap</li><li>Classic pre-curved peak</li><li>Comfortable moisture-wicking sweatband</li><li>Premium reinforced construction</li><li>Ideal for everyday branding</li></ul>,"Designed for durability and timeless style, this structured six-panel cap delivers a professional look with premium finishing details. The pre-curved peak provides a classic fit, while embroidered eyelets and a moisture-absorbing sweatband ensure lasting comfort throughout the day. Built for everyday wear, it's an ideal choice for corporate uniforms, teamwear, promotional events and casual use.","<p><strong>Fabric:</strong> 100% Recycled Polyester</p><ul><li>Structured six-panel construction for a supportive, classic fit</li><li>Pre-curved peak for timeless styling and everyday sun protection</li><li>Embroidered eyelets improve ventilation and airflow</li><li>Matching under-peak fabric creates a clean, coordinated finish</li><li>Four-stitch polo sweatband enhances comfort and moisture management</li><li>Poplin-lined internal seams for improved durability and a premium finish</li><li>Lightweight construction suitable for extended everyday wear</li><li>Suitable for embroidery and custom branding applications</li><li>Ideal for corporate uniforms, teamwear, promotional events and everyday casual wear</li></ul>"
Organic Brushed Heavy Cotton/Mesh Back Cap,organic-brushed-heavy-cotton-mesh-back-cap-3987,3987,One Size,black; navy,accessories,corporate; government; retail,Headwear Australia,headwear,Unisex,<ul><li>Structured six-panel cap</li><li>Classic pre-curved peak</li><li>Adjustable snapback closure</li><li>Durable everyday construction</li><li>Ideal for teamwear and branding</li></ul>,"Designed for timeless style and everyday comfort, this structured six-panel cap offers a classic look with a secure, adjustable fit. The pre-curved peak provides instant wearability, while the snapback closure allows for easy size adjustment. Ideal for corporate uniforms, teamwear, promotional events and casual wear, it's a versatile cap built for everyday use.","<p><strong>Fabric:</strong> 100% Organic Cotton</p><ul><li>Structured six-panel construction for a supportive, classic fit</li><li>Pre-curved peak for timeless style and everyday sun protection</li><li>Adjustable double plastic snapback closure for a secure, customised fit</li><li>Durable construction designed for regular everyday wear</li><li>Comfortable design suitable for extended use</li><li>Suitable for embroidery and custom branding applications</li><li>Ideal for corporate uniforms, teamwear, promotional events and everyday casual wear</li></ul>"
Maple Organic Tee,maple-organic-tee-4001g,4001G,XS - 2XL,black; natural; white,tops,corporate; retail; hospitality; education,AS Colour,tees; short-sleeve,Women,"<ul><li>GOTS-certified organic cotton T-shirt</li><li>Soft, breathable everyday comfort</li><li>Lower environmental impact fabric</li><li>Pre-shrunk to minimise shrinkage</li><li>Durable construction for long-lasting wear</li></ul>","Combining everyday comfort with sustainable design, this organic cotton T-shirt is crafted from Global Organic Textile Standard (GOTS) certified cotton. Produced using fewer insecticides, fewer pollutant chemicals and generating significantly lower CO₂ emissions, it offers a more environmentally responsible choice without compromising on softness or durability. Reinforced construction ensures it maintains its fit and quality through repeated wear.","<p><strong>Fabric:</strong> 100% Combed Organic Cotton</p><ul><li>GOTS-certified organic cotton for a more sustainable choice</li><li>Soft, breathable fabric for all-day comfort</li><li>Produced using fewer insecticides and pollutant chemicals</li><li>Lower CO₂ emissions compared to conventional cotton production</li><li>Ribbed neckline for comfort and shape retention</li><li>Twin needle stitching along the neck seam for added durability</li><li>Shoulder-to-shoulder taping for enhanced comfort and structure</li><li>Double needle stitching on sleeves and hem for long-lasting wear</li><li>Pre-shrunk fabric to minimise shrinkage after washing</li></ul>"
Women's Maple Tee,womens-maple-tee-4001w,4001W,XS - 2XL,black; coal; natural; navy; white,tops,corporate; retail; hospitality,AS Colour,tees; short-sleeve,Women,<ul><li>Premium mid-weight crew neck T-shirt</li><li>Regular fit for everyday comfort</li><li>Pre-shrunk fabric to minimise shrinkage</li><li>Side-seamed construction for a better fit</li><li>Ideal for custom branding and everyday wear</li></ul>,"A versatile wardrobe essential, this premium crew neck T-shirt is designed for everyday comfort and durability. Featuring a regular fit with a classic crew neckline, it's made from mid-weight fabric that's pre-shrunk to help maintain its size and shape after washing. Side-seamed construction provides a consistent fit, making it an excellent choice for uniforms, retail and promotional branding.",<p><strong>Fabric:</strong> 100% Combed Cotton</p><ul><li>Mid-weight fabric for year-round comfort and durability</li><li>Regular fit with a classic crew neck design</li><li>Ribbed neckline for comfort and shape retention</li><li>Side-seamed construction for an improved fit and reduced twisting</li><li>Pre-shrunk fabric to minimise shrinkage after washing</li><li>Smooth surface suitable for embroidery and screen printing</li><li>Designed for everyday wear and custom branding</li></ul>
Wo's Maple Stripe Tee,wos-maple-stripe-tee-4037,4037,XS - 2XL,black-white; natural-mid-blue; natural-walnut; navy-white,tops,retail; hospitality; corporate,AS Colour,tees; short-sleeve,Women,"<ul><li>Lightweight premium cotton T-shirt</li><li>Regular fit for everyday comfort</li><li>Soft combed cotton construction</li><li>Pre-shrunk to minimise shrinkage</li><li>Ideal for screen printing, DTG and embroidery</li></ul>","A lightweight everyday essential, this premium T-shirt combines soft combed cotton with a comfortable regular fit for effortless all-day wear. Built with durable construction and pre-shrunk fabric, it maintains its shape and fit over time while providing a smooth surface that's ideal for custom decoration. Perfect for uniforms, events, retail and promotional apparel.","<p><strong>Fabric:</strong> 100% Combed Cotton</p><ul><li>150 GSM lightweight fabric for breathable comfort</li><li>100% combed cotton construction</li><li>Regular fit with a classic crew neck design</li><li>Ribbed neckline for comfort and shape retention</li><li>Side-seamed construction for an improved fit and reduced twisting</li><li>Shoulder-to-shoulder taping for enhanced comfort and durability</li><li>Double needle stitching on sleeves and hem for long-lasting wear</li><li>Pre-shrunk fabric to minimise shrinkage after washing</li><li>Suitable for screen printing, direct-to-garment (DTG) printing and embroidery</li></ul>"
Mesh Sports Cap,mesh-sports-cap-4058,4058,,black; navy; royal; white,accessories,,Legend Life,headwear,Unisex,<ul><li>Breathable sports mesh cap</li><li>Lightweight six-panel construction</li><li>Colourfast performance fabric</li><li>Adjustable hook-and-loop closure</li><li>Designed for active lifestyles</li></ul>,"Built for performance, the Sports Mesh Cap is designed to keep you cool and comfortable during training, events and everyday outdoor activities. Featuring breathable colourfast mesh for maximum airflow, it delivers lasting comfort without compromising on style. Finished with an adjustable closure and padded sweatband, it's the perfect choice for teamwear, sporting clubs and promotional branding.","<p><strong>Fabric:</strong> 100% Polyester Mesh</p><ul><li>Breathable colourfast mesh promotes maximum airflow during active use</li><li>Lightweight six-panel construction for a comfortable, structured fit</li><li>Pre-curved peak provides classic styling and added sun protection</li><li>Adjustable hook-and-loop (Velcro®) closure for a secure, customised fit</li><li>Soft padded cotton sweatband improves comfort and moisture absorption</li><li>Embroidered eyelets enhance ventilation and durability</li><li>Designed for sporting teams, outdoor events and active everyday wear</li><li>Suitable for embroidery and custom branding applications</li></ul>"
Heavy Brushed Cotton Cap,heavy-brushed-cotton-cap-4171,4171,,black; bottle; maroon; navy; pink; red; white,accessories,corporate; government; retail,Legend Life,headwear,Unisex,<ul><li>Premium heavy brushed cotton cap</li><li>Classic pre-curved peak</li><li>Adjustable fabric strap with metal buckle</li><li>Comfortable everyday fit</li><li>Ideal for custom branding</li></ul>,"Built for everyday comfort and timeless style, this classic cap is crafted from premium heavy brushed cotton for a durable yet soft feel. The pre-curved peak delivers a traditional look, while the adjustable fabric strap with a gunmetal buckle ensures a secure, personalised fit. Perfect for corporate uniforms, teamwear, promotional events and casual wear.","<ul><li>Premium heavy brushed cotton construction for comfort and durability</li><li>Pre-curved peak offers classic styling and everyday sun protection</li><li>Adjustable fabric strap with gunmetal buckle for a secure, customised fit</li><li>Tuck-in strap return provides a clean, streamlined finish</li><li>Lightweight design suitable for all-day wear</li><li>Durable construction designed for everyday use</li><li>Suitable for embroidery and custom branding applications</li><li>Ideal for corporate uniforms, teamwear, promotional events and casual wear</li></ul>"
Surf Hat,surf-hat-4287,4287,"55cm, 57cm, 59cm, 61cm",black; bottle; natural; navy,accessories,,Legend Life,headwear,Unisex,<ul><li>UPF 50+ outdoor surf hat</li><li>Heavy brushed cotton construction</li><li>Certified Australian sun protection</li><li>Adjustable chin cord for a secure fit</li><li>Ideal for outdoor work and recreation</li></ul>,"Built for life outdoors, the Surf Hat delivers reliable sun protection and lasting comfort for work, sport and adventure. Crafted from durable heavy brushed cotton, it features a UPF 50+ rating and meets Australian sun protection standards, helping keep you protected during extended time in the sun. Complete with an adjustable chin cord and padded sweatband, it's designed for all-day performance in outdoor environments.","<p><strong>Fabric:</strong> Heavy Brushed Cotton</p><ul><li>Heavy brushed cotton construction for durability and everyday comfort</li><li>UPF 50+ rated for excellent sun protection</li><li>Meets Australian Standard AS/NZS 4399 for UV protection</li><li>UV protection information label attached</li><li>Adjustable chin cord with slide toggle for a secure, customised fit</li><li>Soft padded cotton sweatband for enhanced comfort and moisture absorption</li><li>Gunmetal eyelets improve ventilation and airflow</li><li>Ideal for outdoor work, sporting events, teamwear, promotional campaigns and everyday outdoor wear</li></ul>"
Premium Elastic Sided Boot W/ Scuff Cap,premium-elastic-sided-boot-w-scuff-cap-440,440,,black,shoes,,Oliver Bootmakers,,Unisex,<ul><li>Steel toe Chelsea safety boots</li><li>Premium nubuck leather upper</li><li>Advanced all-day comfort system</li><li>Slip and oil-resistant outsole</li><li>Electrical hazard protection</li></ul>,"Built for demanding workplaces, these premium Chelsea safety boots combine dependable protection with exceptional all-day comfort. Crafted from durable nubuck leather, they feature a steel toe cap, advanced cushioning technologies and a slip-resistant outsole to keep you comfortable and confident on the job. With electrical hazard resistance and reinforced durability, they're designed to perform across a wide range of industrial environments.","<ul><li>Premium nubuck leather upper provides long-lasting durability and a premium finish</li><li>200J steel toe cap delivers reliable impact protection for hazardous workplaces</li><li>Chelsea boot design allows for easy pull-on convenience and a secure, comfortable fit</li><li>AirZone® Comfort System enhances cushioning and reduces foot fatigue throughout the day</li><li>OrthoTec Air footbed with anatomical arch support provides superior underfoot comfort and stability</li><li>Moulded PU scuff cap improves durability and protects high-wear areas from abrasion</li><li>Slip, oil and fat-resistant TPU/PU ToughSider outsole delivers excellent traction across a variety of surfaces</li><li>Electrical hazard resistant construction provides added workplace safety</li><li>Temperature-regulating lining helps manage heat and moisture for lasting comfort</li><li>Durable Coats Nylbond stitching enhances strength and extends boot life</li><li>Ideal for construction, manufacturing, warehousing, logistics, mining and industrial workplaces</li></ul>"
Men's Brown Elastic Sided Boot,mens-brown-elastic-sided-boot-45627,45627,5 - 14,brown,shoes,,Oliver Bootmakers,,Men,<ul><li>Composite toe safety boots</li><li>Water-resistant leather upper</li><li>Advanced all-day comfort system</li><li>Self-cleaning TPU outsole</li><li>Lightweight workplace protection</li></ul>,"Built for demanding workplaces, the Oliver AT45 safety boots combine lightweight protection with premium comfort for all-day performance. Crafted from water-resistant leather and featuring Oliver's exclusive comfort technologies, they deliver superior cushioning, odour control and lasting support. Finished with a lightweight composite toe cap and durable self-cleaning outsole, these boots are designed to keep you comfortable in the toughest working environments.","<ul><li>Premium water-resistant leather upper provides lasting durability and protection in demanding work environments</li><li>NATUREform® composite toe cap delivers lightweight impact protection while reducing overall boot weight</li><li>Full lining infused with eco-friendly Odorban® Control Technology helps absorb odour and maintain lasting freshness and hygiene</li><li>Oliver Comfort Footbed enhances natural airflow while incorporating Odorban® Control Technology for improved comfort and freshness</li><li>COMFORTcushion® Impact Absorption System combines cellular urethane and PORON® technology to minimise shock and reduce foot fatigue</li><li>Shock-absorbing polyurethane midsole provides lightweight cushioning and all-day support</li><li>Latex toe cap liner delivers additional comfort across the forefoot</li><li>Long-wearing TPU outsole features a self-cleaning tread pattern that sheds rocks and debris for improved traction and durability</li><li>Highly abrasion-resistant outsole built to withstand demanding industrial environments</li><li>Lightweight construction designed for maximum comfort during long shifts</li><li>Ideal for construction, manufacturing, warehousing, logistics, mining and industrial workplaces</li></ul>"
Women's Wheat Zip Sided Boot,womens-wheat-zip-sided-boot-49-432z,49-432Z,35-42,wheat,shoes,,Oliver Bootmakers,,Women,<ul><li>Women&#x27;s steel toe safety boots</li><li>Water-resistant premium leather</li><li>Advanced all-day comfort system</li><li>Slip-resistant rubber outsole</li><li>Designed specifically for women&#x27;s feet</li></ul>,"Engineered specifically for the unique shape of a woman's foot, these premium safety boots combine reliable workplace protection with exceptional all-day comfort. Crafted from water-resistant leather and featuring Oliver's signature comfort technologies, they provide superior cushioning, support and freshness throughout long shifts. Finished with a lightweight stabilising sole and durable slip-resistant outsole, they're built to perform in demanding industrial environments.","<ul><li>Premium water-resistant leather upper provides lasting durability and protection in demanding work environments</li><li>Specifically designed last supports the unique shape of a woman&#x27;s foot for an enhanced fit and lasting comfort</li><li>NATUREform® steel toe cap provides dependable impact protection with a comfortable, ergonomic fit</li><li>Oliver COOLstep® premium lining absorbs moisture and controls odour for lasting freshness and improved hygiene</li><li>Oliver SOFTstride® open-cell low-density urethane footbed delivers superior cushioning and contour support</li><li>COMFORTcushion® Impact Absorption System combines cellular urethane and PORON® technology to absorb shock and reduce foot fatigue</li><li>Shock-absorbing polyurethane midsole enhances underfoot comfort throughout long working days</li><li>Lightweight sole with integrated HEELguard improves stability and heel support on the job</li><li>Latex toe cap liner provides additional cushioning and comfort across the forefoot</li><li>Long-wearing rubber outsole delivers exceptional durability and dependable grip across a variety of surfaces</li><li>Slip-resistant tread pattern enhances traction for increased workplace safety</li><li>Ideal for construction, manufacturing, warehousing, logistics, mining and industrial workplaces</li></ul>"
Slip On Shoe,slip-on-shoe-49430,49430,35 - 42,black,shoes,,Oliver Bootmakers,,Unisex,<ul><li>Women&#x27;s steel toe safety boots</li><li>Water-resistant premium leather</li><li>Advanced all-day comfort system</li><li>Slip-resistant rubber outsole</li><li>Specifically designed for women&#x27;s feet</li></ul>,"Engineered specifically for the unique shape of a woman's foot, these premium safety boots combine advanced comfort with dependable workplace protection. Crafted from water-resistant leather and featuring Oliver's exclusive comfort technologies, they provide outstanding cushioning, support and freshness throughout long shifts. Built with a steel toe cap and slip-resistant outsole, they're designed to perform in demanding industrial environments without compromising comfort.","<ul><li>Premium water-resistant leather upper delivers lasting durability and protection in demanding work environments</li><li>Specifically designed last supports the unique shape and fit of a woman&#x27;s foot for enhanced comfort</li><li>NATUREform® steel toe cap provides certified impact protection without compromising fit</li><li>Oliver COOLstep® lining helps absorb moisture and control odour for improved freshness and hygiene</li><li>Oliver SOFTstride® open-cell low-density urethane footbed provides superior cushioning and contour support</li><li>COMFORTcushion® Impact Absorption System combines cellular urethane and PORON® technology to reduce fatigue and absorb shock underfoot</li><li>Lightweight polyurethane midsole enhances comfort while reducing overall boot weight</li><li>Latex toe cap liner provides additional comfort across the forefoot</li><li>Long-wearing rubber outsole delivers exceptional durability and reliable grip across a variety of surfaces</li><li>Slip-resistant tread pattern provides excellent traction in challenging workplace conditions</li><li>Integrated HEELguard stabilisation system enhances heel support and overall stability throughout the workday</li><li>Ideal for construction, manufacturing, warehousing, logistics, mining and industrial workplaces</li></ul>"
Women's Black Zip Sided Boot,womens-black-zip-sided-boot-49445z,49445Z,35-42,black,shoes,,Oliver Bootmakers,,Women,<ul><li>Women&#x27;s steel toe safety boots</li><li>Water-resistant premium leather</li><li>Advanced all-day comfort system</li><li>Slip-resistant rubber outsole</li><li>Designed specifically for women&#x27;s feet</li></ul>,"Engineered specifically for the unique shape of a woman's foot, these premium safety boots deliver outstanding comfort without compromising workplace protection. Crafted from water-resistant leather and featuring Oliver's exclusive comfort technologies, they provide superior cushioning, support and freshness throughout long shifts. Built with a steel toe cap, slip-resistant outsole and lightweight construction, they're ideal for demanding industrial environments.","<ul><li>Premium water-resistant leather upper provides lasting durability and protection in demanding work environments</li><li>Specifically designed last supports the unique shape of a woman&#x27;s foot for enhanced comfort and fit</li><li>NATUREform® steel toe cap delivers dependable impact protection while maintaining a natural fit</li><li>Oliver COOLstep® moisture-wicking lining helps absorb moisture and control odour for lasting freshness and hygiene</li><li>Oliver SOFTstride® open-cell low-density urethane footbed provides superior cushioning and contour support</li><li>COMFORTcushion® Impact Absorption System combines cellular urethane and PORON® technology to minimise shock and reduce foot fatigue</li><li>Lightweight polyurethane midsole enhances comfort without adding unnecessary weight</li><li>Latex toe cap liner improves comfort across the forefoot</li><li>Long-wearing rubber outsole provides exceptional durability and dependable grip on a variety of surfaces</li><li>Slip-resistant tread pattern enhances traction for increased workplace safety</li><li>Integrated HEELguard stabilisation system improves heel support and overall stability throughout the workday</li><li>Ideal for construction, manufacturing, warehousing, logistics, mining and industrial workplaces</li></ul>"
Women’s Stone Zip Sided Low-Cut Boot,womens-stone-zip-sided-low-cut-boot-49450z,49450Z,35-42,black,shoes,,Oliver Bootmakers,,Women,<ul><li>Women&#x27;s steel toe safety boots</li><li>Designed specifically for women&#x27;s feet</li><li>Advanced all-day comfort system</li><li>Water-resistant premium leather</li><li>Slip-resistant rubber outsole</li></ul>,"Engineered specifically for the unique shape of a woman's foot, these premium safety boots combine dependable protection with exceptional all-day comfort. Featuring Oliver's advanced comfort technologies, a lightweight stabilising sole and premium water-resistant leather, they deliver superior support, cushioning and freshness throughout long shifts. Built for demanding workplaces, they provide reliable performance without compromising comfort.","<ul><li>Premium water-resistant leather upper provides lasting durability and protection in demanding work environments</li><li>Specifically designed last supports the unique shape of a woman&#x27;s foot for an enhanced fit and lasting comfort</li><li>NATUREform® wide-profile steel toe cap delivers dependable impact protection while providing additional toe room for comfort</li><li>Oliver COOLstep® premium lining helps absorb moisture and control odour for lasting freshness and hygiene</li><li>Oliver SOFTstride® open-cell low-density urethane footbed provides superior cushioning and contour support</li><li>COMFORTcushion® Impact Absorption System combines cellular urethane and PORON® technology to reduce shock and minimise foot fatigue</li><li>Lightweight sole with integrated HEELguard provides enhanced stability and support throughout the workday</li><li>Long-wearing rubber outsole delivers excellent grip and durability across a variety of work surfaces</li><li>Self-cleaning slip-resistant tread pattern helps maintain traction in challenging workplace conditions</li><li>Durable construction designed for demanding industrial and trade environments</li><li>Ideal for construction, manufacturing, warehousing, logistics, mining and industrial workplaces</li></ul>"
Men's Staple Tee,mens-staple-tee-5001,5001,S - 3XL,black; charcoal; light-grey; white,tops,corporate; retail; hospitality,AS Colour,tees; short-sleeve,Men,"<ul><li>Premium combed cotton T-shirt</li><li>Soft, breathable everyday comfort</li><li>Regular fit with a classic crew neck</li><li>Pre-shrunk to minimise shrinkage</li><li>Durable construction for long-lasting wear</li></ul>","A versatile everyday essential, this premium T-shirt combines soft combed cotton with a comfortable regular fit for effortless all-day wear. Designed with quality construction and reinforced detailing, it offers lasting durability while maintaining its shape wash after wash. Ideal for workwear, retail, events and custom branding, it delivers comfort you can rely on every day.",<p><strong>Fabric:</strong> 100% Combed Cotton</p><ul><li>180 GSM mid-weight fabric for everyday comfort</li><li>100% combed cotton (Marles: 15% viscose)</li><li>Regular fit with a classic crew neck design</li><li>Ribbed neckline for comfort and shape retention</li><li>Side-seamed construction for an improved fit and reduced twisting</li><li>Shoulder-to-shoulder taping for enhanced comfort and durability</li><li>Double needle stitching on sleeves and hem for long-lasting wear</li><li>Pre-shrunk fabric to minimise shrinkage after washing</li></ul>
Men's Staple Organic Tee,mens-staple-organic-tee-5001g,5001G,XS - 3XL,grey-marle; natural; walnut; white,tops,corporate; retail; hospitality; education,AS Colour,tees; short-sleeve,Men,"<ul><li>GOTS-certified organic cotton T-shirt</li><li>Soft, breathable mid-weight comfort</li><li>Lower environmental impact fabric</li><li>Pre-shrunk to minimise shrinkage</li><li>Durable construction for everyday wear</li></ul>","Combining everyday comfort with sustainable design, this premium T-shirt is crafted from Global Organic Textile Standard (GOTS) certified organic cotton. Produced without the use of herbicides or pesticides, it uses fewer insecticides, fewer pollutant chemicals and generates significantly lower CO₂ emissions than conventional cotton. With a regular fit, soft combed cotton construction and reinforced detailing, it's built to deliver lasting comfort and durability.",<p><strong>Fabric:</strong> 100% Combed Organic Cotton</p><ul><li>180 GSM mid-weight fabric for everyday comfort</li><li>100% combed organic cotton (Marles: 15% viscose)</li><li>GOTS (Global Organic Textile Standard) certified organic cotton</li><li>Cotton grown without the use of herbicides or pesticides</li><li>Produced with fewer pollutant chemicals and lower CO₂ emissions</li><li>Regular fit with a classic crew neck design</li><li>Ribbed neckline with twin needle stitching for added durability</li><li>Side-seamed construction for an improved fit and reduced twisting</li><li>Shoulder-to-shoulder taping for enhanced comfort and shape retention</li><li>Double needle stitching on sleeves and hem for long-lasting wear</li><li>Pre-shrunk fabric to minimise shrinkage after washing</li></ul>
Men's Classic Tee,mens-classic-tee-5026,5026,S - 3XL,black; coal; ecru; navy; white,tops,corporate; retail; hospitality,AS Colour,tees; short-sleeve,Men,<ul><li>Heavyweight premium cotton T-shirt</li><li>Relaxed fit for everyday comfort</li><li>Soft combed cotton construction</li><li>Pre-shrunk to minimise shrinkage</li><li>Durable design built for long-lasting wear</li></ul>,"Designed for premium comfort and durability, this heavyweight T-shirt is an everyday essential with a relaxed fit and timeless style. Made from soft combed cotton, it delivers a substantial feel while maintaining excellent comfort throughout the day. With reinforced construction and pre-shrunk fabric, it's built to retain its fit and appearance wash after wash, making it ideal for workwear, retail and custom branding.",<p><strong>Fabric:</strong> 100% Combed Cotton</p><ul><li>220 GSM heavyweight fabric for premium durability</li><li>100% combed cotton (Marles: 15% viscose)</li><li>Relaxed fit for all-day comfort</li><li>Classic crew neck design</li><li>Ribbed neckline for improved shape retention</li><li>Side-seamed construction for a better fit and reduced twisting</li><li>Shoulder-to-shoulder taping for added comfort and durability</li><li>Double needle stitching on sleeves and hem for long-lasting wear</li><li>Pre-shrunk fabric to minimise shrinkage after washing</li></ul>
Men's Plus Tee,mens-plus-tee-5038,5038,S - 2XL,grey-marle,tops,corporate; retail; hospitality,AS Colour,tees; short-sleeve,Men,"<ul><li>Premium combed cotton T-shirt</li><li>Regular fit with a longer body length</li><li>Soft, breathable mid-weight fabric</li><li>Pre-shrunk to minimise shrinkage</li><li>Durable construction for everyday wear</li></ul>","Designed for comfort and versatility, this premium crew neck T-shirt features a regular fit with an extended body length for a modern silhouette and added coverage. Made from soft combed cotton, it offers breathable all-day comfort while reinforced construction ensures lasting durability. Pre-shrunk fabric helps maintain its fit and shape, making it ideal for uniforms, retail and custom branding.",<p><strong>Fabric:</strong> 100% Combed Cotton</p><ul><li>180 GSM mid-weight fabric for everyday comfort</li><li>100% combed cotton (Marles: 15% viscose)</li><li>Regular fit with a classic crew neck design</li><li>Longer body length for added coverage and styling versatility</li><li>Ribbed neckline for comfort and shape retention</li><li>Side-seamed construction for an improved fit and reduced twisting</li><li>Shoulder-to-shoulder taping for enhanced comfort and durability</li><li>Double needle stitching on sleeves and hem for long-lasting wear</li><li>Pre-shrunk fabric to minimise shrinkage after washing</li></ul>
Men's Classic Stripe Tee,mens-classic-stripe-tee-5044,5044,XS - 2XL,black-white; yellow-black,tops,hospitality; retail; corporate,AS Colour,tees; short-sleeve,Men,<ul><li>Heavyweight premium cotton T-shirt</li><li>Relaxed fit for all-day comfort</li><li>Soft combed cotton construction</li><li>Pre-shrunk to minimise shrinkage</li><li>Durable design built for everyday wear</li></ul>,"Designed for comfort and durability, this heavyweight T-shirt is an everyday staple with a relaxed fit and timeless styling. Crafted from premium combed cotton, it delivers a soft feel with a substantial weight that's built to last. Reinforced construction and pre-shrunk fabric help maintain its shape and fit over time, making it ideal for workwear, casual wear and custom branding.",<p><strong>Fabric:</strong> 100% Combed Cotton</p><ul><li>200 GSM heavyweight fabric for premium durability and comfort</li><li>100% combed cotton construction</li><li>Relaxed fit with a classic crew neck design</li><li>Ribbed neckline for comfort and shape retention</li><li>Side-seamed construction for an improved fit and reduced twisting</li><li>Shoulder-to-shoulder taping for enhanced comfort and durability</li><li>Double needle stitching on sleeves and hem for long-lasting wear</li><li>Pre-shrunk fabric to minimise shrinkage after washing</li></ul>
Men's Block Tee,mens-block-tee-5050,5050,S - 2XL,army; black; bright-royal; coal; ecru; forest-green; khaki; navy; red; white,tops,retail; hospitality,AS Colour,tees; short-sleeve,Men,<ul><li>Heavyweight everyday cotton T-shirt</li><li>Regular fit with classic crew neck</li><li>Durable carded cotton construction</li><li>Pre-shrunk to minimise shrinkage</li><li>Great value without compromising quality</li></ul>,"Built for everyday wear, this heavyweight cotton T-shirt delivers dependable comfort, durability and exceptional value. Made from quality carded cotton, it features a regular fit with a classic crew neckline that suits both work and casual settings. Reinforced construction and pre-shrunk fabric help maintain its fit and finish, making it an ideal choice for uniforms, promotional apparel and custom branding.",<p><strong>Fabric:</strong> 100% Carded Cotton</p><ul><li>200 GSM heavyweight fabric for lasting durability</li><li>100% carded cotton (Marles: 15% viscose)</li><li>Regular fit with a classic crew neck design</li><li>Ribbed neckline for comfort and shape retention</li><li>Side-seamed construction for an improved fit and reduced twisting</li><li>Shoulder-to-shoulder taping for enhanced comfort and durability</li><li>Double needle stitching on sleeves and hem for long-lasting wear</li><li>Pre-shrunk fabric to minimise shrinkage after washing</li><li>Excellent value for everyday workwear and promotional use</li></ul>
Men's State Tee,mens-state-tee-5052,5052,S - 2XL,black; ecru; navy; white,tops,retail; hospitality,AS Colour,tees; short-sleeve,Men,"<ul><li>Premium combed cotton T-shirt</li><li>Regular fit with a stylish curved hem</li><li>Soft, breathable mid-weight fabric</li><li>Pre-shrunk to minimise shrinkage</li><li>Durable construction for everyday wear</li></ul>","A modern take on the classic T-shirt, this premium style combines soft combed cotton with a regular fit and contemporary curved hem. Designed for everyday comfort, it offers a flattering silhouette while maintaining the durability needed for regular wear. Reinforced construction and pre-shrunk fabric help preserve its shape, making it an excellent choice for uniforms, retail and custom branding.",<p><strong>Fabric:</strong> 100% Combed Cotton</p><ul><li>180 GSM mid-weight fabric for everyday comfort</li><li>100% combed cotton (Marles: 15% viscose)</li><li>Regular fit with a classic crew neck design</li><li>Stylish curved hem for a contemporary finish</li><li>Ribbed neckline for comfort and shape retention</li><li>Side-seamed construction for an improved fit and reduced twisting</li><li>Shoulder-to-shoulder taping for enhanced comfort and durability</li><li>Double needle stitching on sleeves and hem for long-lasting wear</li><li>Pre-shrunk fabric to minimise shrinkage after washing</li></ul>
Men's Ringer Tee,mens-ringer-tee-5053,5053,S - 2XL,white-black; white-navy; white-red,tops,retail; hospitality,AS Colour,tees; short-sleeve,Men,"<ul><li>Premium combed cotton T-shirt</li><li>Regular fit with contrast detailing</li><li>Soft, breathable mid-weight fabric</li><li>Pre-shrunk to minimise shrinkage</li><li>Durable construction for everyday wear</li></ul>","A modern twist on a classic essential, this premium T-shirt combines soft combed cotton with stylish contrast ribbing on the neckline and sleeve hems. Designed with a comfortable regular fit and durable construction, it offers breathable all-day comfort while maintaining its shape wash after wash. Ideal for uniforms, teamwear, retail and custom branding.",<p><strong>Fabric:</strong> 100% Combed Cotton</p><ul><li>180 GSM mid-weight fabric for everyday comfort</li><li>100% combed cotton construction</li><li>Regular fit with a classic crew neck design</li><li>Contrast ribbing on the neckline and sleeve hems for a distinctive finish</li><li>Side-seamed construction for an improved fit and reduced twisting</li><li>Shoulder-to-shoulder taping for enhanced comfort and durability</li><li>Double needle stitching on sleeves and hem for long-lasting wear</li><li>Pre-shrunk fabric to minimise shrinkage after washing</li></ul>
Urban Sports Backpack,urban-sports-backpack-5198,5198,,black; navy,accessories,,Nottage,promotional-merchandise; bags,,"<ul><li>Modern sports and commuter backpack</li><li>Padded 15&quot; laptop compartment</li><li>Multiple secure storage pockets</li><li>Comfortable padded shoulder straps</li><li>Ideal for work, travel and everyday use</li></ul>","Designed for life on the move, the Urban Sports Backpack combines modern styling with practical everyday functionality. Whether you're commuting to work, heading to the gym or travelling between meetings, it offers organised storage, a dedicated laptop compartment and comfortable padded straps for all-day carrying. Durable, versatile and built for busy lifestyles, it's the perfect everyday backpack.","<ul><li>Dedicated padded compartment securely fits laptops up to 15 inches</li><li>Spacious main compartment provides ample storage for work, travel or sporting essentials</li><li>Zippered front pocket keeps frequently used items organised and easily accessible</li><li>Two side mesh pockets conveniently hold drink bottles or umbrellas</li><li>Durable internal nylon lining helps protect contents and withstand everyday use</li><li>Adjustable padded shoulder straps provide lasting comfort during extended wear</li><li>Top grab handle allows for quick and convenient carrying when on the move</li><li>Modern, streamlined design is suitable for work, commuting, sport and travel</li><li>Durable construction designed for everyday performance</li><li>Ideal for corporate gifts, employee welcome packs, sporting clubs, commuting, travel and everyday use</li></ul>"
Waist Canvas Apron-Including Strap,waist-canvas-apron-including-strap-5acw,5ACW,One Size,black; latte,accessories,hospitality,JB's Wear,aprons,Unisex,<ul><li>Heavyweight cotton canvas waist apron</li><li>Durable duck canvas construction</li><li>Large front utility pocket</li><li>Reinforced herringbone waist straps</li><li>Ideal for hospitality and retail</li></ul>,"Built for durability and everyday performance, this heavyweight waist apron is crafted from premium cotton duck canvas to withstand the demands of busy hospitality and retail environments. Featuring reinforced herringbone straps, antique brass eyelets and a spacious front utility pocket, it delivers the perfect combination of functionality, comfort and timeless style.","<p><strong>Fabric:</strong> 100% Cotton</p><ul><li>Apron: 100% cotton duck canvas for exceptional durability and comfort</li><li>Heavyweight 350 GSM canvas construction designed for everyday professional use</li><li>100% polyester herringbone waist straps for added strength and longevity</li><li>Reinforced herringbone straps thread through antique brass eyelets and are bar-tacked for enhanced durability</li><li>Large front utility pocket measuring 33cm × 18cm for convenient storage of everyday essentials</li><li>Twin-stitched pocket and seam construction for improved strength and durability</li><li>Two antique brass eyelets provide a premium finish and long-lasting performance</li><li>Measures 78cm wide × 50cm long for practical coverage and unrestricted movement</li><li>Suitable for embroidery and custom branding applications</li><li>Ideal for hospitality, cafés, restaurants, retail and promotional environments</li></ul>"
Chefs Cap,chefs-cap-5fc,5FC,,black; check; white,accessories,hospitality,JB's Wear,headwear,Unisex,<ul><li>Comfortable cotton blend cap</li><li>Stretch-fit elastic back</li><li>Easy-care everyday fabric</li><li>One size fits most</li><li>Ideal for work and hospitality</li></ul>,"Designed for everyday comfort and practicality, this cotton blend cap offers a relaxed fit with the durability needed for busy work environments. The elastic back strap provides flexible sizing without compromising comfort, while the easy-care fabric makes it ideal for regular wear. Perfect for hospitality, retail, healthcare and promotional uniforms.","<p><strong>Fabric:</strong> 65% Polyester, 35% Cotton</p><ul><li>65% polyester for durability and 35% cotton for breathable comfort</li><li>Easy-care fabric designed for everyday professional use</li><li>One-size-fits-most design with an elastic back strap for a flexible, comfortable fit</li><li>Relaxed 58cm circumference for all-day wearability</li><li>Lightweight construction suitable for extended wear</li><li>Comfortable stretch fit without the need for manual adjustment</li><li>Suitable for embroidery and custom branding applications</li><li>Ideal for hospitality, healthcare, retail, corporate uniforms and promotional events</li></ul>"
Siena Women's Longline Jacket,siena-womens-longline-jacket-60717,60717,4 - 26,black; marine,suiting,corporate; government,Fashion biz,blazers,Women,<ul><li>Contemporary longline tailored jacket</li><li>Lightweight stretch suiting fabric</li><li>Elegant peak lapels for a refined finish</li><li>Full stretch lining for all-day comfort</li><li>Embroidery access for easy custom branding</li></ul>,"Designed to flatter a wide range of body shapes, this contemporary longline jacket combines sophisticated tailoring with everyday comfort. Crafted from lightweight Siena suiting with added stretch and breathable viscose, it offers a polished professional appearance without restricting movement. Featuring elegant peak lapels, a single-breasted front and a longer silhouette, it's the perfect choice for modern corporate wardrobes.","<p><strong>Fabric:</strong> 79% Polyester, 17% Viscose, 4% Elastane</p><ul><li>Siena Suiting: 79% polyester, 17% viscose, 4% elastane</li><li>Lightweight, breathable and easy-care fabric with added stretch for comfort</li><li>Soft yet durable construction suitable for everyday professional wear</li><li>Elegant peak lapels with a single-breasted front for a contemporary look</li><li>Longline silhouette designed to finish midway through the hips for flattering coverage</li><li>Two functional angled hip flap pockets supplied tack stitched closed</li><li>Full stretch polyester lining with a navy spot design for enhanced comfort and mobility</li><li>Non-functional sleeve buttons allowing sleeve alterations of approximately 2cm</li><li>Internal embroidery access zip for easy custom decoration</li><li>Reinforced bar tacks at pocket openings for enhanced durability</li><li>Includes spare buttons for the cuffs and centre front</li><li>Suitable for a wide range of body shapes</li><li>Ideal for corporate, hospitality and customer-facing professional environments</li></ul>"
Siena Women's Mid Length Jacket,siena-womens-mid-length-jacket-60719,60719,4 - 26,black; marine,suiting,corporate; government,Fashion biz,blazers,Women,"<ul><li>Modern tailored women&#x27;s suit jacket</li><li>Lightweight stretch suiting fabric</li><li>Breathable, easy-care performance</li><li>Full stretch lining for superior comfort</li><li>Embroidery access for custom branding</li></ul>","Designed for a contemporary, streamlined silhouette, this tailored women's jacket delivers the perfect balance of style, comfort and functionality. Crafted from lightweight Siena suiting with added stretch and breathable viscose, it provides unrestricted movement while maintaining a polished professional appearance. Finished with a tapered fit, narrow lapel and premium tailoring details, it's an ideal choice for modern corporate wardrobes.","<p><strong>Fabric:</strong> 79% Polyester, 17% Viscose, 4% Elastane</p><ul><li>Siena Suiting: 79% polyester, 17% viscose, 4% elastane</li><li>Lightweight, breathable and easy-care fabric with added stretch for comfort</li><li>Soft yet durable construction suitable for everyday professional wear</li><li>Full stretch polyester lining with a navy spot design for enhanced comfort and mobility</li><li>Two-button front with a tapered waist for a modern tailored fit</li><li>Narrow lapel for a contemporary professional finish</li><li>Narrow left chest jet pocket for a refined appearance</li><li>Two functional hip flap pockets supplied tack stitched closed</li><li>Non-functional sleeve buttons allowing sleeve alterations of approximately 2cm</li><li>Internal embroidery access zip for easy custom decoration</li><li>Reinforced bar tacks at pocket openings for enhanced durability</li><li>Includes spare buttons for the cuffs and centre front</li><li>Designed for professionals seeking a modern, tailored look</li><li>Suitable for corporate, hospitality and customer-facing environments</li></ul>"
Women's Tornado,womens-tornado-630797w,630797W,6 - 13,black; stone; wheat,shoes,,Puma footwear,,Women,<ul><li>Fibreglass toe safety boots</li><li>Water-repellent nubuck leather</li><li>YKK side zip convenience</li><li>Electrical hazard protection</li><li>Shock-absorbing GelCell comfort</li></ul>,"Built for demanding worksites, the Puma Safety Tornado Black combines lightweight protection with premium comfort. Featuring a water-repellent nubuck leather upper, fibreglass toe cap and convenient YKK side zip, these safety boots are designed for easy wear and all-day performance. A shock-absorbing GelCell heel and electrical hazard protection make them an ideal choice for high-risk industrial environments.","<ul><li>Premium water-repellent nubuck leather upper provides lasting durability and protection from the elements</li><li>Lightweight fibreglass toe cap delivers certified impact protection while reducing overall boot weight</li><li>Durable YKK side zip allows for quick, easy on-and-off without compromising fit</li><li>Drawn-up PU scuff cap protects the toe area from abrasion when working on knees, extending boot life</li><li>GelCell heel technology absorbs impact to reduce fatigue and improve all-day comfort</li><li>Electrical hazard rated to provide additional protection against accidental electrical contact in high-risk workplaces</li><li>Comfortable, supportive construction designed for long shifts in demanding environments</li><li>Slip-resistant outsole provides dependable traction across a variety of work surfaces</li><li>Durable construction built to withstand everyday industrial use</li><li>Ideal for construction, warehousing, logistics, manufacturing, mining and trade professionals</li></ul>"
Fluro Vest,fluro-vest-6hfv,6HFV,S - 5XL,aqua; black; hot-pink; light-blue; pea-green; purple; red; royal; white; yellow,hi-vis-and-workwear,,JBs Wear,hi-vis,Unisex,<ul><li>Lightweight polyester safety vest</li><li>Durable tricot construction</li><li>Secure hook-and-loop pockets</li><li>Comfortable everyday wear</li><li>Ideal for custom branding</li></ul>,"Designed for everyday practicality, this lightweight safety vest combines durable polyester tricot construction with convenient storage for busy work environments. Two secure side pockets keep essential items close at hand, while contrast binding provides a clean, professional finish. Ideal for worksites, warehouses, events and visitor identification where comfort and functionality matter.","<p><strong>Fabric:</strong> 100% Polyester</p><ul><li>100% polyester tricot fabric for lightweight durability and everyday comfort</li><li>Lightweight design suitable for all-day wear</li><li>Two side pockets with secure hook-and-loop closures for convenient storage of tools and essentials</li><li>Contrast grey binding provides a clean, professional finish</li><li>Durable construction designed for regular workplace use</li><li>Suitable for embroidery and custom branding applications</li><li>Ideal for construction, warehousing, logistics, events, visitor identification and industrial workplaces</li></ul>"
Hi Vis Safety Vest,hi-vis-safety-vest-6hvsv,6HVSV,S - 5XL,lime; orange; pink,hi-vis-and-workwear,,JBs Wear,hi-vis,Unisex,<ul><li>Lightweight day-use hi-vis safety vest</li><li>Durable polyester tricot construction</li><li>Hook-and-loop front closure</li><li>Certified high-visibility protection</li><li>Comfortable everyday workwear</li></ul>,"Designed for dependable daytime visibility, this lightweight hi-vis safety vest provides a practical and comfortable solution for busy work environments. Constructed from durable polyester tricot, it delivers reliable performance while meeting Australian standards for day-use high-visibility clothing. The simple hook-and-loop front closure allows for quick and easy wear, making it ideal for construction, logistics, warehousing and visitor safety.","<p><strong>Fabric:</strong> 100% Polyester</p><ul><li>100% polyester tricot fabric for lightweight durability and everyday comfort</li><li>Complies with AS/NZS 1906.4:2010 and AS/NZS 4602.1:2011 Day Only high-visibility standards</li><li>Front flap with hook-and-loop tape closure for quick, secure fastening</li><li>Contrast grey binding provides a clean, professional finish</li><li>Lightweight construction designed for comfortable all-day wear</li><li>Suitable for embroidery and custom branding applications</li><li>Ideal for construction, warehousing, logistics, traffic management, visitor safety and industrial workplaces</li></ul>"
Nomad Dad Hat,nomad-dad-hat-7100,7100,One Size,black; charcoal; hunter-green; khaki; navy; white,accessories,corporate; government; retail,Legend Life,headwear,Unisex,<ul><li>Premium unstructured dad cap</li><li>Classic vintage-inspired design</li><li>Soft cotton twill construction</li><li>Adjustable strap with metal buckle</li><li>Everyday casual comfort</li></ul>,"Inspired by the iconic baseball caps of the 1990s, the Nomad Dad Hat combines vintage appeal with modern comfort. Featuring an unstructured six-panel design and crafted from premium cotton twill, it delivers a relaxed fit that's perfect for everyday wear. Thoughtful finishing details and an adjustable fabric strap make it a timeless accessory for work, events and casual outfits.","<p><strong>Fabric:</strong> Premium Cotton Twill</p><ul><li>Premium cotton twill construction for lasting comfort and durability</li><li>Classic unstructured six-panel design with a relaxed, casual fit</li><li>Embroidered eyelets enhance airflow and breathability</li><li>Curved peak with six rows of stitching for added durability and a timeless look</li><li>Premium brushed silver foil sticker on the peak for an authentic finish</li><li>Soft padded cotton sweatband for all-day comfort</li><li>Cotton-lined front panels matched to the crown colour for a premium interior finish</li><li>Adjustable fabric strap with a matte black clip buckle, metal grommet and tuck-away strap for a secure customised fit</li><li>Ideal for corporate branding, teamwear, events and everyday casual wear</li></ul>"
Men's Siena 2 Button Jacket,mens-siena-2-button-jacket-80717,80717,87R - 142R,black; marine,suiting,corporate; government,Fashion biz,blazers,Men,"<ul><li>Tailored semi-slim fit suit jacket</li><li>Lightweight stretch suiting fabric</li><li>Breathable, easy-care performance</li><li>Multiple functional internal and external pockets</li><li>Premium tailoring with embroidery access</li></ul>","Crafted to deliver a sharp, contemporary silhouette, this structured suit jacket combines modern tailoring with everyday comfort. Made from lightweight Siena suiting with added stretch and breathable viscose, it offers exceptional durability and ease of movement while maintaining a polished professional appearance. Finished with refined pick stitching and practical storage, it's ideal for corporate, hospitality and customer-facing roles.","<p><strong>Fabric:</strong> 79% Polyester, 17% Viscose, 4% Elastane</p><ul><li>Siena Suiting: 79% polyester, 17% viscose, 4% elastane</li><li>Lightweight, breathable and easy-care fabric with added stretch for comfort</li><li>Soft yet durable construction suitable for everyday professional wear</li><li>Stretch polyester lining for enhanced comfort and unrestricted movement</li><li>Tailored semi-slim fit for a streamlined, contemporary silhouette</li><li>Two functional hip flap pockets supplied tack stitched closed</li><li>Functional left chest welt pocket, supplied tack stitched closed, ideal for attaching a name badge</li><li>Three internal pockets – two on the left and one on the right for secure storage</li><li>Half-floating canvas construction for superior structure and shape retention</li><li>Full stretch lining for improved mobility and comfort</li><li>Non-functional sleeve buttons allowing sleeve alterations of approximately 2cm</li><li>Reinforced bar tacks at pocket openings for enhanced durability</li><li>Internal embroidery access zip for easy custom decoration</li><li>Includes spare buttons for the cuffs and centre front</li><li>Refined pick stitching for a sophisticated finishing touch</li><li>Suitable for both corporate and customer-facing professional environments</li></ul>"
Bib Apron - A03,bib-apron-a03-a03,A03,One Size,aqua; black; bottle-green; brown; charcoal,accessories,hospitality,Blue Whale,aprons,Unisex,<ul><li>Classic full-length bib apron</li><li>Durable poly-cotton construction</li><li>Adjustable neck strap for comfort</li><li>Large front pocket with pen holder</li><li>Available in 15 colours</li></ul>,"Designed for durability, comfort and everyday functionality, this classic bib apron is the ideal choice for hospitality, cafés, restaurants and retail environments. Crafted from a hard-wearing poly-cotton blend, it features an adjustable neck strap and a spacious front pouch pocket with a dedicated pen section to keep essentials close at hand. Available in a wide range of colours, it's perfect for professional uniforms and custom branding.","<p><strong>Fabric:</strong> 65% Polyester, 35% Cotton</p><ul><li>65% polyester, 35% cotton blend for durability, comfort and easy care</li><li>240 GSM fabric designed for everyday professional use</li><li>Adjustable neck strap for a personalised, comfortable fit</li><li>Large front pouch pocket with integrated pen section for convenient storage</li><li>Pocket measures 30cm wide × 20cm high</li><li>Apron measures 86cm wide × 94cm high for generous coverage</li><li>Available in 15 colours to suit a wide range of brands and workplaces</li><li>Matching short waist, long waist and no-pocket apron styles available</li><li>Suitable for embroidery and custom branding applications</li><li>Ideal for hospitality, cafés, restaurants, retail and promotional environments</li></ul>"
English Chef Apron,english-chef-apron-a100,A100,"99 cm long, 94 cm wide",black-white; chalk; navy-white,accessories,hospitality,Chef Works,aprons,Unisex,<ul><li>Traditional chalk stripe bib apron</li><li>Durable yarn-dyed poly-cotton fabric</li><li>Adjustable neck ties for comfort</li><li>Professional polished finish</li><li>Built for everyday hospitality wear</li></ul>,"A timeless choice for hospitality professionals, this traditional chalk stripe bib apron combines classic styling with everyday durability. Crafted from a premium yarn-dyed poly-cotton blend, it delivers a polished appearance while standing up to the demands of busy kitchens and front-of-house environments. Adjustable neck ties provide a comfortable fit, making it an ideal choice for chefs, cafés, restaurants and catering teams.","<p><strong>Fabric:</strong> 35% Cotton Yarn-Dyed Blend, 65% Polyester</p><ul><li>65% polyester, 35% cotton yarn-dyed blend, 250 GSM</li><li>Durable yarn-dyed fabric maintains its professional appearance over time</li><li>Traditional chalk stripe design for a timeless hospitality look</li><li>Adjustable pull ties provide a secure, personalised fit</li><li>Polished finish for a clean, professional presentation</li><li>Pre-tested for strength and durability to withstand demanding commercial environments</li><li>Measures 99cm long × 94cm wide for generous coverage</li><li>Available in Black Chalk Stripe, Charcoal Chalk Stripe and Navy Blue Chalk Stripe</li><li>Suitable for embroidery and custom branding applications</li><li>Ideal for chefs, cafés, restaurants, catering and hospitality environments</li></ul>"
Dad Hat,dad-hat-a1000,A1000,,black; khaki; navy,accessories,corporate; government; retail,,headwear,Unisex,<ul><li>Premium 100% cotton cap</li><li>Unstructured six-panel design</li><li>Mid-profile curved visor</li><li>Adjustable metal buckle closure</li><li>Ideal for everyday wear and branding</li></ul>,"Combining timeless style with everyday comfort, this unstructured six-panel cap is crafted from premium 100% cotton for a soft, breathable feel. The classic mid-profile design offers a relaxed fit, while the adjustable metal buckle closure ensures a secure, personalised fit. Perfect for casual wear, corporate uniforms, teamwear and promotional branding.","<ul><li>Made from 100% cotton for breathable comfort and durability</li><li>Unstructured six-panel construction for a relaxed, casual fit</li><li>Mid-profile curved visor provides classic everyday styling</li><li>Adjustable strap with full metal buckle closure for a customised fit</li><li>Metal eyelet closure enhances durability and provides a premium finish</li><li>Lightweight design suitable for all-day wear</li><li>Ideal for embroidery and custom branding applications</li><li>Perfect for corporate uniforms, teamwear, promotional events and everyday casual wear</li></ul>"
Louie Apron,louie-apron-a27,A27,One Size,stonewash-black; stonewash-blue,accessories,hospitality,Identiee,aprons,Unisex,<ul><li>Premium stonewashed denim bib apron</li><li>Heavyweight 100% cotton construction</li><li>Cross-back detachable straps</li><li>iPad-sized utility pockets</li><li>Built for hospitality and creative professionals</li></ul>,"Designed for durability, comfort and modern style, this premium stonewashed denim bib apron is built to perform in demanding hospitality and creative environments. Crafted from heavyweight 100% cotton denim, it features ergonomic cross-back straps to reduce neck strain, generous storage pockets and reinforced hardware for long-lasting wear. A practical and stylish choice for cafés, restaurants, retail and workshops.","<p><strong>Fabric:</strong> 100% Cotton</p><ul><li>Heavyweight 10oz stonewashed 100% cotton denim for lasting durability and comfort</li><li>Modern bib apron design with a premium stonewashed finish</li><li>Detachable cross-back denim straps with adjustable buckle fittings for enhanced comfort and reduced neck strain</li><li>Spacious waist pockets designed to accommodate an iPad and everyday essentials</li><li>Dedicated pen pocket keeps writing tools close at hand</li><li>Reinforced metal studs enhance strength in high-wear areas</li><li>Durable construction built for everyday professional use</li><li>Suitable for embroidery and custom branding applications</li><li>Ideal for hospitality, cafés, restaurants, retail, workshops and creative studios</li></ul>"
Alfie Bib Apron,alfie-bib-apron-a30,A30,One Size,black; grey; khaki; navy; white,accessories,hospitality,Identiee,aprons,Unisex,<ul><li>Modern full-length bib apron</li><li>Durable everyday construction</li><li>Self-fabric waist and neck straps</li><li>Centre pocket with pen holder</li><li>Ideal for hospitality and retail</li></ul>,"Designed for durability and everyday performance, this modern bib apron delivers a clean, professional look for busy workplaces. Featuring self-fabric straps for a comfortable fit and a practical centre pocket with an integrated pen compartment, it keeps essential tools close at hand while providing generous coverage. Ideal for hospitality, cafés, retail and service environments.","<p><strong>Fabric:</strong> 65% Polyester, 35% Cotton Canvas</p><ul><li>Modern full-length apron designed for everyday professional use</li><li>Durable construction suitable for busy work environments</li><li>Self-fabric neck and waist straps for a secure, comfortable fit</li><li>Centre waist pocket provides convenient storage for everyday essentials</li><li>Integrated pen compartment keeps writing tools organised and accessible</li><li>Measures 84cm long × 75cm wide for generous coverage and unrestricted movement</li><li>Suitable for embroidery and custom branding applications</li><li>Ideal for hospitality, cafés, restaurants, retail and promotional environments</li></ul>"
Colby Waist Apron,colby-waist-apron-a31,A31,One Size,black; grey; khaki; navy; white,accessories,hospitality,Identiee,aprons,Unisex,<ul><li>Classic waist apron</li><li>Convenient centre pocket with pen holder</li><li>Unisex one-size design</li><li>Comfortable everyday fit</li><li>Ideal for hospitality and retail</li></ul>,"Designed for practicality and comfort, this classic waist apron is the perfect choice for busy hospitality, retail and service environments. Featuring a spacious centre pocket with a dedicated pen compartment, it keeps everyday essentials organised and within easy reach. Its unisex, one-size design offers a comfortable fit for a wide range of wearers, making it ideal for everyday professional use.","<p><strong>Fabric:</strong> 65% Polyester, 35% Cotton Canvas</p><ul><li>Spacious centre waist pocket for convenient everyday storage</li><li>Integrated pen compartment keeps writing tools organised and accessible</li><li>Unisex one-size-fits-all design for versatile wear</li><li>Measures 56cm long × 75cm wide for practical coverage without restricting movement</li><li>Comfortable waist style suitable for extended wear</li><li>Suitable for embroidery and custom branding applications</li><li>Ideal for hospitality, cafés, restaurants, retail and promotional environments</li></ul>"
Capri Waist Apron,capri-waist-apron-a33,A33,One Size,black; grey; khaki; navy; white,accessories,hospitality,Identiee,aprons,Unisex,<ul><li>Classic waist apron</li><li>Convenient centre pocket with pen holder</li><li>Durable brass eyelets</li><li>Comfortable everyday design</li><li>Ideal for hospitality and retail</li></ul>,"Designed for practicality and everyday performance, this classic waist apron is the perfect companion for hospitality, retail and service environments. Featuring a spacious centre pocket with a dedicated pen compartment, it keeps essential tools within easy reach while maintaining a clean, professional appearance. Durable construction and quality hardware ensure it stands up to the demands of busy workplaces.","<p><strong>Fabric:</strong> 65% Polyester, 35% Cotton</p><ul><li>Centre waist pocket provides convenient storage for everyday essentials</li><li>Integrated pen compartment keeps writing tools organised and accessible</li><li>Durable brass eyelets for enhanced strength and longevity</li><li>Comfortable waist design allows unrestricted movement throughout the day</li><li>Measures 56cm long × 75cm wide for excellent coverage</li><li>Suitable for embroidery and custom branding applications</li><li>Ideal for hospitality, cafés, restaurants, retail and promotional environments</li></ul>"
Lockharte Bib Apron,lockharte-bib-apron-ab802,AB802,One Size,black; ecru; espresso; military-green; mustard; navy; rust,accessories,hospitality,Chef Works,aprons,Unisex,<ul><li>Sustainable recycled canvas bib apron</li><li>Durable midweight construction</li><li>Adjustable neck and removable waist straps</li><li>Multiple functional storage pockets</li><li>Perfect for custom branding</li></ul>,"Designed for professionals who value performance, sustainability and style, this premium canvas bib apron is crafted from recycled materials without compromising durability. Its timeless design and versatile colour range make it suitable for hospitality, cafés, retail and creative workplaces. Tested by professional chefs, it delivers exceptional comfort, practical storage and everyday reliability.","<p><strong>Fabric:</strong> 80% Recycled Polyester, 20% Cotton</p><ul><li>80% Repreve® recycled polyester (made from approximately 10 recycled plastic bottles), 20% cotton canvas</li><li>Durable 270 GSM midweight canvas construction for long-lasting wear</li><li>Adjustable neck strap for a personalised, comfortable fit</li><li>Detachable waist straps allow for tangle-free washing and easy replacement</li><li>Two spacious hip pockets for convenient everyday storage</li><li>Hidden pen/instrument pocket keeps essentials organised and within easy reach</li><li>Available in seven contemporary colours: Ecru, Espresso, Military Green, Mustard, Rust, Black and Navy</li><li>Measures 86cm long × 80cm wide for generous coverage</li><li>Suitable for embroidery and custom branding applications</li><li>Ideal for hospitality, cafés, restaurants, retail, creative studios and promotional events</li></ul>"
Berkeley Chefs Bib Apron,berkeley-chefs-bib-apron-acs01,ACS01,"102 cm long, 99 cm wide",indigo-blue; jet-black; medium-blue,accessories,hospitality,Chef Works,aprons,Unisex,<ul><li>Premium denim bib apron</li><li>Durable 100% cotton construction</li><li>Reinforced utility pocket design</li><li>Adjustable suspender-style straps</li><li>Built for hospitality and creative professionals</li></ul>,"Combining heritage-inspired style with hardworking functionality, this premium denim bib apron is designed for demanding hospitality, retail and creative environments. Crafted from durable 100% cotton denim, it features reinforced utility pockets, adjustable suspender straps and heavy-duty stitching for lasting performance. Available in a range of distinctive denim washes and colour combinations, it delivers a modern look with practical everyday functionality.","<p><strong>Fabric:</strong> 100% Cotton</p><ul><li>100% cotton denim, 280 GSM for durability and all-day comfort</li><li>Utility chest pocket for convenient access to everyday essentials</li><li>Right hip pocket provides additional practical storage</li><li>Riveted pocket corners enhance durability in high-wear areas</li><li>Reinforced stress points and double-needle stitching for long-lasting performance</li><li>Includes Desert Sand suspender strap set (XNS03-DES)</li><li>Interchangeable suspender straps available separately for custom styling</li><li>Measures 102cm long × 99cm wide for generous coverage</li><li>Available in Jet Black with Black/Grey suspenders, Dark Indigo with Wine suspenders, Medium Blue with Rust/Clay suspenders, Black Indigo with Desert Sand suspenders, and White with White/Khaki suspenders</li><li>Suitable for embroidery and custom branding applications</li><li>Ideal for hospitality, cafés, restaurants, retail, baristas, workshops and creative studios</li></ul>"
Pet/Cotton Sandwich Cap,pet-cotton-sandwich-cap-ah126,AH126,One Size,black-white; navy-white; royal-white; white-navy,accessories,corporate; government; retail,Grace Collection,headwear,Unisex,<ul><li>Structured six-panel cap</li><li>Sustainable recycled detailing</li><li>Pre-curved sandwich peak</li><li>Adjustable hook-and-loop closure</li><li>Ideal for everyday branding</li></ul>,"Combining classic styling with sustainable details, this structured six-panel cap is designed for everyday comfort and versatility. The pre-curved sandwich peak delivers a timeless look, while the recycled trim and adjustable hook-and-loop closure provide practicality and a comfortable fit. Ideal for corporate uniforms, teamwear, promotional events and casual wear.","<p><strong>Fabric:</strong> 65% Rpet, 35% Cotton</p><ul><li>Structured six-panel construction for a classic, supportive fit</li><li>Pre-curved sandwich peak for timeless style and everyday sun protection</li><li>ECO recycled label on the rear adjuster highlights the sustainable design</li><li>Adjustable hook-and-loop closure for a secure, customised fit</li><li>Durable construction designed for regular everyday wear</li><li>Comfortable design suitable for extended all-day use</li><li>Suitable for embroidery and custom branding applications</li><li>Ideal for corporate uniforms, teamwear, promotional events and everyday casual wear</li></ul>"
Organic Cotton Sandwich Cap,organic-cotton-sandwich-cap-ah127,AH127,One Size,black-white; navy-white; white-navy,accessories,corporate; government; retail,Grace Collection,headwear,Unisex,<ul><li>Organic cotton structured cap</li><li>Classic six-panel construction</li><li>Pre-curved sandwich peak</li><li>Premium metal buckle closure</li><li>Ideal for everyday branding</li></ul>,"Combining timeless style with sustainable materials, this structured six-panel cap is crafted from organic cotton for breathable everyday comfort. The pre-curved sandwich peak delivers a classic look, while premium finishing details including metal eyelets and a gunmetal buckle provide a refined finish. Ideal for corporate uniforms, teamwear and promotional branding.","<p><strong>Fabric:</strong> 100% Organic Cotton</p><ul><li>Made from organic cotton for breathable comfort and a more sustainable choice</li><li>Structured six-panel construction for a classic, supportive fit</li><li>Pre-curved sandwich peak for timeless style and added durability</li><li>Metal eyelets improve ventilation and airflow</li><li>Organic cotton label highlights the sustainable fabric choice</li><li>Adjustable strap with gunmetal tuck-in buckle for a secure, customised fit</li><li>Suitable for embroidery and custom branding applications</li><li>Ideal for corporate uniforms, teamwear, promotional events and everyday casual wear</li></ul>"
Premium Rpet Cap,premium-rpet-cap-ah255,AH255,One Size,black; navy; white,accessories,corporate; government; retail,Grace Collection,headwear,Unisex,<ul><li>Structured six-panel RPET cap</li><li>Soft-touch recycled fabric</li><li>Classic pre-curved peak</li><li>Lightweight everyday comfort</li><li>Ideal for custom branding</li></ul>,"Designed with sustainability and everyday style in mind, this structured six-panel cap is crafted from premium soft-touch RPET fabric made from recycled materials. The pre-curved peak delivers a timeless look, while the structured profile provides a comfortable, supportive fit. Perfect for corporate uniforms, teamwear, promotional events and everyday casual wear.","<p><strong>Fabric:</strong> 100% Rpet</p><ul><li>Premium soft-touch RPET (recycled polyester) fabric for lasting comfort and durability</li><li>Structured six-panel construction for a classic, supportive fit</li><li>Pre-curved peak for timeless styling and everyday sun protection</li><li>Lightweight design suitable for all-day wear</li><li>Made using recycled materials for a more sustainable choice</li><li>Durable construction designed for regular everyday use</li><li>Suitable for embroidery and custom branding applications</li><li>Ideal for corporate uniforms, teamwear, promotional events and everyday casual wear</li></ul>"
Premium Rpet Bucket Hat,premium-rpet-bucket-hat-ah655,AH655,S/M - L/XL,black; navy,accessories,corporate; government; retail,Legend Life,headwear; sustainable,Unisex,<ul><li>Premium RPET performance cap</li><li>Soft recycled fabric construction</li><li>Lightweight all-day comfort</li><li>Sustainable everyday design</li><li>Available in two sizes</li></ul>,"Crafted from premium recycled materials, this RPET cap delivers exceptional comfort with a soft, high-quality finish. Lightweight and designed for everyday wear, it combines sustainable performance with timeless styling, making it ideal for corporate uniforms, teamwear, promotional events and casual use.","<p><strong>Fabric:</strong> 100% Rpet</p><ul><li>Premium soft-touch RPET (recycled polyester) fabric</li><li>Lightweight construction for comfortable all-day wear</li><li>Made using recycled materials for a more sustainable choice</li><li>Soft, durable fabric designed for everyday performance</li><li>Available in two sizes: S/M and L/XL for an improved fit</li><li>Suitable for embroidery and custom branding applications</li><li>Ideal for corporate uniforms, teamwear, promotional events and everyday casual wear</li></ul>"
Barley Apron,barley-apron-ba35,BA35,Free Size 85cm x 73cm,black; cinnamon; ink; olive,accessories,hospitality,Fashion Biz,aprons,Unisex,<ul><li>Durable recycled canvas bib apron</li><li>No-fade canvas tested to 100 washes</li><li>Adjustable neck strap for comfort</li><li>Large split front utility pocket</li><li>Ideal for hospitality and retail</li></ul>,"Simple, durable and built for everyday performance, the Barley Bib Apron combines timeless styling with sustainable materials. Crafted from hard-wearing recycled canvas that resists fading wash after wash, it delivers lasting comfort and a professional appearance. Featuring an adjustable neck strap and a practical split front pocket, it's the perfect choice for hospitality, cafés, retail and service environments.","<p><strong>Fabric:</strong> 80% Certified Recycled Pet Polyester, 20% Cotton Canvas</p><ul><li>80% Certified Recycled PET Polyester, 20% Cotton Canvas, 250 GSM</li><li>Durable canvas twill construction tested to resist fading for up to 100 washes*</li><li>Classic bib apron design with an adjustable neck strap for a personalised fit</li><li>Tone-on-tone polyester/cotton herringbone straps with reinforced stitching for enhanced durability</li><li>Large split front pocket provides convenient storage for POS devices, order pads and pens</li><li>Free size measuring 85cm × 73cm for generous coverage</li><li>Suitable for embroidery and custom branding applications</li><li>Ideal for hospitality, cafés, restaurants, retail and promotional environments</li></ul>"
Clout Apron,clout-apron-ba40,BA40,Free Size 82cm x 86cm,black; dark-blue,accessories,hospitality,Fashion Biz,aprons,Unisex,<ul><li>Stonewashed denim bib apron</li><li>Heavyweight 100% cotton construction</li><li>Adjustable neck strap with metal buckle</li><li>Large split front utility pocket</li><li>Modern vintage-inspired style</li></ul>,"Combining relaxed style with everyday practicality, this stonewashed denim apron delivers an authentic vintage look that only improves with age. Crafted from heavyweight 100% cotton denim, it offers exceptional durability and comfort for busy workplaces. Featuring practical storage, adjustable fittings and timeless styling, it's the perfect choice for hospitality, cafés, retail and creative environments.","<p><strong>Fabric:</strong> 100% Cotton; Stonewashed Cotton Denim; 330 Gsm</p><ul><li>100% cotton stonewashed denim, 330 GSM</li><li>Heavyweight cotton construction for exceptional durability and long-lasting comfort</li><li>Authentic stonewashed finish creates a relaxed, modern look that develops character over time</li><li>Adjustable neck strap with antique silver metal buckle for a personalised fit</li><li>Wide centre front pocket with divided compartments for organised storage</li><li>D-ring attachment on the top right of the pocket for keys, towels or accessories</li><li>Self-fabric neck and waist ties provide a secure, comfortable fit</li><li>Free size measuring 82cm × 86cm for generous coverage</li><li>Suitable for embroidery and custom branding applications</li><li>Ideal for hospitality, cafés, restaurants, retail, creative studios and promotional environments</li></ul>"
Urban 1/2 Waist Apron,urban-1-2-waist-apron-ba54,BA54,,black; denim; natural; slate,accessories,hospitality,Fashion Biz,aprons,Unisex,<ul><li>Classic waist apron</li><li>Cotton-rich textured fabric</li><li>Removable waist ties</li><li>Divided front utility pocket</li><li>Reinforced durable construction</li></ul>,"Designed for comfort, durability and everyday functionality, this classic waist apron is made from a lightweight cotton-rich textured fabric that delivers a professional appearance across busy work environments. Practical storage, removable waist ties and reinforced construction make it an ideal choice for hospitality, cafés, retail and service professionals.","<p><strong>Fabric:</strong> 50% Cotton, 50% Polyester</p><ul><li>50% cotton, 50% polyester textured fabric, 185 GSM</li><li>Lightweight, durable fabric designed for everyday professional use</li><li>Removable self-fabric waist straps for flexible styling and easy replacement</li><li>Divided front pocket keeps pens, order pads and small essentials organised</li><li>Reinforced stitching with antique brass fittings for enhanced durability and a premium finish</li><li>Free size measuring 80cm × 44cm for comfortable everyday coverage</li><li>Suitable for embroidery and custom branding applications</li><li>Ideal for hospitality, cafés, restaurants, retail and promotional environments</li></ul>"
Urban Bib Apron,urban-bib-apron-ba55,BA55,,black; denim; natural; slate,accessories,hospitality,Fashion Biz,aprons,Unisex,<ul><li>Cross-back bib apron</li><li>Lightweight cotton-rich textured fabric</li><li>Removable X-back straps for comfort</li><li>Divided front utility pocket</li><li>Reinforced premium construction</li></ul>,"Designed for all-day comfort and practicality, this cross-back bib apron combines lightweight durability with a modern ergonomic fit. The removable X-back straps help distribute weight evenly across the shoulders, while the divided front pocket keeps everyday essentials organised and within easy reach. Finished with reinforced stitching and antique brass fittings, it's an ideal choice for hospitality, cafés, retail and creative workplaces.","<p><strong>Fabric:</strong> 50% Cotton, 50% Polyester</p><ul><li>50% cotton, 50% polyester textured fabric, 185 GSM</li><li>Lightweight, durable fabric designed for everyday professional wear</li><li>Removable self-fabric X-back straps provide enhanced comfort and reduce neck strain</li><li>Divided front pocket keeps tools, pens and accessories organised</li><li>Reinforced stitching for improved durability in high-wear areas</li><li>Premium antique brass fittings add strength and a refined finish</li><li>Free size measuring 80cm × 90cm for generous coverage</li><li>Suitable for embroidery and custom branding applications</li><li>Ideal for hospitality, cafés, restaurants, retail, creative studios and promotional environments</li></ul>"
Unisex Salt Bib Apron,unisex-salt-bib-apron-ba75,BA75,Free Size 93cm x 70cm,charcoal-white,accessories,hospitality,Fashion Biz,aprons,Unisex,<ul><li>Premium chambray stripe bib apron</li><li>100% cotton textured fabric</li><li>Adjustable D-ring neck strap</li><li>Contrast divided utility pocket</li><li>Stylish hospitality-ready design</li></ul>,"Combining contemporary style with everyday functionality, this chambray stripe bib apron is crafted from premium textured cotton for exceptional comfort and durability. The distinctive stripe design is complemented by practical features including an adjustable D-ring neck strap and a spacious divided front pocket, making it the ideal choice for cafés, restaurants, retail and creative workplaces.","<p><strong>Fabric:</strong> 100% Cotton Quality Textured Fabric</p><ul><li>100% cotton textured fabric, 240 GSM for breathable comfort and durability</li><li>Unique chambray statement stripe design for a modern, professional appearance</li><li>Contrast divided front pocket keeps tools, pens and accessories organised</li><li>Reinforced pocket stitching enhances durability in high-wear areas</li><li>Attached self-fabric straps with an adjustable D-ring neck loop for a personalised fit</li><li>Free size measuring 93cm × 70cm for generous coverage</li><li>Suitable for embroidery and custom branding applications</li><li>Ideal for hospitality, cafés, restaurants, retail, creative studios and promotional environments</li></ul>"
Short Waisted Apron,short-waisted-apron-ba94,BA94,,black,accessories,hospitality,Fashion Biz,aprons,Unisex,<ul><li>Short waist apron</li><li>Durable poly-cotton twill fabric</li><li>Large utility pocket with tool storage</li><li>Convenient rear towel loop</li><li>Ideal for hospitality professionals</li></ul>,"Designed for fast-paced hospitality environments, this short waist apron combines practical functionality with a clean, professional appearance. Crafted from durable poly-cotton twill, it features a large utility pocket with dedicated storage for essential tools, while the shorter length allows unrestricted movement throughout busy shifts. Ideal for cafés, restaurants, bars and service professionals.","<p><strong>Fabric:</strong> 65% Polyester, 35% Cotton Twill</p><ul><li>65% polyester, 35% cotton twill, 190 GSM</li><li>Short waist design with above-the-knee length for unrestricted movement</li><li>Durable, easy-care fabric designed for everyday professional use</li><li>Large central front pocket provides convenient storage for everyday essentials</li><li>Dedicated side compartments for a pen and bottle opener keep tools organised and within easy reach</li><li>Rear towel loop adds convenience during busy service periods</li><li>Unique styling delivers a modern, professional appearance</li><li>Free size measuring 86cm × 50cm for comfortable everyday wear</li><li>Available in Black</li><li>Suitable for embroidery and custom branding applications</li><li>Ideal for cafés, restaurants, bars, hospitality and catering environments</li></ul>"
Women's Slimline Belt,womens-slimline-belt-bb10929,BB10929,,black,accessories,corporate; hospitality,Fashion Biz,belts,Women,<ul><li>Contemporary PU belt</li><li>Classic everyday styling</li><li>Durable and easy-care finish</li><li>Standard length design</li><li>Ideal for work and casual wear</li></ul>,"Complete your look with this contemporary PU belt, designed to deliver everyday style and practicality. Featuring a clean, versatile design and durable construction, it's the perfect finishing accessory for corporate uniforms, business attire and smart casual outfits. Easy to wear and maintain, it offers reliable performance day after day.","<ul><li>Contemporary PU construction with a leather-look finish</li><li>Durable, easy-care material designed for everyday wear</li><li>Classic styling suitable for professional and casual outfits</li><li>Standard length design for versatile everyday use</li><li>Comfortable construction for all-day wear</li><li>Pairs effortlessly with trousers, chinos, skirts and other workplace attire</li><li>Ideal for corporate uniforms, hospitality and smart casual environments</li></ul>"
Men's Standard Belt,mens-standard-belt-bb248m,BB248M,"97, 127",black,accessories,corporate; hospitality,Fashion Biz,belts,Men,<ul><li>Reversible vegan leather belt</li><li>Black and brown two-in-one design</li><li>Cut-to-size adjustable fit</li><li>Classic metal buckle</li><li>Ideal for corporate uniforms</li></ul>,"Complete your professional look with this versatile reversible belt. Crafted from durable vegan leather, it features black and brown sides to suit a variety of uniforms and outfits. The detachable buckle allows the belt to be trimmed to your preferred length, ensuring a personalised fit and lasting comfort for everyday wear.","<p><strong>Fabric:</strong> Pu Material - Vegan Leather</p><ul><li>PU vegan leather construction for a durable, leather-look finish</li><li>Reversible design with black and brown sides for versatile styling</li><li>Classic metal buckle with reversible function</li><li>Detachable buckle allows the belt to be cut to the perfect length for a customised fit</li><li>Durable construction designed for everyday professional wear</li><li>Ideal for corporate uniforms, business attire and smart casual outfits</li></ul>"
Women's Soft Stretch Pant,womens-soft-stretch-pant-bb2606l,BB2606L,XXS - 5XL,black; navy,suiting,corporate; government; healthcare,Fashion biz,trousers; pants; sustainable,Women,<ul><li>High-waisted wide leg pants</li><li>Premium four-way stretch comfort</li><li>Fully elasticated waistband</li><li>Functional pockets for everyday practicality</li><li>Modern tailored silhouette</li></ul>,"Designed to move with you, these high-stretch pants combine effortless comfort with contemporary tailoring. Featuring a flattering high-waisted fit and relaxed full-length wide leg silhouette, they offer a polished look that's equally suited to the workplace and everyday wear. Crafted from premium stretch fabric with practical details throughout, they deliver the perfect balance of style, support and unrestricted movement.","<p><strong>Fabric:</strong> 79% Polyester, 21% Elastane</p><ul><li>79% polyester, 21% elastane stretch performance fabric</li><li>250 GSM fabric for premium comfort and durability</li><li>High-waisted design for a flattering, supportive fit</li><li>Full-length wide leg silhouette for a modern, elegant look</li><li>Four-way stretch construction for unrestricted movement throughout the day</li><li>Fully elasticated waistband for superior all-day comfort</li><li>Mock fly for a clean tailored appearance</li><li>Functional belt loops for versatile styling</li><li>Practical slanted side pockets for convenient everyday storage</li><li>Back darts for enhanced shaping and fit</li><li>Back welt pockets for a refined professional finish</li><li>Available in sizes up to 5XL</li></ul>"
Springfield Chef Jacket,springfield-chef-jacket-bcsz009,BCSZ009,XS - 3XL,black; brick; grey; ink-blue,outerwear,hospitality,Chef Works,jackets,Unisex,<ul><li>Lightweight Cool Vent™ chef jacket</li><li>Breathable mesh side panels</li><li>Modern zip-front design</li><li>Practical utility and thermometer pockets</li><li>Designed for busy commercial kitchens</li></ul>,"Built for demanding kitchen environments, this lightweight chef jacket combines breathable comfort with modern functionality. Cool Vent™ side panels maximise airflow to help keep you cool during busy shifts, while the zip-front design delivers a clean, contemporary look. Practical storage and thoughtful details make it an ideal choice for chefs who value comfort, performance and professional style.","<p><strong>Fabric:</strong> 35% Cotton Blend, 65% Polyester</p><ul><li>65% polyester, 35% cotton blend for durability and everyday comfort</li><li>Lightweight 160 GSM fabric suitable for warm kitchen environments</li><li>Cool Vent™ mesh side panels for enhanced breathability and airflow</li><li>Single-breasted design with centre front zip closure for a modern finish</li><li>Short sleeves for unrestricted movement and cooling comfort</li><li>Side seam splits for improved mobility throughout the day</li><li>Back collar apron holder with engraved snap tab to keep your apron securely in place</li><li>Left sleeve thermometer pocket for quick access to essential tools</li><li>Right sleeve utility pocket for added workplace convenience</li><li>Available in a wide range of colours to suit your team or brand</li><li>Selected colours available up to 4XL</li><li>Ideal for chefs, hospitality professionals and commercial kitchen environments</li></ul>"
Women's Tailor Jacket,womens-tailor-jacket-bj2602l,BJ2602L,XS - 2XL,black; navy,outerwear,corporate; healthcare; retail; government,Fashion Biz,jackets; soft-shells,Women,<ul><li>Quilted hybrid jacket with modern styling</li><li>Lightweight insulated front panel</li><li>Knit sleeves and back for enhanced comfort</li><li>Adjustable waist for a flattering fit</li><li>Functional zip pockets with premium detailing</li></ul>,"Designed for life on the move, this elevated quilted hybrid jacket combines contemporary styling with everyday comfort. The insulated quilted front panel delivers lightweight warmth, while the knit back and sleeves provide flexibility and unrestricted movement. Exclusive to the women's style, an adjustable internal waist tie creates a flattering, customisable fit, making it the perfect layer for work, travel and casual wear.","<p><strong>Fabric:</strong> 89% Polyamide, 11% Elastane</p><ul><li>Quilted front panel: 89% polyamide, 11% elastane (70 GSM)</li><li>Knit back and sleeves: 51% cotton, 49% polyester (305 GSM)</li><li>100% polyester lining (68 GSM) with 220 GSM polyfill insulation for lightweight warmth</li><li>Rib trim: 95% polyester, 5% elastane (530 GSM)</li><li>Streamlined fit designed for comfortable everyday layering</li><li>Horizontal quilted front panel for added warmth and contemporary styling</li><li>Knit back and sleeves for enhanced flexibility and breathability</li><li>1x1 ribbed collar and cuffs for a secure, comfortable fit</li><li>Straight hem for a clean, modern silhouette</li><li>Centre front antique-finish zip with a leather-look puller for a premium finish</li><li>Two front zippered welt pockets for secure everyday storage</li><li>Internal adjustable cinching waist tie at the back for a flattering, personalised fit</li><li>Ideal for corporate, travel and everyday casual wear</li></ul>"
Men's Tailor Jacket,mens-tailor-jacket-bj2602m,BJ2602M,S - 5XL,black; navy,outerwear,corporate; healthcare; retail; government,Fashion Biz,jackets; soft-shells,Men,<ul><li>Quilted hybrid jacket with modern styling</li><li>Lightweight insulated front panel</li><li>Knit sleeves and back for enhanced comfort</li><li>Streamlined fit for everyday wear</li><li>Functional zip pockets with premium detailing</li></ul>,"Designed for life on the move, this elevated quilted hybrid jacket combines contemporary styling with everyday comfort. The insulated quilted front panel delivers lightweight warmth, while the knit back and sleeves provide flexibility and unrestricted movement. Finished with premium details and a streamlined silhouette, it's the perfect layer for work, travel and casual wear.","<p><strong>Fabric:</strong> 89% Polyamide, 11% Elastane</p><ul><li>Quilted front panel: 89% polyamide, 11% elastane (70 GSM)</li><li>Knit back and sleeves: 51% cotton, 49% polyester (305 GSM)</li><li>100% polyester lining (68 GSM) with 220 GSM polyfill insulation for lightweight warmth</li><li>Rib trim: 95% polyester, 5% elastane (530 GSM)</li><li>Streamlined fit designed for comfortable everyday layering</li><li>Horizontal quilted front panel for added warmth and contemporary styling</li><li>Knit back and sleeves for enhanced flexibility and breathability</li><li>1x1 ribbed collar and cuffs for a secure, comfortable fit</li><li>Straight hem for a clean, modern silhouette</li><li>Centre front antique-finish zip with a leather-look puller for a premium finish</li><li>Two front zippered welt pockets for secure everyday storage</li><li>Ideal for corporate, travel and everyday casual wear</li></ul>"
Phoenix Women's Short Sleeve Polo,phoenix-womens-short-sleeve-polo-bp2610ls,BP2610LS,6 - 24,black; charcoal-marle; navy; ocean-marle,tops,corporate; retail,Fashion Biz,polos; short-sleeve,Women,<ul><li>Lightweight performance polo</li><li>Breathable micro-perforated jersey mesh fabric</li><li>BIZ COOL™ moisture-wicking technology</li><li>Quick-drying stretch performance fabric</li><li>Modern athletic styling for all-day comfort</li></ul>,"The Phoenix Polo is designed to deliver the perfect balance of professional style and everyday performance. Crafted from lightweight BIZ COOL™ jersey mesh with micro-perforations, it provides exceptional breathability to keep you cool and comfortable throughout the day. Moisture-wicking, quick-drying and built with stretch for unrestricted movement, it's an ideal choice for busy workplaces and active environments.","<p><strong>Fabric:</strong> 93% Polyester, 7% Elastane</p><ul><li>140 GSM BIZ COOL™ fabric</li><li>93% Polyester, 7% Elastane jersey mesh construction</li><li>Micro-perforated fabric for enhanced breathability</li><li>Moisture-wicking technology to keep you dry</li><li>Quick-drying performance fabric</li><li>Four-way stretch for improved comfort and movement</li><li>Two-piece self-fabric cutaway collar with collar stand</li><li>Angled forward shoulder seams for a modern fit</li><li>Self-fabric side panels extending from body hem to sleeve hem</li><li>Straight hemline for a clean finish</li><li>Women&#x27;s style features a four-button grown-on placket</li></ul>"
Men's Phoenix Short Sleeve Polo,mens-phoenix-short-sleeve-polo-bp2610ms,BP2610MS,S - 5XL,black; charcoal-marle; navy; ocean-marle,tops,corporate; retail,Fashion Biz,polos; short-sleeve,Men,<ul><li>Lightweight performance polo</li><li>BIZ COOL™ perforated mesh fabric</li><li>Highly breathable with micro-perforations</li><li>4-way stretch comfort</li><li>Modern athletic styling</li></ul>,"Built for performance without compromising on style, the Phoenix Polo delivers a polished look with exceptional comfort. Crafted from lightweight BIZ COOL™ perforated mesh fabric, it features micro-perforations that maximise airflow to keep you cool throughout the day. With its modern fit, stretch construction and athletic-inspired detailing, it's the ideal choice for active workplaces and all-day wear.","<p><strong>Fabric:</strong> 93% Bizcool Polyester, 7% Elastane</p><ul><li>BIZ COOL™ 93% Polyester, 7% Elastane</li><li>140 GSM perforated mesh fabric</li><li>Lightweight, breathable construction with micro-perforations</li><li>Two-piece self-fabric cutaway collar with stand</li><li>Angled forward shoulder seams for improved movement</li><li>Self-fabric side panels extending from body hem to sleeve hem</li><li>Straight hemline</li><li>Men&#x27;s style features a 3-button grown-on placket</li></ul>"
Women's Venture Short Sleeve Polo,womens-venture-short-sleeve-polo-bp2616ls,BP2616LS,6 - 24,black; denim-blue,tops,corporate; healthcare; education,Fashion Biz,polos; short-sleeve,Women,"<ul><li>Modern stretch polo</li><li>4-way stretch performance fabric</li><li>Cotton-rich comfort with Sorona® fibre</li><li>Two-piece self-fabric collar with stand</li><li>Clean, minimalist styling</li></ul>","A fresh take on the classic polo, this modern design blends timeless style with everyday comfort. Crafted from a premium cotton-rich 4-way stretch fabric, it offers exceptional freedom of movement while maintaining a polished, professional appearance. Featuring a relaxed fit, refined silhouette and clean minimalist styling, this versatile polo transitions effortlessly from the workplace to wherever the day takes you.","<p><strong>Fabric:</strong> 60% Cotton, 40% Polyester Sorona</p><ul><li>60% Cotton, 40% Polyester Sorona®</li><li>190 GSM fabric weight</li><li>4-way stretch fabric for enhanced comfort and movement</li><li>Two-piece self-fabric collar with stand</li><li>3-button standard placket</li><li>Straight hem</li><li>Contrast back neck tape detail</li><li>Soft, comfortable feel with everyday durability</li></ul>"
Men's Venture Short Sleeve Polo,mens-venture-short-sleeve-polo-bp2616ms,BP2616MS,S - 5XL,black; denim-blue,tops,corporate; healthcare; education,Fashion Biz,polos; short-sleeve,Men,"<ul><li>Modern stretch polo</li><li>4-way stretch performance fabric</li><li>Cotton-rich comfort with Sorona® fibre</li><li>Two-piece self-fabric collar with stand</li><li>Clean, minimalist styling</li></ul>","A fresh take on the classic polo, this modern design blends timeless style with everyday comfort. Crafted from a premium cotton-rich 4-way stretch fabric, it offers exceptional freedom of movement while maintaining a polished, professional appearance. Featuring a relaxed fit, refined silhouette and clean minimalist styling, this versatile polo transitions effortlessly from the workplace to wherever the day takes you.","<p><strong>Fabric:</strong> 60% Cotton, 40% Polyester Sorona</p><ul><li>60% Cotton, 40% Polyester Sorona®</li><li>190 GSM fabric weight</li><li>4-way stretch fabric for enhanced comfort and movement</li><li>Two-piece self-fabric collar with stand</li><li>3-button standard placket</li><li>Straight hem</li><li>Contrast back neck tape detail</li><li>Men&#x27;s style includes a loose pocket</li><li>Soft, comfortable feel with everyday durability</li></ul>"
Stretch Cotton Drill Cargo Pants,stretch-cotton-drill-cargo-pants-bpc6008,BPC6008,"74L - 94L, 77R - 112R, 87S - 132S",black; bottle; charcoal; khaki; navy; white,hi-vis-and-workwear,,Bisley,workwear; pants,Unisex,<ul><li>Women&#x27;s stretch cargo work pants</li><li>Curved waistband for a secure fit</li><li>Functional multi-pocket design</li><li>Reinforced construction for durability</li><li>Fresche® antimicrobial protection</li></ul>,"Designed specifically for women, these stretch cargo work pants deliver lasting comfort, durability and everyday functionality. The curved waistband provides a secure fit that helps prevent gaping at the back, while multiple utility pockets keep essential tools close at hand. Finished with Bisley's exclusive Fresche® antimicrobial treatment, they're ideal for demanding work environments where comfort and performance matter.","<p><strong>Fabric:</strong> 97% Cotton, 3% Elastane</p><ul><li>Stretch fabric provides enhanced comfort and unrestricted freedom of movement</li><li>Curved waistband helps prevent gaping at the back for a secure, flattering fit</li><li>Two angled side pockets for convenient everyday storage</li><li>Two back patch pockets provide additional carrying capacity</li><li>Cargo pocket with touch-tape flap closure on the left leg for secure tool storage</li><li>Mobile phone pocket positioned on the back right leg for quick and easy access</li><li>Coin pocket integrated into the right-hand waistband</li><li>Seven reinforced belt loops provide extra strength and support for work belts</li><li>Premium YKK zipper ensures smooth, reliable performance</li><li>Bisley exclusive Fresche® antimicrobial treatment helps inhibit the growth of bacteria, mould and viruses, keeping the garment fresher for longer</li><li>Ideal for construction, trade, maintenance, warehousing and industrial workplaces</li></ul>"
Recycle Taped Biomotion Cargo Work Pant,recycle-taped-biomotion-cargo-work-pant-bpc6088t,BPC6088T,72 - 112R 87 - 132S,navy,hi-vis-and-workwear,,Bisley,workwear; pants; sustainable,Unisex,<ul><li>Women&#x27;s recycled stretch cargo work pants</li><li>Bio Motion reflective tape for visibility</li><li>Curved comfort waistband</li><li>Functional multi-pocket utility design</li><li>Built for demanding worksites</li></ul>,"Designed for women who need comfort, durability and enhanced visibility on the job, these stretch cargo work pants are made from a recycled blend fabric for a more sustainable choice. The curved waistband delivers a secure, flattering fit that helps prevent gaping at the back, while stretch Bio Motion reflective tape enhances visibility without restricting movement. Practical storage and reinforced construction make them ideal for trade, construction and industrial workplaces.","<p><strong>Fabric:</strong> 60% Cotton, 38% Recycled Polyester, 2% Spandex</p><ul><li>Recycled blend stretch fabric offers lasting comfort, flexibility and a more sustainable choice</li><li>Stretch Bio Motion reflective tape improves visibility while maintaining unrestricted movement in low-light conditions</li><li>Stretch fit with a curved waistband helps prevent gaping at the back for enhanced comfort and fit</li><li>Two angled side pockets provide convenient everyday storage</li><li>Two back patch pockets offer additional carrying capacity</li><li>Mobile phone welt pocket positioned on the back right leg for quick and easy access</li><li>Cargo pocket with touch-tape flap closure on the left leg keeps tools and essentials secure</li><li>Coin pocket integrated into the right-hand waistband for added convenience</li><li>Seven reinforced belt loops provide extra strength and support for work belts</li><li>Ideal for construction, trade, maintenance, warehousing and industrial workplaces</li></ul>"
Bellroy Classic Daypack,bellroy-classic-daypack-br1013,BR1013,,black,accessories,,Nottage,promotional-merchandise; bags; sustainable,,<ul><li>Premium everyday backpack</li><li>Padded 16&quot; laptop compartment</li><li>Smart organisational storage</li><li>Travel-ready 21L capacity</li><li>Comfortable ergonomic design</li></ul>,"The Bellroy Classic Daypack combines timeless design with thoughtful functionality, making it the perfect companion for work, travel and everyday life. With a spacious 21L capacity, dedicated laptop protection and intuitive organisation, it keeps your essentials secure and easily accessible. Premium materials, ergonomic comfort and refined detailing ensure it performs as well as it looks.","<ul><li>Spacious 21L capacity provides ample room for everyday essentials, work gear and travel items</li><li>Drop-down zip opening offers wide, convenient access for easy packing and organisation</li><li>Padded compartment securely fits laptops up to 16 inches and includes a dedicated document sleeve</li><li>Internal stretch mesh zip pocket keeps smaller valuables organised and protected</li><li>Spacious front zip pocket features integrated organisation and a built-in key clip for quick access to everyday essentials</li><li>Side slip pockets with drainage holes comfortably hold water bottles or umbrellas</li><li>Dual-density padded back panel and shoulder straps provide lasting comfort throughout the day</li><li>Horizontal luggage pass-through strap securely attaches the backpack to rolling luggage for convenient travel</li><li>Premium leather-wrapped top grab handle offers comfortable carrying with a refined finish</li><li>Soft-touch matte exterior fabric delivers a modern, premium appearance with everyday durability</li><li>Finished with signature Bellroy details, including leather accents, durable metal zippers and embroidered owl branding</li><li>Ideal for commuting, business travel, corporate professionals, students and everyday use</li></ul>"
A Bright Future Essence Polo Shirt,a-bright-future-essence-polo-shirt-bright-yarn,BRIGHT-YARN,8 - 24,pink,tops,,Yarn Corp,first-nations,Women,<ul><li>Meaningful First Nations artwork</li><li>Celebrates Elders and future generations</li><li>Symbolic storytelling design</li><li>Created to inspire connection and pride</li><li>Designed for NAIDOC and community events</li></ul>,"More than a uniform, this polo celebrates the strength, wisdom and enduring legacy of Aboriginal and Torres Strait Islander peoples. Featuring exclusive artwork that tells the story of Elders passing knowledge through storytelling and yarning circles, the design symbolises the torch being carried forward by younger generations. It represents connection, resilience and a shared commitment to creating a stronger future while honouring those who have paved the way.","<p><strong>Fabric:</strong> 100% Polyester</p><ul><li>Features exclusive First Nations artwork inspired by the knowledge, guidance and legacy of Elders</li><li>Symbolic design represents storytelling and yarning circles as places where culture, wisdom and traditions are shared across generations</li><li>Celebrates the passing of knowledge from Elders to young leaders, empowering future generations to continue their journey with pride</li><li>Recognises the lifelong advocacy of Aboriginal and Torres Strait Islander Elders and the foundations they have created for today&#x27;s communities</li><li>Represents connection, resilience, leadership and the ongoing celebration of Indigenous culture and achievements</li><li>Thoughtfully designed to encourage meaningful conversations, cultural awareness and inclusion</li><li>Suitable for NAIDOC Week, Reconciliation initiatives, community organisations, schools, councils and corporate programs</li><li>Designed to honour the past while inspiring a stronger, more inclusive future for all Australians</li></ul>"
Unisex -A Bright Future Essence Polo Shirt,unisex-a-bright-future-essence-polo-shirt-bright-yarn-unisex,BRIGHT-YARN-UNISEX,S - 8XL,pink,tops,,Yarn Corp,first-nations,Unisex,<ul><li>Meaningful First Nations artwork</li><li>Celebrates Elders and future generations</li><li>Symbolic storytelling design</li><li>Created to inspire connection and pride</li><li>Designed for NAIDOC and community events</li></ul>,"More than a uniform, this polo celebrates the strength, wisdom and enduring legacy of Aboriginal and Torres Strait Islander peoples. Featuring exclusive artwork that tells the story of Elders passing knowledge through storytelling and yarning circles, the design symbolises the torch being carried forward by younger generations. It represents connection, resilience and a shared commitment to creating a stronger future while honouring those who have paved the way.","<p><strong>Fabric:</strong> 100% Polyester</p><ul><li>Features exclusive First Nations artwork inspired by the knowledge, guidance and legacy of Elders</li><li>Symbolic design represents storytelling and yarning circles as places where culture, wisdom and traditions are shared across generations</li><li>Celebrates the passing of knowledge from Elders to young leaders, empowering future generations to continue their journey with pride</li><li>Recognises the lifelong advocacy of Aboriginal and Torres Strait Islander Elders and the foundations they have created for today&#x27;s communities</li><li>Represents connection, resilience, leadership and the ongoing celebration of Indigenous culture and achievements</li><li>Thoughtfully designed to encourage meaningful conversations, cultural awareness and inclusion</li><li>Suitable for NAIDOC Week, Reconciliation initiatives, community organisations, schools, councils and corporate programs</li><li>Designed to honour the past while inspiring a stronger, more inclusive future for all Australians</li></ul>"
Lawson Ladies Chino Short,lawson-ladies-chino-short-bs021l,BS021L,6 - 26,black; dark-stone; grey; navy,bottoms,hospitality; retail,Fashion biz,shorts; chinos,Women,<ul><li>Modern chino shorts</li><li>Soft garment-washed finish</li><li>Stretch cotton for everyday comfort</li><li>Functional front and back pockets</li><li>Above-knee business casual styling</li></ul>,"Designed for effortless warm-weather dressing, these chino shorts combine contemporary styling with everyday comfort. Crafted from premium stretch cotton and garment washed for a soft, lived-in feel, they offer exceptional comfort while maintaining a clean, polished appearance. Featuring a modern mid-rise fit and practical pocketing, they're ideal for business casual, hospitality and everyday wear.","<p><strong>Fabric:</strong> 98% Cotton, 2% Elastane</p><ul><li>Garment washed for a soft, lived-in feel from the first wear</li><li>Comfortable modern mid-rise fit for all-day comfort</li><li>Above-knee length for a contemporary, versatile look</li><li>Flat front styling for a clean, tailored appearance</li><li>Two side pockets for convenient everyday storage</li><li>Two back welt pockets for a refined finish</li><li>Stretch fabric provides enhanced comfort and freedom of movement</li><li>Smart business casual styling suitable for work or weekend wear</li><li>Ideal for corporate, hospitality and everyday casual environments</li></ul>"
Lawson Ladies Chino Skirt,lawson-ladies-chino-skirt-bs022l,BS022L,6 - 26,black; dark-stone; grey; navy,bottoms,corporate; hospitality; retail,Fashion biz,skirts; chinos,Women,<ul><li>Modern A-line chino skirt</li><li>Soft garment-washed finish</li><li>Stretch cotton for everyday comfort</li><li>Functional front and back pockets</li><li>Above-knee professional styling</li></ul>,"Designed for effortless everyday style, this modern A-line chino skirt combines comfort, versatility and contemporary tailoring. Crafted from premium stretch cotton and garment washed for a soft, lived-in feel, it offers exceptional comfort while maintaining a polished appearance. Featuring a flattering A-line silhouette, practical pocketing and a curved waistband, it's the perfect choice for business casual, corporate and everyday wear.","<p><strong>Fabric:</strong> 98% Cotton, 2% Elastane stretch</p><ul><li>98% cotton, 2% elastane stretch fabric</li><li>240 GSM fabric for lasting durability and comfort</li><li>Garment washed for a soft, lived-in feel from the first wear</li><li>Curved waistband for a comfortable, flattering fit</li><li>Two angled front pockets for convenient everyday storage</li><li>Two back patch pockets for added functionality</li><li>Above-knee, slightly A-line silhouette for a modern, feminine look</li><li>Back vent for enhanced comfort and ease of movement</li><li>Stretch fabric provides unrestricted movement throughout the day</li><li>Suitable for business casual, corporate and everyday wear</li></ul>"
Ladies Bella Pant,ladies-bella-pant-bs125l,BS125L,XXS - 3XL,black; navy,bottoms,corporate; healthcare,Fashion biz,pants,Women,"<ul><li>Professional pull-on leggings</li><li>Flat elastic comfort waistband</li><li>Sleek, flattering silhouette</li><li>Tailored faux back pockets</li><li>All-day stretch comfort</li></ul>","Combining the comfort of leggings with the polished look of tailored pants, these professional pull-on leggings are designed for effortless everyday wear. The flat elastic waistband provides a smooth, comfortable fit, while the sleek silhouette creates a flattering, streamlined appearance. Finished with faux back pockets for a tailored touch, they're the perfect choice for professionals seeking style without compromising on comfort.","<p><strong>Fabric:</strong> 52% Cotton; 41% Viscose; 7% Elastane</p><ul><li>Pull-on design for easy, comfortable wear</li><li>Flat elastic waistband for a smooth, secure fit</li><li>Sleek legging silhouette with a flattering tailored appearance</li><li>Faux back pockets for a polished professional finish</li><li>Stretch construction for all-day comfort and ease of movement</li><li>Ideal for corporate, hospitality and customer-facing environments</li></ul>"
Women's Venture Pant,womens-venture-pant-bs423l,BS423L,6 - 26,black,bottoms,corporate; healthcare,Fashion biz,pants; sustainable,Women,<ul><li>Tapered four-way stretch trousers</li><li>Recycled performance fabric</li><li>Wrinkle-resistant easy-care design</li><li>UPF 50+ sun protection</li><li>Lightweight comfort for everyday wear</li></ul>,"Designed for professionals on the move, these performance trousers combine contemporary tailoring with exceptional comfort. Crafted from a lightweight four-way stretch fabric with recycled polyester, they deliver unrestricted movement while maintaining a sharp, professional appearance. Wrinkle-resistant and easy to care for, they're the perfect choice for busy workdays, travel and everyday wear.","<p><strong>Fabric:</strong> 47% Recycled Polyester; 230 Gsm; Upf Rating 50+, 53% Elastomulltiester</p><ul><li>53% elastomultiester, 47% recycled polyester performance fabric</li><li>230 GSM lightweight fabric with UPF 50+ sun protection</li><li>Four-way stretch construction for unrestricted movement and lasting comfort</li><li>Tapered streamlined fit for a modern professional silhouette</li><li>Wrinkle-resistant, easy-care fabric ideal for travel and everyday wear</li><li>Functional shank button with metal zip fly closure</li><li>Front slant pockets for convenient everyday storage</li><li>Back welt pocket for a refined tailored finish</li><li>Machine washable, tumble dry low and dry cleanable</li><li>Cool iron if required</li><li>Ideal for corporate, hospitality and customer-facing professional environments</li></ul>"
Bisley Recycle X Taped Hi Vis Drill Shirt,bisley-recycle-x-taped-hi-vis-drill-shirt-bs6266xt,BS6266XT,XS - 6XL,orange,hi-vis-and-workwear,,Bisley,hi-vis; shirts; long-sleeve,Unisex,<ul><li>Recycled blend fabric for a more sustainable choice</li><li>Reflective tape for enhanced visibility</li><li>Cotton mesh ventilation for improved airflow</li><li>Functional chest pockets with pen division</li></ul>,"Designed for visibility, comfort and durability, this hi vis work shirt combines recycled performance fabric with breathable cotton mesh ventilation. Reflective tape configuration improves visibility on site, while strategic venting helps maximise airflow throughout the workday. Practical storage features and durable construction make it ideal for demanding work environments.","<p><strong>Fabric:</strong> 55% Cotton, 44% Recycled Polyester, 100% Cotton Open Mesh</p><ul><li>55% cotton, 44% recycled polyester</li><li>100% cotton open mesh ventilation panels</li><li>Lightweight recycled blend fabric</li><li>Reflective tape X-back configuration</li><li>Additional back hem reflective tape</li><li>Biomotion sleeve taping</li><li>Vertical cotton mesh back ventilation</li><li>Underarm cotton mesh ventilation</li><li>Two chest pockets</li><li>Button-down pocket flaps</li><li>Pen division on left chest pocket</li><li>Two-piece structured collar</li><li>Two-button adjustable sleeve cuffs</li></ul>"
Taped Hi Vis Cool Lightweight Shirt,taped-hi-vis-cool-lightweight-shirt-bs6896,BS6896,"S-6XL (Pink/Navy Only), XS-6XL",orange-navy; pink-navy; yellow-bottle; yellow-navy,hi-vis-and-workwear,automotive,Bisley,hi-vis; shirts; long-sleeve,Unisex,<ul><li>Lightweight cotton fabric for all-day comfort</li><li>Reflective tape for enhanced visibility</li><li>Cotton mesh ventilation for improved airflow</li><li>Functional chest pockets with pen division</li></ul>,"Designed to keep you cool, comfortable and visible throughout the workday, this lightweight hi vis shirt combines breathable cotton construction with practical worksite functionality. Cotton mesh ventilation panels help maximise airflow, while reflective tape enhances visibility in low-light conditions. Durable pocket detailing and a structured contrast collar complete this versatile workwear essential.",<p><strong>Fabric:</strong> 100% Cotton Open Mesh 125gsm</p><ul><li>100% cotton open mesh</li><li>125 GSM fabric weight</li><li>Reflective taped hoop pattern</li><li>Vertical cotton mesh back ventilation</li><li>Underarm cotton mesh ventilation</li><li>Two chest pockets</li><li>Button-down pocket flaps</li><li>Pen division on left chest pocket</li><li>Two-piece contrast structured collar</li><li>Full gusset sleeve cuff</li><li>Yellow/Navy and Orange/Navy comply with AS/NZS 4602.1:2011 Day/Night standards</li><li>Pink/Navy complies with AS/NZS 4602.1:2011 Night Only standards</li></ul>
Ladies Lawson Chino Pant,ladies-lawson-chino-pant-bs724l,BS724L,6 - 26,black; dark-stone; grey; navy,bottoms,corporate; hospitality; retail,Fashion biz,pants; chinos,Women,<ul><li>Modern tapered chino pants</li><li>Soft garment-washed finish</li><li>Stretch cotton for everyday comfort</li><li>Classic flat front styling</li><li>Functional front and back pockets</li></ul>,"Designed to deliver effortless comfort with a polished finish, these tapered chino pants are a versatile wardrobe essential. Crafted from premium stretch cotton and garment washed for a soft, lived-in feel, they provide exceptional comfort while maintaining a smart, tailored appearance. The modern tapered leg and practical pocketing make them ideal for business casual, corporate and everyday wear.","<p><strong>Fabric:</strong> 98% Cotton, 2% Elastane stretch</p><ul><li>98% cotton, 2% elastane stretch fabric</li><li>250 GSM fabric for lasting durability and comfort</li><li>Garment washed for a soft, lived-in feel from the first wear</li><li>Comfortable modern mid-rise fit</li><li>Flat front design for a clean, tailored appearance</li><li>Contemporary tapered leg silhouette</li><li>Two angled front pockets for convenient everyday storage</li><li>Two back welt pockets for a refined professional finish</li><li>Stretch fabric provides enhanced comfort and freedom of movement</li><li>Suitable for business casual, corporate and everyday wear</li></ul>"
Men's Lawson Chino Pant,mens-lawson-chino-pant-bs724m,BS724M,72 - 127,black; dark-stone; grey; navy,bottoms,corporate; hospitality; retail,Fashion biz,pants; chinos,Men,<ul><li>Modern tapered chino pants</li><li>Soft garment-washed finish</li><li>Stretch cotton for everyday comfort</li><li>Classic flat front styling</li><li>Functional front and back pockets</li></ul>,"Designed for effortless everyday wear, these tapered chino pants combine classic styling with modern comfort. Crafted from premium stretch cotton and garment washed for a soft, lived-in feel, they deliver exceptional comfort while maintaining a smart, tailored appearance. Featuring a contemporary tapered leg and practical pocketing, they're ideal for business casual, corporate and everyday wear.","<p><strong>Fabric:</strong> 98% Cotton, 2% Elastane stretch</p><ul><li>98% cotton, 2% elastane stretch fabric</li><li>250 GSM fabric for lasting durability and comfort</li><li>Garment washed for a soft, lived-in feel from the first wear</li><li>Comfortable modern mid-rise fit</li><li>Flat front design for a clean, tailored appearance</li><li>Contemporary tapered leg silhouette</li><li>Two angled front pockets for convenient everyday storage</li><li>Two back welt pockets for a refined finish</li><li>Stretch fabric provides enhanced comfort and freedom of movement</li><li>Suitable for business casual, corporate and everyday wear</li></ul>"
Ladies Bianca Jacket,ladies-bianca-jacket-bs732l,BS732L,4 - 26,black; navy,suiting,corporate; government,Fashion biz,blazers,Women,"<ul><li>Tailored women&#x27;s stretch suit jacket</li><li>Four-way stretch for all-day comfort</li><li>Crease-resistant, machine washable fabric</li><li>Fully lined with stretch lining</li><li>Embroidery access for easy custom branding</li></ul>","Designed for modern professionals, this tailored women's suit jacket combines polished styling with everyday comfort. Crafted from a four-way stretch suiting fabric, it offers exceptional freedom of movement while maintaining a sharp, structured silhouette. Fully lined with stretch lining and finished with practical embroidery access, it's an ideal choice for corporate uniforms and professional workwear.","<p><strong>Fabric:</strong> 62% Polyester, 35% Viscose, 3% Elastane</p><ul><li>62% polyester, 35% viscose, 3% elastane four-way stretch suiting fabric</li><li>Machine washable, crease-resistant, easy-care construction</li><li>Fully lined with stretch lining for superior comfort and mobility</li><li>Modern single-button front closure for a contemporary look</li><li>Notched tuxedo lapel for a refined professional finish</li><li>Tailored front pockets for a clean, streamlined appearance</li><li>Hidden internal lining zip for easy embroidery access</li><li>Designed to coordinate with matching suiting separates</li><li>Suitable for corporate, hospitality and customer-facing professional environments</li><li>Available in sizes 4–26</li></ul>"
Ladies Remy Pant,ladies-remy-pant-bs909l,BS909L,4 - 26,black; navy,suiting,corporate; government; hospitality; retail,Fashion biz,trousers; pants,Women,"<ul><li>Slim leg stretch suit pants</li><li>Four-way stretch for all-day comfort</li><li>Crease-resistant, machine washable fabric</li><li>Clean pocket-free waistband design</li><li>Coordinates with the Perfect Pant range</li></ul>","Created in response to popular demand, these slim leg pants deliver a sleek, contemporary silhouette without compromising on comfort. Crafted from premium four-way stretch suiting fabric, they provide unrestricted movement while maintaining a polished professional appearance. With a streamlined waistband free from side pockets and belt loops, they're the perfect choice for corporate environments where clean tailoring is key.","<p><strong>Fabric:</strong> 62% Polyester, 34% Viscose, 4% Elastane</p><ul><li>62% polyester, 34% viscose, 4% elastane four-way stretch suiting fabric</li><li>Machine washable, crease-resistant, easy-care construction</li><li>Slim leg silhouette for a modern professional look</li><li>Mid-rise fit with a zip front and slimline waistband</li><li>No side pockets or belt loops for a smooth, streamlined appearance through the waist and hips</li><li>5cm hem allowance for easy length alterations</li><li>Coordinates with the best-selling Perfect Pant range</li><li>Suitable for corporate, hospitality and customer-facing professional environments</li></ul>"
So Ezy Pant,so-ezy-pant-ca3pso,CA3PSO,XXS-3X,black; navy,bottoms,corporate; healthcare,City Collection,pants; sustainable,Women,"<ul><li>Straight leg performance work pants</li><li>Four-way stretch for unrestricted movement</li><li>Recycled performance fabric</li><li>Comfort knit anti-roll waistband</li><li>Antibacterial, cool-touch comfort</li></ul>","Designed for professionals who need lasting comfort throughout the day, these straight leg performance pants combine sustainable materials with exceptional flexibility and practicality. Crafted from four-way stretch fabric with recycled components, they provide unrestricted movement, antibacterial protection and a cool-touch feel for all-day wear. Finished with a comfort knit waistband and functional storage, they're ideal for healthcare and active workplace environments.","<p><strong>Fabric:</strong> Recycled Polyester, 5% Spandex Anti-Bacterial</p><ul><li>Performance fabric incorporating recycled components</li><li>Four-way stretch construction for unrestricted movement</li><li>360° comfort designed for active work environments</li><li>Antibacterial finish to help keep garments fresher for longer</li><li>Cool-touch fabric for enhanced all-day comfort</li><li>Easy-care wash-and-wear performance fabric</li><li>Comfort knit anti-roll waistband for a secure, comfortable fit</li><li>Angled front pockets for convenient everyday storage</li><li>Inner utility pockets for organising essential tools and accessories</li><li>Straight leg silhouette for a timeless professional look</li><li>Ideal for healthcare, aged care and medical professionals</li></ul>"
City Active Pant,city-active-pant-ca4p,CA4P,2XS-5XL,black; charcoal; navy; teal,bottoms,corporate; healthcare,City Collection,pants; sustainable,Men,"<ul><li>Straight leg scrub pants with recycled fabric</li><li>Four-way stretch for unrestricted movement</li><li>Antibacterial, cool-touch comfort</li><li>Multiple functional storage pockets</li><li>Elastic waistband with adjustable drawstring</li></ul>","Designed for busy healthcare professionals, these performance scrub pants combine sustainable materials with exceptional comfort and practicality. Made from four-way stretch fabric with recycled components, they provide unrestricted movement, antibacterial protection and a cool-touch feel to keep you comfortable throughout every shift. Featuring a straight leg fit, adjustable waistband and multiple storage pockets, they're built to perform in demanding work environments.","<p><strong>Fabric:</strong> Recycled Polyester, 5% Spandex, Anti-Bacterial</p><ul><li>Performance fabric incorporating recycled components</li><li>Four-way stretch construction for unrestricted movement</li><li>360° comfort designed for active work environments</li><li>Antibacterial finish to help keep garments fresher for longer</li><li>Cool-touch fabric for enhanced all-day comfort</li><li>Easy-care wash-and-wear performance fabric</li><li>Full elastic waistband with 360° adjustable drawstring for a secure, comfortable fit</li><li>Angled front pockets for convenient everyday storage</li><li>Back pockets for additional functionality</li><li>Side leg pockets for easy access to essential tools and accessories</li><li>Straight leg silhouette suitable for everyday professional wear</li><li>Ideal for healthcare, aged care and medical professionals</li></ul>"
City Active Top,city-active-top-ca4t,CA4T,XXS-5XL,black; charcoal; navy; royal; teal,tops,corporate; education; government,City Collection,short-sleeve; sustainable,Women,"<ul><li>Recycled fabric component</li><li>Wash-and-wear, easy-care finish</li><li>4-way stretch for enhanced mobility</li><li>Antibacterial treatment</li><li>Cool-touch fabric technology</li></ul>","Designed for all-day comfort and practicality, this relaxed-fit shirt offers a modern, easy-wearing silhouette that sits straight through the body with a longer length for added coverage. Typically worn untucked, it is ideal for those seeking a comfortable fit, particularly for fuller body shapes. Combining performance features with professional styling, it delivers flexibility, breathability and effortless workplace wear.","<p><strong>Fabric:</strong> Recycled Polyester, 5% Spandex Anti-Bacterial</p><ul><li>Recycled fabric component</li><li>4-way stretch fabric</li><li>360° comfort</li><li>Antibacterial finish</li><li>Cool-touch technology</li><li>Three-button tab front</li><li>Chest pocket with zipper</li><li>Side splits for ease of movement</li><li>Button-up tailored collar option</li><li>Short sleeves</li><li>Wash-and-wear, easy-care construction</li></ul>"
Nepal Chef Jacket,nepal-chef-jacket-cbz02,CBZ02,S - 4XL,black; grey; ocean-blue; white,outerwear,corporate; healthcare; retail; government,Chef Works,knitwear,Unisex,<ul><li>Lightweight chef jacket with Cool Vent™ mesh</li><li>Four-way stretch for unrestricted movement</li><li>Recycled contrast fabric panels</li><li>Practical pockets for kitchen essentials</li><li>Modern zip-front design</li></ul>,"Designed for fast-paced commercial kitchens, this long sleeve chef jacket delivers exceptional comfort, breathability and performance. Combining lightweight fabric with four-way stretch Cool Vent™ mesh panels, it keeps you cool while allowing unrestricted movement throughout every shift. Finished with practical storage and contemporary zip-front styling, it's built to perform in demanding hospitality environments.","<p><strong>Fabric:</strong> 62% Polyester 38% Cotton</p><ul><li>Body: 62% polyester, 38% cotton (175 GSM)</li><li>Contrast panels: 100% recycled polyester (185 GSM)</li><li>Four-way stretch Cool Vent™ mesh for enhanced airflow and flexibility</li><li>Lightweight construction for lasting comfort during long shifts</li><li>Raglan long sleeves for unrestricted movement</li><li>Single-breasted design with a centre front zip closure for a modern look</li><li>Left sleeve thermometer pocket for quick access to essential tools</li><li>Left chest pocket for convenient everyday storage</li><li>Side splits for improved mobility and comfort</li><li>Back collar apron tab to help keep your apron securely in place</li><li>Ideal for chefs, hospitality professionals and commercial kitchen environments</li></ul>"
Al Dente Men's Chef Jacket,al-dente-mens-chef-jacket-ch230ml,CH230ML,XS - 4XL,black; white,outerwear,hospitality,Fashion Biz,jackets,Men,<ul><li>Traditional double-breasted chef jacket</li><li>Long sleeves with turn-back cuffs</li><li>Functional thermometer sleeve pockets</li><li>Mandarin collar with apron tab</li><li>Designed for comfort and mobility</li></ul>,"Combining classic chef styling with practical functionality, this traditional double-breasted chef jacket is built for the demands of busy commercial kitchens. The long sleeve design with turn-back cuffs provides versatile wear throughout the day, while durable construction and functional storage ensure you're prepared for every service. Thoughtful details deliver lasting comfort, professional presentation and unrestricted movement.","<p><strong>Fabric:</strong> 65% Polyester, 35% Cotton</p><ul><li>Traditional double-breasted front for a timeless professional appearance</li><li>Long sleeves with turn-back cuffs for adaptable comfort and protection</li><li>Mandarin collar with integrated apron tab to help keep your apron securely in place</li><li>Two sleeve thermometer and pen pockets for quick access to essential kitchen tools</li><li>Durable matching plastic stud button closure</li><li>Longline design with side splits for enhanced comfort and ease of movement</li><li>Professional construction designed for demanding commercial kitchen environments</li><li>Ideal for chefs, hospitality professionals and food service teams</li></ul>"
Zest Women's Chef Jacket,zest-womens-chef-jacket-ch232ls,CH232LS,XS - 2XL,black; white,outerwear,hospitality,Chef Works,jackets,Women,<ul><li>Lightweight breathable chef jacket</li><li>Vented mesh panels for enhanced airflow</li><li>Double-breasted snap-front design</li><li>Functional thermometer sleeve pockets</li><li>Longline fit with side splits for movement</li></ul>,"Designed to keep chefs cool and comfortable in demanding kitchen environments, this lightweight chef jacket combines breathable performance with professional styling. Mesh ventilation panels and underarm inserts maximise airflow, while the double-breasted design delivers a polished appearance. Practical storage and thoughtful details ensure comfort, functionality and unrestricted movement throughout every shift.","<p><strong>Fabric:</strong> 65% Polyester, 35% Cotton</p><ul><li>Lightweight fabric for lasting comfort during long shifts</li><li>Vented back mesh panels for enhanced breathability and airflow</li><li>Underarm mesh inserts to help regulate body temperature</li><li>Snap-front double-breasted design for a clean, professional finish</li><li>Available in short sleeve or long sleeve styles with turn-back cuffs</li><li>Mandarin collar with apron tab to help keep your apron securely in place</li><li>Two sleeve thermometer and pen pockets for quick access to kitchen essentials</li><li>Longline silhouette with side splits for improved comfort and ease of movement</li><li>Ideal for chefs, hospitality professionals and commercial kitchen environments</li></ul>"
Men's Alfresco Short Sleeve Chef Jacket,mens-alfresco-short-sleeve-chef-jacket-ch330ms,CH330MS,XS - 4XL,grey-smoke,outerwear,hospitality,Fashion Biz,jackets,Men,<ul><li>Chef jacket made with recycled polyester</li><li>Lightweight breathable twill fabric</li><li>Concealed zip-front design</li><li>Underarm mesh ventilation panels</li><li>Roll-up sleeves for versatile wear</li></ul>,"Designed for modern commercial kitchens, this chef jacket combines sustainable materials with practical performance. Made using recycled polyester, it features a lightweight twill construction with underarm mesh ventilation to keep you cool during demanding shifts. A concealed zip closure creates a clean, contemporary look, while functional storage and roll-up sleeves make it a versatile choice for everyday hospitality wear.","<p><strong>Fabric:</strong> 65% Certified Recycled Pet Polyester, 35% Cotton Twill</p><ul><li>Made using recycled polyester, helping divert the equivalent of up to 18 plastic bottles from landfill</li><li>Lightweight twill fabric for lasting comfort throughout the day</li><li>Underarm mesh ventilation panels for enhanced breathability and airflow</li><li>Concealed front zip closure for a clean, minimalist appearance</li><li>Mandarin collar with integrated apron tab to help keep your apron securely in place</li><li>Two sleeve thermometer and pen pockets for quick access to kitchen essentials</li><li>Long sleeves with roll-up function, secured by an internal tab and button</li><li>Side splits for improved comfort and unrestricted movement</li><li>Durable construction designed for demanding commercial kitchen environments</li><li>Ideal for chefs, hospitality professionals and food service teams</li></ul>"
Mesh Flat Top Hat,mesh-flat-top-hat-ch333,CH333,One Size,black; true-white,accessories,hospitality,Fashion Biz,headwear; sustainable,Unisex,<ul><li>Classic flat top chef hat</li><li>Breathable mesh ventilation panel</li><li>Comfortable elasticated fit</li><li>Lightweight all-day comfort</li><li>One size fits most</li></ul>,"Designed for comfort in fast-paced kitchen environments, this classic flat top chef hat delivers a professional appearance with enhanced breathability. The integrated mesh panel promotes airflow to help keep you cool throughout busy shifts, while the wide band and elasticated back ensure a secure, comfortable fit. A practical essential for chefs and hospitality professionals.","<p><strong>Fabric:</strong> Main: 65% Certified Recycled Pet Polyester, 35% Cotton Twill Trim: 100% Polyester Mesh</p><ul><li>Classic flat top design for a traditional professional look</li><li>Mesh ventilation panel improves airflow and breathability</li><li>Wide headband for enhanced comfort during extended wear</li><li>Elasticated back provides a secure, flexible fit</li><li>Lightweight construction ideal for busy commercial kitchens</li><li>One size fits most</li><li>Ideal for chefs, hospitality professionals and food service teams</li></ul>"
Women's Saffron Chef Flex Pant,womens-saffron-chef-flex-pant-ch432l,CH432L,6 - 20,black,bottoms,hospitality,Fashion biz,pants,Women,<ul><li>Tapered fit chef pants</li><li>Mid-weight stretch twill fabric</li><li>UPF 50+ sun protection</li><li>Multiple functional storage pockets</li><li>Reinforced knee panels for durability</li></ul>,"Designed for demanding commercial kitchens, these tapered fit chef pants combine durability, flexibility and practical functionality. Crafted from a mid-weight stretch twill fabric, they provide unrestricted movement while standing up to the rigours of daily hospitality work. With an elasticated waistband, multiple storage pockets and reinforced knee panels, they're built to keep you comfortable and organised throughout every shift.","<p><strong>Fabric:</strong> 37% Polyester, 4% Elastane; Mid-Weight Stretch Twill; 215 Gsm; Upf Rating 50+, 59% Cotton</p><ul><li>59% cotton, 37% polyester, 4% elastane mid-weight stretch twill fabric</li><li>215 GSM fabric with UPF 50+ sun protection</li><li>Tapered fit for a contemporary professional silhouette</li><li>Stretch fabric for unrestricted movement and lasting comfort</li><li>Elasticated waistband with adjustable drawcord for a secure, comfortable fit</li><li>Functional fly with button and zip closure</li><li>Two shaped front pockets and two back welt pockets for convenient storage</li><li>Welt pocket on the left thigh for quick access to essential tools</li><li>Tea towel tab on the right-hand side for added workplace convenience</li><li>Reinforced knee patches for enhanced durability in high-wear areas</li><li>Machine washable, tumble dry low and dry cleanable for easy maintenance</li></ul>"
Men's Saffron Chef Flex Pant,mens-saffron-chef-flex-pant-ch432m,CH432M,72R - 107R,black,bottoms,hospitality,Fashion biz,pants,Men,<ul><li>Tapered fit chef pants</li><li>Mid-weight stretch twill fabric</li><li>UPF 50+ sun protection</li><li>Multiple functional storage pockets</li><li>Reinforced knee panels for durability</li></ul>,"Designed for busy commercial kitchens, these tapered fit chef pants combine comfort, durability and practical functionality. Crafted from a mid-weight stretch twill fabric, they provide unrestricted movement while standing up to the demands of professional hospitality environments. Featuring multiple storage pockets, reinforced knee panels and an elasticated waistband, they're built to keep you comfortable throughout every shift.","<p><strong>Fabric:</strong> 37% Polyester, 4% Elastane; Mid-Weight Stretch Twill; 215 Gsm; Upf Rating 50+, 59% Cotton</p><ul><li>59% cotton, 37% polyester, 4% elastane mid-weight stretch twill fabric</li><li>215 GSM fabric with UPF 50+ sun protection</li><li>Tapered fit for a modern professional silhouette</li><li>Stretch construction for unrestricted movement and all-day comfort</li><li>Elasticated waistband with adjustable drawcord for a secure fit</li><li>Functional fly with button and zip closure</li><li>Two shaped front pockets and back welt pockets for everyday storage</li><li>Welt pocket on the left thigh for quick access to essentials</li><li>Tea towel tab on the right-hand side for added workplace convenience</li><li>Reinforced knee patches for enhanced durability in high-wear areas</li><li>Machine washable and easy-care construction suitable for commercial hospitality environments</li></ul>"
Women's Zip Front Short Sleeve Knit Cardigan,womens-zip-front-short-sleeve-knit-cardigan-ck962lc,CK962LC,XXS - 4XL,black; charcoal; navy,outerwear,corporate; healthcare; retail; government,Fashion Biz,knitwear,Women,"<ul><li>Merino wool blend knit top</li><li>Soft, durable and easy-care construction</li><li>Longer length for added coverage</li><li>Infection-control friendly sleeve length</li><li>Ideal for healthcare and functional roles</li></ul>","Designed specifically for healthcare and functional workplaces, the Biz Care knit delivers the perfect balance of warmth, durability and everyday comfort. Crafted from a premium merino wool blend, it provides a soft hand feel while maintaining the resilience needed for demanding environments. Thoughtful design details, including a longer body length and elbow-length sleeves, make it a practical and professional layering option.","<p><strong>Fabric:</strong> 60% Acrylic, 40% Merino Wool</p><ul><li>60% acrylic, 40% merino wool, 14-gauge knit</li><li>Merino wool blend provides natural warmth, softness and breathability</li><li>Durable acrylic fibres enhance longevity for everyday functional wear</li><li>Fully fashioned knit construction for superior comfort, fit and durability</li><li>Set-in sleeves for a classic, professional silhouette</li><li>Elbow-length sleeves designed to assist with infection control in healthcare environments</li><li>Longer body length provides extra coverage and comfort</li><li>Ribbed hem and sleeve cuffs for a clean finish and flattering fit</li><li>Minimal metal trims for improved workplace suitability</li><li>Ideal for healthcare, aged care, medical and other functional workplace environments</li></ul>"
Jane 3/4 Length Stretch Pant,jane-3-4-length-stretch-pant-cl040ll,CL040LL,4 - 30,black; charcoal; navy,bottoms,corporate; healthcare,Fashion biz,pants,Women,<ul><li>Pull-on stretch work pants</li><li>Lightweight quick-drying fabric</li><li>Wide anti-roll comfort waistband</li><li>Functional utility pockets</li><li>Ideal for office and functional roles</li></ul>,"Designed for effortless comfort and everyday practicality, these pull-on stretch pants offer the perfect balance of professional style and all-day performance. Crafted from a lightweight, durable fabric with added stretch, they provide unrestricted movement while remaining quick drying and suitable for all climates. The clean pull-on design makes them an ideal choice for both office and functional workplace environments.","<p><strong>Fabric:</strong> 88% Polyester, 12% Elastane</p><ul><li>Lightweight stretch fabric for lasting comfort and flexibility</li><li>Durable construction designed for everyday professional wear</li><li>Quick-drying fabric suitable for all climates</li><li>Pull-on styling with a wide basque waistband and anti-roll elastic for superior comfort</li><li>No zips or buttons for a smooth, streamlined fit</li><li>Two deep angled front pockets for convenient everyday storage</li><li>Functional back pocket for additional storage</li><li>Utility loop on the right-hand side for keys, swipe cards or accessories</li><li>Suitable for both functional and office workplace environments</li></ul>"
Women's Pulse Jogger Scrub Pant,womens-pulse-jogger-scrub-pant-cl541ll,CL541LL,XXS - 3XL,caribbean-blue; midnight-navy,tops,healthcare,Fashion Biz,scrubs; sustainable,Women,<ul><li>Sustainable stretch scrub pants</li><li>Recycled performance fabric</li><li>Slim tapered leg fit</li><li>Functional multi-pocket design</li><li>Easy-care wash-and-wear comfort</li></ul>,"Designed for healthcare professionals who need comfort without compromising performance, these modern scrub pants are anything but ordinary. Crafted from a soft recycled stretch fabric, they deliver exceptional flexibility, durability and all-day comfort while feeling more like your favourite jeans than traditional scrubs. The slim tapered fit, practical storage and easy-care construction make them ideal for even the most demanding healthcare environments.","<p><strong>Fabric:</strong> 77% Recycled Polyester, 19% Viscose, 4% Elastane</p><ul><li>77% recycled polyester, 19% viscose, 4% elastane performance stretch fabric</li><li>Easy-care, wash-and-wear construction designed for demanding healthcare environments</li><li>Lightweight, breathable fabric suitable for warmer climates with a soft feel against the skin</li><li>Slim leg design tapers from the knee to the cuff for a modern, streamlined fit</li><li>Elastic waistband with an internal drawstring provides a secure, adjustable fit</li><li>Two side front pockets offer convenient storage for everyday essentials</li><li>Cargo-style side pocket and rear pocket provide additional functional storage</li><li>Utility loop on the right-hand waistband allows easy attachment of keys, ID badges or accessories</li><li>Dyed-to-match stretch cuffs create a comfortable, secure fit with a contemporary jogger finish</li><li>Durable construction built to withstand frequent wear and commercial laundering</li><li>Ideal for hospitals, medical clinics, aged care, veterinary practices and allied health professionals</li></ul>"
Unisex Pulse Straight Leg Scrub Pant,unisex-pulse-straight-leg-scrub-pant-cl542ul,CL542UL,XXS - 6XL,black,tops,healthcare,Fashion Biz,scrubs,Unisex,<ul><li>Sustainable straight leg scrub pants</li><li>Recycled performance stretch fabric</li><li>Easy-care wash-and-wear comfort</li><li>Functional utility pocket design</li><li>Built for demanding healthcare environments</li></ul>,"Designed for healthcare professionals who need comfort without compromising performance, these modern scrub pants are anything but ordinary. Crafted from a soft recycled stretch fabric, they deliver exceptional flexibility, durability and all-day comfort while standing up to the demands of busy healthcare environments. The straight leg silhouette offers a timeless professional fit, complemented by practical storage and easy-care performance.","<p><strong>Fabric:</strong> 77% Recycled Polyester, 19% Viscose, 4% Elastane</p><ul><li>77% recycled polyester, 19% viscose, 4% elastane performance stretch fabric</li><li>Easy-care, wash-and-wear construction designed for demanding healthcare environments</li><li>Lightweight, breathable fabric suitable for warmer climates with a soft feel against the skin</li><li>Straight leg design provides a classic, professional fit suitable for everyday wear</li><li>Elastic waistband with an internal drawstring offers a secure, adjustable fit</li><li>Two side front pockets provide convenient storage for everyday healthcare essentials</li><li>Cargo-style side pocket offers additional storage for frequently used tools and accessories</li><li>Utility loop on the right-hand waistband allows easy attachment of keys, ID badges or accessories</li><li>2.5cm hem allowance allows for easy length alterations if required</li><li>Durable construction built to withstand frequent wear and commercial laundering</li><li>Ideal for hospitals, medical clinics, aged care, veterinary practices and allied health professionals</li></ul>"
Women's Comfort Waist Cargo Pant,womens-comfort-waist-cargo-pant-cl954ll,CL954LL,4,black; charcoal; navy,bottoms,healthcare,Fashion biz,pants,Women,"<ul><li>Straight leg cargo work pants</li><li>Hidden comfort stretch waistband</li><li>Convertible ¾ roll-up design</li><li>Multiple functional cargo pockets</li><li>Breathable, easy-care stretch fabric</li></ul>","Designed for professionals who need functionality without sacrificing comfort, these straight leg cargo pants combine lightweight stretch fabric with practical workplace features. The concealed comfort waistband flexes with your body for a better fit throughout the day, while multiple cargo pockets and a roll-up leg option make them ideal for active and functional roles. Breathable, durable and easy to care for, they're built to perform in demanding work environments.","<p><strong>Fabric:</strong> 64% Polyester 34% Viscose 2% Elastane</p><ul><li>64% polyester, 34% viscose, 2% elastane lightweight plain weave fabric</li><li>Breathable construction for lasting comfort throughout the day</li><li>Durable, easy-care fabric suitable for everyday professional wear</li><li>Added stretch for enhanced comfort and freedom of movement</li><li>Concealed comfort stretch waistband provides up to half a size of additional flexibility when worn</li><li>Straight leg silhouette with ¾ roll-up option for wet work environments</li><li>Two angled front side pockets for convenient everyday storage</li><li>One cargo-style flap pocket on the left leg and multiple patch pockets on the right leg</li><li>Cargo pocket features a back gusset with a stitched-down front for a clean, professional appearance</li><li>Six belt loops for versatile styling</li><li>Utility loop on the right pocket for keys or swipe cards</li><li>5cm hem allowance for easy alterations</li><li>Ideal for functional, administration and workplace environments</li></ul>"
Women's Comfort Waist Straight Leg Pant,womens-comfort-waist-straight-leg-pant-cl955ll,CL955LL,8 - 30,black; charcoal; navy,suiting,corporate; government; healthcare,Fashion biz,trousers; pants,Women,"<ul><li>Lightweight stretch work pants</li><li>Hidden comfort stretch waistband</li><li>Breathable, easy-care fabric</li><li>Functional front pockets with utility loop</li><li>Designed for all-day professional comfort</li></ul>","Designed for professionals who are constantly on the move, these lightweight work pants combine breathable comfort with practical functionality. Crafted from a durable stretch plain weave fabric, they feature a concealed comfort waistband that flexes with your body for a better fit throughout the day. Finished with practical storage and easy-care construction, they're ideal for both functional and administrative roles.","<p><strong>Fabric:</strong> 64% Polyester 34% Viscose 2% Elastane</p><ul><li>64% polyester, 34% viscose, 2% elastane lightweight plain weave fabric</li><li>Breathable construction for lasting comfort throughout the day</li><li>Durable, easy-care fabric suitable for everyday professional wear</li><li>Added stretch for enhanced comfort and freedom of movement</li><li>Concealed comfort stretch waistband provides up to half a size of additional flexibility when worn</li><li>Two angled front side pockets for convenient everyday storage</li><li>No back pockets for a clean, streamlined appearance</li><li>Six belt loops for versatile styling</li><li>Utility loop on the right pocket for keys or swipe cards</li><li>5cm hem allowance for easy alterations</li><li>Ideal for both corporate and functional workplace environments</li></ul>"
Women's Comfort Waist Cargo Skirt,womens-comfort-waist-cargo-skirt-cl956ls,CL956LS,4 - 30,black; charcoal; navy,bottoms,healthcare,Fashion biz,skirts,Women,<ul><li>Cargo work skirt with comfort waistband</li><li>Lightweight breathable twill fabric</li><li>Multiple functional storage pockets</li><li>Durable easy-care construction</li><li>Designed for healthcare professionals</li></ul>,"Designed for busy healthcare and workplace environments, this cargo skirt combines practical functionality with all-day comfort. Crafted from a lightweight, breathable twill fabric, it delivers exceptional durability while remaining comfortable in all climates. Featuring multiple storage pockets, a comfort waistband and a modest back pleat, it's built to support professionals through every shift.","<p><strong>Fabric:</strong> 64% Polyester, 34% Viscose, 2% Elastane</p><ul><li>Lightweight twill fabric that is breathable, durable and easy to care for</li><li>Comfortable construction suitable for all climates and healthcare environments</li><li>Cargo styling with multiple functional storage options</li><li>Welt pocket with hook-and-loop closure on the right-hand side for secure storage</li><li>Functional side pockets for convenient everyday essentials</li><li>Utility key loop for quick access to keys or swipe cards</li><li>Mock back pleat for improved movement and modest coverage</li><li>Durable rear zip and button closure for a secure fit</li><li>Comfort waistband for enhanced flexibility and all-day comfort</li><li>Ideal for healthcare, aged care and professional workplace environments</li></ul>"
Women's Comfort Waist Cargo Short,womens-comfort-waist-cargo-short-cl957ls,CL957LS,4 - 26,black; charcoal; navy,bottoms,healthcare,Fashion biz,shorts,Women,<ul><li>Straight leg work shorts</li><li>Hidden comfort stretch waistband</li><li>Lightweight breathable fabric</li><li>Functional utility storage pockets</li><li>Easy-care professional design</li></ul>,"Designed for comfort in warmer conditions, these straight leg work shorts combine lightweight stretch fabric with practical workplace functionality. The concealed comfort waistband flexes with your body for an improved fit throughout the day, while the professional tailored styling makes them ideal for both administrative and functional roles. Finished with practical storage and side splits for enhanced mobility, they're built for everyday performance.","<p><strong>Fabric:</strong> 64% Polyester, 34% Viscose, 2% Elastane</p><ul><li>64% polyester, 34% viscose, 2% elastane lightweight plain weave fabric</li><li>Breathable, durable and easy-care construction for everyday wear</li><li>Added stretch for enhanced comfort and freedom of movement</li><li>Hidden comfort stretch waistband provides up to half a size of additional flexibility when worn</li><li>Straight leg short with side splits for improved mobility and comfort</li><li>Designed to finish just above the knee for a professional appearance</li><li>Two angled front side pockets for convenient everyday storage</li><li>Right welt pocket with hook-and-loop closure for secure storage</li><li>No back pockets for a clean, streamlined finish</li><li>Six belt loops for versatile styling</li><li>Utility loop on the right pocket for keys or swipe cards</li><li>3cm hem allowance for easy alterations</li><li>Ideal for both functional and corporate workplace environments</li></ul>"
Men's Comfort Waist Flat Front Pant,mens-comfort-waist-flat-front-pant-cl958ml,CL958ML,72R - 127R,black; charcoal; navy,suiting,corporate; government; hospitality,Fashion biz,trousers; pants,Men,"<ul><li>Straight leg stretch work pants</li><li>Hidden comfort stretch waistband</li><li>Breathable, easy-care fabric</li><li>Functional front pockets with utility loop</li><li>Designed for all-day professional comfort</li></ul>","Designed for professionals who need comfort without compromising on style, these straight leg work pants combine lightweight performance with everyday practicality. Made from a breathable stretch plain weave fabric, they feature a concealed comfort waistband that flexes with your body to provide a better fit throughout the day. Finished with practical storage and easy-care construction, they're ideal for both functional and administrative workplaces.","<p><strong>Fabric:</strong> 64% Polyester, 34% Viscose, 2% Elastane</p><ul><li>64% polyester, 34% viscose, 2% elastane lightweight plain weave fabric</li><li>Breathable construction for lasting comfort throughout the day</li><li>Durable, easy-care fabric suitable for everyday professional wear</li><li>Added stretch for enhanced comfort and freedom of movement</li><li>Concealed comfort stretch waistband provides up to half a size of additional flexibility when worn</li><li>Classic straight leg silhouette for timeless professional styling</li><li>Two angled front side pockets for convenient everyday storage</li><li>No back pockets for a clean, streamlined appearance</li><li>Six belt loops for versatile styling</li><li>Utility loop on the right pocket for keys or swipe cards</li><li>5cm hem allowance for easy alterations</li><li>Ideal for both corporate and functional workplace environments</li></ul>"
Men's Comfort Waist Cargo Pant,mens-comfort-waist-cargo-pant-cl959ml,CL959ML,72R - 127R,black; charcoal; navy,bottoms,healthcare,Fashion biz,pants,Men,<ul><li>Lightweight stretch workwear fabric</li><li>Breathable all-day comfort</li><li>Durable easy-care construction</li><li>Built-in comfort stretch waistband</li><li>Ideal for functional and office roles</li></ul>,"Designed to deliver lasting comfort and everyday performance, this lightweight workwear fabric combines breathability, durability and easy-care convenience. The added stretch provides greater freedom of movement, while the integrated comfort waistband ensures a flexible fit throughout the day. Perfect for pants, shorts and skirts, it's an ideal choice for both functional and administrative workplace environments.","<p><strong>Fabric:</strong> 64% Polyester, 34% Viscose, 2% Elastane</p><ul><li>Lightweight plain weave fabric for breathable all-day comfort</li><li>Durable construction designed for everyday professional wear</li><li>Added stretch for enhanced comfort and unrestricted movement</li><li>Easy-care fabric requiring minimal maintenance</li><li>Built-in comfort stretch waistband for a flexible, comfortable fit</li><li>Designed for pants, shorts and skirts</li><li>Suitable for both functional and corporate workplace environments</li></ul>"
Men's Comfort Waist Cargo Short,mens-comfort-waist-cargo-short-cl960ms,CL960MS,72R - 127R,black; charcoal; navy,bottoms,healthcare,Fashion biz,shorts; chinos,Men,<ul><li>Lightweight stretch workwear fabric</li><li>Breathable all-day comfort</li><li>Durable easy-care construction</li><li>Built-in comfort stretch waistband</li><li>Ideal for functional and office roles</li></ul>,"Designed for everyday performance, this lightweight workwear fabric combines breathable comfort with exceptional durability. The added stretch allows unrestricted movement, while the integrated comfort waistband provides a flexible fit throughout the day. Ideal for pants, shorts and skirts, it's the perfect choice for professionals working in both functional and administrative environments.","<p><strong>Fabric:</strong> 64% Polyester, 34% Viscose, 2% Elastane</p><ul><li>Lightweight plain weave fabric for breathable, all-day comfort</li><li>Durable construction designed to withstand everyday workplace wear</li><li>Added stretch for enhanced flexibility and freedom of movement</li><li>Easy-care fabric requiring minimal maintenance</li><li>Built-in comfort stretch waistband for improved fit and lasting comfort</li><li>Suitable for pants, shorts and skirts across a range of professional uniforms</li><li>Ideal for both functional and corporate workplace environments</li></ul>"
Nova Women's Knit Jacket,nova-womens-knit-jacket-co342lj,CO342LJ,XS - 3XL,black-marle; navy-marle,outerwear,corporate; healthcare; retail; government,Fashion Biz,knitwear,Women,<ul><li>Modern knit fleece jacket</li><li>Lightweight trans-seasonal warmth</li><li>Functional internal and external pockets</li><li>Two-way front zip for added flexibility</li><li>Contemporary professional styling</li></ul>,"A modern upgrade to the traditional polar fleece, the Nova Jacket delivers lightweight warmth with a clean, contemporary look. Designed for year-round versatility, it offers the perfect balance of comfort, practicality and professional style, making it suitable across a wide range of industries. Functional storage, premium finishing details and a two-way front zip make it an ideal everyday layering piece for work and beyond.","<p><strong>Fabric:</strong> 100% Polyester With Antibacterial Treatment</p><ul><li>Modern knit fleece construction offering an elevated alternative to traditional polar fleece</li><li>Lightweight trans-seasonal design suitable for year-round wear</li><li>Two-way front zip for greater flexibility and ease of movement</li><li>Integrated chin guard for enhanced comfort and protection</li><li>Ribbed collar designed to sit comfortably at the base of the neck</li><li>Two external zip pockets for secure everyday storage</li><li>Internal pockets for additional organisation and convenience</li><li>Women&#x27;s style features a two-way front zip for improved comfort when seated or on the move</li><li>Durable construction designed for everyday professional wear</li><li>Ideal for corporate, healthcare, hospitality and active workplace environments</li></ul>"
Nova Men's Knit Jacket,nova-mens-knit-jacket-co342mj,CO342MJ,XS - 5XL,black-marle; navy-marle,outerwear,corporate; healthcare; retail; government,Fashion Biz,knitwear,Men,<ul><li>Modern knit fleece jacket</li><li>Lightweight trans-seasonal warmth</li><li>Functional internal and external pockets</li><li>Full zip with comfort chin guard</li><li>Contemporary professional styling</li></ul>,"A modern upgrade to the traditional polar fleece, the Nova Jacket delivers lightweight warmth with a clean, contemporary look. Designed for year-round versatility, it offers the perfect balance of comfort, practicality and professional style, making it suitable across a wide range of industries. Functional storage and premium finishing details make it an ideal everyday layering piece for work and beyond.","<p><strong>Fabric:</strong> 100% Polyester With Antibacterial Treatment</p><ul><li>Modern knit fleece construction offering an elevated alternative to traditional polar fleece</li><li>Lightweight trans-seasonal design suitable for year-round wear</li><li>Full front zip with integrated chin guard for enhanced comfort and protection</li><li>Ribbed collar designed to sit comfortably at the base of the neck</li><li>Two external zip pockets for secure everyday storage</li><li>Internal pockets for additional organisation and convenience</li><li>Durable construction designed for everyday professional wear</li><li>Ideal for corporate, healthcare, hospitality and active workplace environments</li></ul>"
Nova Men's Knit Vest,nova-mens-knit-vest-co343mv,CO343MV,XS - 5XL,black-marle; navy-marle,outerwear,corporate; healthcare; retail; government,Fashion Biz,knitwear,Men,<ul><li>Modern knit fleece jacket</li><li>Lightweight trans-seasonal warmth</li><li>Functional internal and external pockets</li><li>Full zip with comfort chin guard</li><li>Contemporary professional styling</li></ul>,"A modern upgrade to the traditional polar fleece, the Nova Jacket delivers lightweight warmth with a clean, contemporary look. Designed for year-round versatility, it offers the perfect balance of comfort, practicality and professional style, making it suitable across a wide range of industries. Functional storage and premium finishing details make it an ideal everyday layering piece for work and beyond.","<p><strong>Fabric:</strong> 100% Polyester With Antibacterial Treatment</p><ul><li>Modern knit fleece construction offering an elevated alternative to traditional polar fleece</li><li>Lightweight trans-seasonal design suitable for year-round wear</li><li>Full front zip with integrated chin guard for enhanced comfort and protection</li><li>Ribbed collar designed to sit comfortably at the base of the neck</li><li>Two external zip pockets for secure everyday storage</li><li>Internal pockets for additional organisation and convenience</li><li>Durable construction designed for everyday professional wear</li><li>Ideal for corporate, healthcare, hospitality and active workplace environments</li></ul>"
Women's Florence Stardust Print Tunic,womens-florence-stardust-print-tunic-cs450ls,CS450LS,4 - 30,mid-blue; navy; teal,tops,healthcare,Fashion Biz,tunics,Women,"<ul><li>Lightweight two-way stretch tunic</li><li>Flattering Y-neck with mandarin collar</li><li>Breathable, easy-care performance fabric</li><li>Two deep front pockets for practical storage</li><li>Tailored fit with extended back coverage</li></ul>","Combining style, comfort and functionality, this modern tunic is designed for professionals who need to look polished while staying comfortable throughout the day. Crafted from a lightweight two-way stretch fabric, it offers breathable, easy-care performance with unrestricted movement. Featuring a flattering Y-neck, contemporary mandarin collar and elegant shaping, it's finished with thoughtful details that deliver both practicality and a refined professional appearance.","<p><strong>Fabric:</strong> 94% Polyester, 6% Elastane</p><ul><li>94% polyester, 6% elastane two-way stretch fabric</li><li>Lightweight, breathable construction for all-day comfort</li><li>Easy-care, wash-and-wear performance fabric suitable for all climates</li><li>Flattering Y-neck opening with a contemporary mandarin collar</li><li>Clean, streamlined design with no chest pocket</li><li>Two durable deep front pockets for convenient storage</li><li>Designed to be worn untucked for a polished appearance</li><li>Straight longer back hem for added coverage and modern styling</li><li>Folded back hem to prevent the reverse side of printed fabric from showing</li><li>Triangle cut-out sleeve detailing for a contemporary finish</li><li>Princess seams provide flattering shaping from bust to waist without restricting movement</li><li>Designed to suit a wide range of body shapes</li><li>Dyed-to-match buttons create a clean, minimal finish and allow embroidery or monograms to stand out</li></ul>"
Women's Florence Daisy Print Short Sleeve Shirt,womens-florence-daisy-print-short-sleeve-shirt-cs948ls,CS948LS,4 - 30,electric-blue; navy; purple; teal,tops,healthcare,Fashion Biz,shirts; short-sleeve,Women,"<ul><li>Soft, lightweight fabric for all-day comfort</li><li>2-way stretch for ease of movement</li><li>Flattering fit with longer hem length</li><li>Designed to suit a range of body shapes</li></ul>","Combining style, comfort and functionality, the Florence Daisy Print Short Sleeve Shirt is designed for effortless everyday wear. The breathable, lightweight fabric with 2-way stretch provides comfort across all climates while allowing ease of movement throughout the day. Thoughtful design details, including a longer hemline, hidden modesty button and feminine chest pocket, create a polished and flattering look suitable for a variety of workplace environments.","<p><strong>Fabric:</strong> 94% Polyester, 6% Elastane</p><ul><li>94% polyester, 6% elastane</li><li>Breathable fabric</li><li>Lightweight construction</li><li>Soft hand feel</li><li>2-way stretch</li><li>Longer hem length</li><li>Can be worn tucked in or untucked</li><li>Small chest pocket</li><li>Hidden bust button between second and third buttons</li><li>Short sleeve styling</li><li>Triangle cut-out sleeve detail</li><li>Dyed-to-match buttons</li><li>Suitable for a range of body shapes</li></ul>"
Ladies Florence Tunic,ladies-florence-tunic-cs949ls,CS949LS,4 - 30,black; charcoal; cherry; electric-blue; mid-blue; navy; purple; teal,tops,healthcare,Fashion Biz,tunics,Women,"<ul><li>Lightweight, breathable professional tunic</li><li>Soft, easy-care performance fabric</li><li>Two practical front pockets</li><li>Longer hem with side splits for comfort</li><li>Modern cuffed short sleeves</li></ul>","Designed to combine style, comfort and functionality, this professional tunic is perfect for busy healthcare and beauty environments. Made from a lightweight, breathable fabric, it delivers all-day comfort while maintaining a polished appearance. Featuring a longer hemline, cuffed short sleeves, side splits and practical front pockets, it's an easy-care essential for everyday wear.","<p><strong>Fabric:</strong> 94% Polyester 6% Elastane</p><ul><li>Lightweight, breathable fabric for all-day comfort</li><li>Soft, easy-care construction suitable for all climates</li><li>Two front pockets for convenient everyday storage</li><li>Longer hemline for added coverage and confidence</li><li>Short sleeves with cuff detailing for a modern finish</li><li>Functional side splits for enhanced movement and comfort</li><li>Wash-and-wear fabric requiring minimal maintenance</li><li>Ideal for healthcare and professional workplace environments</li><li>Gentle machine wash</li><li>Wash inside out with similar colours</li><li>Do not bleach, soak or tumble dry</li><li>Line dry in the shade</li></ul>"
Women's Florence Daisy Print Tunic,womens-florence-daisy-print-tunic-cs950ls,CS950LS,4 - 30,electric-blue; navy; purple; teal,tops,healthcare,Fashion Biz,tunics,Women,"<ul><li>Stylish printed healthcare tunic</li><li>Lightweight, breathable easy-care fabric</li><li>Two front pockets for everyday storage</li><li>Longer hem with side splits for comfort</li><li>Modern design with cuffed short sleeves</li></ul>","Bring personality to your workday with a printed healthcare tunic that blends style, comfort and practicality. Made from a lightweight, breathable fabric, it's designed to keep you comfortable throughout busy shifts while maintaining a polished professional appearance. Featuring a longer hem, cuffed short sleeves, side splits and practical front pockets, it's the perfect choice for healthcare, aged care and beauty professionals.","<p><strong>Fabric:</strong> 94% Polyester, And 6% Elastane</p><ul><li>Lightweight, breathable fabric for all-day comfort</li><li>Soft, easy-care construction suitable for all climates</li><li>Eye-catching printed design for a modern professional look</li><li>Two front pockets for convenient everyday storage</li><li>Longer hemline for added coverage and confidence</li><li>Short sleeves with cuff detailing for a refined finish</li><li>Functional side splits for enhanced movement and comfort</li><li>Designed for healthcare, aged care and beauty environments</li><li>Wash inside out with similar colours</li><li>Do not bleach, soak or tumble dry</li><li>Line dry in the shade</li></ul>"
Women's Marley Jersey T-Top,womens-marley-jersey-t-top-cs952ls,CS952LS,XXS - 4XL,black; charcoal; cherry; purple; teal,tops,corporate; education; government,Fashion Biz,short-sleeve,Women,<ul><li>Soft jersey knit fabric</li><li>2-way stretch for comfort and mobility</li><li>True short sleeve design</li><li>Functional side splits</li><li>Longer hemline for versatile styling</li></ul>,"An essential addition to any professional wardrobe, this easy-care jersey top is designed for everyday comfort and versatility. The lightweight knit fabric provides gentle stretch and a flattering fit without clinging to the body, making it suitable for all silhouettes. Featuring true short sleeves, a round neckline and a longer hemline, it offers a polished look that can be worn tucked in or left untucked for effortless workplace style.","<p><strong>Fabric:</strong> 95% Polyester and 5% Elastane</p><ul><li>95% polyester, 5% elastane jersey knit</li><li>2-way stretch for comfort and ease of movement</li><li>True short sleeve design</li><li>Round neckline</li><li>Wider sleeve bands and neckline facing for subtle detailing</li><li>Functional side splits</li><li>Longer straight hemline</li><li>Suitable to wear tucked in or untucked</li><li>Easy-care construction</li></ul>"
Women's Riley Slim Leg Jogger Scrub Pant,womens-riley-slim-leg-jogger-scrub-pant-csp042ll,CSP042LL,XXS - 3XL,midnight-navy,tops,healthcare,Fashion Biz,scrubs,Women,"<ul><li>Cotton-rich scrub collection</li><li>Antibacterial stretch side panels</li><li>Soft, breathable everyday comfort</li><li>Easy-care healthcare fabric</li><li>Designed for demanding healthcare environments</li></ul>","Designed for comfort and performance throughout every shift, this cotton-rich scrub collection combines breathable softness with enhanced flexibility. Antibacterial stretch side panels provide unrestricted movement through the waist and arms, while coordinated scrub pants feature a comfortable knit waistband and drawstring for a secure fit. Easy-care and built for frequent laundering, it's the ideal choice for busy healthcare professionals.","<p><strong>Fabric:</strong> 52% Cotton, 45% Polyester, 3% Elastane</p><ul><li>Cotton-rich fabric delivers breathable comfort with a soft hand feel</li><li>Antibacterial stretch side panels enhance flexibility through the waist and arms while helping maintain lasting freshness</li><li>Coordinating scrub pants feature a comfortable navy knit waistband for enhanced support and all-day comfort</li><li>Internal drawstring provides a secure, adjustable fit throughout the workday</li><li>Jogger scrub pants feature dyed-to-match knit cuffs for a modern, secure finish</li><li>Durable construction designed for demanding healthcare environments</li><li>Machine washable at up to 60°C to support healthcare hygiene requirements</li><li>Wash inside out with like colours to help maintain colour vibrancy</li><li>Easy-care fabric suitable for low tumble drying and dry cleaning</li><li>Cool iron if required</li><li>Ideal for hospitals, medical clinics, aged care, veterinary practices and allied health professionals</li></ul>"
Men's Riley Slim Leg Jogger Scrub Pant,mens-riley-slim-leg-jogger-scrub-pant-csp042ml,CSP042ML,3XS - 5XL,midnight-navy,tops,healthcare,Fashion Biz,scrubs,Men,<ul><li>Cotton-rich stretch jogger scrub pants</li><li>Antibacterial stretch side panels</li><li>Yoga-style comfort waistband</li><li>Functional multi-pocket design</li><li>Hot wash 60°C compatible</li></ul>,"Inspired by athleisure and expertly designed for the longest of shifts, these modern jogger scrub pants combine exceptional comfort with healthcare-ready performance. The cotton-rich stretch fabric feels incredibly soft against the skin while remaining durable enough for demanding environments. Featuring antibacterial stretch panels, practical storage and a contemporary tapered fit, they're built to keep you comfortable throughout every workday.","<p><strong>Fabric:</strong> 52% Cotton, 45% Polyester, 3% Elastane</p><ul><li>Main fabric: 52% cotton, 45% polyester, 3% elastane provides breathable comfort with lasting durability</li><li>Stretch side panels: 88% polyester, 12% elastane with antibacterial treatment enhance flexibility and help maintain freshness</li><li>Cotton-rich construction is soft against the skin and ideal for warmer climates</li><li>Yoga-style flat elastic waistband with internal drawstring provides a secure, comfortable fit</li><li>Tapered leg design creates a modern, streamlined silhouette from the knee to the ankle</li><li>Dyed-to-match knit cuffs deliver a contemporary jogger finish and comfortable fit</li><li>Cargo pockets feature a rear gusset for increased storage capacity while maintaining a clean, streamlined appearance</li><li>Self-fabric side pockets and a left back patch pocket provide practical storage for everyday healthcare essentials</li><li>Utility loops on the right cargo pocket offer convenient attachment points for accessories and equipment</li><li>Breathable, easy-stretch fabric supports unrestricted movement throughout every shift</li><li>Hot wash 60°C compatible for healthcare hygiene requirements</li><li>Ideal for hospitals, medical clinics, aged care, veterinary practices and allied health professionals</li></ul>"
Women's Riley Straight Leg Scrub Pant,womens-riley-straight-leg-scrub-pant-csp047ll,CSP047LL,XXS - 3XL,electric-blue,tops,healthcare,Fashion Biz,scrubs,Women,"<ul><li>Cotton-rich scrub pants</li><li>Soft, breathable everyday comfort</li><li>Knit waistband with drawstring</li><li>Easy-care commercial laundering</li><li>Built for demanding healthcare environments</li></ul>","Designed for comfort throughout long shifts, these cotton-rich scrub pants combine breathable softness with practical performance. The comfortable knit waistband and adjustable drawstring provide a secure fit, while the durable easy-care fabric is suitable for frequent commercial laundering. Ideal for busy healthcare professionals, they deliver reliable comfort and professional performance every day.","<p><strong>Fabric:</strong> 52% Cotton 45% Polyester 3% Elastane</p><ul><li>Cotton-rich fabric provides breathable comfort with a soft hand feel</li><li>Comfortable navy knit waistband offers enhanced flexibility and all-day comfort</li><li>Internal drawstring allows for a secure, adjustable fit</li><li>Durable construction designed for demanding healthcare environments</li><li>Machine washable at up to 60°C to support healthcare hygiene requirements</li><li>Wash inside out with like colours to help maintain colour vibrancy</li><li>Easy-care fabric with low tumble dry capability for convenient maintenance</li><li>Cool iron if required and suitable for dry cleaning</li><li>Ideal for hospitals, medical clinics, aged care, veterinary practices and allied health professionals</li></ul>"
Men's Riley Straight Scrub Pant,mens-riley-straight-scrub-pant-csp047ml,CSP047ML,XS - 5XL,electric-blue; midnight-navy,tops,healthcare,Fashion Biz,scrubs,Men,"<ul><li>Cotton-rich scrub pants</li><li>Soft, breathable everyday comfort</li><li>Comfortable knit waistband</li><li>Easy-care healthcare fabric</li><li>Built for all-day performance</li></ul>","Designed for comfort through every shift, these cotton-rich scrub pants combine breathable softness with practical performance. The comfortable knit waistband and adjustable drawstring provide a secure, flexible fit, while the durable easy-care fabric is designed to withstand frequent laundering. Ideal for busy healthcare professionals, they deliver reliable comfort and lasting performance every day.","<p><strong>Fabric:</strong> 52% Cotton, 45% Polyester, 3% Elastane</p><ul><li>Cotton-rich fabric provides breathable comfort with a soft, natural hand feel</li><li>Comfortable navy knit waistband offers enhanced flexibility and all-day support</li><li>Internal drawstring provides a secure, adjustable fit throughout the workday</li><li>Durable construction designed for frequent wear in demanding healthcare environments</li><li>Machine washable at up to 60°C to support healthcare hygiene requirements</li><li>Wash inside out with like colours to help maintain colour vibrancy</li><li>Easy-care fabric suitable for low tumble drying and dry cleaning</li><li>Cool iron if required</li><li>Ideal for hospitals, medical clinics, aged care, veterinary practices and allied health professionals</li></ul>"
Women's Pink Jogger Scrub Pant,womens-pink-jogger-scrub-pant-csp241ll,CSP241LL,XXS - 3XL,pink,tops,healthcare,Fashion Biz,scrubs; sustainable,Women,<ul><li>Breast Cancer Foundation support scrub pants</li><li>Recycled stretch performance fabric</li><li>Modern jogger fit with knit cuffs</li><li>Functional multi-pocket design</li><li>Easy-care wash-and-wear comfort</li></ul>,"Designed to make a difference, these exclusive pink scrub pants were created in partnership with the National Breast Cancer Foundation, with $5 from every pair sold donated directly to the foundation. Crafted from a soft recycled stretch performance fabric, they combine all-day comfort, durability and practical functionality in a modern jogger silhouette, making them ideal for busy healthcare professionals while supporting an important cause.","<p><strong>Fabric:</strong> 77% Recycled Polyester, 19% Viscose, 4% Elastane</p><ul><li>77% recycled polyester, 19% viscose, 4% elastane performance stretch fabric</li><li>Easy-care, wash-and-wear construction designed for demanding healthcare environments</li><li>Lightweight, breathable fabric suitable for warmer climates with a soft feel against the skin</li><li>$5 from every pair of scrub pants purchased is donated to the National Breast Cancer Foundation</li><li>Modern jogger fit with dyed-to-match knit cuffs for a contemporary, secure finish</li><li>Internal light pink drawcord provides a secure, adjustable fit with a subtle contrast detail</li><li>Two side waist pockets, one cargo pocket and one back pocket offer practical storage for everyday healthcare essentials</li><li>Pink Ribbon embroidery on the cargo pocket proudly supports breast cancer awareness</li><li>Drawcord features a removable pink ribbon that can be worn using the included safety pin to show your support beyond the workplace</li><li>Durable construction built to withstand frequent wear and commercial laundering</li><li>Ideal for hospitals, medical clinics, aged care, veterinary practices and allied health professionals</li></ul>"
Women's Avery Multi-Pocket Straight Leg Pant,womens-avery-multi-pocket-straight-leg-pant-csp944ll,CSP944LL,S - 5XL,black; navy,tops,healthcare,Fashion Biz,scrubs,Women,<ul><li>Straight leg scrub pants</li><li>Functional cargo pocket design</li><li>Roll-up leg option</li><li>Easy-care performance fabric</li><li>Built for demanding healthcare environments</li></ul>,"Designed for practicality and all-day comfort, these straight leg scrub pants offer the functionality healthcare professionals need for busy shifts. Featuring spacious cargo pockets, a versatile roll-up leg option for wet areas and durable easy-care fabric, they're built to perform in even the most demanding healthcare environments.","<p><strong>Fabric:</strong> 96% Polyester, 4% Elastane, With Wicking Finish</p><ul><li>Straight leg design delivers a classic, professional fit suitable for everyday wear</li><li>Cargo-style pockets provide ample storage for healthcare tools and everyday essentials</li><li>Roll-up leg option offers added versatility when working in wet or high-cleaning environments</li><li>Easy-care, wash-and-wear performance fabric designed for demanding healthcare workplaces</li><li>Durable construction built to withstand frequent wear and repeated laundering</li><li>Machine washable at up to 60°C to support healthcare hygiene requirements</li><li>Do not bleach, soak or tumble dry to help maintain garment performance</li><li>Line dry in the shade for best results and extended garment life</li><li>Ideal for hospitals, medical clinics, aged care, veterinary practices and allied health professionals</li></ul>"
Women's Riley V-Neck Scrub Top,womens-riley-v-neck-scrub-top-cst043ls,CST043LS,XXS - 3XL,electric-blue; midnight-navy,tops,healthcare,Fashion Biz,tunics; scrubs,Women,"<ul><li>Cotton-rich scrub collection</li><li>Antibacterial stretch side panels</li><li>Soft, breathable everyday comfort</li><li>Easy-care healthcare fabric</li><li>Designed for demanding healthcare environments</li></ul>","Designed to keep healthcare professionals comfortable through every shift, this cotton-rich scrub collection combines breathable softness with enhanced flexibility and lasting durability. Antibacterial stretch side panels allow unrestricted movement through the waist and arms, while coordinated scrub pants feature a comfortable knit waistband and modern jogger styling for a secure fit. Easy to care for and suitable for frequent laundering, it's built for the demands of busy healthcare environments.","<p><strong>Fabric:</strong> 52% Cotton, 45% Polyester, 3% Elastane</p><ul><li>Cotton-rich fabric provides breathable comfort with a soft, natural hand feel</li><li>Antibacterial stretch side panels enhance flexibility through the waist and arms while helping control odour and bacteria</li><li>Coordinating scrub pants feature a comfortable navy knit waistband for enhanced support and all-day comfort</li><li>Internal drawstring provides a secure, adjustable fit throughout the workday</li><li>Jogger scrub pants include dyed-to-match knit cuffs for a modern, secure finish</li><li>Durable construction designed for frequent wear in demanding healthcare environments</li><li>Machine washable at up to 60°C to support healthcare hygiene requirements</li><li>Easy-care fabric can be tumble dried on low, line dried in the shade or dry cleaned</li><li>Cool iron on the garment body if required</li><li>Ideal for hospitals, medical clinics, aged care, veterinary practices and allied health professionals</li></ul>"
Men's Riley V-Neck Scrub Top,mens-riley-v-neck-scrub-top-cst043ms,CST043MS,XS - 5XL,electric-blue; midnight-navy,tops,healthcare,Fashion Biz,tunics; scrubs,Men,<ul><li>Cotton-rich scrub top for breathable comfort</li><li>Antibacterial stretch side panels</li><li>Soft-touch fabric with enhanced mobility</li><li>Odour and bacteria control</li><li>Easy-care construction suitable for hot washing</li></ul>,"Designed for comfort, performance and durability, this scrub top combines the softness of cotton-rich fabric with the flexibility of antibacterial stretch side panels. Breathable and comfortable for long shifts, it provides enhanced freedom of movement through the waist and arms while helping to control odours and bacteria. Easy to care for and suitable for repeated hot washing, it's an ideal choice for busy healthcare professionals.","<p><strong>Fabric:</strong> 52% Cotton 45% Polyester 3% Elastane</p><ul><li>Cotton-rich fabric for breathable comfort and a soft hand feel</li><li>Antibacterial stretch side panels for enhanced hygiene and freshness</li><li>Stretch side panels through the waist and arms for unrestricted movement</li><li>Odour and bacteria control to help keep garments fresher for longer</li><li>Lightweight, comfortable construction for all-day wear</li><li>Durable fabric designed for demanding healthcare environments</li><li>Easy-care fabric suitable for machine washing up to 60°C</li><li>Designed to retain colour vibrancy when washed inside out with similar colours</li><li>Tumble dry on low heat</li><li>Dry cleanable</li><li>Cool iron on body only if required</li><li>Ideal for healthcare, aged care and medical professionals</li></ul>"
Women's Tokyo Scrub Top,womens-tokyo-scrub-top-cst141ls,CST141LS,"XXS - 3XL, 5XL",black,tops,healthcare,Fashion Biz,tunics; scrubs,Women,<ul><li>Cotton-rich V-neck scrub top</li><li>SILVERPLUS® antimicrobial protection</li><li>Functional multi-pocket design</li><li>Durable bar-tacked construction</li><li>Comfortable modern fit</li></ul>,"Designed to suit every body, every role and every shift, this versatile scrub top combines breathable cotton-rich comfort with practical performance. Treated with SILVERPLUS® antimicrobial technology to help control body odour, it features a modern tapered fit, functional storage and reinforced construction, making it ideal for demanding healthcare environments.","<p><strong>Fabric:</strong> 60% Cotton, 40% Polyester</p><ul><li>60% cotton, 40% polyester blend delivers breathable comfort with long-lasting durability</li><li>SILVERPLUS® antimicrobial treatment helps control body odour and maintain lasting freshness throughout the day</li><li>Traditional V-neck design with a slightly tapered fit creates a flattering, professional silhouette</li><li>Cargo-style deep front patch pockets provide ample storage for everyday healthcare essentials</li><li>ID badge loop on the left shoulder seam keeps identification securely accessible</li><li>Side splits enhance mobility and all-day comfort</li><li>Colour-coded size pips allow for quick and easy size identification</li><li>All key stress points are bar-tacked for increased durability and extended garment life</li><li>Designed for frequent wear in demanding healthcare environments</li><li>Ideal for hospitals, medical clinics, aged care, veterinary practices and allied health professionals</li></ul>"
Men's Tokyo Scrub Top,mens-tokyo-scrub-top-cst141ms,CST141MS,"XXS - 3XL, 5XL",midnight-navy,tops,healthcare,Fashion Biz,tunics; scrubs,Men,<ul><li>Cotton-rich V-neck scrub top</li><li>SILVERPLUS® antimicrobial protection</li><li>Functional multi-pocket design</li><li>Durable bar-tacked construction</li><li>Comfortable modern tapered fit</li></ul>,"Designed to suit every body, every function and every day, this versatile scrub top combines breathable cotton-rich comfort with practical functionality. Treated with SILVERPLUS® antimicrobial technology to help control body odour, it features multiple storage pockets, reinforced construction and a modern tapered fit, making it ideal for demanding healthcare environments.","<p><strong>Fabric:</strong> 60% Cotton, 40% Polyester</p><ul><li>60% cotton, 40% polyester blend delivers breathable comfort with lasting durability</li><li>SILVERPLUS® antimicrobial treatment helps control body odour and maintain freshness throughout the day</li><li>Traditional V-neck design offers a clean, professional appearance</li><li>Slightly tapered fit creates a more flattering silhouette by reducing the boxy look of traditional scrub tops</li><li>Durable cargo-style deep front patch pockets provide ample storage for everyday healthcare essentials</li><li>Chest pocket offers convenient additional storage for frequently used items</li><li>ID badge loop on the left shoulder seam keeps identification securely accessible</li><li>Side splits improve mobility and all-day comfort</li><li>Colour-coded size pips allow for quick and easy size identification</li><li>All key stress points are bar-tacked for enhanced durability and extended garment life</li><li>Ideal for hospitals, medical clinics, aged care, veterinary practices and allied health professionals</li></ul>"
Women's Pink V-Neck Scrub Top,womens-pink-v-neck-scrub-top-cst245ls,CST245LS,XXS - 3XL,pink,tops,healthcare,Fashion Biz,scrubs; sustainable,Women,"<ul><li>Breast Cancer Foundation support scrub top</li><li>Recycled stretch performance fabric</li><li>Soft, breathable all-day comfort</li><li>Functional healthcare pocket design</li><li>Easy-care wash-and-wear performance</li></ul>","Designed to make a difference, this exclusive pink scrub top was created in partnership with the National Breast Cancer Foundation, with $5 from every scrub top sold donated directly to the foundation. Crafted from a soft recycled stretch performance fabric, it delivers exceptional comfort, durability and everyday functionality, making it ideal for busy healthcare professionals while supporting an important cause.","<p><strong>Fabric:</strong> 77% Recycled Polyester, 19% Viscose, 4% Elastane</p><ul><li>77% recycled polyester, 19% viscose, 4% elastane performance stretch fabric</li><li>Easy-care, wash-and-wear construction designed for demanding healthcare environments</li><li>Lightweight, breathable fabric suitable for warmer climates with a soft feel against the skin</li><li>$5 from every scrub top purchased is donated to the National Breast Cancer Foundation</li><li>Modest V-neckline creates a professional, comfortable fit</li><li>Two practical hem pockets provide convenient storage for everyday healthcare essentials</li><li>Pink Ribbon embroidery on the right sleeve proudly supports breast cancer awareness</li><li>Utility loop on the left shoulder provides a convenient attachment point for ID badges or accessories</li><li>Functional side splits improve mobility and provide easy access to pant pockets</li><li>Straight front and back hem delivers a clean, contemporary silhouette</li><li>All key stress points are bar-tacked for enhanced durability and long-lasting performance</li><li>Ideal for hospitals, medical clinics, aged care, veterinary practices and allied health professionals</li></ul>"
Women's Pulse V-Neck Scrub Top,womens-pulse-v-neck-scrub-top-cu543ls,CU543LS,XXS - 6XL,midnight-navy,tops,healthcare,Fashion Biz,tunics; scrubs; sustainable,Women,<ul><li>Sustainable stretch scrub top</li><li>Recycled performance fabric</li><li>Relaxed fit with shaped silhouette</li><li>Functional multi-pocket design</li><li>Easy-care wash-and-wear comfort</li></ul>,"Designed for healthcare professionals who demand comfort and performance, this modern scrub top is anything but ordinary. Crafted from a soft recycled stretch fabric, it delivers exceptional durability, flexibility and all-day comfort while feeling more like your favourite T-shirt than traditional scrubs. Finished with a flattering feminine fit and practical storage, it's built to perform in even the most demanding healthcare environments.","<p><strong>Fabric:</strong> 77% Recycled Polyester, 19% Viscose, 4% Elastane</p><ul><li>77% recycled polyester, 19% viscose, 4% elastane performance stretch fabric</li><li>Easy-care, wash-and-wear construction designed for demanding healthcare environments</li><li>Lightweight, breathable fabric suitable for warmer climates with a soft feel against the skin</li><li>Classic V-neck design creates a clean, professional appearance</li><li>Relaxed fit with bust darts for a flattering feminine silhouette</li><li>Two deep front pockets provide practical storage for everyday healthcare essentials</li><li>Side splits enhance mobility and all-day comfort throughout every shift</li><li>Utility loop on the left shoulder provides a convenient attachment point for ID badges or accessories</li><li>Coordinates with Pulse Scrub Pants for a complete professional uniform</li><li>Ideal for hospitals, medical clinics, aged care, veterinary practices and allied health professionals</li></ul>"
Unisex Pulse V-Neck Scrub Top,unisex-pulse-v-neck-scrub-top-cu544us,CU544US,XXS - 6XL,black; caribbean-blue,tops,healthcare,Fashion Biz,tunics; scrubs; sustainable,Unisex,<ul><li>Sustainable stretch scrub top</li><li>Recycled performance fabric</li><li>Relaxed fit for all-day comfort</li><li>Functional multi-pocket design</li><li>Easy-care wash-and-wear fabric</li></ul>,"Designed for healthcare professionals who demand comfort and performance, this modern scrub top is anything but ordinary. Crafted from a soft recycled stretch fabric, it delivers exceptional durability, flexibility and all-day comfort—feeling more like your favourite T-shirt than traditional scrubs. The easy-care performance fabric stands up to demanding workplaces, while practical storage and a relaxed fit make it an everyday essential.","<p><strong>Fabric:</strong> 77% Recycled Polyester, 19% Viscose, 4% Elastane</p><ul><li>77% recycled polyester, 19% viscose, 4% elastane performance stretch fabric</li><li>Easy-care, wash-and-wear construction designed for demanding healthcare environments</li><li>Lightweight, breathable fabric suitable for warmer climates with a soft feel against the skin</li><li>Classic V-neck design for a clean, professional appearance</li><li>Relaxed fit provides unrestricted movement and lasting comfort throughout every shift</li><li>Chest pocket offers convenient storage for frequently used essentials</li><li>Two deep front pockets provide ample space for everyday healthcare tools and accessories</li><li>Side splits enhance mobility and all-day comfort</li><li>Utility loop on the left shoulder provides a convenient attachment point for ID badges or accessories</li><li>Matching women&#x27;s scrub top also available (CU543LS)</li><li>Ideal for hospitals, medical clinics, aged care, veterinary practices and allied health professionals</li></ul>"
ECO NOVA Computer Backpack,eco-nova-computer-backpack-d605-r,D605.R,,black; brown,accessories,,Promo Brands,promotional-merchandise; bags,,<ul><li>Secure anti-theft laptop backpack</li><li>Made from recycled PET materials</li><li>Cut-proof construction with hidden zips</li><li>Built-in USB charging port</li><li>Padded laptop and tablet protection</li></ul>,"Designed for modern professionals on the move, the Nova Computer Backpack combines premium security with sustainable design. Made from recycled PET, it features cut-resistant construction, hidden zip closures and padded compartments to protect your technology wherever you go. Complete with an integrated USB charging port and ergonomic padded straps, it's built for commuting, business travel and everyday use.","<ul><li>Made from durable recycled PET for a more sustainable everyday carry solution</li><li>Cut-proof construction provides enhanced protection against theft and everyday wear</li><li>Hidden zipper closures help keep belongings secure while travelling or commuting</li><li>Padded internal compartment safely accommodates laptops up to 15 inches</li><li>Dedicated padded tablet sleeve fits devices up to 12.9 inches</li><li>Integrated USB charging port allows convenient connection to your power bank for charging on the go (power bank not included)</li><li>Foam-padded back panel and adjustable shoulder straps provide exceptional carrying comfort throughout the day</li><li>Spacious interior offers organised storage for work essentials, documents and personal belongings</li><li>Available in Black with Tan Trim and Black with Black Trim for a premium, professional appearance</li><li>Ideal for corporate professionals, commuting, business travel, conferences, promotional gifts and everyday use</li></ul>"
"Darani 15"" 19L Computer Backpack In Repreve Recycled Material",darani-15-19l-computer-backpack-in-repreve-recycled-material-da1003,DA1003,,charcoal,accessories,,Nottage,promotional-merchandise; bags; sustainable,,<ul><li>Repreve® recycled laptop backpack</li><li>Made from recycled plastic bottles</li><li>Padded 15&quot; laptop compartment</li><li>Lightweight 19L everyday design</li><li>Sustainable everyday carry solution</li></ul>,"Designed for everyday commuting and conscious living, the Darani Repreve® Laptop Backpack combines practical organisation with sustainable innovation. Made externally from Repreve® recycled material, created using recycled plastic bottles, it offers reliable laptop protection, organised storage and comfortable carrying in a modern, lightweight design. Perfect for work, travel and everyday adventures, it's a backpack that helps reduce environmental impact without compromising performance.","<ul><li>Exterior crafted from Repreve® recycled fibre, made from recycled plastic bottles diverted from landfill</li><li>Spacious 19L main compartment provides ample room for work, study and everyday essentials</li><li>Padded internal laptop sleeve securely accommodates laptops up to 15 inches</li><li>Zippered front pocket offers convenient storage for frequently used accessories and personal items</li><li>Secure zippered main compartment keeps belongings organised and protected</li><li>Adjustable padded shoulder straps provide lasting comfort throughout the day</li><li>Lightweight, modern design is ideal for commuting, business travel and everyday use</li><li>Durable construction designed for reliable everyday performance while supporting more sustainable purchasing choices</li><li>Ideal for corporate gifts, employee welcome packs, conferences, commuting, travel and everyday use</li></ul>"
"Darani GRS Recycled Canvas Anti-Theft 15"" 21L Laptop Backpack",darani-grs-recycled-canvas-anti-theft-15-21l-laptop-backpack-da1007,DA1007,,black; navy,accessories,,Nottage,promotional-merchandise; bags; sustainable,,<ul><li>Recycled 21L laptop backpack</li><li>Global Recycled Standard certified</li><li>Padded 15&quot; laptop compartment</li><li>Smart everyday organisation</li><li>Sustainable modern design</li></ul>,"Designed for environmentally conscious professionals, the Darani Laptop Backpack combines modern styling with practical everyday functionality. Manufactured from recycled pre-consumer cotton and certified to the Global Recycled Standard 4.0, it offers organised storage, laptop protection and all-day comfort in a sustainable design that's perfect for work, commuting and travel.","<ul><li>Manufactured from recycled pre-consumer cotton certified under the Global Recycled Standard (GRS) 4.0</li><li>Spacious 21L capacity provides ample room for work essentials, documents and everyday belongings</li><li>Padded internal compartment securely fits laptops up to 15 inches</li><li>External front pocket offers convenient storage and is ideal for custom embroidery or branding</li><li>Two side drink bottle holders keep beverages or umbrellas within easy reach</li><li>Internal mesh pocket provides organised storage for smaller accessories and valuables</li><li>Discreet anti-theft pocket on the back offers secure storage for passports, wallets and other important items</li><li>Modern, lightweight design is suitable for commuting, business travel and everyday use</li><li>Durable construction designed to withstand daily wear while supporting more sustainable purchasing choices</li><li>Ideal for corporate gifts, employee welcome packs, conferences, commuting, travel and everyday use</li></ul>"
Bloa Pen,bloa-pen-f501,F501,,black,accessories,,Promo Brands,promotional-merchandise; pens,,<ul><li>Premium twist-action ballpoint pen</li><li>Soft-touch rubberised finish</li><li>Mirror-finish laser engraving</li><li>German black ink refill</li><li>Executive gift presentation tube</li></ul>,"Designed to make a lasting impression, this premium twist-action ballpoint pen combines refined styling with exceptional writing performance. The soft-touch rubberised finish provides a comfortable grip, while the concealed clip and mirror-finish laser engraving create a sophisticated executive look. Complete with a premium German ink refill and presented in a black gift tube, it's the ideal choice for corporate gifting and professional branding.","<ul><li>Premium metal construction delivers lasting durability and a refined executive finish</li><li>Soft-touch rubberised coating provides a comfortable grip and premium tactile feel</li><li>Smooth twist-action mechanism ensures effortless, reliable operation</li><li>High-quality German black ink refill delivers a consistently smooth writing experience</li><li>Precision laser engraving reveals a striking mirror finish for premium branding results</li><li>Discreet integrated clip maintains a sleek, contemporary profile while offering practical portability</li><li>Presented in a premium black gift tube, making it ideal for executive gifts and client presentations</li><li>Available in Black for a timeless, professional appearance</li><li>Product diMen&#x27;sions: 142mm long</li><li>Ideal for executive gifts, corporate branding, conferences, client meetings and premium promotional campaigns</li></ul>"
Unisex - Family Black Bamboo (Simpson) Polo Shirt,unisex-family-black-bamboo-simpson-polo-shirt-family-yarn-unisex,FAMILY-YARN-UNISEX,S - 8XL,black,tops,,Yarn Corp,first-nations,Unisex,<ul><li>Meaningful First Nations artwork</li><li>Celebrates family and connection</li><li>Symbolic storytelling design</li><li>Created to inspire pride and belonging</li><li>Designed for community and corporate wear</li></ul>,"Featuring the Family artwork, this polo celebrates the importance of family, connection and shared experiences. The design represents loved ones coming together, acknowledging that every family has its own unique journey of joy, resilience and growth. Created to inspire an emotional connection, this meaningful artwork reflects the bonds that unite us and is designed to be worn with pride.","<p><strong>Fabric:</strong> 100% Polyester</p><ul><li>Features the Family artwork, symbolising family, connection and togetherness</li><li>Represents loved ones gathering to share stories, experiences and traditions across generations</li><li>Celebrates the unique journey of every family through moments of happiness, hardship and everything in between</li><li>Designed to create an emotional connection and encourage a sense of belonging and unity</li><li>Reflects the importance of family as the foundation of culture, identity and community</li><li>A meaningful expression of pride that honours personal stories and shared experiences</li><li>Suitable for NAIDOC Week, Reconciliation initiatives, community organisations, schools, councils and corporate programs</li><li>Designed to be worn with pride while celebrating the strength and enduring connections of family</li></ul>"
Unisex - Future Dreaming Essence Polo Shirt,unisex-future-dreaming-essence-polo-shirt-future-yarn-unisex,FUTURE-YARN-UNISEX,S - 8XL,black,tops,,Yarn Corp,first-nations,Unisex,"<ul><li>Meaningful First Nations artwork</li><li>Celebrates youth, strength and legacy</li><li>Inspired by the 2025 NAIDOC theme</li><li>Symbolic storytelling design</li><li>Created to inspire connection and pride</li></ul>","Featuring the Future Dreaming artwork, this polo reflects the 2025 NAIDOC Week theme, The Next Generation: Strength, Vision & Legacy. The design celebrates the resilience, leadership and cultural strength of Aboriginal and Torres Strait Islander youth, honouring the knowledge passed down by Elders while recognising the important role young people play in shaping the future. Rich in symbolism, the artwork represents connection to Country, community and culture, creating a meaningful garment designed to be worn with pride.","<p><strong>Fabric:</strong> 100% Polyester</p><ul><li>Features the Future Dreaming artwork, inspired by the 2025 NAIDOC Week theme, The Next Generation: Strength, Vision &amp; Legacy</li><li>Symbolises the strength, unity and resilience of Aboriginal and Torres Strait Islander youth as custodians of culture and Country</li><li>Journey lines represent the continuous sharing of knowledge, traditions and wisdom between generations</li><li>Flowing water reflects renewal, connection to Country and the enduring presence of Ancestors whose teachings guide future generations</li><li>Celebrates the passing of cultural knowledge from Elders to young leaders, ensuring traditions continue to thrive</li><li>Represents hope, leadership and the shared responsibility of preserving culture while creating a strong future for generations to come</li><li>Thoughtfully designed to encourage cultural awareness, connection and meaningful conversations</li><li>Suitable for NAIDOC Week, Reconciliation initiatives, community organisations, schools, councils and corporate programs</li><li>Designed to be worn with pride while celebrating the strength, vision and enduring legacy of Aboriginal and Torres Strait Islander peoples</li></ul>"
Unisex - Guiding Light Black Bamboo (Simpson) Polo Shirt,unisex-guiding-light-black-bamboo-simpson-polo-shirt-guiding-yarn-unisex,GUIDING-YARN-UNISEX,S - 8XL,multi-coloured,tops,,Yarn Corp,first-nations,Unisex,"<ul><li>Meaningful First Nations artwork</li><li>Celebrates strength, resilience and community</li><li>Inspired by the NAIDOC theme Keep the Fire Burning, Blak, Loud and Proud</li><li>Symbolic storytelling design</li><li>Created to inspire pride and connection</li></ul>","Featuring the Guiding Light artwork, this polo celebrates the enduring strength, resilience and pride of Aboriginal and Torres Strait Islander peoples. Inspired by the NAIDOC theme, Keep the Fire Burning, Blak, Loud and Proud, the artwork tells a deeply personal story of community, connection and the mentors who guide us throughout life's journey. Rich in symbolism, it honours Country, family and the enduring flame of culture that continues to inspire future generations.","<p><strong>Fabric:</strong> 100% Polyester</p><ul><li>Features the Guiding Light artwork, celebrating strength, perseverance and the communities that shape our lives</li><li>Inspired by the NAIDOC theme, Keep the Fire Burning, Blak, Loud and Proud, symbolising the enduring spirit and resilience of Aboriginal and Torres Strait Islander peoples</li><li>Four campsites represent places of belonging, pride and connection, each reflecting an important chapter in the artist&#x27;s journey</li><li>Journey lines connect each community, symbolising the shared experiences and lifelong connections that guide personal growth</li><li>The flowing river represents the Barka and reflects a deep connection to Country, culture and identity</li><li>Figures within the artwork pay tribute to influential mentors whose guidance continues to inspire strength, pride and resilience across generations</li><li>The central star honours a mentor who has passed, symbolising that their wisdom and influence continue to shine brightly</li><li>Represents hope, leadership and the unbreakable fire that continues to burn within Aboriginal and Torres Strait Islander communities</li><li>Suitable for NAIDOC Week, Reconciliation initiatives, community organisations, schools, councils and corporate programs</li><li>Designed to be worn with pride while celebrating culture, connection and the enduring legacy of those who continue to light the way</li></ul>"
Slouch Hat With Break-Away Clip Strap,slouch-hat-with-break-away-clip-strap-h1026,H1026,S - XL,black; bottle; gold; maroon; navy; red; royal; sky-blue; sky-white,accessories,,Winning Spirit,headwear,Unisex,"<ul><li>UPF 50+ sun protection hat</li><li>Hard brim for maximum coverage</li><li>Adjustable chin strap with breakaway clip</li><li>Breathable ventilated design</li><li>Ideal for schools, sport and events</li></ul>","Designed for reliable all-day sun protection, this wide brim hat combines comfort, durability and practical performance. Featuring a UPF 50+ rating and a structured hard brim, it provides excellent coverage for outdoor work, sport and events. Lightweight, breathable and finished with a secure breakaway chin strap, it's an ideal choice for schools, teamwear and promotional branding.","<p><strong>Fabric:</strong> 65% Polyester, 35% Cotton</p><ul><li>Poly/cotton fabric for durability and everyday comfort</li><li>Certified UPF 50+ sun protection with an &quot;Excellent Protection&quot; rating</li><li>Meets AS/NZS 4399:1999 sun protection standard</li><li>Structured hard brim for enhanced sun coverage and shape retention</li><li>Self-colour metal eyelets provide ventilation for improved airflow</li><li>Adjustable chin strap with toggle and safety breakaway clip for a secure, comfortable fit</li><li>Available in sizes S (55 cm), M (57 cm), L (59 cm) and XL (61 cm)</li><li>Ideal for sporting uniforms, teamwear, school uniforms, promotional events and outdoor workplaces</li></ul>"
Bamboo Cap,bamboo-cap-iv170,IV170,One Size,black; light-grey; navy,accessories,corporate; government; retail,Grace Collection,headwear,Unisex,"<ul><li>Modern seamless six-panel cap</li><li>Comfortable elastic sweatband</li><li>Clean, streamlined design</li><li>Lightweight everyday comfort</li><li>Ideal for custom branding</li></ul>","Designed with a clean, contemporary aesthetic, this modern cap features a seamless side and back panel construction for a sleek, uninterrupted finish. The elastic sweatband delivers a comfortable fit throughout the day, while the minimalist design makes it an excellent choice for corporate uniforms, teamwear, promotional events and everyday wear.","<p><strong>Fabric:</strong> 40% Bamboo, 60% Polyester</p><ul><li>Seamless side and back panel construction for a clean, modern appearance</li><li>Elastic sweatband provides a secure, comfortable fit during extended wear</li><li>Removable peak sticker for a clean presentation and personal preference</li><li>Lightweight construction suitable for everyday use</li><li>Streamlined design ideal for embroidery and custom branding applications</li><li>Suitable for corporate uniforms, teamwear, promotional events and casual wear</li></ul>"
Alpine Ladies Puffer Vest,alpine-ladies-puffer-vest-j211l,J211L,S - 2XL,black; navy,outerwear,corporate; healthcare; retail; government,Fashion Biz,puffers,Women,<ul><li>Lightweight insulated puffer jacket</li><li>Recycled PET insulation for sustainable warmth</li><li>Showerproof outer shell</li><li>Lightweight warmth without bulk</li><li>Designed for easy custom branding</li></ul>,"Stay warm while making a more sustainable choice with the Alpine Eco Puffer Jacket. Featuring a durable showerproof nylon shell and insulation made from 100% certified recycled PET polyester, it delivers exceptional warmth without unnecessary weight. Designed for everyday comfort and practicality, it's the ideal outer layer for work, travel and outdoor environments.","<p><strong>Fabric:</strong> 100% Nylon</p><ul><li>Outer shell: 100% nylon with a durable showerproof finish</li><li>Lining: 100% polyester</li><li>Insulation: 100% Biz Eco Certified Recycled PET Polyester made from reclaimed plastic waste</li><li>Made with at least 50% recycled polyester, helping divert the equivalent of approximately 10 plastic bottles from landfill</li><li>Lightweight insulation provides warmth without bulk</li><li>Plain non-quilted yoke for easy, unobstructed embroidery and branding</li><li>Stand-up wind collar with a soft knit bound edge and chin guard for added comfort</li><li>Full front zip with ergonomic rubberised zip pullers</li><li>Secure zip hand pockets for convenient everyday storage</li><li>Hip-length design with a longer back hem for added warmth and coverage</li><li>Internal embroidery access zip for easy custom decoration</li><li>Ideal for corporate, outdoor and everyday professional wear</li></ul>"
Alpine Men's Puffer Vest,alpine-mens-puffer-vest-j211m,J211M,"XS - 3XL, 5XL",black; navy,outerwear,corporate; healthcare; retail; government,Fashion Biz,puffers,Men,<ul><li>Lightweight insulated puffer jacket</li><li>Recycled PET insulation for sustainable warmth</li><li>Showerproof outer shell</li><li>Lightweight warmth without bulk</li><li>Designed for easy custom branding</li></ul>,"Stay warm while making a more sustainable choice with the Alpine Eco Puffer Jacket. Featuring a durable showerproof nylon shell and insulation made from 100% certified recycled PET polyester, it delivers exceptional warmth without unnecessary weight. Designed for everyday comfort and practicality, it's the ideal outer layer for work, travel and outdoor environments.","<p><strong>Fabric:</strong> 100% Nylon</p><ul><li>Outer shell: 100% nylon with a durable showerproof finish</li><li>Lining: 100% polyester</li><li>Insulation: 100% Biz Eco Certified Recycled PET Polyester made from reclaimed plastic waste</li><li>Made with at least 50% recycled polyester, helping divert the equivalent of approximately 10 plastic bottles from landfill</li><li>Lightweight insulation provides warmth without bulk</li><li>Plain non-quilted yoke for easy, unobstructed embroidery and branding</li><li>Stand-up wind collar with a soft knit bound edge and chin guard for added comfort</li><li>Full front zip with ergonomic rubberised zip pullers</li><li>Secure zip hand pockets for convenient everyday storage</li><li>Hip-length design with a longer back hem for added warmth and coverage</li><li>Internal embroidery access zip for easy custom decoration</li><li>Ideal for corporate, outdoor and everyday professional wear</li></ul>"
Alpine Ladies Puffer Jacket,alpine-ladies-puffer-jacket-j212l,J212L,S - 2XL,black; navy,outerwear,corporate; healthcare; retail; government,Fashion Biz,jackets; puffers,Women,<ul><li>Lightweight insulated puffer jacket</li><li>Recycled PET insulation for sustainable warmth</li><li>Showerproof outer shell</li><li>Lightweight warmth without bulk</li><li>Designed for easy custom branding</li></ul>,"Stay warm while making a more sustainable choice with the Alpine Eco Puffer Jacket. Featuring a durable showerproof nylon shell and insulation made from 100% certified recycled PET polyester, it delivers exceptional warmth without unnecessary weight. Designed for everyday comfort and practicality, it's the ideal outer layer for work, travel and outdoor environments.","<p><strong>Fabric:</strong> 100% Nylon</p><ul><li>Outer shell: 100% nylon with a durable showerproof finish</li><li>Lining: 100% polyester</li><li>Insulation: 100% Biz Eco Certified Recycled PET Polyester made from reclaimed plastic waste</li><li>Made with at least 50% recycled polyester, helping divert the equivalent of approximately 15 plastic bottles from landfill</li><li>Lightweight insulation provides warmth without bulk</li><li>Plain non-quilted yoke for easy, unobstructed embroidery and branding</li><li>Stand-up wind collar with a soft knit bound edge and chin guard for added comfort</li><li>Full front zip with ergonomic rubberised zip pullers</li><li>Secure zip hand pockets for convenient everyday storage</li><li>Hip-length design with a longer back hem for added warmth and coverage</li><li>Internal embroidery access zip for easy custom decoration</li><li>Ideal for corporate, outdoor and everyday professional wear</li></ul>"
Alpine Men's Puffer Jacket,alpine-mens-puffer-jacket-j212m,J212M,"XS - 3XL, 5XL",black; navy,outerwear,corporate; healthcare; retail; government,Fashion Biz,jackets; puffers,Men,<ul><li>Lightweight insulated puffer jacket</li><li>Recycled PET insulation for sustainable warmth</li><li>Showerproof outer shell</li><li>Lightweight warmth without bulk</li><li>Designed for easy custom branding</li></ul>,"Stay warm while making a more sustainable choice with the Alpine Eco Puffer Jacket. Featuring a durable showerproof nylon shell and insulation made from 100% certified recycled PET polyester, it delivers exceptional warmth without unnecessary weight. Designed for everyday comfort and practicality, it's the ideal outer layer for work, travel and outdoor environments.","<p><strong>Fabric:</strong> 100% Nylon</p><ul><li>Outer shell: 100% nylon with a durable showerproof finish</li><li>Lining: 100% polyester</li><li>Insulation: 100% Biz Eco Certified Recycled PET Polyester made from reclaimed plastic waste</li><li>Made with at least 50% recycled polyester, helping divert the equivalent of approximately 15 plastic bottles from landfill</li><li>Lightweight insulation provides warmth without bulk</li><li>Plain non-quilted yoke for easy, unobstructed embroidery and branding</li><li>Stand-up wind collar with a soft knit bound edge and chin guard for added comfort</li><li>Full front zip with ergonomic rubberised zip pullers</li><li>Secure zip hand pockets for convenient everyday storage</li><li>Hip-length design with a longer back hem for added warmth and coverage</li><li>Internal embroidery access zip for easy custom decoration</li><li>Ideal for corporate, outdoor and everyday professional wear</li></ul>"
Expedition Men's Vest,expedition-mens-vest-j213m,J213M,"XS - 3XL, 5XL",black; navy,outerwear,corporate; healthcare; retail; government,Fashion Biz,puffers,Men,<ul><li>Lightweight insulated puffer jacket</li><li>Hi-loft insulation for superior warmth</li><li>Water-repellent ripstop outer</li><li>Decoration-ready design for branding</li><li>Secure storage with multiple pockets</li></ul>,"Designed to keep you warm without the bulk, this lightweight insulated jacket combines durable performance with everyday comfort. The ripstop outer features a water-repellent finish to help protect against light showers, while premium hi-loft insulation delivers exceptional warmth in cooler conditions. With practical storage and decoration-friendly panels, it's an ideal outer layer for work, travel and corporate uniforms.","<p><strong>Fabric:</strong> 100% Nylon</p><ul><li>Lightweight nylon ripstop outer with a water-repellent finish</li><li>Premium hi-loft polyfill insulation provides warmth without unnecessary bulk</li><li>Durable construction designed for everyday professional and outdoor wear</li><li>Plain non-quilted front and back yoke for easy embroidery and custom branding</li><li>High stand-up collar with integrated chin guard for added comfort and weather protection</li><li>Secure zip hand pockets for convenient everyday storage</li><li>Internal left chest pocket for additional organisation</li><li>Internal embroidery access zip for easy custom decoration</li><li>Compatible with J744 Zippies for customisable zip pull branding</li><li>Ideal for corporate, outdoor and active workplace environments</li></ul>"
Ladies Geneva Jacket,ladies-geneva-jacket-j307l,J307L,S - 2XL,black-cyan; black-graphite; black-red; navy-graphite,outerwear,corporate; healthcare; retail; government,Fashion Biz,jackets; soft-shells,Women,<ul><li>Breathable bonded fleece jacket</li><li>Wind-resistant warmth with micro-ribbed fleece</li><li>Two-way front zip for added flexibility</li><li>Adjustable cuffs for a customised fit</li><li>Secure zip pockets with contrast detailing</li></ul>,"Designed for lightweight warmth and everyday versatility, this bonded fleece jacket combines breathable comfort with practical performance. The breathable outer fabric and bonded micro-ribbed fleece lining provide warmth without bulk, while thoughtful features like the two-way front zip and adjustable cuffs deliver enhanced comfort throughout the day. Ideal for work, travel and outdoor wear, it's a dependable layer across the seasons.","<p><strong>Fabric:</strong> 100% Polyester</p><ul><li>Outer: 100% breathable polyester for lightweight comfort and durability</li><li>Bonded contrast textured micro-ribbed fleece lining for warmth and insulation</li><li>Stand-up collar with a soft chin guard for added comfort and protection</li><li>Adjustable cuffs with tab closures for a personalised fit</li><li>Contrast side zip pockets with toggle pullers for secure everyday storage</li><li>Scalloped longer back hem for added warmth and coverage</li><li>Two-way front zip with movable sliders for greater flexibility and ease of movement</li><li>Lightweight construction suitable for year-round layering</li><li>Ideal for corporate, outdoor and active workplace environments</li></ul>"
Men's Soft Shell Vest,mens-soft-shell-vest-j3881,J3881,"XS - 3XL, 5XL",black; navy,outerwear,corporate; healthcare; retail; government,Fashion Biz,,Men,<ul><li>Bonded softshell jacket with micro fleece lining</li><li>Wind-resistant warmth and everyday comfort</li><li>Two-way front zip for enhanced mobility</li><li>Secure zip pockets with audio access</li><li>Professional layering for work and outdoors</li></ul>,"Built for comfort in cooler conditions, this bonded softshell jacket delivers dependable warmth, protection and everyday functionality. The bonded micro fleece lining provides lightweight insulation, while the two-way front zip and stand-up collar enhance comfort throughout the day. Practical storage and audio access make it an ideal outer layer for work, travel and active lifestyles.","<p><strong>Fabric:</strong> 100% Bonded Polyester</p><ul><li>Outer: 100% bonded polyester for durability and everyday performance</li><li>Polyester knit fabric bonded with soft micro fleece lining for lightweight warmth</li><li>Two-way front zip with wind flap, stand-up collar and chin guard for added weather protection</li><li>Vertical right chest zip pocket with premium metal puller and integrated audio port access</li><li>Two concealed front zip pockets with metal pullers for secure everyday storage</li><li>Lightweight construction ideal for year-round layering</li><li>Durable design suitable for everyday professional and outdoor wear</li><li>Ideal for corporate, outdoor and active workplace environments</li></ul>"
Ladies Geneva Vest,ladies-geneva-vest-j404l,J404L,S - 2XL,black-cyan; black-graphite; black-red; navy-graphite,outerwear,corporate; healthcare; retail; government,Fashion Biz,vests,Women,<ul><li>Bonded micro-rib fleece jacket</li><li>Lightweight warmth and everyday comfort</li><li>Two-way front zip for added flexibility</li><li>Secure contrast zip pockets</li><li>Longer back hem for extra coverage</li></ul>,"Designed for reliable warmth and everyday versatility, this bonded fleece jacket combines lightweight comfort with practical performance. The durable polyester outer and bonded micro-ribbed fleece lining provide warmth without bulk, while thoughtful details like the two-way front zip and longer back hem ensure all-day comfort. Ideal for work, travel and outdoor wear, it's a dependable layering piece for cooler conditions.","<p><strong>Fabric:</strong> 100% Polyester</p><ul><li>Outer: 100% polyester for lightweight durability</li><li>Bonded contrast textured micro-ribbed fleece lining for warmth and comfort</li><li>Stand-up collar with a soft chin guard for added protection and comfort</li><li>Contrast side zip pockets with toggle pullers for secure everyday storage</li><li>Scalloped longer back hem for additional warmth and coverage</li><li>Two-way front zip with movable sliders for enhanced flexibility and ease of movement</li><li>Lightweight construction ideal for year-round layering</li><li>Durable design suitable for everyday professional and outdoor wear</li><li>Ideal for corporate, outdoor and active workplace environments</li></ul>"
Unisex Sphere Jacket,unisex-sphere-jacket-j428u,J428U,"5XL, XXS - 3XL",black,outerwear,corporate; healthcare; retail; government,Fashion Biz,jackets; soft-shells; sustainable,Unisex,<ul><li>Extra-long insulated waterproof jacket</li><li>Windproof and seam-sealed protection</li><li>Recycled insulation for sustainable warmth</li><li>Adjustable hood and waist for a personalised fit</li><li>Two-way zip for enhanced comfort and mobility</li></ul>,"Built to tackle cold, wet weather with confidence, this extra-long quilted BIZ TECH™ jacket delivers exceptional warmth and weather protection without compromising on comfort. Featuring a seam-sealed waterproof construction, windproof performance and recycled insulation, it's designed to keep you warm and dry through the toughest conditions. Thoughtful details including an adjustable hood, hidden waist adjustment and two-way zip make it a practical choice for work, travel and outdoor environments.","<p><strong>Fabric:</strong> 100% Polyester; Quilted With Recycled Polyester Lining And Poly-Fil; UPF Rating 50+</p><ul><li>100% polyester outer with recycled polyester lining and poly-fill insulation</li><li>UPF 50+ sun protection for added outdoor performance</li><li>Seam-sealed waterproof construction for reliable protection in wet weather</li><li>Windproof design to help retain warmth in cold conditions</li><li>Extra-long quilted silhouette for superior warmth and coverage</li><li>Two-way front zip for greater comfort, flexibility and ease of movement</li><li>Adjustable hood for customised weather protection</li><li>Hidden internal waist adjustment cord for a personalised fit</li><li>Front zip pockets for secure everyday storage</li><li>Centre back V-opening at the hem for improved mobility</li><li>Internal embroidery access zip for easy custom decoration</li><li>Machine washable for convenient everyday care</li><li>Ideal for corporate, outdoor, healthcare and active workplace environments</li></ul>"
Men's Atlas Jacket,mens-atlas-jacket-j502m,J502M,S - 5XL,black; navy,outerwear,corporate; healthcare; retail; government,Fashion Biz,jackets; soft-shells; sustainable,Men,<ul><li>Made from 100% recycled polyester</li><li>Waterproof and breathable performance</li><li>Removable adjustable hood</li><li>Wind and weather protection</li><li>Designed for outdoor performance</li></ul>,"Built for unpredictable weather, this high-performance softshell jacket combines sustainable materials with advanced weather protection. Made from 100% recycled polyester, it features a waterproof, breathable membrane that keeps you dry while allowing excess heat to escape, ensuring lasting comfort during active days outdoors. Thoughtfully designed with adjustable features and practical storage, it's the perfect outer layer for work, travel and outdoor adventures.","<p><strong>Fabric:</strong> Outer: 100% Recycled Polyester; Bonded Mesh Lining: 100% Recycled Polyester</p><ul><li>Made from 100% recycled polyester for a more sustainable choice</li><li>High-performance softshell construction with advanced weather protection</li><li>BIZ TECH™ waterproof membrane rated to 10,000mm for reliable protection from rain</li><li>BIZ TECH™ breathability rating of 4,500g/m² for enhanced airflow and comfort</li><li>Stand-up collar with a soft chin guard for added warmth and protection</li><li>Removable zip-off hood with adjustable drawcord and toggles for versatile wear</li><li>Secure front zip pockets for convenient everyday storage</li><li>Adjustable hook-and-loop sleeve cuffs for a customised fit</li><li>Scalloped back hem for improved coverage and protection</li><li>Ideal for corporate, outdoor and active workplace environments</li></ul>"
Unisex Charger Jacket,unisex-charger-jacket-j510m,J510M,"XXS - 3XL, 5XL",black-fluoro-orange-grey; black-purple-grey; black-red-grey; black-royal-grey; green,outerwear,automotive,Fashion Biz,jackets,Unisex,<ul><li>Bonded fleece softshell jacket</li><li>Lightweight warmth and everyday comfort</li><li>Stand-up collar with soft chin guard</li><li>Secure contrast zip pockets</li><li>Longer back hem for added coverage</li></ul>,"Designed for reliable warmth without unnecessary bulk, this bonded fleece jacket is the perfect everyday layering piece. Featuring a durable polyester outer with a soft micro-ribbed fleece lining, it provides lasting comfort and insulation for cooler conditions. Practical storage, premium finishing details and a longer back hem make it an ideal choice for work, travel and outdoor wear.","<p><strong>Fabric:</strong> 100% Polyester</p><ul><li>Outer: 100% polyester for durability and everyday performance</li><li>Bonded micro-ribbed fleece lining for lightweight warmth and comfort</li><li>Stand-up collar with a soft chin guard for added protection and comfort</li><li>Contrast side zip pockets with toggle pullers for secure storage and easy access</li><li>Scalloped longer back hem for improved coverage and extra warmth</li><li>Lightweight construction ideal for layering throughout the seasons</li><li>Durable design suitable for everyday professional and outdoor wear</li><li>Ideal for corporate, hospitality and active workplace environments</li></ul>"
Ladies Apex Lightweight Softshell Jacket,ladies-apex-lightweight-softshell-jacket-j740l,J740L,XS - 2XL,black; grey; navy,outerwear,corporate; healthcare; retail; government,Fashion Biz,jackets; soft-shells,Women,<ul><li>Lightweight softshell jacket</li><li>Water-repellent and wind-resistant protection</li><li>Bonded fleece lining for added warmth</li><li>Stand-up collar with soft chin guard</li><li>Longer back hem for extra coverage</li></ul>,"Designed to provide reliable protection in changing weather conditions, this lightweight softshell jacket combines comfort, durability and everyday performance. The water-repellent outer and wind-resistant construction help shield you from the elements, while the bonded fleece lining delivers warmth without unnecessary bulk. Finished with thoughtful design details, it's an ideal outer layer for work, travel and everyday wear.","<p><strong>Fabric:</strong> 100% Polyester</p><ul><li>Outer: 100% polyester softshell fabric</li><li>Bonded textured fleece lining for warmth and comfort</li><li>Lightweight construction ideal for year-round layering</li><li>Water-repellent finish helps protect against light showers</li><li>Wind-resistant fabric for added protection in cooler conditions</li><li>Stand-up collar with a soft chin guard for enhanced comfort</li><li>Compatible with J744 Zippies to customise zip pulls and complement your branding</li><li>Scalloped longer back hem for additional warmth and coverage</li><li>Suitable for corporate, outdoor and everyday professional wear</li></ul>"
Men's Apex Lightweight Softshell Jacket,mens-apex-lightweight-softshell-jacket-j740m,J740M,"S - 3XL, 5XL",black; grey; navy,outerwear,corporate; healthcare; retail; government,Fashion Biz,jackets; soft-shells,Men,<ul><li>Lightweight softshell jacket</li><li>Water-repellent and wind-resistant protection</li><li>Bonded fleece lining for added warmth</li><li>Stand-up collar with soft chin guard</li><li>Longer back hem for extra coverage</li></ul>,"Built for changing weather conditions, this lightweight softshell jacket delivers the perfect balance of warmth, comfort and protection. The water-repellent outer and wind-resistant construction help shield you from the elements, while the bonded fleece lining provides soft insulation without unnecessary bulk. Designed with a longer back hem and practical features throughout, it's ideal for work, outdoor activities and everyday wear.","<p><strong>Fabric:</strong> 100% Polyester</p><ul><li>Outer: 100% polyester softshell fabric</li><li>Bonded textured fleece lining for warmth and comfort</li><li>Lightweight construction suitable for year-round layering</li><li>Water-repellent finish helps protect against light showers</li><li>Wind-resistant fabric for added protection in cooler conditions</li><li>Stand-up collar with a soft chin guard for enhanced comfort</li><li>Compatible with J744 Zippies to customise zip pulls and complement your branding</li><li>Scalloped longer back hem for additional warmth and coverage</li><li>Ideal for corporate, outdoor and everyday professional wear</li></ul>"
Ladies Expedition Quilted Jacket,ladies-expedition-quilted-jacket-j750l,J750L,XS – 2XL,navy,outerwear,corporate; healthcare; retail; government,TIG Wear,jackets; puffers,Women,<ul><li>Lightweight insulated ripstop vest</li><li>Hi-loft insulation for superior warmth</li><li>Water-repellent outer shell</li><li>Decoration-ready design for branding</li><li>Secure storage with multiple pockets</li></ul>,"Designed to provide exceptional warmth without unnecessary bulk, this lightweight insulated vest is built for everyday performance in cooler conditions. The durable ripstop outer features a water-repellent finish to help protect against light showers, while premium hi-loft insulation locks in warmth for lasting comfort. Practical storage and decoration-friendly panels make it an ideal choice for corporate uniforms, outdoor work and everyday wear.","<p><strong>Fabric:</strong> 100% Nylon</p><ul><li>Outer: 100% nylon ripstop with a light water-repellent finish</li><li>Lining: 100% polyester with 100% hi-loft polyfill insulation for lightweight warmth</li><li>Durable ripstop construction designed for everyday wear</li><li>Plain non-quilted yoke for easy embroidery and custom branding</li><li>Quilted front, back and upper body for enhanced warmth and a modern look</li><li>High stand-up collar with chin guard for added comfort and weather protection</li><li>Internal elastic armhole finish helps retain warmth and improve fit</li><li>Secure zip hand pockets for convenient everyday storage</li><li>Internal left chest pocket for additional organisation</li><li>Compatible with J744 Zippies for customisable zip pull branding</li><li>Ideal for corporate, outdoor and active workplace environments</li></ul>"
Men's Expedition Quilted Jacket,mens-expedition-quilted-jacket-j750m,J750M,"XS - 3XL, 5XL",black; navy,outerwear,corporate; healthcare; retail; government,Fashion Biz,jackets; puffers,Men,<ul><li>Lightweight insulated ripstop jacket</li><li>Water-repellent outer shell</li><li>Hi-loft insulation for lasting warmth</li><li>Decoration-friendly design</li><li>Secure zip pockets with custom branding options</li></ul>,"Designed to provide lightweight warmth and reliable everyday performance, this insulated ripstop jacket is ideal for work, travel and outdoor environments. The durable water-repellent outer helps protect against light showers, while hi-loft insulation delivers warmth without unnecessary bulk. Thoughtful design details and decoration-friendly panels make it an excellent choice for corporate uniforms and branded apparel.","<p><strong>Fabric:</strong> 100% Nylon Ripstop</p><ul><li>Outer: 100% nylon ripstop with a light water-repellent finish</li><li>Lining: 100% polyester with 100% hi-loft polyfill insulation for lightweight warmth</li><li>Durable ripstop construction designed for everyday wear</li><li>Plain non-quilted yoke for easy embroidery and custom branding</li><li>Quilted front, back and half sleeves for enhanced warmth and a modern look</li><li>High stand-up collar with chin guard for added comfort and weather protection</li><li>Internal elastic sleeve cuffs to help retain warmth</li><li>Secure zip hand pockets for convenient everyday storage</li><li>Internal left chest pocket for additional organisation</li><li>Compatible with J744 Zippies for customisable zip pull branding</li><li>Ideal for corporate, outdoor and active workplace environments</li></ul>"
Ladies Apex Vest,ladies-apex-vest-j830l,J830L,S - 2XL,black; grey; navy,outerwear,corporate; healthcare; retail; government,Fashion Biz,,Women,<ul><li>Lightweight softshell jacket</li><li>Water-repellent and wind-resistant protection</li><li>Bonded textured fleece lining</li><li>Stand-up collar with soft chin guard</li><li>Longer back hem for added coverage</li></ul>,"Designed to provide reliable comfort in changing weather conditions, this lightweight softshell jacket combines everyday performance with practical functionality. The water-repellent outer and wind-resistant construction help protect against the elements, while the bonded textured fleece lining delivers warmth without unnecessary bulk. Finished with a longer back hem and branding-ready details, it's an ideal choice for work, travel and outdoor wear.","<p><strong>Fabric:</strong> 100% Polyester</p><ul><li>Outer: 100% polyester for lightweight durability</li><li>Bonded textured fleece lining for warmth and everyday comfort</li><li>Lightly water-repellent finish helps protect against light showers</li><li>Wind-resistant construction for added protection in cooler conditions</li><li>Stand-up collar with a soft chin guard for enhanced comfort</li><li>Compatible with interchangeable J744 Zippies to customise zip pullers and complement your branding</li><li>Scalloped longer back hem for additional warmth and coverage</li><li>Lightweight design ideal for year-round layering</li><li>Suitable for corporate, outdoor and active workplace environments</li></ul>"
MEN'S_SUSTAINABLE_SOFTSHELL_CORPORATE_JACKET,mens-sustainable-softshell-corporate-jacket-jk63,JK63,XS - 7XL,black; navy,outerwear,corporate; healthcare; retail; government,Winning Spirit,jackets; soft-shells; sustainable,Men,<ul><li>Made from 100% certified recycled polyester</li><li>Water and wind resistant protection</li><li>Breathable three-layer performance fabric</li><li>Modern fit with wrinkle-free finish</li><li>Functional storage for everyday essentials</li></ul>,"Designed for professionals who need reliable weather protection with a sustainable edge, this performance jacket is crafted entirely from certified recycled polyester. The three-layer laminated construction delivers breathable comfort while shielding you from wind and light rain, making it ideal for work and everyday wear. With a modern fit, wrinkle-free finish and practical storage throughout, it's built for comfort, durability and versatility.","<p><strong>Fabric:</strong> 100% Certified Recycled PET Polyester</p><ul><li>Made from 100% certified recycled polyester for a more sustainable choice</li><li>Three-layer laminated construction with a breathable, water-resistant membrane</li><li>Water and wind resistant for reliable protection in changing conditions</li><li>Modern fit for a clean, contemporary silhouette</li><li>Wrinkle-free fabric for a polished appearance with minimal maintenance</li><li>Mandarin-style collar for additional coverage and a streamlined look</li><li>Full zip closure extending to the chin to help keep warmth in and wind out</li><li>Adjustable hook-and-loop cuffs for a customised fit</li><li>Deep vertical side pockets with secure zip closures</li><li>Large internal mesh utility pockets for convenient storage</li><li>Ideal for corporate, outdoor and active workplace environments</li></ul>"
Montreal Cool Vent Chef Jacket,montreal-cool-vent-chef-jacket-jlcv,JLCV,XS - 5XL,black; blue; grey; white,outerwear,hospitality,Chef Works,jackets,Unisex,<ul><li>Lightweight Cool Vent™ chef jacket</li><li>Breathable back ventilation panel</li><li>Traditional double-breasted styling</li><li>Functional thermometer and chest pockets</li><li>Classic professional kitchen design</li></ul>,"Designed for busy commercial kitchens, this lightweight chef jacket combines traditional styling with modern comfort. The Cool Vent™ back yoke enhances airflow to help keep you cool during demanding shifts, while the double-breasted design delivers a timeless professional appearance. Practical storage and durable construction make it an essential choice for chefs who need comfort, performance and reliability.","<p><strong>Fabric:</strong> 35% Cotton Blend, 65% Polyester</p><ul><li>65% polyester, 35% cotton blend for durability and everyday comfort</li><li>Lightweight 160 GSM fabric ideal for warm kitchen environments</li><li>Cool Vent™ back yoke for enhanced breathability and airflow</li><li>Traditional double-breasted design for a professional finish</li><li>Durable cloth-covered buttons for a premium appearance</li><li>Short sleeves for unrestricted movement and cooling comfort</li><li>Left chest patch pocket for convenient everyday storage</li><li>Left sleeve thermometer pocket for quick access to essential kitchen tools</li><li>Available in classic black or white colourways</li><li>Available in sizes XS–5XL</li><li>Ideal for chefs, hospitality professionals and commercial kitchen environments</li></ul>"
Unisex - Knowledge Holders Black Bamboo (Simpson) Polo Shirt,unisex-knowledge-holders-black-bamboo-simpson-polo-shirt-knowledge-yarn-unisex,KNOWLEDGE-YARN-UNISEX,S - 8XL,black,tops,,Yarn Corp,first-nations,Unisex,<ul><li>Meaningful First Nations artwork</li><li>Honours Elders and Knowledge Holders</li><li>Celebrates guidance and cultural legacy</li><li>Symbolic connection to Country</li><li>Created to inspire respect and pride</li></ul>,"Featuring the Knowledge Holders artwork, this polo honours the Elders whose wisdom, strength and leadership have shaped generations of Aboriginal and Torres Strait Islander communities. The design acknowledges their lifelong dedication to preserving culture, nurturing future generations and guiding communities with love and resilience. Symbolising connection to Country and the enduring legacy of cultural knowledge, this meaningful artwork is designed to be worn with pride.","<p><strong>Fabric:</strong> 100% Polyester</p><ul><li>Features the Knowledge Holders artwork, celebrating the wisdom and leadership of Aboriginal and Torres Strait Islander Elders</li><li>The figures at the forefront represent Elders who have paved the way for their families and communities through guidance, resilience and care</li><li>Honours the invaluable contributions of Elders in preserving culture, sharing knowledge and nurturing future generations</li><li>The landscape in the background symbolises the lands we walk on and our enduring connection to Country</li><li>Represents respect, gratitude and recognition for those who continue to inspire and strengthen communities</li><li>Encourages reflection on the importance of cultural knowledge, leadership and intergenerational learning</li><li>Suitable for NAIDOC Week, Reconciliation initiatives, community organisations, schools, councils and corporate programs</li><li>Designed to be worn with pride while celebrating the enduring legacy of Aboriginal and Torres Strait Islander Elders and their connection to Country</li></ul>"
Ladies Plain Oasis 3/4 Sleeve Shirt,ladies-plain-oasis-3-4-sleeve-shirt-lb3600,LB3600,6 - 26,charcoal; electric-blue; grape; navy; teal; white,tops,healthcare,Fashion Biz,shirts; long-sleeve,Women,<ul><li>Breathable performance fabric for all-day comfort</li><li>Moisture-wicking technology to help keep you cool</li><li>UPF protection for outdoor wear</li><li>Versatile styling that can be worn tucked in or untucked</li></ul>,"Designed for comfort and practicality, the Ladies Plain Oasis 3/4 Sleeve Shirt is crafted from lightweight performance fabric that helps keep you cool throughout the day. The breathable, moisture-wicking construction makes it ideal for active workplace environments, while the open neckline and slimline placket create a clean, modern look. The curved hemline allows for versatile styling, whether worn tucked in or untucked.",<p><strong>Fabric:</strong> 100% Yarn Wicked Breathable Polyester</p><ul><li>100% yarn wicked breathable polyester</li><li>Biz Comfortcool™ performance fabric</li><li>Moisture-wicking fabric</li><li>UPF rating – Very Good</li><li>Open neckline</li><li>Slimline placket</li><li>Curved hemline</li><li>Can be worn tucked in or untucked</li><li>3/4 sleeve styling</li></ul>
Ladies Plain Oasis Short Sleeve Shirt,ladies-plain-oasis-short-sleeve-shirt-lb3601,LB3601,6 - 26,black; charcoal; cherry; electric-blue; grape; mid-blue; navy; teal; white,tops,healthcare,Fashion Biz,shirts; short-sleeve,Women,<ul><li>Breathable performance fabric</li><li>Lightweight design for everyday comfort</li><li>Modern open neckline styling</li><li>Can be worn tucked in or untucked</li></ul>,"Designed for comfort and versatility, this short sleeve shirt features a clean, modern silhouette suitable for a variety of workplace settings. The breathable polyester fabric offers lightweight wear, while the open neckline and slimline placket create a smart and contemporary appearance.",<p><strong>Fabric:</strong> 100% Yarn Wicked Breathable Polyester</p><ul><li>100% yarn wicked breathable polyester</li><li>Open neckline</li><li>Slimline placket</li><li>Curved hemline</li><li>Can be worn tucked in or untucked</li></ul>
Unisex - Legacy Polo Shirt,unisex-legacy-polo-shirt-legacy-yarn-unisex,LEGACY-YARN-UNISEX,S - 8XL,multi-coloured,tops,,Yarn Corp,first-nations,Unisex,<ul><li>Meaningful First Nations artwork</li><li>Celebrates legacy and cultural knowledge</li><li>Honours Elders and future generations</li><li>Symbolic storytelling design</li><li>Created to inspire pride and connection</li></ul>,"Featuring the Legacy artwork, this polo celebrates the enduring legacy of Aboriginal and Torres Strait Islander knowledge, culture and mentorship. The design honours the Elders whose generosity and guidance have inspired future generations to carry culture forward, creating a lasting cycle of learning, leadership and community. Representing the powerful impact of shared knowledge across generations, this meaningful artwork is designed to be worn with pride.","<p><strong>Fabric:</strong> 100% Polyester</p><ul><li>Features the Legacy artwork, celebrating the passing of cultural knowledge, wisdom and leadership across generations</li><li>Honours the Elders whose guidance, generosity and mentorship continue to shape communities and future leaders</li><li>Represents the journey of learning, where cultural knowledge is shared, embraced and carried forward by younger generations</li><li>Celebrates the strength of community and the lasting relationships built through education, mentorship and connection</li><li>Recognises the next generation who continue to work with and support Aboriginal and Torres Strait Islander young people, ensuring culture remains strong and thriving</li><li>Symbolises the enduring cycle of knowledge, respect and leadership that strengthens communities for generations to come</li><li>Encourages meaningful conversations about cultural continuity, mentorship and the importance of investing in future generations</li><li>Suitable for NAIDOC Week, Reconciliation initiatives, community organisations, schools, councils and corporate programs</li><li>Designed to be worn with pride while celebrating the enduring legacy of Aboriginal and Torres Strait Islander peoples and the generations who continue to inspire the future</li></ul>"
Arc Eco Square Wireless Charger,arc-eco-square-wireless-charger-ll0226,LL0226,,white,accessories,,Logo Line,promotional-merchandise; sustainable,,<ul><li>Eco-friendly wireless charger</li><li>Made with 50% wheat fibre</li><li>Fast and convenient cable-free charging</li><li>Compatible with Qi-enabled devices</li><li>Includes 12-month warranty</li></ul>,"Charge your devices the sustainable way with the Square Arc Eco Wireless Charger. Crafted from 50% wheat fibre, it combines environmentally conscious materials with reliable wireless charging technology for everyday convenience. Simply connect the charger using the included micro-USB cable, place your compatible device on the charging pad, and enjoy effortless cable-free power at home, in the office or on your desk.","<ul><li>Made from 50% wheat fibre for a more sustainable alternative to traditional plastic chargers</li><li>Compatible with Qi-enabled smartphones that support wireless charging</li><li>Simply place your device on the charging pad for convenient cable-free charging</li><li>Includes a micro-USB cable for quick and easy connection to a power source</li><li>Inductive charging indicator provides visual confirmation when charging is active</li><li>Compact, modern design fits neatly on desks, bedside tables and workstations</li><li>Ideal for everyday use at home, in the office or while travelling</li><li>Backed by a 12-month limited technology warranty for added peace of mind</li><li>Ideal for corporate gifts, employee welcome packs, promotional campaigns and executive desk accessories</li></ul>"
Vienna Coffee Cup / Silicone Lid,vienna-coffee-cup-silicone-lid-ll0427,LL0427,,black; blue; green; navy; orange; pink; purple; red; teal; white; yellow,accessories,,Logo Line,promotional-merchandise; drinkware,,<ul><li>Premium borosilicate glass coffee cup</li><li>Heat-resistant silicone grip</li><li>Secure silicone lid</li><li>Suitable for hot and cold drinks</li><li>Customisable branding options</li></ul>,"Designed for everyday convenience, the Vienna Coffee Cup combines premium materials with a clean, modern aesthetic. Crafted from durable borosilicate glass, it's suitable for both hot and cold beverages, while the silicone sleeve provides a comfortable, heat-resistant grip for everyday use. Finished with a secure silicone lid and custom branding options, it's an ideal reusable cup for commuting, the office or corporate gifting.","<ul><li>Premium 320ml borosilicate glass construction offers excellent durability and thermal shock resistance</li><li>Suitable for both hot and cold beverages, making it ideal for year-round use</li><li>Heat-resistant silicone sleeve provides a comfortable, non-slip grip while helping protect hands from hot drinks</li><li>Matching silicone lid offers a secure fit for convenient everyday use</li><li>Lid and silicone sleeve colours can be customised to complement your branding or corporate identity</li><li>Reusable design provides a sustainable alternative to single-use takeaway cups</li><li>Presented in a kraft tuck box with a display window, allowing branded decoration to remain visible while packaged</li><li>Hand washing is recommended to help preserve the appearance and longevity of custom branding</li><li>Ideal for corporate gifts, employee welcome packs, promotional campaigns, cafés and everyday use</li></ul>"
Vienna Coffee Cup / Snap Lid / Cork Band,vienna-coffee-cup-snap-lid-cork-band-ll0461,LL0461,,white,accessories,,Logo Line,promotional-merchandise; drinkware; sustainable,,<ul><li>Premium borosilicate glass coffee cup</li><li>Natural cork heat-resistant grip</li><li>Secure snap lid for easy sipping</li><li>Suitable for hot and cold drinks</li><li>Customisable branding options</li></ul>,"Designed for everyday coffee lovers, the Vienna Coffee Cup combines premium materials with a clean, natural aesthetic. Crafted from durable borosilicate glass, it comfortably holds both hot and cold beverages, while the natural cork band provides a comfortable, heat-resistant grip. Finished with a secure snap lid and custom branding options, it's a stylish reusable cup ideal for commuting, the office or corporate gifting.","<ul><li>Premium 320ml borosilicate glass construction offers exceptional durability and thermal shock resistance</li><li>Suitable for both hot and cold beverages, making it ideal for everyday use throughout the year</li><li>Natural cork band provides a comfortable, heat-resistant grip while adding a premium organic finish</li><li>Polypropylene snap lid with silicone drinking tab allows for easy, controlled sipping while on the move</li><li>Lid and silicone snap piece colours can be customised to complement your branding or corporate identity</li><li>Reusable design provides a sustainable alternative to single-use takeaway cups</li><li>Presented in a kraft tuck box with a display window, allowing branded decoration to remain visible while packaged</li><li>Durable construction designed for commuting, office use and everyday coffee enjoyment</li><li>Ideal for corporate gifts, employee welcome packs, promotional campaigns, cafés and everyday use</li></ul>"
Tourist A5 Notebook,tourist-a5-notebook-ll0944,LL0944,,brown,accessories,,Logo Line,promotional-merchandise; sustainable,,"<ul><li>Eco-friendly A5 notebook</li><li>Recyclable cardboard cover</li><li>Compact everyday design</li><li>Lined pages for easy note-taking</li><li>Ideal for work, study and events</li></ul>","The Tourist A5 Notebook combines practical functionality with a clean, eco-conscious design. Featuring a recyclable natural cardboard cover with a modern black accent, it's perfect for capturing notes, ideas and sketches throughout the day. Compact, lightweight and easy to carry, it's an ideal companion for the office, classroom, meetings and promotional events.","<ul><li>Recyclable natural cardboard cover offers a lightweight, environmentally conscious alternative to traditional notebook covers</li><li>Contemporary black accent along the right edge creates a clean, modern appearance</li><li>A5 size provides a convenient format for everyday note-taking, meetings and travel</li><li>Includes 24 leaves (48 lined white pages) made from 70GSM paper for smooth, comfortable writing</li><li>Spiral-free construction delivers a slim, lightweight profile that&#x27;s easy to carry in bags and folders</li><li>Durable construction designed for everyday personal and professional use</li><li>Compact dimensions of 150mm × 208mm make it ideal for work, study and travel</li><li>Made from recyclable cardboard and paper, supporting more sustainable stationery choices</li><li>Ideal for corporate gifts, conferences, training sessions, promotional events, schools and everyday note-taking</li></ul>"
Stone Paper Notebook,stone-paper-notebook-ll9753,LL9753,,brown,accessories,,Logo Line,promotional-merchandise; sustainable,,<ul><li>Innovative stone paper notebook</li><li>Water and tear-resistant pages</li><li>Recycled cardboard cover</li><li>Durable eco-conscious design</li><li>Smooth premium writing surface</li></ul>,"Designed for durability and sustainability, the Stone Paper Notebook is built to perform wherever your day takes you. Featuring innovative stone paper made from recycled construction materials, it delivers a smooth writing experience while resisting water, tears, grease and everyday wear. Finished with a recycled cardboard cover and spiral binding, it's the ideal notebook for work, travel and outdoor environments.","<ul><li>Durable recycled cardboard cover with side spiral binding for easy page turning and long-lasting use</li><li>Contains 68 leaves (136 lined pages) of premium 120GSM stone paper</li><li>Stone paper is made from recycled construction materials and plasticiser, providing a more sustainable alternative to traditional paper</li><li>Water-resistant pages help protect notes from accidental spills and wet conditions</li><li>Tear-resistant construction withstands everyday handling and demanding environments</li><li>Grease-proof and antibacterial paper helps maintain a cleaner writing surface</li><li>Smooth finish provides an exceptional writing experience with pens and can also be marked using metal objects</li><li>Recycled symbol die-cut on the cover highlights the notebook&#x27;s eco-conscious construction</li><li>Ideal for offices, construction sites, fieldwork, travel, conferences and everyday note-taking</li></ul>"
Amazon Bamboo Notebook,amazon-bamboo-notebook-ll9757,LL9757,,bamboo; brown,accessories,,Logo Line,promotional-merchandise; sustainable,,<ul><li>Eco-friendly bamboo notebook</li><li>Recycled lined paper pages</li><li>Includes matching bamboo pen</li><li>Secure elastic closure</li><li>Sustainable everyday stationery</li></ul>,"Designed with sustainability in mind, the Amazon Bamboo Notebook combines natural materials with practical everyday functionality. Featuring a premium bamboo cover, recycled lined pages and a matching bamboo ballpoint pen, it's the perfect companion for meetings, study or everyday note-taking. Thoughtfully crafted using renewable materials, it offers a stylish and eco-conscious alternative to traditional notebooks.","<ul><li>Natural bamboo cover provides a durable, premium finish while showcasing a renewable material</li><li>Spiral-bound design allows pages to lay flat for comfortable writing</li><li>Includes 70 leaves (140 lined pages) of recycled 70GSM paper for everyday note-taking</li><li>Matching bamboo and silver push-button ballpoint pen is included for added convenience</li><li>Elastic closure keeps notes secure during travel and daily use</li><li>Bamboo is one of the world&#x27;s fastest-growing renewable resources, making it an environmentally conscious material choice</li><li>Recycled symbol printed on every page reinforces the notebook&#x27;s sustainable design</li><li>Durable construction suitable for meetings, study, travel and everyday use</li><li>Ideal for corporate gifts, conferences, promotional events, employee welcome packs and environmentally conscious organisations</li></ul>"
Ladies Milano Vest,ladies-milano-vest-lv619l,LV619L,XS - 3XL,black; charcoal; navy,outerwear,corporate; healthcare; retail; government,Fashion Biz,knitwear,Women,<ul><li>Classic V-neck knit pullover</li><li>Wool blend for natural warmth</li><li>Machine washable for easy care</li><li>Contemporary professional styling</li><li>Lightweight everyday layering piece</li></ul>,"A timeless wardrobe essential, this contemporary V-neck knit delivers the perfect balance of warmth, comfort and professional style. Crafted from a premium wool blend, it offers natural insulation with the durability and easy-care benefits of acrylic. Lightweight and versatile, it's ideal for layering over shirts or polos in corporate, hospitality and everyday workplace environments.","<p><strong>Fabric:</strong> 50% Wool, 50% Acrylic</p><ul><li>50% pre-shrunk wool, 50% acrylic, 12-gauge knit</li><li>Wool blend provides natural warmth, softness and breathability</li><li>Pre-shrunk construction helps maintain shape and fit over time</li><li>Contemporary V-neck styling for a clean, professional appearance</li><li>Lightweight knit ideal for year-round layering</li><li>Machine washable on a wool setting for easy everyday care</li><li>Durable construction designed for regular professional wear</li><li>Suitable for corporate, hospitality and everyday workplace environments</li></ul>"
Men's V-Neck Contrast Trim Scrub Top,mens-v-neck-contrast-trim-scrub-top-m7650,M7650,XS - 5XL,navy-navy,tops,healthcare,Winning Spirit,scrubs,Men,<ul><li>Stretch V-neck scrub top</li><li>Permanent antimicrobial protection</li><li>Moisture-wicking performance fabric</li><li>Functional multi-pocket design</li><li>Industrial laundry compliant</li></ul>,"Designed in Australia for demanding healthcare environments, this modern stretch scrub top combines lasting comfort with practical functionality. The two-way stretch fabric moves with you throughout every shift, while permanent antimicrobial protection and moisture-wicking technology help keep you feeling fresh and comfortable. Finished with functional storage, side splits and industrial laundry compliance, it's built for long-lasting professional performance.","<p><strong>Fabric:</strong> 65% Polyester/33% Cotton/2% Elastane</p><ul><li>Designed in Australia for healthcare professionals</li><li>Two-way stretch fabric provides enhanced comfort and unrestricted freedom of movement</li><li>Permanent antimicrobial protection helps maintain freshness and reduce odour-causing bacteria</li><li>Moisture-wicking fabric keeps you cool, dry and comfortable throughout the day</li><li>Multi-functional pockets provide practical storage for everyday healthcare essentials</li><li>Side splits improve mobility and all-day comfort</li><li>Front pocket stitching matches the contrast V-neck, allowing easy role differentiation where required</li><li>Industrial laundry compliant for reliable performance in commercial healthcare laundering processes</li><li>Packaged using more sustainable packaging solutions</li><li>Ideal for hospitals, medical clinics, aged care, veterinary practices and allied health professionals</li></ul>"
Ladies Scrub V-Neck Contrast Trim Top,ladies-scrub-v-neck-contrast-trim-top-m7660,M7660,2XS-5XL,navy-charcoal,tops,healthcare,Winning Spirit,scrubs,Women,<ul><li>Stretch contrast V-neck scrub top</li><li>Antimicrobial freshness protection</li><li>Functional multi-pocket design</li><li>Side splits for enhanced movement</li><li>Industrial laundry compliant</li></ul>,"Designed for busy healthcare professionals, this stretch V-neck scrub top combines all-day comfort with practical performance. The flexible fabric and side splits provide unrestricted movement, while multiple functional pockets keep essential tools close at hand. Finished with antimicrobial protection and industrial laundry compliance, it's built to withstand the demands of healthcare environments while maintaining a fresh, professional appearance.","<p><strong>Fabric:</strong> 65% Polyester, 33% Cotton, 2% Elastane</p><ul><li>Stretch fabric provides enhanced comfort and unrestricted freedom of movement</li><li>Contrast V-neck design creates a modern, professional look</li><li>Multiple functional pockets offer convenient storage for everyday healthcare essentials</li><li>Side splits improve mobility and comfort during long shifts</li><li>Antimicrobial treatment helps maintain freshness and reduces odour-causing bacteria between washes</li><li>Industrial laundry compliant for reliable performance in commercial healthcare laundering processes</li><li>Durable construction designed for demanding healthcare environments</li><li>Ideal for hospitals, medical clinics, aged care, veterinary practices and allied health professionals</li></ul>"
Men's Boston Chino,mens-boston-chino-m9380,M9380,72 - 127,black; dark-grey; dark-stone; navy; olive; toffee,bottoms,corporate; hospitality; retail,Winning Spirit,pants; chinos,Men,<ul><li>Slim fit stretch chino pants</li><li>Smart business casual styling</li><li>Stretch fabric for everyday comfort</li><li>Functional front and back pockets</li><li>Exceptional value for professional wear</li></ul>,"Designed for modern business casual dressing, the Boston Slim Fit Stretch Chinos combine clean tailoring with everyday comfort. Their contemporary slim fit creates a polished silhouette, while the stretch fabric provides unrestricted movement throughout the day. Perfect for the office or smart-casual occasions, they deliver exceptional value without compromising on style or performance.","<p><strong>Fabric:</strong> 97% Cotton, 3% Elastane</p><ul><li>Slim fit silhouette for a modern, tailored appearance</li><li>Stretch fabric for enhanced comfort and ease of movement</li><li>Two side pockets for convenient everyday storage</li><li>Two back pockets for added functionality</li><li>Top-stitched hems for a durable, refined finish</li><li>Smart business casual styling suitable for work or weekend wear</li><li>Designed for everyday comfort and long-lasting wear</li><li>Ideal for corporate, hospitality and smart-casual environments</li></ul>"
Men's Stretch Slimfit Boston Chino Shorts,mens-stretch-slimfit-boston-chino-shorts-m9381,M9381,72 - 127,black; dark-grey; navy; stone,bottoms,hospitality; retail,Winning Spirit,pants; chinos,Men,<ul><li>Slim fit stretch chino shorts</li><li>Smart business casual styling</li><li>Stretch fabric for everyday comfort</li><li>Functional front and back pockets</li><li>Above-knee modern fit</li></ul>,"Designed for effortless business casual style, the Boston Slim Fit Chino Shorts combine contemporary tailoring with everyday comfort. Crafted with added stretch for unrestricted movement, they deliver a clean, modern silhouette that's ideal for work, weekends and everything in between. Practical pocketing and an above-knee length make them a versatile wardrobe staple for warmer days.","<p><strong>Fabric:</strong> 97% Cotton, 3% Elastane</p><ul><li>Slim fit design for a modern, tailored silhouette</li><li>Stretch fabric for enhanced comfort and freedom of movement</li><li>Comfortable fit designed for all-day wear</li><li>Two side pockets for convenient everyday storage</li><li>Two back pockets for added functionality</li><li>Above-knee length for a contemporary, versatile look</li><li>Smart business casual styling suitable for work or weekend wear</li><li>Ideal for corporate, hospitality and everyday casual environments</li></ul>"
Ladies Boston Chino,ladies-boston-chino-m9390,M9390,6 - 26,black; dark-grey; navy; olive; stone; toffee,bottoms,corporate; hospitality; retail,Winning Spirit,pants; chinos,Women,<ul><li>Slim fit stretch chino pants</li><li>Smart business casual styling</li><li>Stretch fabric for everyday comfort</li><li>Functional front and back pockets</li><li>Modern tailored silhouette</li></ul>,"Designed for effortless business casual dressing, the Boston Slim Fit Chino Pants combine contemporary tailoring with everyday comfort. The flattering slim fit creates a streamlined silhouette, while the stretch fabric allows unrestricted movement throughout the day. Finished with practical pocketing and refined detailing, they're a versatile wardrobe essential for work and smart-casual occasions.","<p><strong>Fabric:</strong> 97% Cotton, 3% Elastane</p><ul><li>Slim fit silhouette for a modern, tailored appearance</li><li>Stretch fabric for enhanced comfort and freedom of movement</li><li>Two front slant pockets for convenient everyday storage</li><li>One back pocket for added functionality</li><li>Top-stitched hems for a durable, refined finish</li><li>Designed for lasting comfort throughout the day</li><li>Smart business casual styling suitable for work or weekend wear</li><li>Ideal for corporate, hospitality and everyday casual environments</li></ul>"
Ladies Stretch Slimfit Boston Chino Shorts,ladies-stretch-slimfit-boston-chino-shorts-m9391,M9391,6 - 26,black; dark-grey; navy; stone; toffee,bottoms,hospitality; retail,Winning Spirit,pants; chinos,Women,<ul><li>Slim fit stretch chino shorts</li><li>Business casual professional styling</li><li>Stretch fabric for everyday comfort</li><li>Functional front and back pockets</li><li>Above-knee modern fit</li></ul>,"Designed for effortless business casual style, the Boston Slim Fit Chino Shorts combine contemporary tailoring with everyday comfort. Crafted with added stretch for unrestricted movement, they deliver a flattering slim fit that's perfect for warmer weather. Functional pocketing and a clean above-knee silhouette make them a versatile choice for work and casual wear alike.","<p><strong>Fabric:</strong> 97% Cotton, 3% Elastane</p><ul><li>Slim fit design for a modern, tailored silhouette</li><li>Stretch fabric for enhanced comfort and freedom of movement</li><li>Comfortable fit designed for all-day wear</li><li>Two front slant pockets for convenient everyday storage</li><li>One back pocket for added functionality</li><li>Above-knee length for a contemporary, versatile look</li><li>Smart business casual styling suitable for work or weekend wear</li><li>Ideal for corporate, hospitality and everyday casual environments</li></ul>"
Unisex - Mountains White Bamboo (Simpson) Polo Shirt,unisex-mountains-white-bamboo-simpson-polo-shirt-mountains-yarn-unisex,MOUNTAINS-YARN-UNISEX,S - 8XL,white,tops,,Yarn Corp,first-nations,Unisex,<ul><li>Meaningful First Nations artwork</li><li>Celebrates Country and connection</li><li>Inspired by the beauty of the hinterland</li><li>Symbolic storytelling design</li><li>Created to inspire pride and belonging</li></ul>,"Featuring the Mountains artwork, this polo celebrates the beauty, peace and connection found in Country. Inspired by the sun rising and setting across the hinterland, the design reflects the warmth, strength and togetherness that the landscape inspires. As the artist's very first publicly released artwork, it holds a deeply personal significance and captures the enduring connection between people, place and culture.","<p><strong>Fabric:</strong> 100% Polyester</p><ul><li>Features the Mountains artwork, inspired by the beauty and tranquillity of the hinterland landscape</li><li>Symbolises the sun rising and setting over the mountains, celebrating the natural beauty of Country and its ability to bring people together</li><li>Represents the artist&#x27;s deep personal connection to the landscape and the special memories created within it</li><li>Marks the artist&#x27;s first publicly released artwork, making it a significant milestone in their creative journey</li><li>Reflects the importance of Country as a place of belonging, connection, reflection and cultural identity</li><li>Celebrates the beauty of nature and the shared experiences that unite communities through place and story</li><li>Suitable for NAIDOC Week, Reconciliation initiatives, community organisations, schools, councils and corporate programs</li><li>Designed to be worn with pride while honouring the enduring connection between Country, culture and community</li></ul>"
The Gravity 3+1 Metal Pen,the-gravity-3-1-metal-pen-p093,P093,,black; grey,accessories,,Promo Brands,promotional-merchandise; pens,,"<ul><li>4-in-1 multifunction metal pen</li><li>Three ink colours plus pencil</li><li>Smooth click-to-select mechanism</li><li>Durable metal construction</li><li>Ideal for work, study and trade</li></ul>","Designed for versatility and convenience, the Gravity 3+1 Metal Pen combines four essential writing tools into one sleek design. Featuring black, red and blue ballpoint pens alongside a 0.5mm mechanical pencil, it allows you to switch effortlessly between writing options with a simple click mechanism. Built from durable metal and finished with a practical pocket clip, it's the perfect companion for the office, classroom or worksite.","<ul><li>Durable metal construction delivers a premium feel and long-lasting performance</li><li>Four writing functions include black, red and blue ballpoint pens plus a 0.5mm mechanical pencil</li><li>Simple click-and-select mechanism allows quick switching between writing colours and pencil mode</li><li>Retractable design protects tips when not in use and keeps pockets and bags clean</li><li>Integrated pocket clip keeps the pen secure and easily accessible throughout the day</li><li>Slim, ergonomic profile provides a comfortable grip for extended writing sessions</li><li>Available in Black and Silver to suit a wide range of branding requirements</li><li>Ideal for offices, schools, universities, construction, trade professionals and promotional giveaways</li><li>Product diMen&#x27;sions: 147mm long × 7mm diameter</li></ul>"
Ladies Ice Polo,ladies-ice-polo-p112ls,P112LS,8 - 24,black; navy; white,tops,corporate; healthcare,Fashion Biz,polos; short-sleeve,Women,"<ul><li>Premium combed cotton polo</li><li>Soft, breathable natural cotton</li><li>Matching knitted collar and slimline placket</li><li>Reinforced twin needle construction</li><li>Easy rebranding with tear-away label</li></ul>","Crafted from premium combed cotton, this polo delivers exceptional softness, breathability and all-day comfort. Featuring a refined slimline placket, matching knitted collar and quality construction throughout, it offers a polished look suitable for a wide range of professional environments. Reinforced stitching and an easy tear-away neck label make it a durable and practical choice for branded uniforms.","<p><strong>Fabric:</strong> 100% Combed Cotton</p><ul><li>100% Premium Combed Cotton</li><li>185 GSM fabric weight</li><li>Soft, breathable natural cotton fabric</li><li>Matching knitted collar with slimline placket</li><li>Twin needle stitched sleeves and hem for added durability</li><li>Taped shoulder seams for improved fit and shape retention</li><li>Easy tear-away neck label for simple rebranding</li><li>Sizes: 8–24</li></ul>"
Men's Ice Polo,mens-ice-polo-p112ms,P112MS,"S - 3XL, 5XL",black; navy; white,tops,corporate; healthcare,Fashion Biz,polos; short-sleeve,Men,"<ul><li>Premium combed cotton polo</li><li>Soft, breathable natural cotton</li><li>Matching knitted collar with 3-button placket</li><li>Reinforced twin needle construction</li><li>Easy rebranding with tear-away label</li></ul>","Crafted from premium combed cotton, this polo offers exceptional softness, breathability and everyday comfort. Designed with a classic knitted collar, three-button placket and durable construction, it delivers a timeless professional look that performs just as well in the workplace as it does for events and teamwear. The tear-away neck label also makes it an excellent choice for custom branding.","<p><strong>Fabric:</strong> 100% Combed Cotton</p><ul><li>100% Premium Combed Cotton</li><li>185 GSM fabric weight</li><li>Soft, breathable natural cotton fabric</li><li>Matching knitted collar with 3-button placket</li><li>Twin needle stitched sleeves and hem for added durability</li><li>Taped shoulder seams for improved fit and shape retention</li><li>Easy tear-away neck label for simple rebranding</li><li>Men&#x27;s style includes a loose pocket</li><li>Sizes: S–3XL, 5XL</li></ul>"
Tirana Pen,tirana-pen-p129,P129,,grey; navy; orange; red; white,accessories,,Promo Brands,promotional-merchandise; pens,,<ul><li>Premium metal stylus pen</li><li>Soft-touch rubberised finish</li><li>Smooth black ink writing</li><li>Precision touchscreen stylus</li><li>Laser engraves to a mirror finish</li></ul>,"Combining premium styling with everyday functionality, this metal stylus pen is designed to transition effortlessly between paper and digital devices. The soft-touch rubberised finish provides a comfortable grip, while the precision stylus offers accurate touchscreen navigation. Ideal for modern workplaces, conferences and corporate gifting, it delivers a professional writing experience with premium branding opportunities.","<ul><li>Premium metal barrel delivers exceptional durability with a refined, professional appearance</li><li>Soft-touch rubberised coating provides a comfortable grip and premium tactile finish</li><li>Smooth-flowing black ink offers reliable everyday writing performance</li><li>Precision stylus tip allows accurate use on smartphones, tablets and other touchscreen devices</li><li>Laser engraving reveals a striking mirror finish for premium branding results</li><li>Suitable for direct digital printing to showcase vibrant full-colour logos and designs</li><li>Lightweight, balanced construction ensures comfortable writing throughout the day</li><li>Available in White, Red, Orange, Silver and Navy to complement your branding</li><li>Product diMen&#x27;sions: 142mm long × 10mm diameter</li><li>Ideal for corporate gifts, conferences, promotional campaigns, client meetings and everyday office use</li></ul>"
The Heritage Wooden + Metal Ball Pen,the-heritage-wooden-metal-ball-pen-p131,P131,,black; brown,accessories,,Promo Brands,promotional-merchandise; pens,,"<ul><li>Premium timber and metal ballpoint pen</li><li>Elegant twist-action mechanism</li><li>Long-life 1,500m writing refill</li><li>Sophisticated executive design</li><li>Ideal for corporate gifting</li></ul>","Crafted from premium timber and metal, the Heritage Wooden + Metal Ball Pen brings timeless style to everyday writing. Its smooth twist-action mechanism and balanced construction create a refined writing experience, while the long-life refill is built for years of reliable performance. Perfect for executive gifting, client appreciation and premium branding, it's a pen designed to leave a lasting impression.","<ul><li>Premium timber barrel paired with a durable metal twist cap for a sophisticated, executive finish</li><li>Available with a Rosewood barrel (Brown) or Sandalwood barrel (Black) to suit different branding styles</li><li>Smooth twist-action mechanism provides effortless, reliable operation</li><li>High-quality metal refill delivers up to 1,500 metres of smooth writing performance</li><li>Balanced construction offers a comfortable feel for extended writing sessions</li><li>Durable premium materials ensure long-lasting everyday use</li><li>Elegant design makes it ideal for executive offices, meetings, client gifts and corporate branding</li><li>Available in Black and Brown finishes</li><li>Product diMen&#x27;sions: 140mm long × 10mm diameter</li><li>Ideal for corporate gifts, conferences, promotional campaigns, executive branding and everyday professional use</li></ul>"
Ladies Cambridge Polo,ladies-cambridge-polo-p227ls,P227LS,8 - 24,black-red-white; black-white-white; grey; navy-red-white; navy-white-white; royal-white-white,tops,corporate; education; government,Fashion Biz,polos; short-sleeve,Women,<ul><li>Cotton-backed comfort polo</li><li>BIZ COOL™ performance fabric</li><li>Breathable cotton inner with durable polyester outer</li><li>Knitted twin stripe collar and cuffs</li><li>UPF sun protection</li></ul>,"Combining everyday comfort with reliable performance, this polo features a soft cotton inner for next-to-skin comfort and a durable BIZ COOL™ polyester pique outer for long-lasting wear. Lightweight and breathable, it delivers a polished, professional appearance while keeping you comfortable throughout the working day. Finished with matching twin stripe collar and cuffs, it's a timeless choice for workplace uniforms.","<p><strong>Fabric:</strong> 50% Cotton Inner, 50% Biz Cool™ Polyester Pique Outer</p><ul><li>50% Cotton inner, 50% BIZ COOL™ Polyester Pique outer</li><li>170 GSM fabric weight</li><li>Soft cotton inner for enhanced comfort</li><li>Durable BIZ COOL™ polyester pique outer</li><li>Matching knitted twin stripe collar and cuffs</li><li>Lightweight, breathable construction</li><li>UPF rating – Good</li><li>Sizes: 8–24</li></ul>"
Cambridge Men's Short Sleeve Polo,cambridge-mens-short-sleeve-polo-p227ms,P227MS,"S - 3XL, 5XL",black-red-white; black-white-white; navy-red-white; navy-white-white; royal-white-white; steel-grey-black-white,tops,corporate; education; government,Fashion Biz,polos; short-sleeve,Men,"<ul><li>Cotton-backed fabric for everyday comfort</li><li>BIZ COOL™ moisture-wicking technology</li><li>Breathable, quick-drying performance</li><li>Classic twin stripe collar and cuffs</li><li>Cotton-rich feel with durable polyester outer</li></ul>","A timeless everyday polo designed to keep you comfortable throughout the working day. Featuring a soft cotton inner for natural comfort and a durable BIZ COOL™ polyester pique outer, it offers the perfect balance of breathability, moisture management and long-lasting performance. Finished with a classic twin stripe collar and cuffs, this versatile polo delivers a professional look that never goes out of style.","<p><strong>Fabric:</strong> 50% Cotton inner, BIZ COOL™ 50% Polyester pique outer</p><ul><li>170 GSM cotton-backed BIZ COOL™ pique fabric</li><li>50% cotton inner, 50% polyester outer construction</li><li>Breathable fabric for all-day comfort</li><li>Moisture-wicking technology to help keep you dry</li><li>Quick-drying performance fabric</li><li>UPF 15+ sun protection</li><li>Matching knitted twin stripe collar and cuffs</li><li>Includes a loose chest pocket</li><li>Soft cotton inner with durable polyester outer for lasting wear</li></ul>"
Paper Pen,paper-pen-p381,P381,,black; blue; green; orange; red; white,accessories,,Promo Brands,promotional-merchandise; pens,,<ul><li>Eco-conscious paper ballpoint pen</li><li>Lightweight click-action design</li><li>Smooth German ink refill</li><li>Long-life 600m writing distance</li><li>Ideal for promotional giveaways</li></ul>,"Simple, practical and designed with sustainability in mind, the Paper Pen is an eco-conscious writing solution for everyday use. Featuring a lightweight paper barrel, smooth click-action mechanism and premium German refill, it delivers reliable performance for notes, meetings and events. An ideal choice for promotional campaigns, conferences and branded giveaways.","<ul><li>Paper barrel offers a lightweight, eco-conscious alternative to traditional plastic pens</li><li>Durable ABS trim provides strength and reliable everyday performance</li><li>Smooth click-action mechanism allows quick and convenient operation</li><li>Premium German refill delivers consistent ink flow for a smooth writing experience</li><li>Long-lasting refill provides up to 600 metres of writing distance</li><li>Comfortable lightweight design reduces hand fatigue during extended writing sessions</li><li>Available in White, Blue, Red, Green, Orange, Black, Light Blue and Light Green to complement your branding</li><li>Product diMen&#x27;sions: 140mm long × 9mm diameter</li><li>Ideal for corporate events, trade shows, conferences, promotional campaigns, schools and everyday office use</li></ul>"
Ladies Crew Polo,ladies-crew-polo-p400ls,P400LS,8 - 24,black; cyan; red; royal; white,tops,corporate; retail; hospitality,Fashion Biz,polos; short-sleeve,Women,<ul><li>Classic ladies polo</li><li>Durable polyester cotton pique fabric</li><li>Fashionable Y-placket</li><li>Knitted flat collar</li><li>UPF sun protection</li></ul>,"Designed to deliver comfort, durability and timeless style, this ladies polo is crafted from a hard-wearing polyester cotton pique fabric that maintains a professional appearance throughout the working day. Featuring a flattering Y-placket, sleek knitted flat collar and reinforced construction, it offers a polished look that's ideal for a wide range of workplace environments.","<p><strong>Fabric:</strong> 65% Polyester, 35% Cotton</p><ul><li>65% Polyester, 35% Cotton Pique</li><li>210 GSM fabric weight</li><li>Durable top-stitched armholes</li><li>Twin needle sleeve and hem construction</li><li>Knitted flat collar for a sleek appearance</li><li>Fashionable Y-placket</li><li>UPF rating – Very Good (light colours), Excellent (dark colours)</li><li>Sizes: 8–24</li></ul>"
Men's Crew Polo,mens-crew-polo-p400ms,P400MS,"S - 3XL\, 5XL",charcoal; forest; orange; red; white,tops,corporate; retail; hospitality,Fashion Biz,polos; short-sleeve,Men,<ul><li>Classic fit polo</li><li>Durable polyester cotton pique fabric</li><li>Knitted flat collar</li><li>Reinforced top-stitched construction</li><li>UPF sun protection</li></ul>,"Built for everyday durability and comfort, this classic polo is crafted from a hard-wearing polyester cotton pique fabric that delivers a professional appearance with lasting performance. Featuring a sleek knitted flat collar, reinforced stitching and a comfortable fit, it's designed to withstand the demands of the workplace while maintaining a polished look. With built-in UPF protection and an included loose pocket, it's a practical choice for a wide range of industries.","<p><strong>Fabric:</strong> 65% Polyester, 35% Cotton</p><ul><li>65% Polyester, 35% Cotton Pique</li><li>210 GSM fabric weight</li><li>Durable top-stitched armholes</li><li>Twin needle sleeve and hem construction</li><li>Knitted flat collar for a sleek appearance</li><li>Loose pocket included</li><li>UPF rating – Very Good (light colours), Excellent (dark colours)</li><li>Sizes: S–3XL, 5XL Model Information</li><li>Model is wearing a size S in Black</li><li>Model is 174cm tall with a 100cm chest and a 77cm waist</li></ul>"
Monarch Re-AL Ball Pen,monarch-re-al-ball-pen-p602,P602,,black; blue; white,accessories,,Promo Brands,promotional-merchandise; pens,,<ul><li>Premium recycled aluminium pen</li><li>Soft-touch rubber finish</li><li>Twist-action ballpoint mechanism</li><li>Mirror-finish laser engraving</li><li>Elegant clipless design</li></ul>,"Crafted to leave a lasting impression, the Monarch Re-AL Ball Pen combines premium styling with sustainable materials. Made from recycled aluminium with a soft-touch rubber coating, it features a sleek clipless design and mirrored underlayer that creates a striking finish when laser engraved. Complete with a smooth twist-action mechanism and quality refill, it's the perfect choice for executive gifting and premium brand promotion.","<ul><li>Recycled aluminium barrel offers a durable and more sustainable writing solution</li><li>Soft-touch rubber coating provides a comfortable grip with a premium tactile finish</li><li>Unique clipless upper barrel creates a clean, contemporary executive design</li><li>Mirror-finish underlayer produces a striking contrast when laser engraved for premium branding results</li><li>Smooth twist-action mechanism provides reliable, effortless operation</li><li>High-quality Cross-style black ink refill delivers up to 600 metres of smooth writing performance</li><li>Durable construction designed for everyday professional use</li><li>Available in Black, Navy and White to complement your branding</li><li>Ideal for executive gifts, corporate branding, conferences, client meetings and premium promotional campaigns</li></ul>"
SmartScribe Re-AL NFC Pen,smartscribe-re-al-nfc-pen-p603,P603,,black; blue; red,accessories,,Promo Brands,promotional-merchandise; pens,,<ul><li>Recycled aluminium NFC pen</li><li>Instant tap-to-connect technology</li><li>Premium metallic finish</li><li>Sustainable everyday writing</li><li>Ideal for modern branding</li></ul>,"Bring your branding into the digital age with the SmartScribe NFC Pen. Crafted from recycled aluminium, this premium pen combines smooth writing performance with built-in NFC technology, allowing users to connect directly to your website, digital profile or campaign with a simple tap. Finished with sleek chrome accents and a premium metallic finish, it's the perfect blend of innovation, sustainability and style.","<ul><li>Recycled aluminium barrel offers a durable, lightweight and more sustainable writing solution</li><li>Integrated NFC technology enables instant access to websites, digital business cards, promotions or online content with a simple tap on compatible devices</li><li>Premium metallic finish with chrome trim creates a refined, professional appearance</li><li>Smooth blue ink provides reliable everyday writing performance</li><li>Comfortable lightweight design is ideal for meetings, events and daily office use</li><li>Durable construction designed for long-lasting performance and repeated use</li><li>Available in White, Blue, Red and Black to suit a variety of branding requirements</li><li>Product diMen&#x27;sions: 140mm high × 12mm wide</li><li>Ideal for corporate gifts, conferences, promotional campaigns, trade shows, client meetings and innovative brand engagement</li></ul>"
Ladies Renegade Polo,ladies-renegade-polo-p700ls,P700LS,6 - 24,black-teal-silver; black-white-silver; grey-fluoro-lime-silver; navy-red-silver; navy-sky-silver; navy-white-silver; white-black-silver,tops,retail,Fashion Biz,polos; short-sleeve,Women,<ul><li>High-performance work polo</li><li>BIZ COOL™ micro polyester fabric</li><li>Reflective trim detailing</li><li>Breathable mesh ventilation panels</li><li>Excellent UPF sun protection</li></ul>,"Designed for visibility, comfort and performance, this polo is made from lightweight BIZ COOL™ micro polyester fabric to keep you cool throughout the working day. Mesh ventilation panels provide targeted airflow, while silver reflective trims and bold contrast panelling create a modern, high-impact look. Finished with a knitted stripe collar, it's an ideal choice for active workplaces where comfort and visibility are essential.","<p><strong>Fabric:</strong> 100% Polyester</p><ul><li>100% BIZ COOL™ Micro Polyester</li><li>155 GSM fabric weight</li><li>Lightweight, breathable performance fabric</li><li>Silver reflective trims for increased visibility</li><li>Mesh panels for enhanced ventilation</li><li>Dynamic contrast panel design</li><li>Knitted stripe collar</li><li>UPF rating – Excellent</li><li>Sizes: 6–24</li></ul>"
RABS Mini Ballpoint Pen,rabs-mini-ballpoint-pen-p734,P734,,black; blue; red; white,accessories,,Promo Brands,promotional-merchandise; pens,,<ul><li>Compact twist-action ballpoint pen</li><li>Lightweight everyday design</li><li>Smooth writing performance</li><li>Durable plastic construction</li><li>Ideal for promotional giveaways</li></ul>,"Small in size but big on practicality, the Rabs Mini Ballpoint Pen is designed for everyday convenience. Its compact profile, smooth twist-action mechanism and lightweight construction make it easy to carry wherever you go, while providing reliable writing performance. Perfect for promotional campaigns, events and branded merchandise, it's an affordable essential that keeps your brand in hand.","<ul><li>Durable plastic construction provides lightweight, reliable everyday performance</li><li>Compact design fits comfortably into pockets, notebooks and organisers for convenient portability</li><li>Smooth twist-action mechanism allows quick and easy access to the writing tip</li><li>Comfortable barrel offers an easy grip for everyday writing tasks</li><li>Clean, modern styling provides an excellent surface for custom branding and promotional messaging</li><li>Lightweight construction makes it ideal for conferences, trade shows and large-scale giveaways</li><li>Available in White, Red, Black and Navy Blue to complement your branding</li><li>Product diMen&#x27;sions: 127mm high × 14mm diameter</li><li>Ideal for corporate promotions, events, conferences, schools, trade shows and everyday office use</li></ul>"
Ladies Sonar Polo,ladies-sonar-polo-p901ls,P901LS,6 - 24,black-red; black-white; navy-white,tops,corporate; retail,Fashion Biz,polos; short-sleeve,Women,<ul><li>Cotton-backed performance polo</li><li>BIZ COOL™ breathable pique fabric</li><li>Moisture-wicking comfort</li><li>Modern contrast panel design</li><li>Excellent UPF sun protection</li></ul>,"Combining everyday comfort with reliable performance, this polo is crafted from BIZ COOL™ breathable pique fabric with a soft cotton backing for a cool, comfortable feel against the skin. Moisture-wicking technology helps keep you dry throughout the day, while contrast shoulder and back panels create a clean, modern look. Designed for durability and comfort, it's an excellent choice for a wide range of workplace environments.","<p><strong>Fabric:</strong> 80% Polyester, 20% Cotton</p><ul><li>80% BIZ COOL™ Polyester, 20% Cotton back fabric</li><li>185 GSM breathable pique knit</li><li>Cotton-backed fabric for enhanced comfort</li><li>Moisture-wicking performance</li><li>Spliced contrast shoulder and back panels</li><li>Modern self-fabric collar</li><li>Button placket</li><li>UPF rating – Excellent</li><li>Sizes: 6–24</li></ul>"
Men's Sonar Polo,mens-sonar-polo-p901ms,P901MS,3XS - 5XL,black-red; black-white; gold; navy; sky,tops,corporate; retail,Fashion Biz,polos; short-sleeve,Men,<ul><li>Cotton-backed performance polo</li><li>BIZ COOL™ breathable pique fabric</li><li>Moisture-wicking comfort</li><li>Modern contrast panel design</li><li>Excellent UPF sun protection</li></ul>,"Combining everyday comfort with reliable performance, this polo is crafted from BIZ COOL™ breathable pique fabric with a soft cotton backing for a cool, comfortable feel against the skin. Moisture-wicking technology helps keep you dry throughout the day, while contrast shoulder and back panels create a clean, modern look. Designed for durability and comfort, it's an excellent choice for a wide range of workplace environments.","<p><strong>Fabric:</strong> 80% Polyester, 20% Cotton</p><ul><li>80% BIZ COOL™ Polyester, 20% Cotton back fabric</li><li>185 GSM breathable pique knit</li><li>Cotton-backed fabric for enhanced comfort</li><li>Moisture-wicking performance</li><li>Spliced contrast shoulder and back panels</li><li>Modern self-fabric collar</li><li>Button placket</li><li>Men&#x27;s style includes a loose pocket</li><li>UPF rating – Excellent</li><li>Sizes: XS–5XL</li></ul>"
Ladies Plain Micro Fleece Jacket,ladies-plain-micro-fleece-jacket-pf631,PF631,8 - 24,black; navy,outerwear,corporate; healthcare; retail; government,Fashion Biz,fleece,Women,"<ul><li>Lightweight low-pill micro fleece jacket</li><li>Soft, warm and easy-care fabric</li><li>Feminine panelled fit</li><li>Secure concealed zip pockets</li><li>Ideal for everyday layering</li></ul>","Designed for lightweight warmth and everyday comfort, this micro fleece jacket is the perfect layering piece for cooler conditions. Crafted from low-pill fleece, it offers lasting softness and durability while maintaining a polished appearance wash after wash. With a feminine fit and practical storage, it's ideal for work, travel and everyday wear.","<p><strong>Fabric:</strong> 100% Polyester</p><ul><li>100% polyester low-pill micro fleece</li><li>285 GSM fabric provides lightweight warmth without bulk</li><li>Low-pill finish helps maintain a neat, professional appearance over time</li><li>Full-length front zip for easy layering and temperature control</li><li>Women&#x27;s tailored fit with side panel detailing for a flattering silhouette</li><li>Concealed front zip pockets for secure storage and a clean finish</li><li>Soft, easy-care fabric suitable for everyday professional wear</li><li>Ideal for corporate, outdoor and active workplace environments</li></ul>"
Ladies Plain Micro Fleece Vest,ladies-plain-micro-fleece-vest-pf905,PF905,8 - 24,black; navy,outerwear,corporate; healthcare; retail; government,Fashion Biz,fleece,Women,"<ul><li>Lightweight low-pill micro fleece jacket</li><li>Soft, warm and easy-care fabric</li><li>Contemporary panelled design</li><li>Secure concealed zip pockets</li><li>Ideal for everyday layering</li></ul>","Designed for lightweight warmth and everyday comfort, this micro fleece jacket is the perfect layering piece for cooler conditions. Crafted from low-pill fleece, it offers lasting softness and durability while maintaining a neat, professional appearance wash after wash. With clean panel detailing and practical storage, it's a versatile choice for work, travel and everyday wear.","<p><strong>Fabric:</strong> 100% Polyester</p><ul><li>100% polyester low-pill micro fleece</li><li>285 GSM fabric provides lightweight warmth without bulk</li><li>Low-pill finish helps maintain a neat, professional appearance over time</li><li>Full-length front zip for easy layering and temperature control</li><li>Side panel detailing for a modern, streamlined fit</li><li>Concealed front pockets with invisible zip closures for secure storage and a clean finish</li><li>Soft, easy-care fabric suitable for everyday professional wear</li><li>Ideal for corporate, outdoor and active workplace environments</li></ul>"
Men's Sustainable Poly/Cotton Corporate SS Polo,mens-sustainable-poly-cotton-corporate-ss-polo-ps91,PS91,"XS-3XL, 5XL & 7XL",ash; black; heavy-cloud; navy; teal; white,tops,corporate; government; education; healthcare,JBs Wear,polos; short-sleeve; sustainable,Men,<ul><li>Made from certified recycled PET and cotton</li><li>Moisture-wicking TrueDry® performance</li><li>Eco-friendly fabric construction</li><li>Ribbed collar and cuffs</li><li>UPF 50+ sun protection</li></ul>,"Combining sustainability with everyday performance, this polo is crafted from a blend of certified recycled PET and cotton to deliver lasting comfort with a reduced environmental impact. Featuring TrueDry® moisture-wicking technology, it helps keep you cool and dry throughout the day, while the easy fit and longer back hem provide all-day comfort. Finished with ribbed trims and UPF 50+ protection, it's an ideal choice for modern workplace uniforms.","<p><strong>Fabric:</strong> 65% Rpet, 35% Cotton</p><ul><li>Made from 100% Certified Recycled PET and Cotton</li><li>TrueDry® moisture-wicking technology</li><li>Environmentally friendly fabric construction</li><li>Easy fit design</li><li>Matching colour button placket</li><li>Ribbed collar and cuffs</li><li>Longer back length with side splits</li><li>UPF 50+ sun protection</li></ul>"
Ladies Sustainable Poly/Cotton Corporate SS Polo,ladies-sustainable-poly-cotton-corporate-ss-polo-ps92,PS92,6 - 24,ash; black; navy; teal; white,tops,corporate; government; education; healthcare,JBs Wear,polos; short-sleeve; sustainable,Women,<ul><li>Made from certified recycled PET and cotton</li><li>TrueDry® moisture-wicking performance</li><li>Eco-friendly fabric construction</li><li>Modern fit with ribbed collar and cuffs</li><li>UPF 50+ sun protection</li></ul>,"Combining sustainable materials with everyday performance, this polo is crafted from certified recycled PET and cotton for lasting comfort with a reduced environmental impact. Featuring TrueDry® moisture-wicking technology, it helps keep you cool and dry throughout the day, while the modern fit delivers a clean, professional look. Finished with ribbed trims and UPF 50+ protection, it's an ideal choice for contemporary workplace uniforms.","<p><strong>Fabric:</strong> 65% Rpet, 35% Cotton</p><ul><li>Made from 100% Certified Recycled PET and Cotton</li><li>165 GSM fabric weight</li><li>TrueDry® moisture-wicking technology</li><li>Environmentally friendly fabric construction</li><li>Modern fit</li><li>4-button placket with matching colour buttons</li><li>Ribbed collar and cuffs</li><li>Side splits for enhanced comfort and movement</li><li>UPF 50+ sun protection</li></ul>"
Casual Braided Belt,casual-braided-belt-ra268u,RA268U,"S, M, 2XL, 4XL",black-black-colour; navy-brown,accessories,corporate; hospitality; retail,Fashion Biz,belts,Unisex,<ul><li>Pin-free braided casual belt</li><li>Adjustable fit for everyday comfort</li><li>Durable woven construction</li><li>Recycled gift-ready packaging</li><li>Perfect for casual wear</li></ul>,"Designed for comfort and versatility, this braided casual belt offers a flexible fit without the need for traditional pin holes. Simply fasten the prong through the woven braid for a secure, adjustable fit every time. Finished with practical details and packaged in a recycled cardboard box, it's the ideal accessory for pairing with jeans, chinos and other casual bottoms.","<p><strong>Fabric:</strong> 5% Polypropylene, 25% Elastane</p><ul><li>Pin-free braided construction allows the buckle prong to fasten anywhere through the weave for a fully adjustable fit</li><li>Flexible woven design provides lasting comfort throughout the day</li><li>Secondary keeper loop secures the belt end neatly in place</li><li>Tear-away care label for added convenience and comfort</li><li>Packaged in a recycled cardboard box for a more sustainable presentation</li><li>Designed to pair perfectly with jeans, chinos and other casual trousers</li><li>Durable construction suitable for everyday wear</li></ul>"
Men's Leather Belt,mens-leather-belt-ra572m,RA572M,"97, 127",black,accessories,corporate; hospitality,Fashion Biz,belts,Men,<ul><li>Premium grained leather belt</li><li>Adjustable cut-to-size fit</li><li>Classic silver metal buckle</li><li>Recycled presentation packaging</li><li>Suitable for business and casual wear</li></ul>,"Crafted from premium grained leather, this versatile belt delivers timeless style with everyday practicality. The detachable silver buckle allows the belt to be trimmed for a customised fit, while the classic design transitions effortlessly between business attire and casual outfits. Finished with thoughtful details and presented in recycled packaging, it's an essential wardrobe accessory.",<p><strong>Fabric:</strong> Grained Leather</p><ul><li>Premium grained leather construction for lasting durability and refined style</li><li>Classic silver metal buckle with detachable design</li><li>Buckle can be removed to cut the belt to your preferred length for a customised fit</li><li>Tear-away care label for added convenience</li><li>Packaged in a recycled cardboard box for a more sustainable presentation</li><li>Designed to complement both formal business wear and casual outfits</li><li>Durable construction suitable for everyday professional and leisure wear</li></ul>
Women's Belt,womens-belt-ra972l,RA972L,S - 3XL,black,accessories,corporate; hospitality,Fashion Biz,belts,Women,<ul><li>Genuine leather belt</li><li>Classic metal buckle</li><li>Durable everyday construction</li><li>Timeless versatile design</li><li>Perfect for work and casual wear</li></ul>,"A timeless wardrobe essential, this genuine leather belt combines classic styling with everyday durability. Finished with a sleek metal buckle, it offers a refined look that pairs effortlessly with both business and casual outfits. Built for long-lasting wear, it's the perfect finishing touch to trousers, chinos or jeans.","<p><strong>Fabric:</strong> 100% Leather,</p><ul><li>Genuine leather construction for lasting durability and premium style</li><li>Classic metal buckle with a timeless finish</li><li>Versatile design suitable for business, corporate and casual wear</li><li>Durable construction designed for everyday use</li><li>Size Small is recommended for XS–S sizes</li><li>Pairs effortlessly with trousers, chinos and jeans</li></ul>"
Rara Cooler Bag,rara-cooler-bag-rb1040,RB1040,,black; grey; navy,accessories,,Promo Brands,promotional-merchandise; bags,,"<ul><li>Insulated cooler bag for up to 16 cans</li><li>Durable 600D polyester construction</li><li>PEVA insulated lining for temperature retention</li><li>Adjustable shoulder strap for easy carrying</li><li>Perfect for work, travel and outdoor adventures</li></ul>","Keep food and drinks cooler for longer with the Rara Cooler Bag. Designed with durable 600D polyester, insulated PEVA lining and thick foam insulation, it comfortably holds up to 16 cans, making it ideal for work lunches, picnics, beach days and outdoor events. Practical storage features and a comfortable shoulder strap make it the perfect companion wherever the day takes you.","<ul><li>Durable 600D polyester outer provides long-lasting strength for everyday use</li><li>Insulated 12C silver PEVA lining with 4mm PE foam helps maintain cooler temperatures for food and beverages</li><li>Spacious interior holds up to 16 standard cans, making it ideal for lunches, picnics and day trips</li><li>Mesh storage pocket keeps smaller essentials organised and within easy reach</li><li>Adjustable, detachable shoulder strap provides comfortable, versatile carrying options</li><li>Zippered main compartment helps keep contents secure and insulated</li><li>Lightweight yet durable construction designed for work, travel and outdoor use</li><li>Available in Grey, Black and Navy to complement your branding</li><li>Product diMen&#x27;sions: 420mm × 270mm × 160mm</li><li>Ideal for corporate gifts, promotional events, employee welcome packs, picnics, travel and everyday use</li></ul>"
Willow Natural Tote,willow-natural-tote-rb1043,RB1043,,brown; natural,accessories,,Promo Brands,promotional-merchandise; bags,,<ul><li>Premium heavyweight cotton tote bag</li><li>Durable 360 GSM cotton canvas</li><li>Spacious everyday carry-all</li><li>Comfortable long shoulder handles</li><li>Natural minimalist design</li></ul>,"Elevate your everyday essentials with the Willow Tote Bag, a premium carry-all that blends timeless style with everyday practicality. Crafted from heavyweight 100% cotton canvas, it offers a luxurious feel, exceptional durability and generous storage for work, shopping or daily errands. With its clean natural finish and comfortable shoulder straps, it's a versatile bag designed to make a lasting impression.","<ul><li>Premium 100% cotton canvas, 360 GSM, provides exceptional durability and a luxurious feel</li><li>Spacious main compartment easily accommodates everyday essentials, shopping, documents and personal items</li><li>Structured heavyweight construction helps the bag maintain its shape, even when fully loaded</li><li>Long shoulder handles provide comfortable carrying throughout the day</li><li>Natural canvas finish creates a timeless, minimalist look suitable for a wide range of branding applications</li><li>Durable construction designed for everyday use at work, shopping, travel and events</li><li>Product diMen&#x27;sions: 420mm × 420mm × 95mm with 720mm × 40mm shoulder handles</li><li>Available in Natural</li><li>Ideal for corporate gifts, promotional events, retail, conferences, trade shows and everyday use</li></ul>"
The Buddy Drawstring Bag,the-buddy-drawstring-bag-rb1053,RB1053,,black; blue; red,accessories,,Promo Brands,promotional-merchandise; bags,,"<ul><li>Lightweight polyester drawstring bag</li><li>Durable 210D construction</li><li>Convenient front zip pocket</li><li>Spacious everyday design</li><li>Ideal for work, travel and events</li></ul>","Designed for everyday versatility, the Buddy Drawstring Bag is lightweight, durable and ready for wherever the day takes you. Crafted from tough 210D polyester, it offers generous storage without unnecessary bulk, while the front zip pocket keeps smaller essentials within easy reach. Whether you're heading to work, the gym, the beach or a promotional event, it's a practical bag built for everyday use.","<ul><li>Durable 210D polyester construction provides lightweight strength for everyday use</li><li>Spacious main compartment offers ample room for clothing, shoes, books and daily essentials</li><li>Front zip pocket keeps smaller items organised and easily accessible</li><li>Lightweight drawstring design allows for comfortable over-the-shoulder carrying</li><li>Compact, flexible construction makes it easy to store when not in use</li><li>Ideal for work, school, travel, sport, beach trips and outdoor activities</li><li>Available in Red, Black and Navy to suit a variety of branding requirements</li><li>Product diMen&#x27;sions: 370mm wide × 420mm high</li><li>Ideal for corporate giveaways, promotional events, sports teams, schools and everyday use</li></ul>"
Women's Aria Fluted Sleeve Blouse,womens-aria-fluted-sleeve-blouse-rb966ls,RB966LS,4 - 26,black; navy; raspberry; storm-blue,tops,corporate; education; government,Fashion Biz,short-sleeve,Women,<ul><li>Lightweight Georgette fabric</li><li>Soft fluted sleeves</li><li>Easy slip-on design</li><li>Semi-fitted silhouette</li><li>Straight hem for versatile styling</li></ul>,"A stylish and versatile top designed for effortless workplace dressing. Crafted from lightweight Georgette fabric with a beautiful textured finish and soft drape, it delivers a polished look with a comfortable feel. The soft fluted sleeves add a feminine touch, while the semi-fitted silhouette creates a flattering shape. Designed as an easy slip-on style, it can be worn tucked in or untucked to suit a variety of professional settings.","<p><strong>Fabric:</strong> 100% Polyester</p><ul><li>100% polyester Georgette</li><li>Lightweight fabric with textured finish</li><li>Semi-fitted silhouette</li><li>Soft fluted sleeves with seam detail positioned above the elbow</li><li>Easy slip-on design with no back neck opening</li><li>Straight front and back hem</li><li>Suitable to wear tucked in or untucked</li><li>Soft, fluid drape</li></ul>"
Women's Kayla V-Neck Pleat Blouse,womens-kayla-v-neck-pleat-blouse-rb967ls,RB967LS,4 - 26,aqua; black; dusty-rose; navy; raspberry; silver,tops,corporate; education; government,Fashion Biz,short-sleeve,Women,<ul><li>Silk-like hand feel with subtle lustre</li><li>Easy-fit silhouette</li><li>Front and back pleat detailing</li><li>Cap sleeves for effortless styling</li><li>Longer curved back hem</li></ul>,"Designed to bring understated sophistication to the workplace, this elegant top features a silk-like hand feel with a subtle lustre for a refined finish. Crafted from high-twist, high-density yarn to minimise static cling, it offers a smooth drape and comfortable wear throughout the day. Front and back pleat detailing add soft movement, while the cap sleeves and longer curved back hem create a flattering silhouette that pairs perfectly with tailored trousers or skirts.","<p><strong>Fabric:</strong> 100% Polyester</p><ul><li>100% polyester</li><li>Silk-like finish with a subtle lustre</li><li>High-twist, high-density yarn to reduce static cling</li><li>Easy-fit silhouette</li><li>Soft front pleat from neckline</li><li>Gathered back detail beneath the yoke</li><li>Cap sleeves</li><li>Longer curved back hem</li><li>Slip-on style with no back opening</li></ul>"
Women's Estelle Pleat Blouse,womens-estelle-pleat-blouse-rb973ln,RB973LN,4 – 20,aqua; black; dusty-rose; navy; raspberry; silver,tops,corporate; education; government,Fashion Biz,short-sleeve,Women,<ul><li>Silk-like hand feel with subtle lustre</li><li>Front and back pleat detailing</li><li>Easy-fit silhouette</li><li>Curved hem with extended back length</li><li>Slip-on style design</li></ul>,"A sophisticated wardrobe staple designed for effortless workplace dressing. Featuring a silk-like hand feel with a subtle lustre, this elegant top offers a polished appearance while remaining comfortable throughout the day. Front and back pleat detailing create soft movement and a flattering drape, while the curved hem and longer back length provide versatile styling options. Crafted from high-twist, high-density yarn to minimise static cling, it is an easy-wearing piece that pairs seamlessly with tailored pants or skirts.","<p><strong>Fabric:</strong> 100% Polyester</p><ul><li>100% polyester</li><li>Silk-like finish with a subtle lustre</li><li>High-twist, high-density yarn to reduce static cling</li><li>Easy-fit silhouette</li><li>Front and back pleat detailing from neckline</li><li>Curved hem with longer back length</li><li>Slip-on style with no back neck opening</li><li>Suitable to wear tucked in or untucked</li></ul>"
Renew Women's Short Sleeve Dress,renew-womens-short-sleeve-dress-rd409l,RD409L,4 - 22,navy-dusk; pencil-black,suiting,corporate; government,Fashion biz,dresses,Women,<ul><li>Tailored shift dress made with recycled fabric</li><li>Lightweight machine washable suiting</li><li>Minimal-crease travel-friendly design</li><li>Flattering princess seam tailoring</li><li>Functional side pockets for everyday practicality</li></ul>,"Designed for modern professionals, the Renew Shift Dress combines timeless tailoring with practical performance. Crafted from a lightweight recycled suiting fabric, it offers machine washable convenience with minimal creasing, making it ideal for busy workdays and travel. Featuring a contemporary square neckline, flattering princess seams and a relaxed classic fit, it delivers a polished look with all-day comfort.","<p><strong>Fabric:</strong> 77% Recycled Polyester, 20% Viscose, 3% Elastane</p><ul><li>Renew Suiting: 77% recycled polyester, 20% viscose, 3% elastane</li><li>Made with 77% post-consumer recycled polyester for a more sustainable choice</li><li>Lightweight fabric engineered for machine wash-and-wear performance</li><li>Minimal-crease construction ideal for travel and everyday professional wear</li><li>Classic fit designed to sit comfortably and relaxed on the body</li><li>Contemporary square neckline with short sleeve styling</li><li>Front princess seams for flattering shaping, improved fit and ease of movement across the shoulders</li><li>Two functional side seam pockets for convenient everyday storage</li><li>Centre back zip closure for a clean, streamlined finish</li><li>Centre back vent for enhanced comfort and freedom of movement</li><li>Mid-length silhouette for a polished professional appearance</li><li>5cm hem allowance for easy alterations</li><li>Coordinates effortlessly with the Renew tailored jacket range for a complete professional wardrobe</li></ul>"
Traveller Women's Slim Leg Chino,traveller-womens-slim-leg-chino-rgp263l,RGP263L,4 - 26,black; desert; navy,bottoms,corporate; hospitality; retail,Fashion biz,pants; chinos,Women,<ul><li>Slim fit stretch chino pants</li><li>Mid-rise tailored fit</li><li>Stretch fabric for everyday comfort</li><li>Functional front and back pockets</li><li>Modern tapered silhouette</li></ul>,"Designed for a clean, contemporary look, these slim fit chinos offer the perfect balance of tailored style and everyday comfort. Sitting at a flattering mid-rise, they feature a close fit through the thigh with a narrow leg opening to create a streamlined silhouette. Crafted from stretch fabric, they provide unrestricted movement while maintaining a polished appearance that's ideal for work and smart-casual wear.","<p><strong>Fabric:</strong> 97% Cotton, 3% Elastane</p><ul><li>Stretch fabric for enhanced comfort and freedom of movement</li><li>Mid-rise fit for everyday comfort and versatility</li><li>Slim fit through the thigh with a narrow leg opening for a modern silhouette</li><li>Two angled front pockets for convenient everyday storage</li><li>Two back pockets for additional functionality</li><li>Shaped back rise for a tailored fit through the hips and waist</li><li>Designed for a polished business casual appearance</li><li>Suitable for corporate, hospitality and everyday wear</li></ul>"
Traveller Men's Tapered Chino,traveller-mens-tapered-chino-rgp263m,RGP263M,72 - 127,black; desert; navy,bottoms,corporate; hospitality; retail,Fashion biz,pants; chinos,Men,<ul><li>Slim fit stretch chino pants</li><li>Mid-rise tailored fit</li><li>Stretch fabric for everyday comfort</li><li>Functional front and back pockets</li><li>Modern tapered silhouette</li></ul>,"Designed for a sleek, contemporary look, these slim fit chinos combine tailored styling with all-day comfort. Sitting at a flattering mid-rise, they feature a close fit through the thigh with a narrow leg opening to create a streamlined silhouette. Added stretch ensures unrestricted movement, making them the perfect choice for business casual, corporate and everyday wear.","<p><strong>Fabric:</strong> 97% Cotton, 3% Elastane</p><ul><li>Stretch fabric for enhanced comfort and freedom of movement</li><li>Mid-rise fit for a flattering, comfortable silhouette</li><li>Slim fit through the thigh with a narrow leg opening for a modern tailored look</li><li>Two angled front pockets for convenient everyday storage</li><li>Two back pockets for added functionality</li><li>Belt loops for versatile styling with your favourite belt</li><li>Designed for lasting comfort throughout the day</li><li>Suitable for business casual, corporate and everyday wear</li></ul>"
Siena 7/8 Mid-Waist Slim Leg Pant,siena-7-8-mid-waist-slim-leg-pant-rgp308l,RGP308L,4 - 20,black; marine,suiting,corporate; government,Fashion biz,trousers,Women,"<ul><li>Slim fit tailored suit pants</li><li>Mid-rise design with shaped waistband</li><li>Stretch fabric for all-day comfort</li><li>No-gap angled pockets for a sleek finish</li><li>Lightweight, breathable easy-care fabric</li></ul>","Designed to deliver a polished, contemporary look, these slim fit Siena pants combine refined tailoring with exceptional comfort. Sitting at a flattering mid-rise, they feature a shaped wide waistband, streamlined no-gap angled pockets and stylish hem splits for a modern finish. Crafted from lightweight stretch suiting with breathable viscose, they're perfect for both corporate and functional workplace environments.","<p><strong>Fabric:</strong> 79% Polyester 17% Viscose 4% Elastane</p><ul><li>Lightweight suiting fabric with a soft, durable finish</li><li>Added stretch for enhanced comfort and unrestricted movement</li><li>Breathable viscose blend for lasting all-day comfort</li><li>Easy-care construction suitable for everyday professional wear</li><li>Slim fit silhouette with a flattering mid-rise waist</li><li>Shaped wide waistband for improved fit and support</li><li>No-gap angled front pockets for a clean, tailored appearance</li><li>Hem splits for a contemporary finish and ease of movement</li><li>Coordinates perfectly with modern shirts, blouses and matching suiting separates</li><li>Suitable for both corporate and functional workplace environments</li></ul>"
Cool Stretch Women's Tapered Leg Adjustable Waist Pant,cool-stretch-womens-tapered-leg-adjustable-waist-pant-rgp315l,RGP315L,4 - 30,black; charcoal; navy,suiting,corporate; government; healthcare,Fashion biz,trousers; pants,Women,<ul><li>Modern tapered leg suit pants</li><li>Hidden elastic waistband for superior comfort</li><li>Breathable mechanical stretch fabric</li><li>Antibacterial odour-control finish</li><li>Durable easy-care suiting fabric</li></ul>,"Designed for busy professionals, these modern tapered leg pants combine tailored styling with exceptional all-day comfort. Crafted from versatile Cool Stretch suiting, they feature breathable mechanical stretch fabric and a concealed elastic waistband that provides a flexible fit through the waist and hips. Finished with an antibacterial treatment to help minimise odours, they're the perfect choice for corporate and customer-facing roles.","<p><strong>Fabric:</strong> 92% Polyester 8% Bamboo Charcoal</p><ul><li>Cool Stretch suiting fabric with mechanical stretch for enhanced comfort and mobility</li><li>Breathable construction designed to keep you cool and dry in warmer climates</li><li>Antibacterial finish to help minimise odours and maintain freshness</li><li>Modern tapered leg silhouette for a contemporary professional look</li><li>Mid-rise fit for everyday comfort and versatility</li><li>Hidden elastic waistband for an improved fit through the waist and hips</li><li>Durable, easy-care fabric suitable for everyday professional wear</li><li>Ideal for corporate, hospitality and customer-facing environments</li></ul>"
Renew Women's Tapered Adjustable Waist Pant,renew-womens-tapered-adjustable-waist-pant-rgp404l,RGP404L,4 - 30,navy-dusk; pencil-black,suiting,corporate; government,Fashion biz,trousers; sustainable,Women,<ul><li>Straight leg trousers made with recycled fabric</li><li>Hidden stretch waistband for superior comfort</li><li>Lightweight machine washable suiting</li><li>Minimal-crease travel-friendly design</li><li>Deep functional pockets for everyday practicality</li></ul>,"A customer favourite and essential workwear staple, the Renew Straight Leg Pants combine timeless tailoring with everyday comfort. Crafted from a lightweight recycled suiting fabric, they offer machine washable convenience with minimal creasing, making them perfect for busy professionals and travel. Featuring a hidden stretch waistband, deep pockets and a streamlined straight leg silhouette, they deliver effortless style and all-day comfort.","<p><strong>Fabric:</strong> 77% Recycled Polyester, 20% Viscose, 3% Elastane</p><ul><li>Renew Suiting: 77% recycled polyester, 20% viscose, 3% elastane</li><li>Made with 77% post-consumer recycled polyester for a more sustainable choice</li><li>Lightweight fabric engineered for machine wash-and-wear performance</li><li>Minimal-crease construction ideal for travel and everyday professional wear</li><li>Straight leg silhouette with slight tapering from the knee for a modern finish</li><li>Mid-rise fit designed for everyday comfort</li><li>Hidden side elastic waistband providing up to half a size of additional flexibility when stretched</li><li>Two deep front side pockets with mock back welt pockets for a tailored appearance</li><li>Six belt loops for secure and comfortable belt positioning</li><li>5cm hem allowance for easy length alterations</li><li>Coordinates perfectly with matching Renew suiting separates for a complete professional wardrobe</li></ul>"
Renew Women's 7/8 Mid-Waist Slim Leg Pant,renew-womens-7-8-mid-waist-slim-leg-pant-rgp406l,RGP406L,4 - 22,navy-dusk; pencil-black,suiting,corporate; government,Fashion biz,trousers; sustainable,Women,<ul><li>7/8 slim leg pants made with recycled fabric</li><li>Lightweight machine washable suiting</li><li>Minimal-crease travel-friendly design</li><li>Mid-rise tailored fit with side hem splits</li><li>Functional pockets for everyday practicality</li></ul>,"Designed to combine contemporary tailoring with everyday comfort, the Renew 7/8 Slim Leg Pants deliver a flattering silhouette that's perfect for modern professional wardrobes. Crafted from a lightweight recycled suiting fabric, they offer machine washable convenience with minimal creasing, making them ideal for work and travel. Featuring a mid-rise fit, cropped length and subtle hem splits, they provide a polished look with effortless comfort.","<p><strong>Fabric:</strong> 77% Recycled Polyester, 20% Viscose, 3% Elastane</p><ul><li>Renew Suiting: 77% recycled polyester, 20% viscose, 3% elastane</li><li>Made with 77% post-consumer recycled polyester for a more sustainable choice</li><li>Lightweight fabric engineered for machine wash-and-wear performance</li><li>Minimal-crease construction ideal for travel and everyday professional wear</li><li>Mid-rise fit designed for all-day comfort</li><li>Contemporary 7/8 slim leg silhouette with side hem splits</li><li>Two inseam pockets designed to eliminate pocket gaping</li><li>Two functional jet back pockets for added practicality and tailored styling</li><li>Zip fly with hook-and-eye closure for a secure, streamlined fit</li><li>Coordinates perfectly with matching Renew suiting separates for a complete professional wardrobe</li></ul>"
Renew Men's Slim Fit Flat Front Pant,renew-mens-slim-fit-flat-front-pant-rgp407m,RGP407M,72R - 127R,navy-dusk; pencil-black,suiting,corporate; government,Fashion biz,trousers; sustainable,Men,<ul><li>Slim fit tailored suit pants</li><li>Made with recycled performance fabric</li><li>Lightweight machine washable suiting</li><li>Minimal-crease travel-friendly design</li><li>Modern flat front styling</li></ul>,"Designed for effortless professional dressing, the Renew Slim Fit Pants combine contemporary tailoring with practical performance. Crafted from a lightweight recycled suiting fabric, they offer machine washable convenience with minimal creasing, making them ideal for work and travel. Featuring a slim fit silhouette, pressed creases and clean flat front styling, they deliver a sharp, modern look that pairs perfectly with matching Renew suiting.","<p><strong>Fabric:</strong> 77% Recycled Polyester, 20% Viscose, 3% Elastane</p><ul><li>Renew Suiting: 77% recycled polyester, 20% viscose, 3% elastane</li><li>Made with 77% post-consumer recycled polyester for a more sustainable choice</li><li>Lightweight fabric engineered for machine wash-and-wear performance</li><li>Minimal-crease construction ideal for travel and everyday professional wear</li><li>Slim fit silhouette for a contemporary tailored look</li><li>Flat front styling with pressed creases for a sharp finish</li><li>Two angled front side pockets for convenient everyday storage</li><li>Zip closure with extended button tab for a secure, streamlined fit</li><li>Six belt loops for comfortable belt positioning</li><li>Internal shirt grip waistband to help keep shirts neatly tucked in</li><li>5cm hem allowance for easy length alterations</li><li>Coordinates perfectly with matching Renew suiting separates for a complete professional wardrobe</li></ul>"
Renew Men's Adjustable Waist Straight Leg Pant,renew-mens-adjustable-waist-straight-leg-pant-rgp408m,RGP408M,72R - 127R,black; navy-dusk,suiting,corporate; government,Fashion biz,trousers; sustainable,Men,<ul><li>Straight leg trousers with hidden stretch waistband</li><li>Made with recycled performance fabric</li><li>Lightweight machine washable suiting</li><li>Minimal-crease travel-friendly design</li><li>Flat front tailored styling</li></ul>,"Designed for professionals on the move, the Renew Straight Leg Trousers combine classic tailoring with exceptional comfort. Crafted from a lightweight recycled suiting fabric, they offer machine washable convenience with minimal creasing, making them ideal for everyday work and travel. Featuring a hidden stretch waistband, flat front styling and a timeless straight leg silhouette, they deliver a polished look with a flexible fit that moves with you throughout the day.","<p><strong>Fabric:</strong> 77% Recycled Polyester, 20% Viscose, 3% Elastane</p><ul><li>Renew Suiting: 77% recycled polyester, 20% viscose, 3% elastane</li><li>Made with 77% post-consumer recycled polyester for a more sustainable choice</li><li>Lightweight fabric engineered for machine wash-and-wear performance</li><li>Minimal-crease construction ideal for travel and everyday professional wear</li><li>Classic straight leg silhouette with flat front styling</li><li>Hidden secret stretch waistband for enhanced comfort and an adaptable fit, ideal for those between sizes</li><li>Pressed front creases for a sharp, professional appearance</li><li>Two angled front side pockets for convenient everyday storage</li><li>Six belt loops for secure and comfortable belt positioning</li><li>Internal shirt grip waistband to help keep shirts neatly tucked in</li><li>5cm hem allowance for easy length alterations</li><li>Coordinates perfectly with matching Renew suiting separates for a complete professional wardrobe</li></ul>"
Women's Siena Adjustable Waist Pant,womens-siena-adjustable-waist-pant-rgp975l,RGP975L,8 - 30,black; marine,suiting,corporate; government,Fashion biz,trousers,Women,<ul><li>Straight leg tailored pants</li><li>Hidden elastic waistband for superior comfort</li><li>Deep functional pockets</li><li>Streamlined professional fit</li><li>Ideal for everyday corporate wear</li></ul>,"A customer favourite, these Siena straight leg pants are designed to deliver the perfect balance of professional style and everyday comfort. Featuring a streamlined silhouette with a concealed elastic waistband, they provide a flattering fit that moves with you throughout the day. Deep practical pockets and timeless tailoring make them an essential addition to any working wardrobe.","<p><strong>Fabric:</strong> 79% Polyester 17% Viscose 4% Elastane</p><ul><li>Streamlined straight leg design for a classic professional look</li><li>Hidden elastic waistband for enhanced comfort and an improved fit</li><li>Deep front pockets for convenient everyday storage</li><li>Tailored silhouette suitable for all-day wear</li><li>Easy-care construction designed for busy workplaces</li><li>Coordinates seamlessly with matching Siena suiting separates</li><li>Ideal for corporate, hospitality and customer-facing environments</li></ul>"
Men's Siena Adjustable Waist Pant,mens-siena-adjustable-waist-pant-rgp976m,RGP976M,72 - 112,black; marine,suiting,corporate; government,Fashion biz,trousers,Men,<ul><li>Straight leg tailored trousers</li><li>Hidden elastic waistband for superior comfort</li><li>Roomier mid-rise fit</li><li>Deep functional side pockets</li><li>Lightweight Siena suiting for everyday wear</li></ul>,"A customer favourite, these Siena straight leg trousers are designed to deliver all-day comfort with a timeless professional look. Featuring a roomier mid-rise fit and a concealed elastic waistband, they provide extra flexibility without compromising on a tailored appearance. Deep side pockets and a classic flat front make them a practical and versatile addition to any corporate wardrobe.","<p><strong>Fabric:</strong> 79% Polyester 17% Viscose 4% Elastane</p><ul><li>Straight leg silhouette for a classic professional look</li><li>Flat front design for a clean, tailored finish</li><li>Hidden elastic waistband for enhanced comfort and flexibility</li><li>Roomier mid-rise fit for all-day wearability</li><li>Deep side pockets for convenient everyday storage</li><li>Lightweight Siena suiting fabric with a soft, durable finish</li><li>Breathable construction with added stretch for comfort and ease of movement</li><li>Easy-care fabric suitable for everyday professional wear</li><li>Coordinates seamlessly with matching Siena suiting separates</li><li>Ideal for corporate, hospitality and customer-facing environments</li></ul>"
Traveller Women's Chino Skirt,traveller-womens-chino-skirt-rgs264l,RGS264L,4 - 22,black; desert; navy,bottoms,corporate; hospitality; retail,Fashion biz,skirts; chinos,Women,<ul><li>Modern pencil chino skirt</li><li>Stretch cotton for all-day comfort</li><li>Detachable belt included</li><li>Functional back split for ease of movement</li><li>Smart casual professional styling</li></ul>,"Blending contemporary styling with everyday practicality, this modern chino skirt is designed for effortless comfort and versatility. Featuring a flattering pencil silhouette, added stretch for ease of movement and a detachable belt, it delivers a polished look that's equally suited to the office and smart-casual occasions. Thoughtful design details and functional storage make it a wardrobe essential for everyday wear.","<p><strong>Fabric:</strong> 97% Cotton , 3% Elastane</p><ul><li>Stretch fabric for enhanced comfort and freedom of movement</li><li>Modern pencil silhouette designed to finish at a flattering mid length</li><li>Functional back split for improved mobility</li><li>Non-gaping side seam pockets for a clean, streamlined appearance</li><li>Metallic back zip closure for a contemporary finish</li><li>Belt loops with a detachable belt included for versatile styling</li><li>Modern trims for a refined, elevated look</li><li>Mid-length hem may vary depending on the wearer&#x27;s height</li><li>Suitable for business casual, corporate and everyday wear</li></ul>"
Cool Stretch Women's Mid-Waist Pencil Skirt,cool-stretch-womens-mid-waist-pencil-skirt-rgs312l,RGS312L,4 - 26,black; charcoal; navy,suiting,corporate; government,Fashion biz,skirts,Women,"<ul><li>Modern mid-waist pencil skirt</li><li>Mechanical stretch for all-day comfort</li><li>Breathable, antibacterial suiting fabric</li><li>Clean pocket-free design</li><li>Easy-care fabric ideal for warmer climates</li></ul>","Designed for a polished professional look, this modern pencil skirt combines clean tailoring with exceptional comfort. Made from versatile Cool Stretch suiting fabric, it features mechanical stretch, breathable performance and an antibacterial finish to help keep you feeling fresh throughout the day. With a flattering mid-waist fit, concealed back zip and knee-length silhouette, it's the perfect choice for corporate and customer-facing roles.","<p><strong>Fabric:</strong> 92% Polyester 8% Bamboo Charcoal</p><ul><li>Versatile Cool Stretch suiting fabric with mechanical stretch for enhanced comfort</li><li>Breathable construction to help keep you cool and dry in warmer climates</li><li>Antibacterial finish to help minimise odours and maintain freshness</li><li>Mid-waist pencil skirt with a flattering tailored silhouette</li><li>Encased elastic on the waistband sides for improved comfort and fit</li><li>Designed to finish at the knee for a professional appearance</li><li>Concealed back zip for a clean, streamlined finish</li><li>Back hem split for ease of movement</li><li>Pocket-free design for a sleek, tailored look</li><li>Durable, easy-care fabric suitable for everyday professional wear</li></ul>"
Renew Women's Functional Pencil Skirt,renew-womens-functional-pencil-skirt-rgs403l,RGS403L,4 - 26,navy-dusk; pencil-black,suiting,corporate; government,,skirts; sustainable,Women,<ul><li>Tailored knee-length skirt made with recycled fabric</li><li>Lightweight machine washable suiting</li><li>Minimal-crease travel-friendly design</li><li>Hidden side elastic for all-day comfort</li><li>Functional angled pockets with utility loop</li></ul>,"Designed for comfort, versatility and effortless professional style, the Renew Skirt is the perfect addition to any work wardrobe. Crafted from a lightweight recycled suiting fabric, it offers machine washable convenience with minimal creasing, making it ideal for busy workdays and travel. Featuring a flattering mid-waist fit, hidden side elastic and practical storage, it delivers a polished look with exceptional everyday comfort.","<p><strong>Fabric:</strong> 77% Recycled Polyester, 20% Viscose, 3% Elastane</p><ul><li>Renew Suiting: 77% recycled polyester, 20% viscose, 3% elastane</li><li>Made with 77% post-consumer recycled polyester for a more sustainable choice</li><li>Lightweight fabric engineered for machine wash-and-wear performance</li><li>Minimal-crease construction ideal for travel and everyday professional wear</li><li>Designed to sit comfortably at the mid waist</li><li>Internal side elastic for enhanced comfort while maintaining a clean front and back appearance</li><li>Two angled front side pockets designed to minimise gaping</li><li>Utility loop inside the right-hand pocket for keys or accessories</li><li>No belt loops for a smooth, streamlined finish</li><li>Concealed centre back zip for a refined professional look</li><li>Knee-length silhouette suitable for corporate environments</li><li>Back pleat for improved comfort and ease of movement</li><li>Coordinates perfectly with matching Renew suiting separates for a complete professional wardrobe</li></ul>"
Renew Women's Double Breasted Longline Jacket,renew-womens-double-breasted-longline-jacket-rj400l,RJ400L,4 - 22,navy-dusk; pencil-black,suiting,corporate; government,Fashion biz,blazers,Women,<ul><li>Double-breasted longline tailored jacket</li><li>Made with recycled performance fabric</li><li>Lightweight machine washable suiting</li><li>Minimal-crease travel-friendly design</li><li>Functional cuff buttons and embroidery access</li></ul>,"Designed for effortless sophistication, the Renew Longline Jacket blends contemporary tailoring with practical everyday performance. Crafted from a lightweight recycled suiting fabric, it offers machine washable convenience with minimal creasing, making it ideal for work and travel. Featuring a relaxed double-breasted silhouette, functional detailing and premium finishes, it can be styled with matching suiting for a polished professional look or paired with denim for a smart-casual outfit.","<p><strong>Fabric:</strong> 77% Recycled Polyester, 20% Viscose, 3% Elastane</p><ul><li>Renew Suiting: 77% recycled polyester, 20% viscose, 3% elastane</li><li>Made with 77% post-consumer recycled polyester for a more sustainable choice</li><li>Lightweight fabric engineered for machine wash-and-wear performance</li><li>Minimal-crease construction ideal for travel and everyday professional wear</li><li>Relaxed longline fit for a modern silhouette that may appear oversized depending on body shape</li><li>Double-breasted front closure for a sophisticated tailored look</li><li>Two front jet pockets with flaps for practical storage</li><li>Fully lined with internal pockets for added functionality</li><li>Contrast sleeve lining for a premium finish</li><li>Single centre back vent for enhanced comfort and ease of movement</li><li>Internal embroidery zip for easy custom decoration</li><li>Functional cuff buttons allowing sleeves to be rolled up for versatile styling</li><li>Coordinates with matching Renew suiting separates for a polished professional wardrobe</li></ul>"
Renew Women's Single Button Mid Length Jacket,renew-womens-single-button-mid-length-jacket-rj401l,RJ401L,4 - 30,navy-dusk; pencil-black,suiting,corporate; government,Fashion biz,blazers,Women,<ul><li>Tailored jacket made with recycled fabric</li><li>Lightweight machine washable suiting</li><li>Minimal-crease travel-friendly design</li><li>Single-button tailored silhouette</li><li>Easy embroidery access for custom branding</li></ul>,"Designed for professionals on the move, the Renew Tailored Jacket combines timeless styling with modern performance. Crafted from a lightweight recycled suiting fabric, it offers easy-care, machine washable convenience with minimal creasing, making it ideal for busy workdays and travel. Featuring a single-button closure, tailored waist darts and premium finishing details, it delivers a refined, structured look that's effortlessly polished.","<p><strong>Fabric:</strong> 77% Recycled Polyester, 20% Viscose, 3% Elastane</p><ul><li>Renew Suiting: 77% recycled polyester, 20% viscose, 3% elastane</li><li>Made with 77% post-consumer recycled polyester for a more sustainable choice</li><li>Lightweight fabric engineered for machine wash-and-wear performance</li><li>Minimal-crease construction ideal for travel and everyday professional wear</li><li>Single-button front closure for a clean, contemporary finish</li><li>Front waist darts create a flattering tailored silhouette</li><li>Two front jet pockets with flaps for practical storage</li><li>Fully lined with internal pockets for added functionality</li><li>Contrast sleeve lining for a premium finishing touch</li><li>Internal embroidery zip for easy custom decoration</li><li>Non-functional cuff buttons allowing for easy sleeve alterations</li><li>Coordinates perfectly with matching Renew pants and skirts for a complete professional look</li></ul>"
Renew Men's City Fit Jacket,renew-mens-city-fit-jacket-rj401m,RJ401M,87R - 142R,navy-dusk; pencil-black,suiting,corporate; government,Fashion biz,blazers,Men,<ul><li>Tailored jacket made with recycled fabric</li><li>Lightweight machine washable suiting</li><li>Minimal-crease travel-friendly design</li><li>Fully lined with functional internal pockets</li><li>Easy embroidery access for custom branding</li></ul>,"Designed for professionals on the move, the Renew Tailored Jacket combines contemporary styling with practical performance. Made from a lightweight recycled suiting fabric, it offers easy-care, machine washable convenience with minimal creasing for effortless everyday wear. Fully lined with functional storage and thoughtful tailoring details, it's the perfect companion for work, travel and corporate environments.","<p><strong>Fabric:</strong> 77% Recycled Polyester, 20% Viscose, 3% Elastane</p><ul><li>Renew Suiting: 77% recycled polyester, 20% viscose, 3% elastane</li><li>Made with 77% post-consumer recycled polyester for a more sustainable choice</li><li>Lightweight fabric engineered for machine wash-and-wear performance</li><li>Minimal-crease construction ideal for travel and busy professionals</li><li>City fit designed to provide a flattering, lightly shaped silhouette</li><li>Two-button front closure for timeless professional styling</li><li>Two front jet pockets with flaps for practical storage</li><li>Centre back vent for enhanced comfort and ease of movement</li><li>Fully lined with multiple internal pockets and an action pleat for greater mobility</li><li>Contrast sleeve lining for a premium finish</li><li>Internal embroidery zip for easy custom decoration</li><li>Non-functional cuff buttons allowing for easy sleeve alterations</li><li>Coordinates with matching Renew suiting separates for a polished professional look</li></ul>"
Men's Courtclub,mens-courtclub-rollie-club,ROLLIE-CLUB,41-48,black,shoes,retail; government; corporate,Rollie,,Men,<ul><li>Premium leather work sneakers</li><li>NitroBounce® energy-return cushioning</li><li>Lightweight all-day comfort</li><li>Slip-resistant rubber outsole</li><li>Orthotic-friendly removable footbed</li></ul>,"Designed for professionals who spend long hours on their feet, the CourtClub combines the timeless style of a premium leather sneaker with advanced workplace comfort. Featuring Rollie's signature NitroBounce® cushioning technology, it delivers exceptional energy return while remaining remarkably lightweight. Finished with a slip-resistant outsole and removable footbed, it's built to keep you comfortable from the first step to the last.","<ul><li>Premium leather upper and lining provide lasting durability with a soft, comfortable feel</li><li>NitroBounce® midsole delivers up to 50% more energy return while being 30% lighter for reduced foot fatigue</li><li>Lightweight construction enhances comfort throughout long shifts on your feet</li><li>Slip-resistant rubber outsole with Rollie&#x27;s signature tread pattern provides dependable traction across a variety of surfaces</li><li>Orthotic-friendly removable footbed allows for customised support and accommodates custom orthotics</li><li>Premium cushioning technology helps absorb impact and promotes all-day comfort</li><li>Australian designed with a focus on innovation, quality craftsmanship and attention to detail</li><li>Modern sneaker styling transitions seamlessly between work and everyday wear</li><li>Ideal for healthcare, hospitality, retail, corporate, education and professionals who spend long hours on their feet</li></ul>"
Men’s Derby,mens-derby-rollie-derby,ROLLIE-DERBY,41 - 48,black; vintage-brown; vintage-cognac,shoes,retail; government; corporate,Rollie,,Men,<ul><li>Premium leather dress shoes</li><li>Lightweight sport-inspired comfort</li><li>Orthotic-friendly removable footbed</li><li>Slip-resistant rubber outsole</li><li>Cushioned EVA midsole technology</li></ul>,"Combining timeless dress shoe styling with advanced sports-inspired comfort, these premium shoes are designed for professionals who spend long days on their feet. Crafted from premium leather and featuring an ultra-light EVA midsole, they deliver exceptional cushioning, flexibility and all-day support. Finished with a slip-resistant outsole and removable footbed, they offer the perfect balance of classic style and modern performance.","<ul><li>Premium leather upper provides a refined appearance with lasting durability and everyday comfort</li><li>Lightweight EVA midsole delivers exceptional cushioning, flexibility and reduced foot fatigue throughout the day</li><li>Advanced midsole technology offers up to 50% greater energy return while remaining up to 30% lighter than traditional styles</li><li>Orthotic-friendly removable footbed allows for customised support or the use of personal orthotics</li><li>Slip-resistant rubber outsole provides dependable traction and enhanced durability across a variety of surfaces</li><li>Flexible construction promotes natural movement for lasting comfort from day to night</li><li>Australian designed with a focus on innovation, quality craftsmanship and attention to detail</li><li>Versatile dress shoe styling transitions seamlessly between professional and everyday wear</li><li>Ideal for corporate, hospitality, retail, education, healthcare and professionals who spend long hours on their feet</li></ul>"
Women's Charlie 3/4 Shirt,womens-charlie-3-4-shirt-rs968lt,RS968LT,4 - 26,black; blue-chambray; white,tops,corporate; education; government,Fashion Biz,shirts; long-sleeve,Women,<ul><li>Cotton-rich fabric for breathable comfort</li><li>Mechanical stretch for ease of movement</li><li>Semi-fitted silhouette for a flattering fit</li><li>Concealed placket for a clean professional finish</li></ul>,"Designed to deliver a polished and contemporary look, the Women's Charlie 3/4 Sleeve Shirt combines comfort with professional styling. The cotton-rich fabric helps keep you cool and comfortable throughout the day, while mechanical stretch provides added flexibility and ease of movement. Thoughtful design details, including a concealed placket, dart shaping and hidden modesty button, create a streamlined silhouette suitable for a wide range of workplace environments.","<p><strong>Fabric:</strong> 60% Cotton, 40% Polyester</p><ul><li>60% cotton, 40% polyester</li><li>Cotton-rich fabric</li><li>Mechanical stretch</li><li>Semi-fitted silhouette</li><li>Concealed front placket</li><li>Front dart detailing</li><li>Hidden bust button located inside placket</li><li>3/4 sleeve styling</li><li>Black UPF 50+ Excellent rating</li><li>Navy UPF 50 Excellent rating</li><li>White UPF 15 Minimum rating</li><li>Blue UPF 15 Minimum rating</li><li>Silver UPF 15 Minimum rating</li></ul>"
Sydney T-Top,sydney-t-top-rt065ls,RT065LS,4 - 26,black; storm-blue,tops,corporate; education; government,Fashion Biz,short-sleeve,Women,<ul><li>Georgette front and sleeves</li><li>Stretch jersey back panel</li><li>Soft front pleat detail</li><li>Easy-fit silhouette</li><li>Slip-on style design</li></ul>,"The Sydney blouse combines elegant styling with everyday comfort, making it a versatile addition to any professional wardrobe. Featuring a lightweight Georgette front and sleeves paired with a stretch jersey back, it offers a flattering drape and ease of movement throughout the day. The soft front pleat creates a graceful silhouette, while the easy-fit design can be worn comfortably untucked for a polished, effortless look.","<p><strong>Fabric:</strong> 95% Polyester, 5% Elastane</p><ul><li>Front and sleeves: 100% polyester Georgette</li><li>Back: 95% polyester, 5% elastane jersey</li><li>Contrast fabric construction for added texture and visual interest</li><li>Easy-fit blouse design</li><li>Soft front pleat from neckline</li><li>Straight hemline with natural drape</li><li>Slip-on style with no back opening</li><li>Suitable as a maternity style</li><li>Designed to be worn untucked</li></ul>"
Marli Stretch Tunic T-Top,marli-stretch-tunic-t-top-rt262ls,RT262LS,6 - 20,black; navy,tops,healthcare,Fashion Biz,tunics,Women,"<ul><li>Lightweight stretch jersey T-top</li><li>Pleated front with gathered back detailing</li><li>Longer hem for added coverage</li><li>Maternity-friendly design</li><li>Easy-care, wrinkle-resistant fabric</li></ul>","Designed for effortless comfort and versatility, this lightweight jersey T-top offers a flattering silhouette with practical everyday performance. Featuring a pleated front and gathered back, it provides a relaxed fit with excellent freedom of movement. The longer front and back hemline offers additional coverage, while the stretch jersey fabric makes it an ideal choice for maternity wear and busy professional environments.","<p><strong>Fabric:</strong> 95% Polyester, 5% Elastane</p><ul><li>Lightweight jersey knit fabric with natural stretch for all-day comfort</li><li>Pleated front and gathered back for a flattering, relaxed fit</li><li>Longer front and back hemline for added coverage</li><li>Maternity-friendly design that accommodates changing body shapes</li><li>Stretch jersey construction for unrestricted movement</li><li>Durable, easy-care fabric designed for everyday wear</li><li>Wrinkle-resistant fabric requiring little to no ironing</li><li>Ideal for healthcare and professional workplace environments</li></ul>"
Women's Ruche Long Sleeve Blouse,womens-ruche-long-sleeve-blouse-ru568ll,RU568LL,6 - 30,black; navy; powder-blue,tops,corporate; education; government,Fashion Biz,long-sleeve,Women,<ul><li>Textured stretch knit fabric</li><li>Soft voluminous sleeves</li><li>High-stretch comfort fit</li><li>Modern Y-placket neckline</li><li>Easy-care wash-and-wear construction</li></ul>,"Designed to elevate everyday workplace style, this textured knit top combines contemporary detailing with all-day comfort. Featuring soft voluminous sleeves with cuffed hems, a modern Y-placket neckline and a relaxed fit through the body, it creates a polished yet effortless look. The high-stretch fabric provides ease of movement, while the longer curved hemline offers versatile styling options, whether worn tucked in or untucked.","<p><strong>Fabric:</strong> 98% Polyester, 2% Elastane</p><ul><li>98% polyester, 2% elastane</li><li>High-stretch knit fabric</li><li>Modern textured finish</li><li>Round neckline with Y placket</li><li>Soft voluminous sleeves with cuffed hems</li><li>Longer curved hemline</li><li>Relaxed fit through the body</li><li>Easy-care wash-and-wear fabric</li></ul>"
Women's Ruche Short Sleeve Blouse,womens-ruche-short-sleeve-blouse-ru568ls,RU568LS,6 - 30,black; navy; powder-blue,tops,corporate; education; government,Fashion Biz,short-sleeve,Women,<ul><li>Textured stretch knit fabric</li><li>High-stretch comfort fit</li><li>Modern Y-placket neckline</li><li>Cuffed long sleeves</li><li>Easy-care wash-and-wear construction</li></ul>,"Designed to elevate everyday workplace dressing, this textured knit top combines comfort with contemporary style. The relaxed fit through the body offers effortless wear, while the modern Y-placket neckline and cuffed sleeves add refined detailing. Crafted from a high-stretch knit fabric, it provides all-day comfort and flexibility, making it ideal for pairing with tailored trousers or skirts. The longer curved hemline allows for versatile styling, whether worn tucked in or untucked.","<p><strong>Fabric:</strong> 98% Polyester, 2% Elastane</p><ul><li>98% polyester, 2% elastane</li><li>High-stretch knit fabric</li><li>Modern textured finish</li><li>Round neckline with Y placket</li><li>Long sleeves with cuffed hems</li><li>Longer curved hemline</li><li>Relaxed fit through the body</li><li>Easy-care wash-and-wear fabric</li></ul>"
Women's Evelyn Long Sleeve Blouse,womens-evelyn-long-sleeve-blouse-ru569ll,RU569LL,6 - 30,black; ivory; mineral-blue; navy; wine,tops,corporate; education; government,Fashion Biz,long-sleeve; sustainable,Women,<ul><li>100% recycled polyester fabric</li><li>Lightweight transeasonal design</li><li>Relaxed easy-fit silhouette</li><li>Pleat and button cuff detailing</li><li>Curved hem with extended back length</li></ul>,"A versatile blouse designed for year-round workplace wear, this lightweight style combines comfort with refined detailing. The relaxed fit through the body provides effortless movement, while pleat and button cuff details add a polished finish. Crafted from recycled polyester, it offers an easy-care solution for professional dressing, with a curved hemline and longer back hem creating a flattering silhouette that can be styled tucked in or untucked.",<p><strong>Fabric:</strong> 100% Recycled Polyester</p><ul><li>100% recycled polyester</li><li>Lightweight transeasonal fabric</li><li>Easy-fit long sleeve blouse</li><li>Relaxed fit through the body</li><li>Pleat and button cuff detailing</li><li>Elastic loop front button detail</li><li>Elastic loops on cuff buttons to allow sleeves to be pushed up</li><li>Curved hemline with longer back hem</li><li>Easy-care construction</li></ul>
Women's Evelyn Short Sleeve Blouse,womens-evelyn-short-sleeve-blouse-ru569ls,RU569LS,6 - 30,black; ivory; mineral-blue; navy; powder-blue; wine,tops,corporate; education; government,Fashion Biz,short-sleeve; sustainable,Women,<ul><li>100% recycled polyester fabric</li><li>Lightweight transeasonal design</li><li>Relaxed easy-fit silhouette</li><li>Short sleeve styling</li><li>Curved hem with extended back length</li></ul>,"Designed for comfort and versatility across changing seasons, this lightweight blouse offers a polished yet effortless look for the workplace. The relaxed easy-fit silhouette provides all-day comfort, while the clean single-layer construction creates a smooth, flattering drape. Featuring short sleeves, subtle front button detailing and a curved hemline with an extended back length, it can be styled tucked in or untucked to suit a variety of professional settings.",<p><strong>Fabric:</strong> 100% Recycled Polyester</p><ul><li>100% recycled polyester</li><li>Lightweight transeasonal fabric</li><li>Easy-fit short sleeve blouse</li><li>Relaxed fit through the body</li><li>Elastic loop front button detail</li><li>Curved hemline with longer back hem</li><li>Single-layer front and back construction</li><li>Easy-care design</li></ul>
Women's Evelyn Long Sleeve Shirt,womens-evelyn-long-sleeve-shirt-ru570ll,RU570LL,6 - 26,black; ivory; mineral-blue; navy; wine,tops,corporate; education; government,Fashion Biz,shirts; long-sleeve; sustainable,Women,<ul><li>100% recycled polyester fabric</li><li>Easy-fit button-down shirt</li><li>Long sleeves with adjustable cuffs</li><li>Inverted back yoke pleats</li><li>Curved hem with extended back length</li></ul>,"Designed for comfort and versatility across changing seasons, this lightweight button-down shirt delivers a polished yet relaxed professional look. The easy-fit silhouette allows for comfortable movement throughout the day, while inverted pleats on the back yoke enhance fit and drape. Featuring long sleeves with button cuffs that can be rolled up for a 3/4 sleeve style, this shirt offers flexible styling options for a variety of workplace environments.",<p><strong>Fabric:</strong> 100% Recycled Polyester</p><ul><li>100% recycled polyester</li><li>Lightweight transeasonal fabric</li><li>Easy-fit button-down long sleeve shirt</li><li>Relaxed fit through the body</li><li>Two modesty bust buttons</li><li>Button sleeve cuffs that can be rolled up for a 3/4 sleeve look</li><li>Inverted pleats on back yoke</li><li>Curved hemline with longer back hem</li><li>Easy-care construction</li></ul>
Ladies Memphis Shirt,ladies-memphis-shirt-s127ll,S127LL,6 - 26,black; grey-smoke; jasper-green; mineral-blue; white,tops,corporate; education; government,Fashion Biz,shirts; long-sleeve,Women,"<ul><li>Garment washed for a soft, comfortable feel</li><li>Easy-care fabric with minimal ironing required</li><li>Semi-fitted silhouette for a flattering fit</li><li>Can be worn tucked in or untucked</li></ul>","Designed for comfort and effortless everyday styling, the Ladies Memphis Shirt features a semi-fitted silhouette that creates a flattering and professional look. The garment-washed finish provides added softness, while the easy-care fabric requires minimal ironing, making it ideal for busy workplaces. Versatile styling allows the shirt to be worn tucked in or untucked to suit different uniform requirements.","<p><strong>Fabric:</strong> 60% Cotton, 40% Polyester</p><ul><li>60% cotton, 40% polyester</li><li>Garment washed finish</li><li>Easy-care fabric</li><li>Minimal ironing required</li><li>Semi-fitted silhouette</li><li>Shirt tail hem</li><li>Back box pleat</li><li>Can be worn tucked in or untucked</li></ul>"
Men's Memphis Shirt,mens-memphis-shirt-s127ml,S127ML,XS - 5XL,black; grey-smoke; jasper-green; mineral-blue; white,tops,corporate; education; government,Fashion Biz,shirts; long-sleeve,Men,<ul><li>Stretch cotton blend fabric for all-day comfort</li><li>Contemporary fit for a modern professional look</li><li>Easy-care construction for everyday wear</li><li>Versatile styling for a range of workplace environments</li></ul>,"A modern business shirt designed to combine comfort, flexibility and professional style. Crafted from a cotton-rich stretch fabric, it allows ease of movement throughout the day while maintaining a polished appearance. The contemporary fit and clean styling make it a versatile choice for corporate, hospitality and customer-facing roles.","<p><strong>Fabric:</strong> 60%Cotton, 40%PolyesterEasyIron</p><ul><li>Cotton blend stretch fabric</li><li>Contemporary fit</li><li>Easy-care finish</li><li>Classic collar</li><li>Button front placket</li><li>Adjustable cuffs</li><li>Curved hemline</li><li>Suitable for tucked or untucked styling</li></ul>"
Vidro 750ml Bottle,vidro-750ml-bottle-s3101,S3101,,,accessories,,Promo Brands,promotional-merchandise; drinkware,,<ul><li>Premium borosilicate glass drink bottle</li><li>Natural bamboo lid</li><li>BPA-free reusable design</li><li>Generous 750ml capacity</li><li>Sustainable everyday hydration</li></ul>,"Designed for stylish everyday hydration, the Vidro 750ml Bottle combines premium materials with a minimalist aesthetic. Crafted from durable borosilicate glass and finished with a natural bamboo lid, it offers a reusable, BPA-free alternative to single-use plastic bottles. Presented in an individual gift box, it's the perfect choice for corporate gifting, promotional campaigns and everyday use.","<ul><li>Premium borosilicate glass construction provides excellent durability and thermal shock resistance</li><li>Natural bamboo lid delivers a stylish finish while creating a secure seal for everyday use</li><li>Generous 750ml capacity helps keep you hydrated throughout the day</li><li>BPA-free design offers a safe, reusable alternative to single-use plastic bottles</li><li>Durable construction suitable for work, travel, fitness and everyday hydration</li><li>Presented in an individual white gift box, making it ideal for corporate gifting and promotional campaigns</li><li>Timeless glass and natural bamboo design complements a wide range of branding styles</li><li>Product diMen&#x27;sions: 260mm high × 70mm base diameter</li><li>Ideal for corporate gifts, employee welcome packs, promotional events, wellness programs and everyday hydration</li></ul>"
Oakleigh Coffee Cup (354mL),oakleigh-coffee-cup-354ml-s400,S400,,black; green; pink; white,accessories,,Promo Brands,promotional-merchandise; drinkware,,<ul><li>Double-wall borosilicate glass cup</li><li>Heat-resistant silicone grip</li><li>Comfortable 354ml capacity</li><li>Lightweight and durable design</li><li>Ideal for coffee on the go</li></ul>,"Enjoy your favourite hot drinks in style with this premium 354ml double-wall glass cup. Crafted from high borosilicate glass, it offers excellent heat resistance while the silicone grip provides a comfortable, secure hold. Combining modern design with everyday practicality, it's the perfect reusable cup for the office, commuting or your daily coffee ritual.","<ul><li>Premium double-wall high borosilicate glass provides excellent heat resistance while helping maintain beverage temperature</li><li>354ml capacity is ideal for coffee, tea and other hot beverages</li><li>Protective silicone band offers a comfortable, secure grip while reducing heat transfer to your hands</li><li>Lightweight yet durable construction designed for everyday use</li><li>Double-wall design helps minimise condensation and keeps the exterior comfortable to hold</li><li>Presented in premium tubular packaging, making it ideal for gifting and promotional campaigns</li><li>Available in White, Moss Green, Black, Navy and Pink to complement your branding</li><li>Product diMen&#x27;sions: 80mm diameter × 190mm high</li><li>Ideal for corporate gifts, promotional events, office use and everyday coffee lovers</li></ul>"
Women's Soul Long Sleeve Shirt,womens-soul-long-sleeve-shirt-s421ll,S421LL,6 - 24,grey; navy; olive; rust,tops,corporate; education; government,Fashion Biz,shirts; long-sleeve; sustainable,Women,<ul><li>Relaxed fit for all-day comfort</li><li>Garment washed for a soft feel</li><li>Recycled polyester blend fabric</li><li>Can be worn tucked in or untucked</li></ul>,"A modern long sleeve shirt designed with a relaxed fit and casual styling. Garment washed for softness and a lived-in look, it offers comfort and versatility for everyday wear. The micro-check pattern, curved hem and centre back pleat combine functionality with contemporary style.","<p><strong>Fabric:</strong> 40% Recycled Polyester; Yarn-dyed Micro-check; 120 GSM; UPF Rating 15+, 60% Cotton</p><ul><li>60% cotton, 40% recycled polyester</li><li>Yarn-dyed micro-check fabric</li><li>120 GSM</li><li>UPF 15+ rating</li><li>Garment washed finish</li><li>Button-down collar</li><li>Dress placket</li><li>Adjustable cuffs</li><li>Centre back box pleat</li><li>Curved hem with inserts</li><li>Can be worn tucked in or untucked</li><li>Left chest pocket</li></ul>"
Men's Soul Long Sleeve Shirt,mens-soul-long-sleeve-shirt-s421ml,S421ML,XS - 5XL,grey; navy; olive; rust,tops,corporate; education; government,Fashion Biz,shirts; long-sleeve; sustainable,Men,<ul><li>Relaxed fit for all-day comfort</li><li>Garment washed for a soft feel</li><li>Recycled polyester blend fabric</li><li>Practical chest pocket design</li></ul>,"A versatile long sleeve shirt designed with comfort and functionality in mind. The garment-washed finish creates a soft hand feel, while the relaxed fit and micro-check pattern provide a contemporary appearance. Suitable for both professional and casual workplace environments, it delivers everyday comfort without compromising on style.","<p><strong>Fabric:</strong> 40% Recycled Polyester; Yarn-dyed Micro-check; 120 GSM; UPF Rating 15+, 60% Cotton</p><ul><li>60% cotton, 40% recycled polyester</li><li>Yarn-dyed micro-check fabric</li><li>120 GSM</li><li>UPF 15+ rating</li><li>Garment washed finish</li><li>Button-down collar</li><li>Dress placket</li><li>Adjustable cuffs</li><li>Centre back box pleat</li><li>Curved hem with inserts</li><li>Left chest pocket</li><li>Can be worn tucked in or untucked</li></ul>"
Ladies Madison Long Sleeve Blouse,ladies-madison-long-sleeve-blouse-s626ll,S626LL,6 - 26,black; ivory; midnight-blue; silver-mist,tops,corporate; education; government,Fashion Biz,long-sleeve,Women,"<ul><li>Lightweight mechanical stretch fabric</li><li>Roll-up sleeve tab functionality</li><li>Action-back pleat for comfort</li><li>Longer length for versatile styling</li><li>Streamlined, gently shaped fit</li></ul>","The Madison shirt is a versatile wardrobe essential designed to adapt effortlessly to the workday. Wear it tucked in with sleeves down for a polished professional look, or roll up the sleeves and wear it untucked for a more relaxed contemporary style. Crafted from lightweight, easy-care fabric with mechanical stretch, it delivers lasting comfort and freedom of movement, while the gently shaped silhouette creates a flattering, streamlined appearance.","<p><strong>Fabric:</strong> 100% Polyester</p><ul><li>100% polyester with mechanical stretch</li><li>Roll-up sleeve tab function</li><li>Built-in action-back pleat for enhanced comfort and movement</li><li>Longer length suitable for tucking in or wearing untucked</li><li>Gently shaped through the torso for a streamlined silhouette</li><li>Lightweight, easy-care fabric</li></ul>"
Byron 1L Drink Bottle,byron-1l-drink-bottle-s777,S777,,black; olive; green; stone; white; navy,accessories,,Promo Brands,promotional-merchandise; drinkware,,<ul><li>Double-wall insulated drink bottle</li><li>Premium 304 stainless steel construction</li><li>Generous 1L capacity</li><li>Reusable straw included</li><li>Durable powder-coated finish</li></ul>,"Designed for everyday hydration, the Byron 1 Litre Insulated Drink Bottle combines premium materials with practical functionality. Crafted from double-wall vacuum-insulated 304 stainless steel, it keeps drinks hot or cold for longer while the durable powder-coated finish and integrated carry handle make it the perfect companion for work, travel and outdoor adventures. Complete with a reusable stainless steel straw and cleaning brush, it's a sustainable alternative to single-use plastic bottles.","<ul><li>Premium 304 stainless steel construction inside and out for exceptional durability and long-lasting performance</li><li>Double-wall vacuum insulation helps maintain the ideal temperature of hot and cold beverages for longer</li><li>Generous 1L capacity keeps you hydrated throughout the day</li><li>Durable powder-coated finish provides a premium look with a comfortable, secure grip</li><li>Integrated carry handle makes it easy to take wherever the day leads</li><li>Includes a reusable stainless steel straw and metal straw cleaning brush for convenient everyday use</li><li>Presented in a premium gift box, making it ideal for corporate gifting and promotional campaigns</li><li>Reusable design offers a sustainable alternative to single-use plastic drink bottles</li><li>Available in Black, Olive, Green, Stone, White and Navy to complement your branding</li><li>Product diMen&#x27;sions: 250mm high (290mm including handle), 65mm top diameter, 88mm base diameter</li><li>Ideal for corporate gifts, employee welcome packs, promotional events, travel, fitness and everyday hydration</li></ul>"
Ladies Madison Boatneck Blouse,ladies-madison-boatneck-blouse-s828ll,S828LL,6 - 30,black; ivory; midnight-blue; silver-mist,tops,corporate; education; government,Fashion Biz,long-sleeve,Women,"<ul><li>Elegant boat neckline</li><li>Mechanical stretch fabric</li><li>Roll-up sleeve tab functionality</li><li>Longer shirt-tail hem</li><li>Streamlined, tailored fit</li></ul>","A sophisticated blouse designed to bring effortless style to the workplace. Featuring an elegant boat neckline and a flattering longer-length silhouette, it delivers a polished, contemporary look suitable for a range of professional settings. Functional roll-up sleeves add versatility, while the gently shaped fit creates a streamlined appearance that can be worn tucked in or untucked with ease.","<p><strong>Fabric:</strong> 100% Polyester</p><ul><li>100% polyester with mechanical stretch</li><li>Finely stitched boat neckline detail</li><li>Roll-up sleeve tab function</li><li>Longer shirt-tail hem</li><li>Designed to be worn tucked in or untucked</li><li>Gently shaped through the torso for a streamlined silhouette</li><li>Lightweight, easy-care fabric</li></ul>"
Sunrise Smoothie 500mL Tumbler,sunrise-smoothie-500ml-tumbler-s895,S895,,black; green; grey; pink; white,accessories,,Promo Brands,promotional-merchandise; drinkware,,<ul><li>Premium glass tumbler with straw</li><li>BPA-free borosilicate glass</li><li>Sustainable bamboo lid</li><li>Comfortable silicone grip</li><li>Perfect for cold drinks on the go</li></ul>,"Designed for refreshing drinks wherever the day takes you, the Sunrise Tumbler combines premium materials with effortless everyday style. Crafted from BPA-free borosilicate glass, it features a protective silicone sleeve, natural bamboo lid and reusable stainless steel straw for a sustainable drinking experience. With a generous 500ml capacity and vibrant colour options, it's perfect for iced coffees, smoothies and everyday hydration.","<ul><li>Premium BPA-free borosilicate glass offers exceptional durability and thermal shock resistance</li><li>Generous 500ml capacity is ideal for iced coffee, smoothies, juices and everyday cold beverages</li><li>Protective silicone sleeve provides a comfortable, non-slip grip while helping protect the glass from everyday knocks</li><li>Natural bamboo lid creates a stylish finish with a secure seal to help prevent spills during travel</li><li>Reusable stainless steel straw offers a sustainable alternative to disposable straws and can be removed for easy cleaning</li><li>Presented in a kraft gift box, making it ideal for corporate gifting and promotional campaigns</li><li>Available in White, Pink, Peach, Green, Blue, Grey and Black to complement your branding</li><li>Product diMen&#x27;sions: Glass tumbler 185mm high × 70mm diameter; Straw 215mm × 8mm diameter</li><li>Ideal for corporate gifts, promotional events, cafés, travel, beach days and everyday hydration</li></ul>"
Allegra 750ml Bottle,allegra-750ml-bottle-s901,S901,,black; blue; brown; green; grey; navy; pink; white,accessories,,Promo Brands,promotional-merchandise; drinkware,,<ul><li>Double-wall insulated drink bottle</li><li>Vacuum insulation for lasting temperature control</li><li>Durable stainless steel construction</li><li>BPA-free reusable design</li><li>Cup holder-friendly shape</li></ul>,"Designed for everyday hydration, the Allegra Bottle combines premium insulation with a sleek, travel-friendly design. Featuring double-wall vacuum insulation and durable stainless steel construction, it keeps beverages hot or cold for hours while fitting comfortably into most car cup holders. BPA-free and built for daily use, it's a stylish and sustainable alternative to single-use plastic bottles.","<ul><li>Double-wall vacuum insulation helps keep drinks hot or cold for extended periods</li><li>304 stainless steel inner provides excellent durability and beverage safety</li><li>201 stainless steel outer offers strength with a premium finish</li><li>BPA-free construction provides a safe, reusable alternative to single-use plastic bottles</li><li>Slim profile fits most standard car cup holders for convenient travel and commuting</li><li>Durable design built for everyday use at work, home or on the go</li><li>Presented in an individual white gift box, making it ideal for corporate gifting and promotional campaigns</li><li>Available in Light Blue, Black, Grey, Green, Brown, Pink, White and Navy to suit a wide range of branding requirements</li><li>Product diMen&#x27;sions: 78mm diameter × 260mm high</li><li>Ideal for corporate gifts, employee welcome packs, promotional events, travel, fitness and everyday hydration</li></ul>"
Summit 750ml Drink Bottle,summit-750ml-drink-bottle-s909,S909,,black; navy; white,accessories,,Promo Brands,promotional-merchandise; drinkware; sustainable,,<ul><li>Double-wall stainless steel drink bottle</li><li>Durable powder-coated finish</li><li>Generous 750ml capacity</li><li>Built for everyday adventures</li><li>Ideal for custom branding</li></ul>,"Designed for life on the go, the Summit 750ml Drink Bottle combines rugged durability with a sleek, modern finish. Featuring a double-wall stainless steel construction and premium powder-coated exterior, it's built to handle everyday adventures while showcasing your brand with style. Whether at work, on the trail or in the office, it's a practical promotional product designed to make a lasting impression.","<ul><li>Double-wall construction with an SS304 stainless steel inner and SS201 stainless steel outer for lasting durability</li><li>Generous 750ml capacity keeps you hydrated throughout the day</li><li>Premium powder-coated finish provides a comfortable grip and modern appearance</li><li>Durable construction designed for everyday use at work, travel and outdoor activities</li><li>Integrated carry handle offers convenient portability on the go</li><li>Presented in an individual kraft gift box, making it ideal for corporate gifting and promotional campaigns</li><li>Available in White, Black and Navy to suit a variety of branding requirements</li><li>Product diMen&#x27;sions: 280mm high (including handle) × 85mm diameter</li><li>Ideal for corporate gifts, staff uniforms, promotional events, outdoor activities and everyday hydration</li></ul>"
Arlo 1L Glass Water Bottle,arlo-1l-glass-water-bottle-s990,S990,,black; navy; white,accessories,,Promo Brands,promotional-merchandise; drinkware,,<ul><li>Premium 1L borosilicate glass bottle</li><li>Motivational hydration markers</li><li>Protective silicone sleeve</li><li>Thermal shock-resistant design</li><li>Ideal for everyday hydration</li></ul>,"Stay motivated to reach your hydration goals with the Arlo 1L Glass Water Bottle. Crafted from durable borosilicate glass and finished with a protective silicone sleeve, it's designed to keep up with busy workdays, gym sessions and outdoor adventures. Featuring etched motivational messages and a generous 1L capacity, Arlo makes staying hydrated simple, stylish and sustainable.","<ul><li>Premium borosilicate glass construction offers exceptional durability and thermal shock resistance for both hot and cold beverages</li><li>Generous 1L capacity helps you stay hydrated throughout the day</li><li>Protective silicone sleeve provides a comfortable grip while helping protect the bottle from everyday knocks and bumps</li><li>Etched motivational hydration markers encourage regular water intake and help track daily hydration goals</li><li>Suitable for a wide range of beverages, from hot tea to chilled water and infused drinks</li><li>One-sided custom branding area, with measurement markings featured on the reverse side</li><li>Presented in an individual white gift box, making it ideal for corporate gifting and promotional campaigns</li><li>Available in Navy Blue, White and Black to complement your branding</li><li>Product diMen&#x27;sions: 80mm diameter × 290mm high</li><li>Ideal for corporate gifts, promotional events, employee wellness programs, fitness, travel and everyday hydration</li></ul>"
Women's Derby City,womens-derby-city-sc00129,SC00129,35 - 43,black,shoes,retail; government; corporate,Rollie,,Women,<ul><li>Lightweight platform dress shoes</li><li>Cushioned EVA comfort midsole</li><li>Slip-resistant rubber outsole</li><li>Orthotic-friendly removable footbed</li><li>Effortless lace-free fit</li></ul>,"Designed to elevate your everyday style, these modern platform Derby shoes combine contemporary fashion with exceptional all-day comfort. Featuring an ultra-lightweight EVA midsole and a durable 4cm platform sole, they provide superior cushioning without the bulk. Finished with a slip-resistant outsole, foot-hugging elastic fit and premium linings, they're made for professionals who spend long hours on their feet.","<ul><li>Ultra-lightweight EVA midsole provides exceptional cushioning and flexibility for lasting all-day comfort</li><li>Durable 4cm platform sole delivers elevated style with dependable everyday support</li><li>Slip-resistant rubber outsole offers reliable grip across a variety of indoor and outdoor surfaces</li><li>Canvas and leather linings help keep feet cool, dry and comfortable throughout the day</li><li>Internal elastic construction creates a secure, foot-hugging fit without the need for tight laces</li><li>Orthotic-friendly removable footbed allows for customised support and accommodates personal orthotics</li><li>Padded heel collar eliminates break-in discomfort and helps prevent ankle rubbing</li><li>Lightweight construction reduces fatigue during long periods of standing or walking</li><li>Australian designed with a focus on innovation, quality craftsmanship and attention to detail</li><li>Ideal for hospitality, retail, healthcare, corporate and professionals who spend long hours on their feet</li></ul>"
Women's Court Club,womens-court-club-sc01535,SC01535,35 - 43,black; white,shoes,retail; government; corporate,Rollie,,Women,<ul><li>Premium leather work sneakers</li><li>NitroBounce® energy-return cushioning</li><li>Lightweight all-day comfort</li><li>Slip-resistant rubber outsole</li><li>Orthotic-friendly removable footbed</li></ul>,"Designed for professionals who spend long hours on their feet, the CourtClub combines timeless sneaker styling with advanced workplace comfort. Featuring Rollie's signature NitroBounce® cushioning technology, it delivers exceptional energy return while remaining remarkably lightweight. Finished with a premium leather upper, slip-resistant outsole and removable footbed, it's built to keep you comfortable from the first step to the last.","<ul><li>Premium leather upper and lining provide lasting durability with a soft, comfortable feel</li><li>Signature NitroBounce® midsole delivers up to 50% greater energy return while being up to 30% lighter than traditional footwear for reduced fatigue</li><li>Lightweight construction promotes lasting comfort throughout long shifts on your feet</li><li>Slip-resistant rubber outsole with Rollie&#x27;s signature tread pattern provides dependable grip across a variety of surfaces</li><li>Orthotic-friendly removable footbed allows for customised support and accommodates personal orthotics</li><li>Advanced cushioning technology absorbs impact and enhances comfort with every step</li><li>Australian designed with a focus on innovation, quality craftsmanship and attention to detail</li><li>Modern sneaker styling transitions seamlessly between professional and everyday wear</li><li>Ideal for healthcare, hospitality, retail, education, corporate and professionals who spend long hours on their feet</li></ul>"
Men's Plain Oasis Short Sleeve Shirt,mens-plain-oasis-short-sleeve-shirt-sh3603,SH3603,"S - 3XL, 5XL",black; charcoal; electric-blue; grape; mid-blue; navy; teal,tops,corporate; education; government,Fashion Biz,shirts; short-sleeve,Men,<ul><li>Breathable performance fabric</li><li>Lightweight design for all-day comfort</li><li>Functional chest and pen pockets</li><li>Can be worn tucked in or untucked</li></ul>,"A practical short sleeve shirt designed for busy workplace environments. The breathable polyester fabric delivers lightweight comfort, while the standard collar and functional pocket configuration provide a professional appearance. Its versatile curved hemline allows it to be worn tucked in or untucked.",<p><strong>Fabric:</strong> 100% Yarn Wicked Breathable Polyester</p><ul><li>100% yarn wicked breathable polyester</li><li>Standard collar</li><li>Jet chest pocket</li><li>Pen pocket</li><li>Curved hemline</li><li>Can be worn tucked in or untucked</li></ul>
Hi-Vis Reversible Safety Vest With 3m Tapes,hi-vis-reversible-safety-vest-with-3m-tapes-sw19a,SW19A,2XS - 5XL,orange; yellow,hi-vis-and-workwear,,Winning Spirit,hi-vis,Unisex,<ul><li>Reversible hi-vis safety vest</li><li>Waterproof and breathable protection</li><li>Polar fleece lining for warmth</li><li>3M™ Scotchlite™ reflective tape</li><li>Certified day and night visibility</li></ul>,"Designed for maximum visibility and all-weather performance, this reversible hi-vis safety vest offers dependable protection in demanding work environments. Featuring a waterproof, breathable outer and a warm polar fleece reverse, it provides versatile comfort across changing conditions. Certified reflective tape ensures enhanced visibility, making it ideal for construction, transport, logistics and outdoor worksites.","<p><strong>Fabric:</strong> 100%Polyester, 300d Oxford Pu Coated</p><ul><li>180 GSM 100% polyester 300D Oxford with PU coating for durability and weather resistance</li><li>Waterproof rating: 8000mm for reliable wet-weather protection</li><li>Breathability rating: 3000mm to help maintain comfort throughout the day</li><li>Reversible design offers versatile wear for changing conditions</li><li>Polar fleece lining provides lightweight warmth and insulation</li><li>H-pattern 3M™ Scotchlite™ reflective tape enhances visibility in low-light conditions</li><li>Certified to AS/NZS 4602.1:2011 Class D/N for day and night high-visibility safety wear</li><li>Compatible as part of the SW20A Three-in-One Safety Jacket System</li><li>Ideal for construction, transport, logistics, infrastructure and industrial workplaces</li></ul>"
Men's Ice Tee,mens-ice-tee-t10012,T10012,"S - 3XL, 5XL",black; charcoal; grey-marle; khaki; navy; royal; white,tops,corporate; healthcare; education,Fashion Biz,tees; short-sleeve,Men,"<ul><li>Premium combed cotton T-shirt</li><li>Soft, breathable everyday comfort</li><li>Ribbed stretch neckline for lasting shape</li><li>Easy tear-away label for rebranding</li><li>Side-seamed construction ideal for printing</li></ul>","Designed for comfort, durability and versatility, this premium cotton T-shirt is an everyday essential for workwear, promotions and casual wear. Made from soft combed cotton, it offers a comfortable fit with quality construction that stands up to regular wear. Featuring side seams for improved print alignment and a tear-away label for easy rebranding, it's the perfect blank canvas for custom decoration.","<p><strong>Fabric:</strong> 100% Cotton</p><ul><li>185 GSM premium fabric for durability and comfort</li><li>100% premium combed cotton</li><li>Fluoro Orange and Yellow-Lime: 65% polyester, 35% cotton</li><li>Grey Marle: 85% cotton, 15% viscose</li><li>Twin needle stitching on sleeves and hem for enhanced durability</li><li>Ribbed elastane neckline for stretch and shape retention</li><li>Easy tear-away label for promotional rebranding</li><li>Side-seamed construction to reduce twisting and improve print alignment</li><li>Mobilon tape across the shoulders for added comfort and shape retention</li><li>Available in sizes S–3XL and 5XL</li></ul>"
Ladies Ice Tee,ladies-ice-tee-t10022,T10022,6 - 24,black; charcoal; denim; khaki; navy; royal; white,tops,corporate; healthcare; education,Fashion Biz,tees; short-sleeve,Women,"<ul><li>Premium combed cotton T-shirt</li><li>Soft, breathable everyday comfort</li><li>Ribbed stretch neckline for lasting shape</li><li>Easy tear-away label for rebranding</li><li>Side-seamed construction ideal for printing</li></ul>","Designed for everyday wear, this premium cotton T-shirt delivers lasting comfort with a clean, modern fit. Made from soft combed cotton, it features durable construction and thoughtful details that make it ideal for uniforms, promotions and custom branding. Side seams provide a stable surface for printing, while the tear-away label makes rebranding quick and easy.","<p><strong>Fabric:</strong> 100% Cotton</p><ul><li>185 GSM premium fabric for durability and comfort</li><li>100% premium combed cotton</li><li>Fluoro Orange and Yellow-Lime: 65% polyester, 35% cotton</li><li>Grey Marle: 85% cotton, 15% viscose</li><li>Twin needle stitching on sleeves and hem for added durability</li><li>Ribbed elastane neckline for stretch and shape retention</li><li>Easy tear-away label for promotional rebranding</li><li>Side-seamed construction to reduce twisting and improve print alignment</li><li>Mobilon tape across the shoulders for enhanced comfort and shape retention</li><li>Available in sizes 6–24</li></ul>"
Men's Action Short Sleeve Tee,mens-action-short-sleeve-tee-t207ms,T207MS,"5XL, XS - 3XL",black; navy,tops,retail,Fashion Biz,tees; short-sleeve; sustainable,Men,"<ul><li>Made from 100% certified recycled polyester</li><li>BIZ COOL™ breathable performance fabric</li><li>Moisture-wicking, quick-drying comfort</li><li>UPF 50+ sun protection</li><li>Sustainable design made from reclaimed plastic waste</li></ul>","Combining sustainability with everyday performance, this eco-friendly T-shirt is crafted from 100% BIZ ECO™ Certified Recycled PET Polyester, made using reclaimed plastic waste. Lightweight, breathable and moisture-wicking, the BIZ COOL™ sports knit fabric keeps you cool and dry throughout the day. Finished with a comfortable rounded neckline and a versatile longer length, it's ideal for work, sport and everyday wear.","<p><strong>Fabric:</strong> 155 Gsm; Upf Rating 50+, Biz Eco™ 100% Certified Recycled Pet Polyester</p><ul><li>155 GSM BIZ ECO™ 100% Certified Recycled PET polyester</li><li>Made from certified recycled plastic waste for a more sustainable choice</li><li>Breathable BIZ COOL™ sports knit fabric</li><li>Moisture-wicking technology to help keep you cool and dry</li><li>Quick-drying performance fabric</li><li>UPF 50+ sun protection</li><li>Self-fabric rounded neckline for a comfortable fit</li><li>Longer body length can be worn tucked in or untucked</li><li>Lightweight, durable construction suitable for everyday wear</li></ul>"
"Thule Achiever 16"" Laptop Backpack",thule-achiever-16-laptop-backpack-tl1001,TL1001,,black,accessories,,Nottage,promotional-merchandise; bags,,<ul><li>Premium 24L laptop backpack</li><li>SafeEdge® laptop protection</li><li>Dedicated tablet compartment</li><li>Smart organisational storage</li><li>Ergonomic all-day comfort</li></ul>,"Designed for professionals on the move, the Thule Achieve Computer Backpack delivers premium protection, thoughtful organisation and everyday comfort. With a spacious 24L capacity, dedicated compartments for your laptop and tablet, and multiple quick-access storage pockets, it keeps your technology and essentials secure wherever work or travel takes you. Ergonomic padding and airflow channels ensure lasting comfort throughout the day.","<ul><li>Spacious 24L capacity provides ample storage for work, travel and everyday essentials</li><li>SafeEdge® padded laptop sleeve securely protects laptops up to 16&quot; MacBook or 16&quot; PC</li><li>Dedicated protective sleeve safely accommodates tablets up to 10.1 inches</li><li>Soft-lined external valuables pocket protects sunglasses, phones and other delicate items from scratches</li><li>Quick-access front pocket with zippered compartment keeps frequently used items organised and within easy reach</li><li>Internal mesh organiser, pen holders and integrated key leash help keep smaller accessories neatly arranged</li><li>Two side mesh pockets provide convenient storage for drink bottles or umbrellas</li><li>Padded back panel with airflow channels enhances ventilation and all-day carrying comfort</li><li>Durable webbing haul handle allows for easy lifting and grab-and-go convenience</li><li>Premium Thule construction designed for commuting, business travel and everyday use</li><li>Ideal for corporate professionals, business travel, commuting, university, conferences and everyday use</li></ul>"
Men's Signature Polo,mens-signature-polo-tw1822,TW1822,XS - 5XL,black,tops,corporate; healthcare; education; government,TIGWear,polos; short-sleeve; sustainable,Men,<ul><li>Cotton-rich comfort with a soft-touch finish</li><li>Recycled polyester construction</li><li>Cotton inner with durable polyester outer</li><li>Lightweight and breathable</li><li>Quick-drying performance</li></ul>,"Designed for all-day comfort, this versatile polo combines a soft cotton inner with a durable recycled polyester outer for the perfect balance of comfort and performance. Lightweight, breathable and quick-drying, it keeps you feeling fresh throughout the day while offering long-lasting durability. With its sustainable fabric construction and classic styling, it's an ideal choice for year-round workplace wear.","<p><strong>Fabric:</strong> 40% Recycled Polyester Outer, 60% Organic Cotton Inner</p><ul><li>Cotton inner with durable polyester outer</li><li>Recycled polyester construction</li><li>Soft-touch texture</li><li>Lightweight and breathable fabric</li><li>Quick-drying performance</li><li>Suitable for year-round wear</li><li>Comfortable, durable construction Model Information</li><li>Model wearing Black wears a size S and is 174cm tall with a 100cm chest and 77cm waist</li><li>Model wearing Navy wears a size L and is 186cm tall with a 104cm chest and 82cm waist</li></ul>"
Women's Signature Polo,womens-signature-polo-tw1823,TW1823,6 - 26,black,tops,corporate; healthcare; education; government,TIGWear,polos; short-sleeve; sustainable,Women,<ul><li>Cotton-rich comfort with a soft-touch finish</li><li>Recycled polyester construction</li><li>Cotton inner with durable polyester outer</li><li>Lightweight and breathable</li><li>Quick-drying performance</li></ul>,"Designed for all-day comfort, this versatile polo combines a soft cotton inner with a durable recycled polyester outer for the perfect balance of comfort and performance. Lightweight, breathable and quick-drying, it keeps you feeling fresh throughout the day while offering long-lasting durability. Made with recycled polyester, it offers a more sustainable choice without compromising on comfort or quality, making it ideal for year-round workplace wear.","<p><strong>Fabric:</strong> 40% Recycled Polyester Outer, 60% Organic Cotton Inner</p><ul><li>Cotton inner with durable polyester outer</li><li>Recycled polyester construction</li><li>Soft-touch texture</li><li>Lightweight and breathable fabric</li><li>Quick-drying performance</li><li>Suitable for year-round wear</li><li>Comfortable, durable construction Model Information</li><li>Model is wearing a size 16 in Navy</li><li>Model is 174cm tall with a 100cm bust, 89cm waist and 115cm hips</li></ul>"
Men's Signature Long Sleeve Polo,mens-signature-long-sleeve-polo-tw1824,TW1824,XS - 5XL,black,tops,corporate; healthcare; education; government,TIGWear,polos; long-sleeve; sustainable,Men,<ul><li>Cotton-rich comfort with a soft-touch finish</li><li>Recycled polyester construction</li><li>Cotton inner with durable polyester outer</li><li>Lightweight and breathable</li><li>Quick-drying performance</li></ul>,"Designed for all-day comfort, this versatile polo combines a soft cotton inner with a durable recycled polyester outer for the perfect balance of comfort and performance. Made with recycled polyester, it offers a more sustainable choice while remaining lightweight, breathable and quick-drying. With its soft feel and durable construction, it's an ideal polo for year-round workplace wear.","<p><strong>Fabric:</strong> 40% Recycled Polyester Outer, 60% Organic Cotton Inner</p><ul><li>Cotton inner with durable polyester outer</li><li>Recycled polyester construction</li><li>Soft-touch texture</li><li>Lightweight and breathable fabric</li><li>Quick-drying performance</li><li>Suitable for year-round wear</li><li>Comfortable, durable construction Model Information</li><li>Model is wearing a size S in Black</li><li>Model is 174cm tall with a 100cm chest and a 77cm waist</li></ul>"
Women's Signature Long Sleeve Polo,womens-signature-long-sleeve-polo-tw1825,TW1825,6 - 26,black; brown,tops,corporate; healthcare; education; government,TIGWear,polos; long-sleeve; sustainable,Women,<ul><li>Cotton-rich comfort with a soft-touch finish</li><li>Recycled polyester construction</li><li>Cotton inner with durable polyester outer</li><li>Lightweight and breathable</li><li>Quick-drying performance</li></ul>,"Designed for all-day comfort, this versatile polo combines a soft cotton inner with a durable recycled polyester outer for the perfect balance of comfort and performance. Made with recycled polyester, it offers a more sustainable choice while remaining lightweight, breathable and quick-drying. With its soft feel and durable construction, it's an ideal polo for year-round workplace wear.","<p><strong>Fabric:</strong> 40% Recycled Polyester Outer, 60% Organic Cotton Inner</p><ul><li>Cotton inner with durable polyester outer</li><li>Recycled polyester construction</li><li>Soft-touch texture</li><li>Lightweight and breathable fabric</li><li>Quick-drying performance</li><li>Suitable for year-round wear</li><li>Comfortable, durable construction Model Information</li><li>Model is wearing a size 16 in Navy</li><li>Model is 174cm tall with a 100cm bust, 89cm waist and 115cm hips</li></ul>"
Women's Crew Pullover,womens-crew-pullover-tw1826,TW1826,XS - 5XL,black; navy,outerwear,corporate; healthcare; retail; government,TIG Wear,knitwear,Women,"<ul><li>Contemporary round neck knit pullover</li><li>Soft, comfortable everyday layering</li><li>Flattering feminine fit</li><li>Perfect over collared shirts</li><li>Professional everyday styling</li></ul>","A versatile wardrobe essential, this contemporary round neck knit is designed to layer effortlessly over collared shirts for a polished, professional look. The flattering neckline and clean silhouette create a timeless style that's equally suited to the office and smart-casual occasions. Comfortable and easy to wear, it's the perfect lightweight layer for year-round dressing.","<p><strong>Fabric:</strong> 78% Viscose, 27% Nylon</p><ul><li>Contemporary round neckline for a modern, feminine look</li><li>Designed to layer comfortably over collared shirts</li><li>Soft knit construction for lasting everyday comfort</li><li>Flattering silhouette suitable for professional and casual wear</li><li>Lightweight design ideal for year-round layering</li><li>Ribbed trims help maintain shape and provide a neat finish</li><li>Durable construction designed for everyday workplace wear</li><li>Suitable for corporate, hospitality and smart casual environments</li></ul>"
Men's Crew Pullover,mens-crew-pullover-tw1827,TW1827,"XS - 3XL, 5XL",black; navy,outerwear,corporate; healthcare; retail; government,TIG Wear,knitwear,Men,"<ul><li>Contemporary round neck knit pullover</li><li>Soft, comfortable everyday layering</li><li>Flattering feminine silhouette</li><li>Perfect over collared shirts</li><li>Professional everyday styling</li></ul>","Designed with a modern, feminine silhouette, this contemporary round neck pullover is the perfect layering piece for any professional wardrobe. The flattering neckline sits comfortably over collared shirts, creating a polished look that's ideal for the office or smart-casual occasions. Lightweight, versatile and easy to wear, it's an everyday essential for year-round comfort.","<p><strong>Fabric:</strong> 78% Viscose, 27% Nylon</p><ul><li>Contemporary round neckline for a clean, modern appearance</li><li>Flattering silhouette designed for everyday professional wear</li><li>Layers comfortably over collared shirts for a polished look</li><li>Soft knit construction for lasting comfort throughout the day</li><li>Lightweight design ideal for year-round layering</li><li>Durable construction suitable for regular workplace wear</li><li>Easy to style with shirts, blouses or worn on its own</li><li>Ideal for corporate, hospitality and smart casual environments</li></ul>"
MEN'S_1-4_ZIP_PULLOVER,mens-1-4-zip-pullover-tw1828,TW1828,"XS – 3XL, 5XL",black; navy,outerwear,corporate; healthcare; retail; government,TIG Wear,knitwear,Men,"<ul><li>Contemporary round neck knit pullover</li><li>Soft, comfortable everyday layering</li><li>Modern masculine fit</li><li>Perfect over collared shirts</li><li>Professional everyday styling</li></ul>","A timeless wardrobe staple with a modern edge, this contemporary round neck pullover is designed for effortless layering and everyday comfort. The clean, flattering neckline sits perfectly over collared shirts, creating a polished professional look that transitions seamlessly from the office to smart-casual occasions. Lightweight and versatile, it's an essential knit for year-round wear.","<p><strong>Fabric:</strong> 78% Viscose, 27% Nylon</p><ul><li>Contemporary round neckline for a clean, modern appearance</li><li>Designed to layer comfortably over collared shirts</li><li>Soft knit construction for lasting comfort throughout the day</li><li>Modern fit for a refined, professional silhouette</li><li>Lightweight design ideal for year-round layering</li><li>Ribbed hem and cuffs help maintain shape and provide a neat finish</li><li>Durable construction designed for everyday workplace wear</li><li>Suitable for corporate, hospitality and smart casual environments</li></ul>"
SIGNATURE_HOODIE,signature-hoodie-tw1919,TW1919,"XS – 3XL, 5XL",black,outerwear,corporate; healthcare; retail; government,TIG Wear,fleece,Unisex,<ul><li>Cotton-rich hoodie with recycled polyester</li><li>Soft anti-pill finish for premium branding</li><li>Brushed fleece interior for added warmth</li><li>Midweight everyday comfort</li><li>Reinforced construction for lasting durability</li></ul>,"Designed for everyday comfort with a focus on sustainability, this premium hoodie blends soft cotton with recycled polyester for lasting performance. The 100% cotton face delivers exceptional print and embroidery results, while the brushed fleece interior provides warmth and comfort throughout the day. Finished with premium construction details, it's the perfect choice for workwear, teamwear and casual everyday wear.","<p><strong>Fabric:</strong> 80% Cotton, 20% Recycled Polyester</p><ul><li>80% cotton, 20% recycled polyester fleece</li><li>Made using recycled polyester, helping divert approximately 10 × 500ml plastic bottles from landfill</li><li>300 GSM midweight fabric for year-round comfort and warmth</li><li>100% cotton face provides a smooth surface for superior embroidery and print branding</li><li>Anti-pill finish maintains a neat appearance wear after wear</li><li>Brushed fleece interior for added softness and insulation</li><li>Lined hood for improved structure and shape retention</li><li>Reinforced pocket openings with bar-tack stitching for enhanced durability</li><li>Shoulder seams reinforced with durable tape for long-lasting wear</li><li>Clean, streamlined stitching for a modern finish</li><li>Ideal for corporate, teamwear, promotional apparel and everyday casual wear</li></ul>"
Men’s Miller Long Sleeve Shirt,mens-miller-long-sleeve-shirt-w44,W44,"XS - 5XL, 7XL",black-white; green-white; navy-white; red-white; sky-blue,tops,corporate; education; government; hospitality,Identiee,shirts; long-sleeve,Men,<ul><li>Easy-care gingham check fabric</li><li>Modern fit for everyday comfort</li><li>Button-down collar for a polished look</li><li>Roll-up sleeve tab for versatile styling</li></ul>,"A contemporary gingham check shirt designed to deliver comfort, durability and professional style. Crafted from an easy-care cotton blend fabric, it offers breathability and all-day comfort while maintaining a neat appearance. The modern fit provides a clean silhouette, while the button-down collar and roll-up sleeve tabs add versatility for a range of workplace environments.","<p><strong>Fabric:</strong> 60% Cotton, 40% Polyester</p><ul><li>60% cotton, 40% polyester</li><li>Yarn-dyed gingham check fabric</li><li>Easy-care fabric</li><li>Modern fit</li><li>Button-down collar</li><li>Roll-up sleeve tabs</li><li>Pearl buttons</li><li>Long sleeve styling</li></ul>"
Ladies Miller Long Sleeve Shirt,ladies-miller-long-sleeve-shirt-w45,W45,6 - 26,black-white; navy-white; racing-green-white; red-white; sky-white,tops,corporate; education; government; hospitality,Identiee,shirts; long-sleeve,Women,<ul><li>Easy-care gingham check fabric</li><li>Modern fit for everyday comfort</li><li>Button-down collar for a polished look</li><li>Functional chest pocket for convenience</li></ul>,"A contemporary gingham check shirt designed to combine professional style with everyday comfort. Crafted from an easy-care cotton blend fabric, it offers breathability and durability while maintaining a neat appearance throughout the day. The modern fit creates a flattering silhouette, while the button-down collar, chest pocket and pearl buttons provide timeless styling suitable for a wide range of workplace environments.","<p><strong>Fabric:</strong> 60% Cotton, 40% Polyester</p><ul><li>60% cotton, 40% polyester</li><li>Yarn-dyed gingham check fabric</li><li>Easy-care fabric</li><li>Modern fit</li><li>Button-down collar</li><li>Single chest pocket</li><li>Pearl buttons</li><li>Long sleeve styling</li></ul>"
Men’s Miller Short Sleeve Shirt,mens-miller-short-sleeve-shirt-w46,W46,"XS - 5XL, 7XL",black-white; green-white; navy-white; red-white; sky-white,tops,corporate; education; government; hospitality,Identiee,shirts; short-sleeve,Men,<ul><li>Easy-care gingham check fabric</li><li>Modern fit for everyday comfort</li><li>Button-down collar for a polished look</li><li>Functional chest pocket for convenience</li></ul>,"A contemporary gingham check shirt designed to deliver comfort, durability and professional style. Crafted from an easy-care cotton blend fabric, it offers breathability and all-day comfort while maintaining a neat appearance. The modern fit creates a clean silhouette, while the button-down collar and chest pocket provide practical functionality for a wide range of workplace environments.","<p><strong>Fabric:</strong> 60% Cotton, 40% Polyester</p><ul><li>60% cotton, 40% polyester</li><li>Yarn-dyed gingham check fabric</li><li>Easy-care fabric</li><li>Modern fit</li><li>Button-down collar</li><li>Single chest pocket</li><li>Button-through pocket closure</li><li>Pearl buttons</li><li>Short sleeve styling</li></ul>"
Ladies Miller Short Sleeve Shirt,ladies-miller-short-sleeve-shirt-w47,W47,6 - 26,black-white; navy-white; racing-green-white; red-white,tops,corporate; education; government; hospitality,Identiee,shirts; short-sleeve,Women,<ul><li>Easy-care gingham check fabric</li><li>Modern fit for everyday comfort</li><li>Button-down collar for a polished look</li><li>Roll-up sleeve tab for versatile styling</li></ul>,"A contemporary gingham check shirt designed to combine professional style with everyday comfort. Crafted from an easy-care cotton blend fabric, it offers breathability and durability for all-day wear. The modern fit creates a flattering silhouette, while practical features such as the button-down collar, roll-up sleeve tab and chest pocket add functionality to this versatile workplace essential.","<p><strong>Fabric:</strong> 60% Cotton, 40% Polyester</p><ul><li>60% cotton, 40% polyester</li><li>Yarn-dyed gingham check fabric</li><li>Easy-care fabric</li><li>Modern fit</li><li>Button-down collar</li><li>Roll-up sleeve tab</li><li>Single chest pocket</li><li>Button-through pocket closure</li><li>Pearl buttons</li><li>Short sleeve styling</li></ul>"
Ladies Miller 3/4 Sleeve Shirt,ladies-miller-3-4-sleeve-shirt-w47q,W47Q,6 - 26,black-white; navy-white; racing-green-white; red-white; sky-white,tops,corporate; education; government; hospitality,Identiee,shirts; long-sleeve,Women,<ul><li>Easy-iron cotton blend fabric</li><li>Smart button-down collar</li><li>Practical roll-up sleeve tab</li><li>Refined pearl button detailing</li></ul>,"A polished 3/4 sleeve shirt designed for everyday workplace wear. Made from an easy-iron cotton blend, it delivers a professional appearance with minimal maintenance. The button-down collar, pearl buttons and roll-up sleeve tab combine style and functionality, making it a versatile addition to any corporate wardrobe.","<p><strong>Fabric:</strong> 60% Cotton, 40% Polyester Easy Iron</p><ul><li>60% cotton, 40% polyester</li><li>Easy-iron fabric</li><li>Button-down collar</li><li>Roll-up sleeve tab</li><li>Pearl buttons</li></ul>"
Men's Milano Pullover,mens-milano-pullover-wp417m,WP417M,"XS - 3XL, 5XL",black; charcoal; navy,outerwear,corporate; healthcare; retail; government,Fashion Biz,knitwear,Men,<ul><li>Contemporary V-neck knit pullover</li><li>Wool blend for natural warmth</li><li>Textured ribbed side panel detail</li><li>Machine washable for easy care</li><li>Professional everyday layering piece</li></ul>,"A timeless wardrobe essential with a modern update, this contemporary V-neck knit combines warmth, comfort and refined styling. Crafted from a premium wool blend, it offers natural insulation and everyday durability, while the ribbed side panel detailing adds subtle texture and shape. Designed to layer effortlessly over shirts or polos, it's the perfect addition to any professional wardrobe.","<p><strong>Fabric:</strong> 50% Pre-Shrunk Wool, 50% Acrylic</p><ul><li>50% pre-shrunk wool, 50% acrylic, 12-gauge knit</li><li>Wool blend provides natural warmth, softness and breathability</li><li>Pre-shrunk construction helps maintain shape and fit over time</li><li>Contemporary V-neck styling for a clean, professional appearance</li><li>Ribbed side panel detailing for added texture and a flattering fit</li><li>Lightweight knit ideal for year-round layering</li><li>Machine washable on a wool setting for easy everyday care</li><li>Durable construction designed for regular professional wear</li><li>Suitable for corporate, hospitality and everyday workplace environments</li></ul>"
Basis Short Sleeve Tee Men's,basis-short-sleeve-tee-mens-x1001m,X1001M,S - 5XL,black; charcoal-marle; navy; white,tops,corporate; retail; hospitality,Fashion Biz,tees; short-sleeve,Men,"<ul><li>Premium combed cotton T-shirt</li><li>Soft, breathable everyday comfort</li><li>Durable construction for lasting wear</li><li>Classic crew neck design</li><li>Versatile everyday essential</li></ul>","The Basis Short Sleeve Tee is a timeless wardrobe staple designed for everyday comfort and durability. Crafted from premium combed cotton, it delivers a soft feel from the first wear while maintaining the strength needed for regular use. Featuring a classic crew neck, set-in sleeves and an easy-to-wear fit, it's perfect worn on its own or layered for year-round versatility.","<p><strong>Fabric:</strong> 100% Cotton Combed Single Jersey</p><ul><li>185 GSM premium combed cotton fabric</li><li>Soft, breathable construction for all-day comfort</li><li>Durable fabric designed for everyday wear</li><li>Classic crew neck with ribbed neckline for shape retention</li><li>Set-in sleeves for a clean, comfortable fit</li><li>Easy-to-wear fit suitable for work or casual wear</li><li>Ideal for layering or wearing on its own</li><li>Perfect for uniforms, retail, events and custom branding</li></ul>"
Women's Basis Short Sleeve Tee,womens-basis-short-sleeve-tee-x1001w,X1001W,XS - 2XL,black; grey-marle; ink; navy; white,tops,corporate; retail; hospitality,Fashion Biz,tees; short-sleeve,Women,"<ul><li>Premium combed cotton T-shirt</li><li>Soft, breathable everyday comfort</li><li>Durable construction for lasting wear</li><li>Classic crew neck design</li><li>Versatile everyday essential</li></ul>","The Basis Short Sleeve Tee is a timeless essential built for comfort, durability and everyday versatility. Crafted from premium 185 GSM combed cotton, it delivers a soft feel from the very first wear while maintaining the strength to handle daily use. Featuring a classic crew neck, set-in sleeves and an easy-to-wear fit, it's designed to be worn on its own or layered year-round.","<p><strong>Fabric:</strong> 100% Cotton Combed Single Jersey</p><ul><li>185 GSM premium combed cotton fabric</li><li>Soft, breathable construction for all-day comfort</li><li>Durable fabric designed to withstand everyday wear</li><li>Classic crew neck with ribbed neckline for shape retention</li><li>Set-in sleeves for a clean, comfortable fit</li><li>Easy-to-wear fit suitable for work or casual wear</li><li>Ideal for layering or wearing on its own</li><li>Perfect for uniforms, retail, events and custom branding</li></ul>"
Black Men's Basis Long Sleeve Tee,black-mens-basis-long-sleeve-tee-x1002m,X1002M,S - 5XL,army; black; grey-marle; navy; white,tops,corporate; retail; hospitality,Fashion Biz,tees; long-sleeve,Men,"<ul><li>Premium combed cotton long sleeve T-shirt</li><li>Soft, breathable everyday comfort</li><li>Durable construction for lasting wear</li><li>Ribbed cuffs for a secure fit</li><li>Versatile layering essential</li></ul>","The Basis Long Sleeve Tee combines timeless style with everyday comfort, making it an essential for cooler weather. Crafted from premium combed cotton, it offers a soft, breathable feel with a comfortable fit that's easy to wear on its own or layered under jackets and outerwear. Finished with ribbed cuffs and durable construction, it's designed to become a reliable staple season after season.","<p><strong>Fabric:</strong> 100% Cotton Combed Single Jersey</p><ul><li>185 GSM premium combed cotton fabric</li><li>Soft, breathable construction for all-day comfort</li><li>Long sleeves with ribbed cuffs for a comfortable, secure fit</li><li>Classic crew neck design with ribbed neckline</li><li>Set-in sleeves for a clean, comfortable fit</li><li>Durable construction designed for everyday wear</li><li>Ideal for layering or wearing on its own</li><li>Perfect for uniforms, retail, casual wear and custom branding</li></ul>"
Women's Basis Long Sleeve Tee,womens-basis-long-sleeve-tee-x1002w,X1002W,XS - 2XL,black; ecru; grey-marle; red; white,tops,corporate; retail; hospitality,Fashion Biz,tees; long-sleeve,Women,"<ul><li>Premium combed cotton long sleeve T-shirt</li><li>Soft, breathable everyday comfort</li><li>Durable construction for lasting wear</li><li>Ribbed cuffs for a secure fit</li><li>Ideal for layering in cooler weather</li></ul>","The Basis Long Sleeve Tee combines timeless styling with everyday comfort, making it an essential for cooler days. Crafted from premium 185 GSM combed cotton, it delivers a soft, breathable feel while offering the durability needed for regular wear. Finished with ribbed cuffs, set-in sleeves and a classic fit, it's an easy-to-style staple that's perfect on its own or layered year-round.","<p><strong>Fabric:</strong> 100% Cotton Combed Single Jersey</p><ul><li>185 GSM premium combed cotton fabric</li><li>Soft, breathable construction for all-day comfort</li><li>Durable fabric designed to withstand everyday wear</li><li>Classic crew neck with ribbed neckline for shape retention</li><li>Long sleeves with ribbed cuffs for a comfortable, secure fit</li><li>Set-in sleeves for a clean, comfortable fit</li><li>Ideal for layering or wearing on its own</li><li>Perfect for uniforms, retail, casual wear and custom branding</li></ul>"
Everyday Short Sleeve Tee Men's,everyday-short-sleeve-tee-mens-x2001m,X2001M,S- 5XL,black; navy; white,tops,corporate; retail; hospitality,Fashion Biz,tees; short-sleeve,Men,"<ul><li>Heavyweight premium cotton T-shirt</li><li>Relaxed fit for everyday comfort</li><li>Soft, breathable combed cotton fabric</li><li>Durable construction for long-lasting wear</li><li>Perfect for layering or wearing on its own</li></ul>","The Everyday Short Sleeve Tee is crafted from premium heavyweight combed cotton for a soft feel with added structure and durability. Designed with a relaxed fit, it offers versatile styling whether worn tucked in, untucked or layered. Thicker than a standard tee without feeling stiff, it's built to deliver lasting comfort and become an everyday wardrobe essential.","<p><strong>Fabric:</strong> 100% Cotton Combed Single Jersey</p><ul><li>225 GSM heavyweight combed cotton fabric</li><li>Soft, breathable construction for all-day comfort</li><li>Relaxed fit for an easy, modern silhouette</li><li>Durable fabric designed to withstand everyday wear</li><li>Structured feel without compromising comfort</li><li>Classic short sleeve design suitable for layering or standalone wear</li></ul>"
Women's Everyday Short Sleeve Tee,womens-everyday-short-sleeve-tee-x2001w,X2001W,XS - 2XL,black; espresso; grey-marle; navy; white,tops,corporate; retail; hospitality,Fashion Biz,tees; short-sleeve,Women,"<ul><li>Heavyweight premium combed cotton T-shirt</li><li>Relaxed fit for everyday comfort</li><li>Soft, breathable cotton construction</li><li>Durable fabric with a structured feel</li><li>Versatile styling for layering or standalone wear</li></ul>","The Everyday Short Sleeve Tee is designed for those who prefer a little more substance without sacrificing comfort. Crafted from heavyweight 225 GSM combed cotton, it delivers a soft feel with a structured finish that holds its shape while remaining breathable and easy to wear. Its relaxed fit makes it equally suited to wearing tucked in, untucked or layered, making it an everyday essential you'll reach for time and time again.","<p><strong>Fabric:</strong> 100% Cotton Combed Single Jersey</p><ul><li>225 GSM heavyweight combed cotton fabric</li><li>Soft, breathable construction for all-day comfort</li><li>Relaxed fit for a modern, easy-to-wear silhouette</li><li>Structured fabric that maintains its shape without feeling stiff</li><li>Durable construction designed for everyday wear</li><li>Classic crew neck design with short sleeves</li><li>Ideal for wearing tucked, untucked or layered</li><li>Perfect for uniforms, retail, casual wear and custom branding</li></ul>"
Men's Hi Vis Waterproof Lightweight Jacket,mens-hi-vis-waterproof-lightweight-jacket-zj355,ZJ355,"S - 5XL, 7XL",orange-navy; yellow-navy,hi-vis-and-workwear,,Syzmik,hi-vis; workwear,Men,<ul><li>Waterproof hi-vis rain jacket</li><li>Fully seam-sealed construction</li><li>Reflective tape for enhanced visibility</li><li>Concealed hood for all-weather protection</li><li>Practical multi-pocket storage</li></ul>,"Designed for reliable protection in wet weather, this waterproof hi-vis rain jacket combines durable construction with practical functionality for demanding outdoor workplaces. Fully seam sealed to help keep water out, it features reflective tape for enhanced visibility, a concealed hood for versatile weather protection and multiple secure pockets for everyday essentials. Ideal for construction, transport, logistics and industrial environments.","<p><strong>Fabric:</strong> 100% 300d Oxford Polyester</p><ul><li>Lightweight nylon lining provides comfortable all-day wear</li><li>Fully seam-sealed construction helps prevent water penetration through stitched seams</li><li>Waterproof rating of 5,000mm for dependable wet-weather protection</li><li>Reflective tape enhances visibility in low-light working conditions</li><li>Front inset flap pockets provide protected storage for everyday essentials</li><li>Zipped side pockets and a dedicated ID chest pocket keep valuables secure and easily accessible</li><li>Concealed hood offers convenient protection when the weather changes</li><li>Adjustable cuff fasteners help seal out wind and rain for added comfort</li><li>Durable construction designed for demanding outdoor work environments</li><li>Ideal for construction, transport, logistics, infrastructure and industrial workplaces</li></ul>"
Unisex Streetworx Beanie,unisex-streetworx-beanie-zmbean,ZMBEAN,One Size,black; grey; navy,hi-vis-and-workwear,,Syzmik,hi-vis; workwear,Unisex,<ul><li>Soft fisherman-style knit beanie</li><li>Warm and comfortable design</li><li>Classic ribbed knit construction</li><li>Lightweight everyday wear</li><li>Ideal for cooler weather</li></ul>,"Stay warm in timeless style with this classic fisherman knit beanie. Crafted with a soft, comfortable knit, it delivers reliable warmth without feeling bulky, making it the perfect accessory for cooler days. Whether you're on the worksite, commuting or enjoying the outdoors, this versatile beanie provides everyday comfort throughout winter.","<p><strong>Fabric:</strong> 100gsm 100% Acrylic Knit</p><ul><li>Soft knitted construction for exceptional comfort and warmth</li><li>Classic fisherman-style ribbed knit design</li><li>Lightweight feel with effective insulation for cooler conditions</li><li>Comfortable fit suitable for extended everyday wear</li><li>Designed to keep you warm throughout the winter months</li><li>Durable construction for long-lasting performance</li><li>Ideal for workwear, outdoor activities, corporate uniforms and casual everyday wear</li></ul>"
Men's Essential Basic Stretch Cargo Pant,mens-essential-basic-stretch-cargo-pant-zp230,ZP230,72R - 132R,black; charcoal; khaki; navy,hi-vis-and-workwear,,Syzmik,workwear; pants,Men,<ul><li>Stretch cotton work shorts</li><li>Modern slim fit design</li><li>Triple-stitched for durability</li><li>Functional multi-pocket storage</li><li>Built for demanding worksites</li></ul>,"Built for demanding work environments, these slim fit stretch work shorts combine flexibility, durability and practical storage in one hardworking design. The stretch cotton fabric moves with you throughout the day, while reinforced triple-stitched seams provide lasting strength in high-stress areas. With multiple utility pockets and a streamlined fit, they're the perfect choice for trade, construction and industrial professionals.","<p><strong>Fabric:</strong> 98% Cotton 2% Elastane</p><ul><li>Stretch cotton fabric provides superior comfort and unrestricted freedom of movement</li><li>Modern slim fit delivers a streamlined, professional appearance</li><li>Triple-stitched seams reinforce key stress points for enhanced durability</li><li>Oversized cargo pocket with inverted box pleat provides increased storage capacity</li><li>Mobile phone pocket with protective flap closure keeps devices secure and accessible</li><li>Dedicated ruler pocket and integrated pen partition for organised tool storage</li><li>Two back hip pockets for additional everyday storage</li><li>Two side waist pockets with wide openings for quick and easy access to essentials</li><li>Durable construction designed for demanding trade, construction and industrial environments</li><li>Ideal for construction, trade, maintenance, warehousing and outdoor workplaces</li></ul>"
Men's Streetworx Stretch Pant Non-Cuffed,mens-streetworx-stretch-pant-non-cuffed-zp320,ZP320,72 - 132,black; charcoal; khaki; navy,hi-vis-and-workwear,,Syzmik,workwear; pants,Men,<ul><li>Stretch cotton work shorts</li><li>Four-way stretch performance panels</li><li>Lightweight 260 GSM comfort</li><li>Slim fit with enhanced mobility</li><li>Functional multi-pocket design</li></ul>,"Engineered for unrestricted movement, these lightweight stretch work shorts combine durable cotton comfort with strategically placed four-way stretch panels where you need them most. Flexible inserts through the crotch and back of the knees enhance mobility and durability, while multiple utility pockets keep essential tools close at hand. Designed with a modern slim fit, they're ideal for demanding trade and industrial environments.","<p><strong>Fabric:</strong> 97% Cotton, 3% Spandex</p><ul><li>Main fabric: 97% cotton, 3% spandex, 260 GSM for breathable comfort and flexibility</li><li>Contrast panels: 94% polyester, 6% spandex four-way stretch fabric for enhanced mobility and durability</li><li>Four-way stretch panels at the crotch and back of the knees provide unrestricted movement</li><li>Lightweight construction helps keep you cool throughout the workday</li><li>Stretch pleat detailing above the knees and at the front pockets improves flexibility</li><li>Modern slim fit for a streamlined, professional appearance</li><li>Two large utility pockets with durable bonded zips and Syzmik rubber zip pullers</li><li>Dedicated ruler pocket for quick access to measuring tools</li><li>Two back hip pockets with quick-tape closures for secure storage</li><li>Two side waist pockets for everyday essentials</li><li>Secure button fastening with reinforced fabric attachment for increased durability</li><li>Reflective print on the waistband adds a modern functional detail</li><li>Ideal for construction, trade, maintenance, warehousing and industrial workplaces</li></ul>"
Men's Basic Cargo Pant (Regular),mens-basic-cargo-pant-regular-zp501,ZP501,72 - 132,navy,hi-vis-and-workwear,,Syzmik,workwear; pants,Men,<ul><li>Multi-pocket work shorts</li><li>Eight functional storage pockets</li><li>Adjustable waistband for comfort</li><li>Reinforced high-stress construction</li><li>Built for demanding worksites</li></ul>,"Designed for practicality and durability, these work shorts provide exceptional storage and all-day comfort for busy professionals. Featuring eight purpose-built pockets and an adjustable waistband, they offer the flexibility and organisation needed on demanding job sites. Reinforced at key stress points for long-lasting performance, they're ideal for trade, construction and industrial environments.","<p><strong>Fabric:</strong> 100% Cotton Drill</p><ul><li>Eight functional pockets provide organised storage for tools and everyday essentials</li><li>Two back hip pockets with flap closures and quick-close tape for secure storage</li><li>Two extra-large cargo pockets offer generous carrying capacity</li><li>Two side hip pockets for easy access to frequently used items</li><li>Two discreet welt pockets provide additional secure storage</li><li>Adjustable side waistband tabs allow for a personalised, comfortable fit</li><li>Reinforced key stress points enhance durability and extend garment life</li><li>Built for demanding trade, construction, warehousing and industrial workplaces</li></ul>"
Men's Rugged Cooling Cargo Pant (Regular),mens-rugged-cooling-cargo-pant-regular-zp504,ZP504,72 - 132,black; charcoal; khaki; navy,hi-vis-and-workwear,,Syzmik,workwear; pants,Men,<ul><li>Lightweight stretch work shorts</li><li>Advanced airflow ventilation</li><li>10 functional utility pockets</li><li>Reinforced durable construction</li><li>Modern performance fit</li></ul>,"Designed for professionals working in warm conditions, these lightweight work shorts combine breathable comfort with practical functionality. Back waist ventilation and mechanical stretch enhance airflow and freedom of movement, while ten purpose-built pockets keep tools and essentials organised throughout the day. Reinforced construction ensures long-lasting durability, making them an ideal choice for trade, construction and industrial workplaces.","<p><strong>Fabric:</strong> 100% Square Weave Cotton Ripstop</p><ul><li>Back waist ventilation maximises airflow to help keep you cool throughout the workday</li><li>Mechanical stretch fabric provides enhanced comfort and unrestricted movement</li><li>Ten multi-functional pockets offer organised storage for tools and everyday essentials</li><li>Dedicated mobile phone pocket and ruler pocket for quick, convenient access</li><li>Durable plastic D-ring for securely attaching ID cards, keys or accessories</li><li>Double-layer hem improves durability in high-wear areas</li><li>Reinforced key stress points with bar tacks for long-lasting performance</li><li>Modern fit delivers a streamlined, professional appearance</li><li>Ideal for construction, trade, maintenance, warehousing and industrial workplaces</li></ul>"
Men's Lightweight Drill Cargo Pant,mens-lightweight-drill-cargo-pant-zp505,ZP505,72 - 132,black; charcoal; navy,hi-vis-and-workwear,,Syzmik,workwear; pants,Men,<ul><li>Lightweight cotton drill work pants</li><li>Modern slim fit design</li><li>Reinforced knees and heels</li><li>Durable diamond crotch construction</li><li>Fade-tested for lasting colour</li></ul>,"Designed for demanding work environments, these lightweight cotton drill work pants deliver breathable comfort, long-lasting durability and practical functionality. The modern slim fit provides a streamlined look without compromising movement, while reinforced wear zones and a diamond crotch construction enhance strength where it's needed most. Built to perform in hot conditions, they're an ideal choice for trade, construction and industrial professionals.","<p><strong>Fabric:</strong> 100% Cotton Twill</p><ul><li>Lightweight 190 GSM cotton drill fabric keeps you cool and comfortable in warm conditions</li><li>Modern slim fit for a contemporary, professional appearance</li><li>Diamond crotch panel construction improves mobility and enhances seam durability</li><li>Reinforced double-layer knees and heels provide increased abrasion resistance and extended garment life</li><li>Wide belt loops offer added strength and support for work belts</li><li>Two large cargo pockets provide generous storage for tools and everyday essentials</li><li>Two side hip pockets for quick access to frequently used items</li><li>Two back hip pockets for additional storage capacity</li><li>Fade-tested fabric helps maintain a professional appearance wash after wash</li><li>Ideal for construction, trade, maintenance, warehousing and industrial workplaces</li></ul>"
Men's Rugged Cooling Stretch Pant,mens-rugged-cooling-stretch-pant-zp604,ZP604,72R - 132R,black; charcoal; khaki; navy,hi-vis-and-workwear,,Syzmik,workwear; pants,Men,<ul><li>Lightweight stretch ripstop work pants</li><li>Durable ripstop construction</li><li>Straight fit with reinforced knees</li><li>Multi-pocket utility storage</li><li>Built for demanding worksites</li></ul>,"Engineered for performance in demanding work environments, these stretch ripstop work pants combine lightweight comfort with outstanding durability. The ripstop fabric resists tears while maintaining flexibility, allowing unrestricted movement throughout the day. Reinforced in key wear areas and equipped with practical utility pockets, they're designed to keep you comfortable, organised and ready for any task.","<p><strong>Fabric:</strong> 98% Cotton, 2% Elastane</p><ul><li>98% cotton, 2% elastane square weave cotton ripstop, 240 GSM</li><li>Lightweight ripstop construction delivers exceptional durability without added bulk</li><li>Stretch fabric provides unrestricted freedom of movement throughout the workday</li><li>Modern straight fit for a comfortable, professional appearance</li><li>Double-layer knee panels improve durability in high-abrasion areas</li><li>Triple-stitched crotch panel enhances strength and long-lasting performance</li><li>Large side welt pocket for secure, convenient storage</li><li>Oversized cargo pocket with an inverted box pleat provides increased storage capacity</li><li>Multi-tool pocket with internal stretch webbing securely stores up to three tools</li><li>Dedicated mobile phone, ruler and pen pockets keep essentials organised and easily accessible</li><li>Two back hip pockets and two side waist pockets with wide openings for additional storage</li><li>Ideal for construction, trade, maintenance, warehousing and industrial workplaces</li></ul>"
Women's Essential Basic Stretch Cargo Pant,womens-essential-basic-stretch-cargo-pant-zp730,ZP730,4 - 24,black; charcoal; khaki; navy,hi-vis-and-workwear,,Syzmik,workwear; pants,Women,<ul><li>Stretch cotton work shorts</li><li>Modern slim fit design</li><li>Triple-stitched for durability</li><li>Functional multi-pocket storage</li><li>Built for demanding worksites</li></ul>,"Designed to perform in demanding work environments, these slim fit stretch work shorts combine all-day comfort with rugged durability. The stretch cotton fabric moves with you throughout every task, while reinforced triple-stitched seams provide extra strength where it's needed most. Complete with generous utility storage and a streamlined fit, they're built to keep you comfortable, organised and ready for the job.","<p><strong>Fabric:</strong> 98% Cotton, 2% Elastane</p><ul><li>Stretch cotton fabric provides enhanced comfort and unrestricted freedom of movement</li><li>Modern slim fit delivers a streamlined, professional appearance</li><li>Triple-stitched seams reinforce key stress points for superior durability and long-lasting wear</li><li>Oversized cargo pocket with an inverted box pleat provides increased storage capacity</li><li>Mobile phone pocket with protective flap closure keeps devices secure and easily accessible</li><li>Dedicated ruler pocket and integrated pen partition for organised tool storage</li><li>Two back hip pockets for additional everyday storage</li><li>Two side waist pockets with wide openings for quick access to essentials</li><li>Durable construction designed to withstand demanding trade, construction and industrial environments</li><li>Ideal for construction, trade, maintenance, warehousing and outdoor workplaces</li></ul>"
Women's Essential Stretch Taped Cargo Pant,womens-essential-stretch-taped-cargo-pant-zp733,ZP733,4 - 24,navy,hi-vis-and-workwear,,Syzmik,workwear; pants,Women,<ul><li>Stretch taped work shorts</li><li>Bio Motion reflective tape for visibility</li><li>Slim fit with stretch comfort</li><li>Reinforced multi-pocket utility design</li><li>Built for demanding worksites</li></ul>,"Designed for professionals working in demanding environments, these slim fit work shorts combine stretch comfort, enhanced visibility and long-lasting durability. The stretch cotton fabric provides unrestricted movement throughout the day, while Bio Motion reflective tape improves visibility in low-light conditions without compromising flexibility. Reinforced construction and practical utility storage make them a dependable choice for trade, construction and industrial workplaces.","<p><strong>Fabric:</strong> 98% Cotton, 2% Elastane</p><ul><li>Stretch Bio Motion reflective tape enhances visibility while maintaining flexibility and comfort in low-light conditions</li><li>Stretch cotton fabric provides increased freedom of movement and all-day comfort</li><li>Modern slim fit for a streamlined, professional appearance</li><li>Triple-stitched seams reinforce key stress points for superior durability and long-lasting performance</li><li>Oversized cargo pocket with an inverted box pleat provides generous storage capacity</li><li>Mobile phone pocket with protective flap closure keeps devices secure and easily accessible</li><li>Dedicated ruler pocket and integrated pen partition for organised tool storage</li><li>Two back hip pockets provide additional everyday storage</li><li>Two side waist pockets with wide openings allow quick access to essential items</li><li>Ideal for construction, trade, maintenance, warehousing and industrial workplaces</li></ul>"
Women's Essential Stretch Taped Cargo Pant - Cuffed,womens-essential-stretch-taped-cargo-pant-cuffed-zp735,ZP735,4 - 24,navy,hi-vis-and-workwear,,Syzmik,workwear; pants,Women,<ul><li>Stretch taped work pants with cuffed hem</li><li>Bio Motion reflective tape for visibility</li><li>Slim fit with stretch comfort waistband</li><li>Reinforced multi-pocket utility design</li><li>Built for demanding worksites</li></ul>,"Designed for comfort, durability and enhanced visibility, these slim fit work pants are built to perform in demanding environments. Stretch cotton fabric and an internal comfort waistband provide unrestricted movement throughout the day, while Bio Motion reflective tape improves visibility in low-light conditions. Reinforced construction and multiple utility pockets make these pants an ideal choice for trade, construction and industrial professionals.","<p><strong>Fabric:</strong> 98% Cotton, 2% Elastane</p><ul><li>98% cotton, 2% elastane stretch fabric, 280 GSM for durability and all-day comfort</li><li>Slim fit with cuffed hems for a modern, secure fit</li><li>Internal stretch waistband provides enhanced comfort and flexibility throughout the workday</li><li>Stretch Bio Motion reflective tape improves visibility while allowing unrestricted movement in low-light conditions</li><li>Stretch cotton construction enhances freedom of movement and wearer comfort</li><li>Triple-stitched seams reinforce key stress points for long-lasting durability</li><li>Oversized cargo pocket with an inverted box pleat offers increased storage capacity</li><li>Dedicated mobile phone pocket with protective flap closure keeps devices secure</li><li>Ruler pocket and integrated pen partition for organised tool storage</li><li>Two back hip pockets and two side waist pockets with wide openings for everyday essentials</li><li>Ideal for construction, trade, maintenance, warehousing and industrial workplaces</li></ul>"
Women's Streetworx Tough Pant,womens-streetworx-tough-pant-zp750,ZP750,4 - 24,black; charcoal; khaki; navy,hi-vis-and-workwear,,Syzmik,workwear; pants,Women,<ul><li>Women&#x27;s stretch work pants</li><li>Slim fit with cuffed ankle design</li><li>Reinforced stretch knee panels</li><li>Phone Guard™ protective pocket</li><li>Built for comfort and durability</li></ul>,"Designed specifically for women in demanding work environments, these stretch work pants combine exceptional comfort with practical functionality. The slim fit and elasticated cuff create a modern silhouette, while strategically placed stretch panels and reinforced knee fabric provide unrestricted movement and long-lasting durability. Featuring innovative Phone Guard™ technology and multiple utility pockets, they're built to keep up with every task on site.","<p><strong>Fabric:</strong> 65% Polyester, 33% Cotton, 2% Spandex</p><ul><li>Main fabric: 65% polyester, 33% cotton, 2% spandex, 265 GSM for durability and comfort</li><li>Knee panels: 92% nylon, 8% spandex high-strength stretch fabric for enhanced durability and flexibility</li><li>Stretch fabric construction provides greater freedom of movement throughout the workday</li><li>Women&#x27;s slim fit with elasticated cuffed hems for a modern, secure fit</li><li>Reinforced stretch knee panels improve durability in high-wear areas</li><li>Mobile phone pocket with Phone Guard™ heavy-duty neoprene protection helps shield devices from knocks and impacts</li><li>Large cargo pocket with rubber opening tab for easy access while wearing gloves</li><li>Multi-tool pocket with internal stretch webbing securely stores up to three tools</li><li>Triple-stitched key seams enhance strength and long-lasting performance</li><li>Dedicated ruler pocket and two pen partitions for organised storage</li><li>Two back hip pockets and two side waist pockets with wide openings for everyday essentials</li><li>Reinforced waistband button attachment for increased durability</li><li>Large centre back belt loop provides additional support and stability</li><li>Ideal for construction, trade, maintenance, warehousing and industrial workplaces</li></ul>"
Men's Streetworx Heritage Pant,mens-streetworx-heritage-pant-zp820,ZP820,72R - 132R,black; charcoal; navy; stone,hi-vis-and-workwear,,Syzmik,workwear; pants,Men,<ul><li>Stretch canvas work pants</li><li>Slim fit with reinforced durability</li><li>Double-layer knee protection</li><li>Functional multi-pocket storage</li><li>Built for demanding worksites</li></ul>,"Designed for hardworking professionals, these slim fit stretch canvas work pants combine exceptional comfort with rugged durability. The flexible cotton stretch fabric moves with you throughout the day, while the tough canvas weave and reinforced construction are built to withstand demanding job sites. Finished with a heritage-inspired garment wash and extensive utility storage, they're the ideal choice for trade, construction and industrial workplaces.","<p><strong>Fabric:</strong> 98% Cotton, 2% Elastane</p><ul><li>Stretch cotton canvas fabric provides enhanced comfort and unrestricted freedom of movement</li><li>Durable canvas weave built to withstand the toughest work environments</li><li>Modern slim fit for a streamlined, professional appearance</li><li>Double-layer knee panels increase durability in high-abrasion areas</li><li>Triple-stitched crotch panel enhances strength and long-lasting performance</li><li>Garment-washed finish creates a soft, lived-in heritage look and feel</li><li>Two large side-leg zip pockets provide secure storage for valuables</li><li>Two oversized cargo pockets with side bellows offer increased carrying capacity</li><li>Dedicated ruler pocket for quick access to measuring tools</li><li>Mobile phone pocket with protective flap closure keeps devices secure</li><li>Two back hip pockets, two side hip pockets and two pen pockets provide organised everyday storage</li><li>Ideal for construction, trade, maintenance, warehousing and industrial workplaces</li></ul>"
Men's Essential Stretch Taped Cargo Pant,mens-essential-stretch-taped-cargo-pant-zp923,ZP923,72R - 132R,navy,hi-vis-and-workwear,,Syzmik,workwear; pants,Men,<ul><li>Stretch taped work shorts</li><li>Bio Motion reflective tape for visibility</li><li>Slim fit with stretch comfort</li><li>Reinforced multi-pocket utility design</li><li>Built for demanding worksites</li></ul>,"Built for professionals who need comfort, visibility and durability, these slim fit work shorts deliver exceptional performance in demanding environments. Stretch cotton fabric provides unrestricted movement throughout the day, while Bio Motion reflective tape enhances visibility without compromising flexibility. Reinforced construction and practical utility storage make these shorts a dependable choice for trade, construction and industrial workplaces.","<p><strong>Fabric:</strong> 98% Cotton, 2% Elastane</p><ul><li>Stretch Bio Motion reflective tape enhances visibility while maintaining flexibility and comfort in low-light conditions</li><li>Stretch cotton fabric provides increased freedom of movement and all-day comfort</li><li>Modern slim fit for a streamlined, professional appearance</li><li>Triple-stitched seams reinforce key stress points for superior durability and long-lasting wear</li><li>Oversized cargo pocket with an inverted box pleat provides generous storage capacity</li><li>Mobile phone pocket with protective flap closure keeps devices secure and easily accessible</li><li>Dedicated ruler pocket and integrated pen partition for organised tool storage</li><li>Two back hip pockets for additional everyday storage</li><li>Two side waist pockets with wide openings for quick access to essential items</li><li>Ideal for construction, trade, maintenance, warehousing and industrial workplaces</li></ul>"
Men's Rugged Cooling Stretch Segmented Taped Pant,mens-rugged-cooling-stretch-segmented-taped-pant-zp924,ZP924,72R - 132R,navy,hi-vis-and-workwear,,Syzmik,workwear; pants,Men,<ul><li>Lightweight stretch ripstop taped work pants</li><li>Breathable segmented reflective tape</li><li>Durable reinforced construction</li><li>Straight fit with multi-pocket storage</li><li>Built for demanding worksites</li></ul>,"Designed for high-performance worksites, these stretch ripstop work pants combine lightweight comfort with exceptional durability and enhanced visibility. The ripstop fabric resists wear while allowing unrestricted movement, and breathable segmented reflective tape stretches with you for greater comfort on the job. Reinforced in key wear areas and packed with practical storage, they're built to handle demanding trade and industrial environments.","<p><strong>Fabric:</strong> 98% Cotton 2% Elastane</p><ul><li>98% cotton, 2% elastane square weave cotton ripstop, 240 GSM</li><li>Lightweight ripstop construction delivers outstanding durability without unnecessary bulk</li><li>Stretch fabric provides unrestricted freedom of movement throughout the workday</li><li>Breathable segmented reflective tape stretches with the garment for enhanced comfort and improved low-light visibility</li><li>Modern straight fit for a comfortable, professional appearance</li><li>Double-layer knee panels increase durability in high-abrasion areas</li><li>Triple-stitched crotch panel reinforces key stress points for long-lasting performance</li><li>Large side welt pocket for secure everyday storage</li><li>Oversized cargo pocket with an inverted box pleat provides increased carrying capacity</li><li>Multi-tool pocket with internal stretch webbing securely stores up to three tools</li><li>Dedicated mobile phone, ruler and pen pockets keep essential tools organised and easily accessible</li><li>Two back hip pockets and two side waist pockets with wide openings for additional storage</li><li>Ideal for construction, trade, maintenance, warehousing and industrial workplaces</li></ul>"
Men's Essential Stretch Taped Cargo Pant - Cuffed,mens-essential-stretch-taped-cargo-pant-cuffed-zp935,ZP935,72R - 132R,navy,hi-vis-and-workwear,,Syzmik,workwear; pants,Men,<ul><li>Stretch taped work pants with cuffed hem</li><li>Bio Motion reflective tape for visibility</li><li>Slim fit with comfort stretch waistband</li><li>Reinforced multi-pocket utility design</li><li>Built for demanding worksites</li></ul>,"Designed for high-performance worksites, these slim fit work pants combine superior comfort, enhanced visibility and exceptional durability. Crafted from stretch cotton with an internal comfort waistband, they provide unrestricted movement throughout the day, while Bio Motion reflective tape improves visibility in low-light conditions. Reinforced construction, cuffed hems and practical utility storage make them an essential choice for trade, construction and industrial professionals.","<p><strong>Fabric:</strong> 98% Cotton, 2% Elastane</p><ul><li>98% cotton, 2% elastane stretch fabric, 280 GSM for durability, flexibility and all-day comfort</li><li>Slim fit with elasticated cuffed hems for a secure, modern fit</li><li>Internal stretch waistband provides enhanced comfort and flexibility throughout the workday</li><li>Stretch Bio Motion reflective tape enhances visibility while maintaining unrestricted movement in low-light conditions</li><li>Stretch cotton construction delivers greater freedom of movement and wearer comfort</li><li>Triple-stitched seams reinforce key stress points for long-lasting durability</li><li>Oversized cargo pocket with an inverted box pleat provides generous storage capacity</li><li>Mobile phone pocket with protective flap closure keeps devices secure and within easy reach</li><li>Dedicated ruler pocket and integrated pen partition for organised tool storage</li><li>Two back hip pockets and two side waist pockets with wide openings for everyday essentials</li><li>Ideal for construction, trade, maintenance, warehousing and industrial workplaces</li></ul>"
Men's Summer Cargo Short,mens-summer-cargo-short-zs146,ZS146,72R - 132R,black; charcoal; khaki; navy,hi-vis-and-workwear,,Syzmik,workwear; shorts,Men,<ul><li>Lightweight work shorts for all-day comfort</li><li>Modern fit with durable construction</li><li>Reinforced triple-stitched crotch panel</li><li>Functional multi-pocket utility design</li><li>Built for demanding worksites</li></ul>,"Designed for comfort in warmer conditions, these lightweight work shorts combine a modern fit with practical functionality and long-lasting durability. The soft fabric keeps you cool throughout the day, while reinforced construction ensures reliable performance on the job. Featuring multiple utility pockets and thoughtful design details, they're an ideal choice for trade, construction and industrial professionals.","<p><strong>Fabric:</strong> 100% Cotton</p><ul><li>Lightweight, soft fabric provides cool, breathable comfort throughout the workday</li><li>Modern fit with contemporary styling for a professional appearance</li><li>Triple-stitched crotch panel enhances durability in high-stress areas</li><li>Large cargo pocket with box pleat offers increased storage capacity</li><li>Mobile phone pocket with protective flap closure and contrast detailing</li><li>Dedicated ruler pocket and integrated pen partition for organised tool storage</li><li>Two back hip pockets with distinctive stitch pattern detailing</li><li>Two side waist pockets with wide openings for easy access to everyday essentials</li><li>Contrast inner waistband adds a modern finishing touch</li><li>Ideal for construction, trade, maintenance, warehousing and industrial workplaces</li></ul>"
Men's Basic Cargo Short,mens-basic-cargo-short-zs502,ZS502,72 - 132,navy,hi-vis-and-workwear,,Syzmik,workwear; shorts,Men,<ul><li>Multi-pocket work shorts</li><li>Eight functional storage pockets</li><li>Adjustable comfort waistband</li><li>Reinforced for long-lasting durability</li><li>Built for demanding worksites</li></ul>,"Built for professionals who need reliable performance on the job, these work shorts combine practical storage with durable construction. Featuring eight purpose-built pockets and an adjustable waistband for a personalised fit, they keep essential tools organised while ensuring all-day comfort. Reinforced at key stress points, they're designed to withstand the demands of construction, trade and industrial workplaces.","<p><strong>Fabric:</strong> 100% Cotton Drill</p><ul><li>Eight functional pockets provide organised storage for tools and everyday essentials</li><li>Two back hip pockets with flap closures and quick-close tape for secure storage</li><li>Two extra-large cargo pockets offer generous carrying capacity for larger items</li><li>Two side hip pockets provide quick access to frequently used essentials</li><li>Two discreet welt pockets add secure, low-profile storage</li><li>Adjustable side waistband tabs deliver a comfortable, customised fit</li><li>Reinforced key stress points enhance durability and long-lasting performance</li><li>Designed for demanding trade, construction, warehousing and industrial environments</li></ul>"
Men's Streetworx Heritage Short,mens-streetworx-heritage-short-zs822,ZS822,72R - 132R,black; charcoal; navy; stone,hi-vis-and-workwear,,Syzmik,workwear; shorts,Men,<ul><li>Stretch canvas work shorts</li><li>Slim fit for modern comfort</li><li>Durable triple-stitched construction</li><li>Functional multi-pocket storage</li><li>Built for demanding worksites</li></ul>,"Designed for tough working conditions, these slim fit stretch canvas shorts combine durability with unrestricted movement. The flexible cotton stretch fabric moves with you throughout the day, while the rugged canvas weave and reinforced construction are built to withstand demanding job sites. Finished with a heritage-inspired garment wash and multiple utility pockets, they're the ideal choice for trade, construction and industrial professionals.","<p><strong>Fabric:</strong> 98% Cotton, 2% Elastane</p><ul><li>Cotton stretch canvas fabric provides flexibility and all-day comfort</li><li>Durable canvas weave designed to withstand demanding work environments</li><li>Modern slim fit for a streamlined, professional appearance</li><li>Triple-stitched crotch panel enhances strength and long-lasting durability</li><li>Garment-washed finish delivers a soft, worn-in heritage look and feel</li><li>Two large cargo pockets with side bellows for increased storage capacity</li><li>Dedicated ruler pocket for quick access to measuring tools</li><li>Mobile phone pocket with protective flap closure keeps devices secure</li><li>Two back hip pockets, two side hip pockets and two pen pockets for organised everyday storage</li><li>Ideal for construction, trade, maintenance, warehousing and industrial workplaces</li></ul>"
Hi Vis Half Zip Polar Fleece Jumper,hi-vis-half-zip-polar-fleece-jumper-zt460,ZT460,"XXS - 5XL, 7XL",orange-navy; yellow-navy,hi-vis-and-workwear,,Syzmik,hi-vis; workwear,Unisex,<ul><li>Warm half-zip fleece pullover</li><li>Soft comfort cuffs for everyday wear</li><li>Convenient side hand pockets</li><li>Chunky front zip for durability</li><li>Ideal for layering in cold conditions</li></ul>,"Designed for dependable warmth and everyday comfort, this half-zip fleece pullover is the perfect layering piece for cooler weather. The half-zip design allows you to easily regulate temperature throughout the day, while side hand pockets provide warmth when temperatures drop. Finished with soft comfort cuffs and a durable chunky zip, it's ideal for work, outdoor activities and casual wear.","<p><strong>Fabric:</strong> XXS - 5XL, 7XL</p><ul><li>Soft fleece construction provides lightweight warmth and all-day comfort</li><li>Half-zip front allows easy temperature regulation and added ventilation when needed</li><li>Side seam pockets keep hands warm in cold conditions and provide convenient storage</li><li>Soft comfort cuffs enhance fit and help retain warmth</li><li>Durable chunky front zip designed for everyday performance and easy operation</li><li>Comfortable design ideal for layering during cooler weather</li><li>Durable construction suitable for everyday work and outdoor wear</li><li>Ideal for construction, trade, warehousing, outdoor work and casual everyday use</li></ul>"
Hi Vis Polar Fleece Jumper - Hoop Taped,hi-vis-polar-fleece-jumper-hoop-taped-zt461,ZT461,"S - 5XL, 7XL",orange-navy; yellow-navy,hi-vis-and-workwear,,Syzmik,hi-vis; workwear,Unisex,<ul><li>Hi-vis half-zip fleece pullover</li><li>Reflective hoop tape for visibility</li><li>Warm side hand pockets</li><li>Durable chunky front zip</li><li>Built for cold working conditions</li></ul>,"Designed for warmth, comfort and enhanced visibility, this hi-vis half-zip fleece pullover is the ideal outer layer for cooler working conditions. Reflective hoop tape improves visibility in low-light environments, while the half-zip design allows you to easily regulate body temperature throughout the day. Finished with practical hand pockets, comfort cuffs and a durable chunky zip, it's built for reliable performance on the worksite.","<p><strong>Fabric:</strong> 100% Polyester Anti-Pill Fleece</p><ul><li>Reflective tape in a hoop configuration enhances visibility in low-light working conditions</li><li>Half-zip front allows easy ventilation when warm and added protection when temperatures drop</li><li>Side seam pockets keep hands warm and provide convenient storage for everyday essentials</li><li>Soft comfort cuffs help retain warmth and provide a secure, comfortable fit</li><li>Durable chunky front zip built for reliable everyday performance</li><li>Comfortable construction ideal for layering during colder weather</li><li>Durable design suitable for demanding outdoor work environments</li><li>Ideal for construction, transport, logistics, warehousing and industrial workplaces</li></ul>"
Unisex Streetworx Hooded Puffer Vest,unisex-streetworx-hooded-puffer-vest-zv245,ZV245,"7XL, XXS - 5XL",black; navy,hi-vis-and-workwear,,Syzmik,workwear,Unisex,<ul><li>Lightweight insulated puffer vest</li><li>Durable ripstop outer with stretch</li><li>Water-resistant protection</li><li>Removable hood for versatility</li><li>UPF 50+ sun protection</li></ul>,"Designed for lightweight warmth and unrestricted movement, this insulated puffer vest is built to perform in changing weather conditions. The durable ripstop outer features mechanical stretch for enhanced flexibility, while the water-resistant finish and removable hood provide reliable protection when the weather turns. Complete with practical storage and UPF 50+ sun protection, it's an ideal layering piece for work and outdoor wear.","<p><strong>Fabric:</strong> 100% Polyester Ripstop</p><ul><li>100% polyester ripstop outer for exceptional durability and long-lasting performance</li><li>Mechanical stretch fabric enhances comfort and freedom of movement</li><li>Water-resistant finish helps protect against light rain and changing weather conditions</li><li>Lightweight blown polyester insulation provides warmth without unnecessary bulk and creates a modern quilted look</li><li>Removable zip-off hood offers versatile weather protection</li><li>Elasticated armholes improve comfort and help retain warmth</li><li>Two large front zip pockets keep everyday essentials secure and easily accessible</li><li>Large embroidery access zip allows for simple custom branding</li><li>UPF 50+ sun protection for reliable outdoor performance</li><li>Ideal for construction, trade, corporate uniforms, outdoor work and everyday wear</li></ul>"
Men's Midweight Drill Cargo Pant (Stout),mens-midweight-drill-cargo-pant-stout-zw001s,ZW001S,87S -132S,black; charcoal; navy,hi-vis-and-workwear,,Syzmik,workwear; pants,Men,<ul><li>Midweight cotton drill cargo pants</li><li>Multi-pocket utility design</li><li>Reinforced high-wear areas</li><li>Triple-stitched for durability</li><li>Built for demanding worksites</li></ul>,"Built for tough jobs, these midweight cargo pants combine rugged durability with everyday comfort. Crafted from pre-shrunk cotton drill, they provide breathable performance while standing up to demanding work environments. Reinforced in key wear areas and packed with practical storage, they're the ideal choice for construction, trade, maintenance and industrial professionals.","<p><strong>Fabric:</strong> 100% Cotton Twill</p><ul><li>280 GSM midweight pre-shrunk cotton drill for durability and breathable comfort</li><li>Multi-pocket cargo design provides ample storage for tools and everyday essentials</li><li>Inset crotch panel enhances mobility and reduces stress on seams</li><li>Triple-stitched seams reinforce key stress points for superior durability</li><li>Reinforced double-layer knees, heels and pocket patches increase abrasion resistance and garment life</li><li>Wide belt loops provide extra strength and support for work belts</li><li>Side welt pocket offers additional secure storage</li><li>Durable construction designed to withstand demanding work environments</li><li>Ideal for construction, trade, maintenance, warehousing and industrial workplaces</li></ul>"
Men's Taped Utility Pant (Regular),mens-taped-utility-pant-regular-zw004,ZW004,72 - 132,black; navy,hi-vis-and-workwear,,Syzmik,workwear; pants,Men,<ul><li>Midweight taped cotton drill work pants</li><li>Durable pre-shrunk cotton construction</li><li>Reinforced high-wear areas</li><li>Triple-stitched for lasting strength</li><li>Built for demanding worksites</li></ul>,"Designed to perform in demanding work environments, these midweight cotton drill work pants combine rugged durability with everyday comfort. Crafted from pre-shrunk cotton drill, they offer breathable performance while standing up to tough job site conditions. Reflective tape enhances visibility, while reinforced wear zones and triple-stitched seams ensure long-lasting reliability for trade and industrial professionals.","<p><strong>Fabric:</strong> 100% Cotton Twill</p><ul><li>280 GSM midweight pre-shrunk cotton drill for breathable comfort and long-lasting durability</li><li>Reflective tape improves visibility in low-light working conditions</li><li>Reinforced double-layer heel and pocket patches increase abrasion resistance in high-wear areas</li><li>Wide belt loops provide extra strength and support for work belts</li><li>Triple-stitched seams reinforce key stress points for superior durability</li><li>Discreet side welt pocket offers secure, low-profile storage for small essentials</li><li>Durable construction designed to withstand demanding trade, construction and industrial environments</li><li>Ideal for construction, trade, maintenance, warehousing and outdoor workplaces</li></ul>"
Men's Hi Vis Short Sleeve Shirt,mens-hi-vis-short-sleeve-shirt-zw115,ZW115,"XXS - 5XL, 7XL",orange-navy; yellow-navy,hi-vis-and-workwear,,Syzmik,hi-vis; shirts; short-sleeve,Men,<ul><li>Lightweight cotton drill fabric for all-day comfort</li><li>Mesh venting for enhanced airflow and breathability</li><li>Triple stitched seams for added durability</li><li>Functional chest pockets with pen partition</li></ul>,"Designed for comfort and durability in demanding work environments, this hi vis short sleeve shirt is made from lightweight cotton drill fabric to help keep you cool throughout the day. Mesh venting under the arms and across the upper back promotes airflow, while triple stitched seams provide added strength. Practical chest pockets with button closures and a pen partition make it ideal for everyday worksite use.",<p><strong>Fabric:</strong> 100% Cotton Drill</p><ul><li>100% cotton drill</li><li>150 GSM fabric weight</li><li>Lightweight construction</li><li>Underarm mesh venting</li><li>Upper back mesh venting</li><li>Triple stitched seams</li><li>Two chest pockets</li><li>Button pocket closures</li><li>Pen partition</li><li>Short sleeve styling</li></ul>
Men's Rugged Cooling Hi Vis Spliced Shirt,mens-rugged-cooling-hi-vis-spliced-shirt-zw128,ZW128,"XXS - 5XL, 7XL",orange-charcoal; orange-navy; yellow-charcoal; yellow-navy,hi-vis-and-workwear,automotive,Syzmik,hi-vis; shirts; long-sleeve,Men,<ul><li>Cooling mesh ventilation for enhanced airflow</li><li>Mechanical stretch for ease of movement</li><li>Durable ripstop construction</li><li>Reinforced stress points for long-lasting wear</li></ul>,"Built for demanding work environments, the Men's Rugged Cooling Hi Vis Spliced Shirt delivers comfort, durability and freedom of movement. The square weave cotton ripstop fabric provides strength and resilience, while strategically placed mesh ventilation panels improve airflow to help keep you cool throughout the day. Reinforced stress points and practical storage features make it a dependable workwear solution.",<p><strong>Fabric:</strong> 100% Square Weave Cotton Ripstop</p><ul><li>100% square weave cotton ripstop</li><li>Mechanical stretch fabric</li><li>Underarm mesh ventilation</li><li>Upper back mesh ventilation</li><li>Back side seam mesh ventilation</li><li>Two chest pockets</li><li>Pen partition</li><li>Reinforced bar-tacked stress points</li><li>Hi Vis spliced design</li><li>Long sleeve styling</li></ul>
Men's Bio Motion Vic Rail Shirt,mens-bio-motion-vic-rail-shirt-zw680,ZW680,"XXS - 5XL, 7XL",vic-rail-orange,hi-vis-and-workwear,automotive,Bisley,hi-vis; shirts; long-sleeve,Men,<ul><li>Lightweight cotton twill fabric for all-day comfort</li><li>Vic Rail compliant reflective tape configuration</li><li>Mesh ventilation panels for enhanced airflow</li><li>Bio Motion taping for increased visibility</li></ul>,"Designed to meet demanding rail industry requirements, the Men's Bio Motion Vic Rail Shirt combines comfort, durability and enhanced visibility. Lightweight cotton twill fabric keeps you comfortable throughout the day, while strategically placed mesh ventilation panels improve airflow in warm conditions. Bio Motion taping helps improve recognition of body movement at a distance, making this shirt ideal for rail and infrastructure environments.",<p><strong>Fabric:</strong> 100% Cotton Twill</p><ul><li>100% cotton twill</li><li>150 GSM fabric weight</li><li>Vic Rail compliant tape configuration</li><li>Bio Motion sleeve taping</li><li>Underarm mesh vent inserts</li><li>Upper back mesh vent inserts</li><li>Two chest pockets</li><li>Button pocket closures</li><li>Pen partition</li><li>Fade tested</li><li>Long sleeve styling</li></ul>
Women's Outdoor Short Sleeve Shirt,womens-outdoor-short-sleeve-shirt-zw765,ZW765,6,army; black; blue; natural; navy; pink; sand; stone,hi-vis-and-workwear,,Syzmik,workwear; shirts; short-sleeve,Women,<ul><li>Ultra-lightweight work shirt</li><li>Breathable 100 GSM performance fabric</li><li>Maximum airflow ventilation panels</li><li>Functional multi-pocket design</li><li>Modern feminine fit</li></ul>,"Designed to keep you cool in warm conditions, this ultra-lightweight work shirt delivers outstanding comfort without compromising performance. Made from breathable 100 GSM fabric with strategically placed mesh ventilation panels, it promotes maximum airflow throughout the day. Wrinkle-resistant and easy to pack, it's the perfect choice for outdoor work, travel and active professionals who need lightweight performance with a flattering feminine fit.","<p><strong>Fabric:</strong> 100% Polyester Ripstop</p><ul><li>Ultra-lightweight 100 GSM fabric for exceptional comfort in warm conditions</li><li>Highly breathable construction designed to keep you cool throughout the day</li><li>Extra-large underarm mesh panels and upper back ventilation maximise airflow</li><li>Crinkle-resistant fabric packs easily and requires minimal maintenance</li><li>Two chest pockets provide convenient everyday storage</li><li>Secure zip chest pocket designed to fit most mobile phones</li><li>Contrast inner placket adds a modern design detail</li><li>Modern feminine fit for a flattering, professional silhouette</li><li>Ideal for outdoor work, trade, field services and adventure wear</li></ul>"
