Image Name,Slug,Image,Product,Color,Sort Order
Women's Cool Stretch Bandless Slim Leg Pant — 10121_WOMEN'S_COOL_STRETCH_BANDLESS_SLIM_LEG_PANT_NAVY_HERO_FRONT.webp,10121-model-10121-womens-cool-stretch-bandless-slim-leg-pant-navy-hero-front,https://notanother-nz.github.io/total-image-product-assets/assets/10121_WOMEN'S_COOL_STRETCH_BANDLESS_SLIM_LEG_PANT/webp/model/10121_WOMEN'S_COOL_STRETCH_BANDLESS_SLIM_LEG_PANT_NAVY_HERO_FRONT.webp,womens-cool-stretch-bandless-slim-leg-pant-10121,navy,1
Women's Cool Stretch Bandless Slim Leg Pant — 10121_WOMEN'S_COOL_STRETCH_BANDLESS_SLIM_LEG_PANT_NAVY_HERO_BACK.webp,10121-model-10121-womens-cool-stretch-bandless-slim-leg-pant-navy-hero-back,https://notanother-nz.github.io/total-image-product-assets/assets/10121_WOMEN'S_COOL_STRETCH_BANDLESS_SLIM_LEG_PANT/webp/model/10121_WOMEN'S_COOL_STRETCH_BANDLESS_SLIM_LEG_PANT_NAVY_HERO_BACK.webp,womens-cool-stretch-bandless-slim-leg-pant-10121,navy,2
Women's Cool Stretch Bandless Slim Leg Pant — 10121_WOMEN'S_COOL_STRETCH_BANDLESS_SLIM_LEG_PANT_NAVY_HERO_CLOSEUP.webp,10121-model-10121-womens-cool-stretch-bandless-slim-leg-pant-navy-hero-closeup,https://notanother-nz.github.io/total-image-product-assets/assets/10121_WOMEN'S_COOL_STRETCH_BANDLESS_SLIM_LEG_PANT/webp/model/10121_WOMEN'S_COOL_STRETCH_BANDLESS_SLIM_LEG_PANT_NAVY_HERO_CLOSEUP.webp,womens-cool-stretch-bandless-slim-leg-pant-10121,navy,3
Women's Cool Stretch Bandless Slim Leg Pant — 10121_WOMEN'S_COOL_STRETCH_BANDLESS_SLIM_LEG_PANT_NAVY_HERO_SIDE.webp,10121-model-10121-womens-cool-stretch-bandless-slim-leg-pant-navy-hero-side,https://notanother-nz.github.io/total-image-product-assets/assets/10121_WOMEN'S_COOL_STRETCH_BANDLESS_SLIM_LEG_PANT/webp/model/10121_WOMEN'S_COOL_STRETCH_BANDLESS_SLIM_LEG_PANT_NAVY_HERO_SIDE.webp,womens-cool-stretch-bandless-slim-leg-pant-10121,navy,4
Women's Cool Stretch Bandless Slim Leg Pant — 10121_WOMEN'S_COOL_STRETCH_BANDLESS_SLIM_LEG_PANT_BLACK_FRONT.webp,10121-product-10121-womens-cool-stretch-bandless-slim-leg-pant-black-front,https://notanother-nz.github.io/total-image-product-assets/assets/10121_WOMEN'S_COOL_STRETCH_BANDLESS_SLIM_LEG_PANT/webp/product/10121_WOMEN'S_COOL_STRETCH_BANDLESS_SLIM_LEG_PANT_BLACK_FRONT.webp,womens-cool-stretch-bandless-slim-leg-pant-10121,black,5
Women's Cool Stretch Bandless Slim Leg Pant — 10121_WOMEN'S_COOL_STRETCH_BANDLESS_SLIM_LEG_PANT_NAVY_FRONT.webp,10121-product-10121-womens-cool-stretch-bandless-slim-leg-pant-navy-front,https://notanother-nz.github.io/total-image-product-assets/assets/10121_WOMEN'S_COOL_STRETCH_BANDLESS_SLIM_LEG_PANT/webp/product/10121_WOMEN'S_COOL_STRETCH_BANDLESS_SLIM_LEG_PANT_NAVY_FRONT.webp,womens-cool-stretch-bandless-slim-leg-pant-10121,navy,6
Women's Cool Stretch Bandless Slim Leg Pant — 10121_WOMEN'S_COOL_STRETCH_BANDLESS_SLIM_LEG_PANT_BLACK_BACK.webp,10121-product-10121-womens-cool-stretch-bandless-slim-leg-pant-black-back,https://notanother-nz.github.io/total-image-product-assets/assets/10121_WOMEN'S_COOL_STRETCH_BANDLESS_SLIM_LEG_PANT/webp/product/10121_WOMEN'S_COOL_STRETCH_BANDLESS_SLIM_LEG_PANT_BLACK_BACK.webp,womens-cool-stretch-bandless-slim-leg-pant-10121,black,7
Women's Cool Stretch Bandless Slim Leg Pant — 10121_WOMEN'S_COOL_STRETCH_BANDLESS_SLIM_LEG_PANT_NAVY_BACK.webp,10121-product-10121-womens-cool-stretch-bandless-slim-leg-pant-navy-back,https://notanother-nz.github.io/total-image-product-assets/assets/10121_WOMEN'S_COOL_STRETCH_BANDLESS_SLIM_LEG_PANT/webp/product/10121_WOMEN'S_COOL_STRETCH_BANDLESS_SLIM_LEG_PANT_NAVY_BACK.webp,womens-cool-stretch-bandless-slim-leg-pant-10121,navy,8
Freshen Polo L/S Men's — 1043_FRESHEN_POLO_LS_MEN'S_WHITE_HERO_FRONT.webp,1043-model-1043-freshen-polo-ls-mens-white-hero-front,https://notanother-nz.github.io/total-image-product-assets/assets/1043_FRESHEN_POLO_LS_MEN'S/webp/model/1043_FRESHEN_POLO_LS_MEN'S_WHITE_HERO_FRONT.webp,freshen-polo-l-s-mens,white,1
Freshen Polo L/S Men's — 1043_FRESHEN_POLO_LS_MEN'S_WHITE_HERO_BACK.webp,1043-model-1043-freshen-polo-ls-mens-white-hero-back,https://notanother-nz.github.io/total-image-product-assets/assets/1043_FRESHEN_POLO_LS_MEN'S/webp/model/1043_FRESHEN_POLO_LS_MEN'S_WHITE_HERO_BACK.webp,freshen-polo-l-s-mens,white,2
Freshen Polo L/S Men's — 1043_FRESHEN_POLO_LS_MEN'S_WHITE_HERO_CLOSEUP.webp,1043-model-1043-freshen-polo-ls-mens-white-hero-closeup,https://notanother-nz.github.io/total-image-product-assets/assets/1043_FRESHEN_POLO_LS_MEN'S/webp/model/1043_FRESHEN_POLO_LS_MEN'S_WHITE_HERO_CLOSEUP.webp,freshen-polo-l-s-mens,white,3
Freshen Polo L/S Men's — 1043_FRESHEN_POLO_LS_MEN'S_WHITE_HERO_SIDE.webp,1043-model-1043-freshen-polo-ls-mens-white-hero-side,https://notanother-nz.github.io/total-image-product-assets/assets/1043_FRESHEN_POLO_LS_MEN'S/webp/model/1043_FRESHEN_POLO_LS_MEN'S_WHITE_HERO_SIDE.webp,freshen-polo-l-s-mens,white,4
Freshen Polo L/S Men's — 1043_FRESHEN_POLO_LS_MEN'S_BLACK.webp,1043-product-1043-freshen-polo-ls-mens-black,https://notanother-nz.github.io/total-image-product-assets/assets/1043_FRESHEN_POLO_LS_MEN'S/webp/product/1043_FRESHEN_POLO_LS_MEN'S_BLACK.webp,freshen-polo-l-s-mens,black,5
Freshen Polo L/S Men's — 1043_FRESHEN_POLO_LS_MEN'S_CHARCOAL.webp,1043-product-1043-freshen-polo-ls-mens-charcoal,https://notanother-nz.github.io/total-image-product-assets/assets/1043_FRESHEN_POLO_LS_MEN'S/webp/product/1043_FRESHEN_POLO_LS_MEN'S_CHARCOAL.webp,freshen-polo-l-s-mens,charcoal,6
Freshen Polo L/S Men's — 1043_FRESHEN_POLO_LS_MEN'S_NAVY.webp,1043-product-1043-freshen-polo-ls-mens-navy,https://notanother-nz.github.io/total-image-product-assets/assets/1043_FRESHEN_POLO_LS_MEN'S/webp/product/1043_FRESHEN_POLO_LS_MEN'S_NAVY.webp,freshen-polo-l-s-mens,navy,7
Freshen Polo L/S Men's — 1043_FRESHEN_POLO_LS_MEN'S_ROYAL_BLUE.webp,1043-product-1043-freshen-polo-ls-mens-royal-blue,https://notanother-nz.github.io/total-image-product-assets/assets/1043_FRESHEN_POLO_LS_MEN'S/webp/product/1043_FRESHEN_POLO_LS_MEN'S_ROYAL_BLUE.webp,freshen-polo-l-s-mens,royal-blue,8
Freshen Polo L/S Men's — 1043_FRESHEN_POLO_LS_MEN'S_WHITE.webp,1043-product-1043-freshen-polo-ls-mens-white,https://notanother-nz.github.io/total-image-product-assets/assets/1043_FRESHEN_POLO_LS_MEN'S/webp/product/1043_FRESHEN_POLO_LS_MEN'S_WHITE.webp,freshen-polo-l-s-mens,white,9
Glacier Men's S/S Polos — Model_Catalog_Set_A_man_with_dark_skin_and_short_black_hair_1RBLVl02.webp,1054-model-model-catalog-set-a-man-with-dark-skin-and-short-black-hair-1rblvl02,https://notanother-nz.github.io/total-image-product-assets/assets/1054_GLACIER_MEN'S_SS_POLOS/webp/model/Model_Catalog_Set_A_man_with_dark_skin_and_short_black_hair_1RBLVl02.webp,glacier-mens-s-s-polos,black,1
Glacier Men's S/S Polos — Model_Catalog_Set_In_a_clean_product_shot_style_a_man_faces_away_ZG4m6b_m.webp,1054-model-model-catalog-set-in-a-clean-product-shot-style-a-man-faces-away-zg4m6b-m,https://notanother-nz.github.io/total-image-product-assets/assets/1054_GLACIER_MEN'S_SS_POLOS/webp/model/Model_Catalog_Set_In_a_clean_product_shot_style_a_man_faces_away_ZG4m6b_m.webp,glacier-mens-s-s-polos,,2
Glacier Men's S/S Polos — Model_Catalog_Set_In_a_realistic_style_a_man_with_a_beard_and_Ud41Myz.webp,1054-model-model-catalog-set-in-a-realistic-style-a-man-with-a-beard-and-ud41myz,https://notanother-nz.github.io/total-image-product-assets/assets/1054_GLACIER_MEN'S_SS_POLOS/webp/model/Model_Catalog_Set_In_a_realistic_style_a_man_with_a_beard_and_Ud41Myz.webp,glacier-mens-s-s-polos,,3
Glacier Men's S/S Polos — Model_Catalog_Set_In_a_studio_photograph_style_a_man_with_dark_FQXJgyzw.webp,1054-model-model-catalog-set-in-a-studio-photograph-style-a-man-with-dark-fqxjgyzw,https://notanother-nz.github.io/total-image-product-assets/assets/1054_GLACIER_MEN'S_SS_POLOS/webp/model/Model_Catalog_Set_In_a_studio_photograph_style_a_man_with_dark_FQXJgyzw.webp,glacier-mens-s-s-polos,,4
Glacier Men's S/S Polos — 1054_GLACIER_MEN'S_SS_POLOS_BLACK_FRONT.webp,1054-product-1054-glacier-mens-ss-polos-black-front,https://notanother-nz.github.io/total-image-product-assets/assets/1054_GLACIER_MEN'S_SS_POLOS/webp/product/1054_GLACIER_MEN'S_SS_POLOS_BLACK_FRONT.webp,glacier-mens-s-s-polos,black,5
Glacier Men's S/S Polos — 1054_GLACIER_MEN'S_SS_POLOS_CHARCOAL_FRONT.webp,1054-product-1054-glacier-mens-ss-polos-charcoal-front,https://notanother-nz.github.io/total-image-product-assets/assets/1054_GLACIER_MEN'S_SS_POLOS/webp/product/1054_GLACIER_MEN'S_SS_POLOS_CHARCOAL_FRONT.webp,glacier-mens-s-s-polos,charcoal,6
Glacier Men's S/S Polos — 1054_GLACIER_MEN'S_SS_POLOS_DUSTY_BLUE_FRONT.webp,1054-product-1054-glacier-mens-ss-polos-dusty-blue-front,https://notanother-nz.github.io/total-image-product-assets/assets/1054_GLACIER_MEN'S_SS_POLOS/webp/product/1054_GLACIER_MEN'S_SS_POLOS_DUSTY_BLUE_FRONT.webp,glacier-mens-s-s-polos,dusty-blue,7
Glacier Men's S/S Polos — 1054_GLACIER_MEN'S_SS_POLOS_NAVY_FRONT.webp,1054-product-1054-glacier-mens-ss-polos-navy-front,https://notanother-nz.github.io/total-image-product-assets/assets/1054_GLACIER_MEN'S_SS_POLOS/webp/product/1054_GLACIER_MEN'S_SS_POLOS_NAVY_FRONT.webp,glacier-mens-s-s-polos,navy,8
Glacier Men's S/S Polos — 1054_GLACIER_MEN'S_SS_POLOS_OCEAN_BLUE_FRONT.webp,1054-product-1054-glacier-mens-ss-polos-ocean-blue-front,https://notanother-nz.github.io/total-image-product-assets/assets/1054_GLACIER_MEN'S_SS_POLOS/webp/product/1054_GLACIER_MEN'S_SS_POLOS_OCEAN_BLUE_FRONT.webp,glacier-mens-s-s-polos,ocean-blue,9
Glacier Men's S/S Polos — 1054_GLACIER_MEN'S_SS_POLOS_PURPLE_FRONT.webp,1054-product-1054-glacier-mens-ss-polos-purple-front,https://notanother-nz.github.io/total-image-product-assets/assets/1054_GLACIER_MEN'S_SS_POLOS/webp/product/1054_GLACIER_MEN'S_SS_POLOS_PURPLE_FRONT.webp,glacier-mens-s-s-polos,purple,10
Glacier Men's S/S Polos — 1054_GLACIER_MEN'S_SS_POLOS_WHITE_FRONT.webp,1054-product-1054-glacier-mens-ss-polos-white-front,https://notanother-nz.github.io/total-image-product-assets/assets/1054_GLACIER_MEN'S_SS_POLOS/webp/product/1054_GLACIER_MEN'S_SS_POLOS_WHITE_FRONT.webp,glacier-mens-s-s-polos,white,11
Silvertech Polo - Men's — 1058_SILVERTECH_MENS_S-S_POLO_HERO_FRONT.webp,1058-model-1058-silvertech-mens-s-s-polo-hero-front,https://notanother-nz.github.io/total-image-product-assets/assets/1058_SILVERTECH_MENS_S-S_POLO/webp/model/1058_SILVERTECH_MENS_S-S_POLO_HERO_FRONT.webp,silvertech-polo-mens-1058,,1
Silvertech Polo - Men's — 1058_SILVERTECH_MENS_S-S_POLO_HERO_BACK.webp,1058-model-1058-silvertech-mens-s-s-polo-hero-back,https://notanother-nz.github.io/total-image-product-assets/assets/1058_SILVERTECH_MENS_S-S_POLO/webp/model/1058_SILVERTECH_MENS_S-S_POLO_HERO_BACK.webp,silvertech-polo-mens-1058,,2
Silvertech Polo - Men's — 1058_SILVERTECH_MENS_S-S_POLO_HERO_CLOSEUP.webp,1058-model-1058-silvertech-mens-s-s-polo-hero-closeup,https://notanother-nz.github.io/total-image-product-assets/assets/1058_SILVERTECH_MENS_S-S_POLO/webp/model/1058_SILVERTECH_MENS_S-S_POLO_HERO_CLOSEUP.webp,silvertech-polo-mens-1058,,3
Silvertech Polo - Men's — 1058_SILVERTECH_MENS_S-S_POLO_HERO_SIDE.webp,1058-model-1058-silvertech-mens-s-s-polo-hero-side,https://notanother-nz.github.io/total-image-product-assets/assets/1058_SILVERTECH_MENS_S-S_POLO/webp/model/1058_SILVERTECH_MENS_S-S_POLO_HERO_SIDE.webp,silvertech-polo-mens-1058,,4
Silvertech Polo - Men's — 1058_SILVERTECH_MENS_S_S_POLO_BLACK_SILVER_VIEW.webp,1058-product-1058-silvertech-mens-s-s-polo-black-silver-view,https://notanother-nz.github.io/total-image-product-assets/assets/1058_SILVERTECH_MENS_S-S_POLO/webp/product/1058_SILVERTECH_MENS_S_S_POLO_BLACK_SILVER_VIEW.webp,silvertech-polo-mens-1058,black-silver,5
Silvertech Polo - Men's — 1058_SILVERTECH_MENS_S_S_POLO_CHARCOAL_SILVER_VIEW.webp,1058-product-1058-silvertech-mens-s-s-polo-charcoal-silver-view,https://notanother-nz.github.io/total-image-product-assets/assets/1058_SILVERTECH_MENS_S-S_POLO/webp/product/1058_SILVERTECH_MENS_S_S_POLO_CHARCOAL_SILVER_VIEW.webp,silvertech-polo-mens-1058,charcoal-silver,6
Silvertech Polo - Men's — 1058_SILVERTECH_MENS_S_S_POLO_NAVY_SILVER_VIEW.webp,1058-product-1058-silvertech-mens-s-s-polo-navy-silver-view,https://notanother-nz.github.io/total-image-product-assets/assets/1058_SILVERTECH_MENS_S-S_POLO/webp/product/1058_SILVERTECH_MENS_S_S_POLO_NAVY_SILVER_VIEW.webp,silvertech-polo-mens-1058,navy-silver,7
Silvertech Polo - Men's — 1058_SILVERTECH_MENS_S_S_POLO_OCEANBLUE_SILVER_VIEW.webp,1058-product-1058-silvertech-mens-s-s-polo-oceanblue-silver-view,https://notanother-nz.github.io/total-image-product-assets/assets/1058_SILVERTECH_MENS_S-S_POLO/webp/product/1058_SILVERTECH_MENS_S_S_POLO_OCEANBLUE_SILVER_VIEW.webp,silvertech-polo-mens-1058,ocean-blue-silver,8
Silvertech Polo - Men's — 1058_SILVERTECH_MENS_S_S_POLO_RED_SILVER_VIEW.webp,1058-product-1058-silvertech-mens-s-s-polo-red-silver-view,https://notanother-nz.github.io/total-image-product-assets/assets/1058_SILVERTECH_MENS_S-S_POLO/webp/product/1058_SILVERTECH_MENS_S_S_POLO_RED_SILVER_VIEW.webp,silvertech-polo-mens-1058,red-silver,9
Silvertech Polo - Men's — 1058_SILVERTECH_MENS_S_S_POLO_TEAL_SILVER_VIEW.webp,1058-product-1058-silvertech-mens-s-s-polo-teal-silver-view,https://notanother-nz.github.io/total-image-product-assets/assets/1058_SILVERTECH_MENS_S-S_POLO/webp/product/1058_SILVERTECH_MENS_S_S_POLO_TEAL_SILVER_VIEW.webp,silvertech-polo-mens-1058,teal-silver,10
Silvertech Polo - Men's — 1058_SILVERTECH_MENS_S-S_POLO_WHITE_SILVER_VIEW.webp,1058-product-1058-silvertech-mens-s-s-polo-white-silver-view,https://notanother-nz.github.io/total-image-product-assets/assets/1058_SILVERTECH_MENS_S-S_POLO/webp/product/1058_SILVERTECH_MENS_S-S_POLO_WHITE_SILVER_VIEW.webp,silvertech-polo-mens-1058,white-silver,11
Freshen Polo Men's — 1061_FRESHEN_POLO_MENS_WHITE_RED_HERO_FRONT.webp,1061-model-1061-freshen-polo-mens-white-red-hero-front,https://notanother-nz.github.io/total-image-product-assets/assets/1061_FRESHEN_POLO_MENS/webp/model/1061_FRESHEN_POLO_MENS_WHITE_RED_HERO_FRONT.webp,freshen-polo-mens-1061,white-red,1
Freshen Polo Men's — 1061_FRESHEN_POLO_MENS_WHITE_RED_HERO_BACK.webp,1061-model-1061-freshen-polo-mens-white-red-hero-back,https://notanother-nz.github.io/total-image-product-assets/assets/1061_FRESHEN_POLO_MENS/webp/model/1061_FRESHEN_POLO_MENS_WHITE_RED_HERO_BACK.webp,freshen-polo-mens-1061,white-red,2
Freshen Polo Men's — 1061_FRESHEN_POLO_MENS_WHITE_RED_HERO_CLOSEUP.webp,1061-model-1061-freshen-polo-mens-white-red-hero-closeup,https://notanother-nz.github.io/total-image-product-assets/assets/1061_FRESHEN_POLO_MENS/webp/model/1061_FRESHEN_POLO_MENS_WHITE_RED_HERO_CLOSEUP.webp,freshen-polo-mens-1061,white-red,3
Freshen Polo Men's — 1061_FRESHEN_POLO_MENS_WHITE_RED_HERO_SIDE.webp,1061-model-1061-freshen-polo-mens-white-red-hero-side,https://notanother-nz.github.io/total-image-product-assets/assets/1061_FRESHEN_POLO_MENS/webp/model/1061_FRESHEN_POLO_MENS_WHITE_RED_HERO_SIDE.webp,freshen-polo-mens-1061,white-red,4
Freshen Polo Men's — 1061_FRESHEN_POLO_MENS_RED_WHITE.webp,1061-product-1061-freshen-polo-mens-red-white,https://notanother-nz.github.io/total-image-product-assets/assets/1061_FRESHEN_POLO_MENS/webp/product/1061_FRESHEN_POLO_MENS_RED_WHITE.webp,freshen-polo-mens-1061,red-white,5
Freshen Polo Men's — 1061_FRESHEN_POLO_MENS_WHITE_NAVY.webp,1061-product-1061-freshen-polo-mens-white-navy,https://notanother-nz.github.io/total-image-product-assets/assets/1061_FRESHEN_POLO_MENS/webp/product/1061_FRESHEN_POLO_MENS_WHITE_NAVY.webp,freshen-polo-mens-1061,white-navy,6
Freshen Polo Men's — 1061_FRESHEN_POLO_MENS_WHITE_RED.webp,1061-product-1061-freshen-polo-mens-white-red,https://notanother-nz.github.io/total-image-product-assets/assets/1061_FRESHEN_POLO_MENS/webp/product/1061_FRESHEN_POLO_MENS_WHITE_RED.webp,freshen-polo-mens-1061,white-red,7
Superdry Polo - Men's — 1062_SUPERDRY_POLO_-_MEN'S_WHITE_NAVY_HERO_FRONT.webp,1062-model-1062-superdry-polo-mens-white-navy-hero-front,https://notanother-nz.github.io/total-image-product-assets/assets/1062_SUPERDRY_POLO_-_MEN'S/webp/model/1062_SUPERDRY_POLO_-_MEN'S_WHITE_NAVY_HERO_FRONT.webp,superdry-polo-mens-1062,white-navy,1
Superdry Polo - Men's — 1062_SUPERDRY_POLO_-_MEN'S_WHITE_NAVY_HERO_BACK.webp,1062-model-1062-superdry-polo-mens-white-navy-hero-back,https://notanother-nz.github.io/total-image-product-assets/assets/1062_SUPERDRY_POLO_-_MEN'S/webp/model/1062_SUPERDRY_POLO_-_MEN'S_WHITE_NAVY_HERO_BACK.webp,superdry-polo-mens-1062,white-navy,2
Superdry Polo - Men's — 1062_SUPERDRY_POLO_-_MEN'S_WHITE_NAVY_HERO_CLOSEUP.webp,1062-model-1062-superdry-polo-mens-white-navy-hero-closeup,https://notanother-nz.github.io/total-image-product-assets/assets/1062_SUPERDRY_POLO_-_MEN'S/webp/model/1062_SUPERDRY_POLO_-_MEN'S_WHITE_NAVY_HERO_CLOSEUP.webp,superdry-polo-mens-1062,white-navy,3
Superdry Polo - Men's — 1062_SUPERDRY_POLO_-_MEN'S_WHITE_NAVY_HERO_SIDE.webp,1062-model-1062-superdry-polo-mens-white-navy-hero-side,https://notanother-nz.github.io/total-image-product-assets/assets/1062_SUPERDRY_POLO_-_MEN'S/webp/model/1062_SUPERDRY_POLO_-_MEN'S_WHITE_NAVY_HERO_SIDE.webp,superdry-polo-mens-1062,white-navy,4
Superdry Polo - Men's — 1062_White-Navy.webp,1062-product-1062-white-navy,https://notanother-nz.github.io/total-image-product-assets/assets/1062_SUPERDRY_POLO_-_MEN'S/webp/product/1062_White-Navy.webp,superdry-polo-mens-1062,white-navy,5
Kahve Polo - Men's — 1064_KAHVE_POLO_MEN'S_WHITE_HERO_FRONT.webp,1064-model-1064-kahve-polo-mens-white-hero-front,https://notanother-nz.github.io/total-image-product-assets/assets/1064_KAHVE_POLO_MEN'S/webp/model/1064_KAHVE_POLO_MEN'S_WHITE_HERO_FRONT.webp,kahve-polo-mens-1064,white,1
Kahve Polo - Men's — 1064_KAHVE_POLO_MEN'S_WHITE_HERO_BACK.webp,1064-model-1064-kahve-polo-mens-white-hero-back,https://notanother-nz.github.io/total-image-product-assets/assets/1064_KAHVE_POLO_MEN'S/webp/model/1064_KAHVE_POLO_MEN'S_WHITE_HERO_BACK.webp,kahve-polo-mens-1064,white,2
Kahve Polo - Men's — 1064_KAHVE_POLO_MEN'S_WHITE_HERO_CLOSEUP.webp,1064-model-1064-kahve-polo-mens-white-hero-closeup,https://notanother-nz.github.io/total-image-product-assets/assets/1064_KAHVE_POLO_MEN'S/webp/model/1064_KAHVE_POLO_MEN'S_WHITE_HERO_CLOSEUP.webp,kahve-polo-mens-1064,white,3
Kahve Polo - Men's — 1064_KAHVE_POLO_MEN'S_WHITE_HERO_SIDE.webp,1064-model-1064-kahve-polo-mens-white-hero-side,https://notanother-nz.github.io/total-image-product-assets/assets/1064_KAHVE_POLO_MEN'S/webp/model/1064_KAHVE_POLO_MEN'S_WHITE_HERO_SIDE.webp,kahve-polo-mens-1064,white,4
Kahve Polo - Men's — 1064_KAHVE_POLO_MEN'S_BLACK_FRONT.webp,1064-product-1064-kahve-polo-mens-black-front,https://notanother-nz.github.io/total-image-product-assets/assets/1064_KAHVE_POLO_MEN'S/webp/product/1064_KAHVE_POLO_MEN'S_BLACK_FRONT.webp,kahve-polo-mens-1064,black,5
Kahve Polo - Men's — 1064_KAHVE_POLO_MEN'S_ROYAL_BLUE_FRONT.webp,1064-product-1064-kahve-polo-mens-royal-blue-front,https://notanother-nz.github.io/total-image-product-assets/assets/1064_KAHVE_POLO_MEN'S/webp/product/1064_KAHVE_POLO_MEN'S_ROYAL_BLUE_FRONT.webp,kahve-polo-mens-1064,royal-blue,6
Kahve Polo - Men's — 1064_KAHVE_POLO_MEN'S_WHITE_FRONT.webp,1064-product-1064-kahve-polo-mens-white-front,https://notanother-nz.github.io/total-image-product-assets/assets/1064_KAHVE_POLO_MEN'S/webp/product/1064_KAHVE_POLO_MEN'S_WHITE_FRONT.webp,kahve-polo-mens-1064,white,7
Women's Bandless Elastic Waist Pant — 10722_Siena_Womens_Bandless_Elastic_Waist_Pant_Hero_Front.webp,10722-model-10722-siena-womens-bandless-elastic-waist-pant-hero-front,https://notanother-nz.github.io/total-image-product-assets/assets/10722_WOMEN'S_BANDLESS_ELASTIC_WAIST_PANT/webp/model/10722_Siena_Womens_Bandless_Elastic_Waist_Pant_Hero_Front.webp,womens-bandless-elastic-waist-pant-10722,,1
Women's Bandless Elastic Waist Pant — 10722_WOMEN'S_BANDLESS_ELASTIC_WAIST_PANT_MARINE_HERO_FRONT.webp,10722-model-10722-womens-bandless-elastic-waist-pant-marine-hero-front,https://notanother-nz.github.io/total-image-product-assets/assets/10722_WOMEN'S_BANDLESS_ELASTIC_WAIST_PANT/webp/model/10722_WOMEN'S_BANDLESS_ELASTIC_WAIST_PANT_MARINE_HERO_FRONT.webp,womens-bandless-elastic-waist-pant-10722,marine,2
Women's Bandless Elastic Waist Pant — 10722_Siena_Womens_Bandless_Elastic_Waist_Pant_Hero_Back.webp,10722-model-10722-siena-womens-bandless-elastic-waist-pant-hero-back,https://notanother-nz.github.io/total-image-product-assets/assets/10722_WOMEN'S_BANDLESS_ELASTIC_WAIST_PANT/webp/model/10722_Siena_Womens_Bandless_Elastic_Waist_Pant_Hero_Back.webp,womens-bandless-elastic-waist-pant-10722,,3
Women's Bandless Elastic Waist Pant — 10722_WOMEN'S_BANDLESS_ELASTIC_WAIST_PANT_MARINE_HERO_BACK.webp,10722-model-10722-womens-bandless-elastic-waist-pant-marine-hero-back,https://notanother-nz.github.io/total-image-product-assets/assets/10722_WOMEN'S_BANDLESS_ELASTIC_WAIST_PANT/webp/model/10722_WOMEN'S_BANDLESS_ELASTIC_WAIST_PANT_MARINE_HERO_BACK.webp,womens-bandless-elastic-waist-pant-10722,marine,4
Women's Bandless Elastic Waist Pant — 10722_WOMEN'S_BANDLESS_ELASTIC_WAIST_PANT_MARINE_HERO_CLOSEUP.webp,10722-model-10722-womens-bandless-elastic-waist-pant-marine-hero-closeup,https://notanother-nz.github.io/total-image-product-assets/assets/10722_WOMEN'S_BANDLESS_ELASTIC_WAIST_PANT/webp/model/10722_WOMEN'S_BANDLESS_ELASTIC_WAIST_PANT_MARINE_HERO_CLOSEUP.webp,womens-bandless-elastic-waist-pant-10722,marine,5
Women's Bandless Elastic Waist Pant — 10722_Siena_Womens_Bandless_Elastic_Waist_Pant_Hero_Side.webp,10722-model-10722-siena-womens-bandless-elastic-waist-pant-hero-side,https://notanother-nz.github.io/total-image-product-assets/assets/10722_WOMEN'S_BANDLESS_ELASTIC_WAIST_PANT/webp/model/10722_Siena_Womens_Bandless_Elastic_Waist_Pant_Hero_Side.webp,womens-bandless-elastic-waist-pant-10722,,6
Women's Bandless Elastic Waist Pant — 10722_WOMEN'S_BANDLESS_ELASTIC_WAIST_PANT_MARINE_HERO_SIDE.webp,10722-model-10722-womens-bandless-elastic-waist-pant-marine-hero-side,https://notanother-nz.github.io/total-image-product-assets/assets/10722_WOMEN'S_BANDLESS_ELASTIC_WAIST_PANT/webp/model/10722_WOMEN'S_BANDLESS_ELASTIC_WAIST_PANT_MARINE_HERO_SIDE.webp,womens-bandless-elastic-waist-pant-10722,marine,7
Women's Bandless Elastic Waist Pant — 10722_WOMEN'S_BANDLESS_ELASTIC_WAIST_PANT_BLACK_FRONT.webp,10722-product-10722-womens-bandless-elastic-waist-pant-black-front,https://notanother-nz.github.io/total-image-product-assets/assets/10722_WOMEN'S_BANDLESS_ELASTIC_WAIST_PANT/webp/product/10722_WOMEN'S_BANDLESS_ELASTIC_WAIST_PANT_BLACK_FRONT.webp,womens-bandless-elastic-waist-pant-10722,black,8
Women's Bandless Elastic Waist Pant — 10722_WOMEN'S_BANDLESS_ELASTIC_WAIST_PANT_MARINE_FRONT.webp,10722-product-10722-womens-bandless-elastic-waist-pant-marine-front,https://notanother-nz.github.io/total-image-product-assets/assets/10722_WOMEN'S_BANDLESS_ELASTIC_WAIST_PANT/webp/product/10722_WOMEN'S_BANDLESS_ELASTIC_WAIST_PANT_MARINE_FRONT.webp,womens-bandless-elastic-waist-pant-10722,marine,9
Women's Bandless Elastic Waist Pant — 10722_Siena_Womens_Bandless_Elastic_Waist_Pant_Black_Back_View.webp,10722-product-10722-siena-womens-bandless-elastic-waist-pant-black-back-view,https://notanother-nz.github.io/total-image-product-assets/assets/10722_WOMEN'S_BANDLESS_ELASTIC_WAIST_PANT/webp/product/10722_Siena_Womens_Bandless_Elastic_Waist_Pant_Black_Back_View.webp,womens-bandless-elastic-waist-pant-10722,black,10
Women's Bandless Elastic Waist Pant — 10722_Siena_Womens_Bandless_Elastic_Waist_Pant_Marine_Back_View.webp,10722-product-10722-siena-womens-bandless-elastic-waist-pant-marine-back-view,https://notanother-nz.github.io/total-image-product-assets/assets/10722_WOMEN'S_BANDLESS_ELASTIC_WAIST_PANT/webp/product/10722_Siena_Womens_Bandless_Elastic_Waist_Pant_Marine_Back_View.webp,womens-bandless-elastic-waist-pant-10722,marine,11
Women's Bandless Elastic Waist Pant — 10722_WOMEN'S_BANDLESS_ELASTIC_WAIST_PANT_BLACK_BACK.webp,10722-product-10722-womens-bandless-elastic-waist-pant-black-back,https://notanother-nz.github.io/total-image-product-assets/assets/10722_WOMEN'S_BANDLESS_ELASTIC_WAIST_PANT/webp/product/10722_WOMEN'S_BANDLESS_ELASTIC_WAIST_PANT_BLACK_BACK.webp,womens-bandless-elastic-waist-pant-10722,black,12
Women's Bandless Elastic Waist Pant — 10722_WOMEN'S_BANDLESS_ELASTIC_WAIST_PANT_MARINE_BACK.webp,10722-product-10722-womens-bandless-elastic-waist-pant-marine-back,https://notanother-nz.github.io/total-image-product-assets/assets/10722_WOMEN'S_BANDLESS_ELASTIC_WAIST_PANT/webp/product/10722_WOMEN'S_BANDLESS_ELASTIC_WAIST_PANT_MARINE_BACK.webp,womens-bandless-elastic-waist-pant-10722,marine,13
Women's Bandless Elastic Waist Pant — 10722_Siena_Womens_Bandless_Elastic_Waist_Pant_Black_View.webp,10722-product-10722-siena-womens-bandless-elastic-waist-pant-black-view,https://notanother-nz.github.io/total-image-product-assets/assets/10722_WOMEN'S_BANDLESS_ELASTIC_WAIST_PANT/webp/product/10722_Siena_Womens_Bandless_Elastic_Waist_Pant_Black_View.webp,womens-bandless-elastic-waist-pant-10722,black,14
Women's Bandless Elastic Waist Pant — 10722_Siena_Womens_Bandless_Elastic_Waist_Pant_Marine_View.webp,10722-product-10722-siena-womens-bandless-elastic-waist-pant-marine-view,https://notanother-nz.github.io/total-image-product-assets/assets/10722_WOMEN'S_BANDLESS_ELASTIC_WAIST_PANT/webp/product/10722_Siena_Womens_Bandless_Elastic_Waist_Pant_Marine_View.webp,womens-bandless-elastic-waist-pant-10722,marine,15
Canvas Apron — 1080_CANVAS_APRON_HERO_FRONT.webp,1080-model-1080-canvas-apron-hero-front,https://notanother-nz.github.io/total-image-product-assets/assets/1080_CANVAS_APRON/webp/model/1080_CANVAS_APRON_HERO_FRONT.webp,canvas-apron-1080,,1
Canvas Apron — 1080_CANVAS_APRON_HERO_BACK.webp,1080-model-1080-canvas-apron-hero-back,https://notanother-nz.github.io/total-image-product-assets/assets/1080_CANVAS_APRON/webp/model/1080_CANVAS_APRON_HERO_BACK.webp,canvas-apron-1080,,2
Canvas Apron — 1080_CANVAS_APRON_HERO_CLOSEUP.webp,1080-model-1080-canvas-apron-hero-closeup,https://notanother-nz.github.io/total-image-product-assets/assets/1080_CANVAS_APRON/webp/model/1080_CANVAS_APRON_HERO_CLOSEUP.webp,canvas-apron-1080,,3
Canvas Apron — 1080_CANVAS_APRON_HERO_SIDE.webp,1080-model-1080-canvas-apron-hero-side,https://notanother-nz.github.io/total-image-product-assets/assets/1080_CANVAS_APRON/webp/model/1080_CANVAS_APRON_HERO_SIDE.webp,canvas-apron-1080,,4
Canvas Apron — 1080_CANVAS_APRON_BLACK_FRONT.webp,1080-product-1080-canvas-apron-black-front,https://notanother-nz.github.io/total-image-product-assets/assets/1080_CANVAS_APRON/webp/product/1080_CANVAS_APRON_BLACK_FRONT.webp,canvas-apron-1080,black,5
Canvas Apron — 1080_CANVAS_APRON_WALNUT_FRONT.webp,1080-product-1080-canvas-apron-walnut-front,https://notanother-nz.github.io/total-image-product-assets/assets/1080_CANVAS_APRON/webp/product/1080_CANVAS_APRON_WALNUT_FRONT.webp,canvas-apron-1080,walnut,6
Canvas Apron — 1080_CANVAS_APRON_BLACK_BACK.webp,1080-product-1080-canvas-apron-black-back,https://notanother-nz.github.io/total-image-product-assets/assets/1080_CANVAS_APRON/webp/product/1080_CANVAS_APRON_BLACK_BACK.webp,canvas-apron-1080,black,7
Canvas Apron — 1080_CANVAS_APRON_WALNUT_BACK.webp,1080-product-1080-canvas-apron-walnut-back,https://notanother-nz.github.io/total-image-product-assets/assets/1080_CANVAS_APRON/webp/product/1080_CANVAS_APRON_WALNUT_BACK.webp,canvas-apron-1080,walnut,8
Trucker Cap — 1108_Stock_Trucker_Cap_HERO_FRONT.webp,1108-model-1108-stock-trucker-cap-hero-front,https://notanother-nz.github.io/total-image-product-assets/assets/1108_Stock_Trucker_Cap/webp/model/1108_Stock_Trucker_Cap_HERO_FRONT.webp,trucker-cap-1108,,1
Trucker Cap — 1108_Stock_Trucker_Cap_HERO_BACK.webp,1108-model-1108-stock-trucker-cap-hero-back,https://notanother-nz.github.io/total-image-product-assets/assets/1108_Stock_Trucker_Cap/webp/model/1108_Stock_Trucker_Cap_HERO_BACK.webp,trucker-cap-1108,,2
Trucker Cap — 1108_Stock_Trucker_Cap_HERO_CLOSEUP.webp,1108-model-1108-stock-trucker-cap-hero-closeup,https://notanother-nz.github.io/total-image-product-assets/assets/1108_Stock_Trucker_Cap/webp/model/1108_Stock_Trucker_Cap_HERO_CLOSEUP.webp,trucker-cap-1108,,3
Trucker Cap — 1108_Stock_Trucker_Cap_HERO_SIDE.webp,1108-model-1108-stock-trucker-cap-hero-side,https://notanother-nz.github.io/total-image-product-assets/assets/1108_Stock_Trucker_Cap/webp/model/1108_Stock_Trucker_Cap_HERO_SIDE.webp,trucker-cap-1108,,4
Trucker Cap — 1108_Stock_Trucker_Cap_Black_Front_view.webp,1108-product-1108-stock-trucker-cap-black-front-view,https://notanother-nz.github.io/total-image-product-assets/assets/1108_Stock_Trucker_Cap/webp/product/1108_Stock_Trucker_Cap_Black_Front_view.webp,trucker-cap-1108,black,5
Trucker Cap — 1108_Stock_Trucker_Cap_Khaki_Front_view.webp,1108-product-1108-stock-trucker-cap-khaki-front-view,https://notanother-nz.github.io/total-image-product-assets/assets/1108_Stock_Trucker_Cap/webp/product/1108_Stock_Trucker_Cap_Khaki_Front_view.webp,trucker-cap-1108,khaki,6
Trucker Cap — 1108_Stock_Trucker_Cap_Navy_Front_view.webp,1108-product-1108-stock-trucker-cap-navy-front-view,https://notanother-nz.github.io/total-image-product-assets/assets/1108_Stock_Trucker_Cap/webp/product/1108_Stock_Trucker_Cap_Navy_Front_view.webp,trucker-cap-1108,navy,7
Trucker Cap — 1108_Stock_Trucker_Cap_Walnut_Front_view.webp,1108-product-1108-stock-trucker-cap-walnut-front-view,https://notanother-nz.github.io/total-image-product-assets/assets/1108_Stock_Trucker_Cap/webp/product/1108_Stock_Trucker_Cap_Walnut_Front_view.webp,trucker-cap-1108,walnut,8
Trucker Cap — 1108_Stock_Trucker_Cap_Black_Back_view.webp,1108-product-1108-stock-trucker-cap-black-back-view,https://notanother-nz.github.io/total-image-product-assets/assets/1108_Stock_Trucker_Cap/webp/product/1108_Stock_Trucker_Cap_Black_Back_view.webp,trucker-cap-1108,black,9
Trucker Cap — 1108_Stock_Trucker_Cap_Khaki_Back_view.webp,1108-product-1108-stock-trucker-cap-khaki-back-view,https://notanother-nz.github.io/total-image-product-assets/assets/1108_Stock_Trucker_Cap/webp/product/1108_Stock_Trucker_Cap_Khaki_Back_view.webp,trucker-cap-1108,khaki,10
Trucker Cap — 1108_Stock_Trucker_Cap_Navy_Back_view.webp,1108-product-1108-stock-trucker-cap-navy-back-view,https://notanother-nz.github.io/total-image-product-assets/assets/1108_Stock_Trucker_Cap/webp/product/1108_Stock_Trucker_Cap_Navy_Back_view.webp,trucker-cap-1108,navy,11
Trucker Cap — 1108_Stock_Trucker_Cap_Walnut_Back_view.webp,1108-product-1108-stock-trucker-cap-walnut-back-view,https://notanother-nz.github.io/total-image-product-assets/assets/1108_Stock_Trucker_Cap/webp/product/1108_Stock_Trucker_Cap_Walnut_Back_view.webp,trucker-cap-1108,walnut,12
Access Cap — 1130_ACCESS_CAP_BLACK_HERO_FRONT.webp,1130-model-1130-access-cap-black-hero-front,https://notanother-nz.github.io/total-image-product-assets/assets/1130_ACCESS_CAP/webp/model/1130_ACCESS_CAP_BLACK_HERO_FRONT.webp,access-cap-1130,black,1
Access Cap — 1130_ACCESS_CAP_CYPRESS_HERO_FRONT.webp,1130-model-1130-access-cap-cypress-hero-front,https://notanother-nz.github.io/total-image-product-assets/assets/1130_ACCESS_CAP/webp/model/1130_ACCESS_CAP_CYPRESS_HERO_FRONT.webp,access-cap-1130,cypress,2
Access Cap — 1130_ACCESS_CAP_HAZY_PINK_HERO_FRONT.webp,1130-model-1130-access-cap-hazy-pink-hero-front,https://notanother-nz.github.io/total-image-product-assets/assets/1130_ACCESS_CAP/webp/model/1130_ACCESS_CAP_HAZY_PINK_HERO_FRONT.webp,access-cap-1130,hazy-pink,3
Access Cap — 1130_ACCESS_CAP_BLACK_HERO_SIDE.webp,1130-model-1130-access-cap-black-hero-side,https://notanother-nz.github.io/total-image-product-assets/assets/1130_ACCESS_CAP/webp/model/1130_ACCESS_CAP_BLACK_HERO_SIDE.webp,access-cap-1130,black,4
Access Cap — 1130_ACCESS_CAP_CYPRESS_HERO_SIDE.webp,1130-model-1130-access-cap-cypress-hero-side,https://notanother-nz.github.io/total-image-product-assets/assets/1130_ACCESS_CAP/webp/model/1130_ACCESS_CAP_CYPRESS_HERO_SIDE.webp,access-cap-1130,cypress,5
Access Cap — 1130_ACCESS_CAP_HAZY_PINK_HERO_SIDE.webp,1130-model-1130-access-cap-hazy-pink-hero-side,https://notanother-nz.github.io/total-image-product-assets/assets/1130_ACCESS_CAP/webp/model/1130_ACCESS_CAP_HAZY_PINK_HERO_SIDE.webp,access-cap-1130,hazy-pink,6
Access Cap — 1130_ACCESS_CAP_BONE_FRONT.webp,1130-product-1130-access-cap-bone-front,https://notanother-nz.github.io/total-image-product-assets/assets/1130_ACCESS_CAP/webp/product/1130_ACCESS_CAP_BONE_FRONT.webp,access-cap-1130,bone,7
Access Cap — 1130_ACCESS_CAP_COAL_FRONT.webp,1130-product-1130-access-cap-coal-front,https://notanother-nz.github.io/total-image-product-assets/assets/1130_ACCESS_CAP/webp/product/1130_ACCESS_CAP_COAL_FRONT.webp,access-cap-1130,coal,8
Access Cap — 1130_ACCESS_CAP_ECRU_FRONT.webp,1130-product-1130-access-cap-ecru-front,https://notanother-nz.github.io/total-image-product-assets/assets/1130_ACCESS_CAP/webp/product/1130_ACCESS_CAP_ECRU_FRONT.webp,access-cap-1130,ecru,9
Access Cap — 1130_ACCESS_CAP_HAZY_MIDNIGHT_BLUE_FRONT.webp,1130-product-1130-access-cap-hazy-midnight-blue-front,https://notanother-nz.github.io/total-image-product-assets/assets/1130_ACCESS_CAP/webp/product/1130_ACCESS_CAP_HAZY_MIDNIGHT_BLUE_FRONT.webp,access-cap-1130,midnight-blue,10
Access Cap — 1130_ACCESS_CAP_HAZY_PINK_FRONT.webp,1130-product-1130-access-cap-hazy-pink-front,https://notanother-nz.github.io/total-image-product-assets/assets/1130_ACCESS_CAP/webp/product/1130_ACCESS_CAP_HAZY_PINK_FRONT.webp,access-cap-1130,hazy-pink,11
Access Cap — 1130_ACCESS_CAP_HAZY_WALNUT_FRONT.webp,1130-product-1130-access-cap-hazy-walnut-front,https://notanother-nz.github.io/total-image-product-assets/assets/1130_ACCESS_CAP/webp/product/1130_ACCESS_CAP_HAZY_WALNUT_FRONT.webp,access-cap-1130,walnut,12
Access Cap — 1130_ACCESS_CAP_KHAKI_FRONT.webp,1130-product-1130-access-cap-khaki-front,https://notanother-nz.github.io/total-image-product-assets/assets/1130_ACCESS_CAP/webp/product/1130_ACCESS_CAP_KHAKI_FRONT.webp,access-cap-1130,khaki,13
Access Cap — 1130_ACCESS_CAP_BLACK_SIDE.webp,1130-product-1130-access-cap-black-side,https://notanother-nz.github.io/total-image-product-assets/assets/1130_ACCESS_CAP/webp/product/1130_ACCESS_CAP_BLACK_SIDE.webp,access-cap-1130,black,14
Access Cap — 1130_ACCESS_CAP_BONE_SIDE.webp,1130-product-1130-access-cap-bone-side,https://notanother-nz.github.io/total-image-product-assets/assets/1130_ACCESS_CAP/webp/product/1130_ACCESS_CAP_BONE_SIDE.webp,access-cap-1130,bone,15
Access Cap — 1130_ACCESS_CAP_COAL_SIDE.webp,1130-product-1130-access-cap-coal-side,https://notanother-nz.github.io/total-image-product-assets/assets/1130_ACCESS_CAP/webp/product/1130_ACCESS_CAP_COAL_SIDE.webp,access-cap-1130,coal,16
Access Cap — 1130_ACCESS_CAP_CYPRESS_SIDE.webp,1130-product-1130-access-cap-cypress-side,https://notanother-nz.github.io/total-image-product-assets/assets/1130_ACCESS_CAP/webp/product/1130_ACCESS_CAP_CYPRESS_SIDE.webp,access-cap-1130,cypress,17
Access Cap — 1130_ACCESS_CAP_HAZY_MIDNIGHT_BLUE_SIDE.webp,1130-product-1130-access-cap-hazy-midnight-blue-side,https://notanother-nz.github.io/total-image-product-assets/assets/1130_ACCESS_CAP/webp/product/1130_ACCESS_CAP_HAZY_MIDNIGHT_BLUE_SIDE.webp,access-cap-1130,midnight-blue,18
Access Cap — 1130_ACCESS_CAP_HAZY_PINK_SIDE.webp,1130-product-1130-access-cap-hazy-pink-side,https://notanother-nz.github.io/total-image-product-assets/assets/1130_ACCESS_CAP/webp/product/1130_ACCESS_CAP_HAZY_PINK_SIDE.webp,access-cap-1130,hazy-pink,19
Access Cap — 1130_ACCESS_CAP_HAZY_WALNUT_SIDE.webp,1130-product-1130-access-cap-hazy-walnut-side,https://notanother-nz.github.io/total-image-product-assets/assets/1130_ACCESS_CAP/webp/product/1130_ACCESS_CAP_HAZY_WALNUT_SIDE.webp,access-cap-1130,walnut,20
Access Cap — 1130_ACCESS_CAP_KHAKI_SIDE.webp,1130-product-1130-access-cap-khaki-side,https://notanother-nz.github.io/total-image-product-assets/assets/1130_ACCESS_CAP/webp/product/1130_ACCESS_CAP_KHAKI_SIDE.webp,access-cap-1130,khaki,21
Freshen Polo L/S Ladies — 1143_FRESHEN_POLO_L_S_LADIES_WHITE_HERO_FRONT.webp,1143-model-1143-freshen-polo-l-s-ladies-white-hero-front,https://notanother-nz.github.io/total-image-product-assets/assets/1143_FRESHEN_POLO_L_S_LADIES/webp/model/1143_FRESHEN_POLO_L_S_LADIES_WHITE_HERO_FRONT.webp,freshen-polo-l-s-ladies,white,1
Freshen Polo L/S Ladies — 1143_FRESHEN_POLO_L_S_LADIES_WHITE_HERO_BACK.webp,1143-model-1143-freshen-polo-l-s-ladies-white-hero-back,https://notanother-nz.github.io/total-image-product-assets/assets/1143_FRESHEN_POLO_L_S_LADIES/webp/model/1143_FRESHEN_POLO_L_S_LADIES_WHITE_HERO_BACK.webp,freshen-polo-l-s-ladies,white,2
Freshen Polo L/S Ladies — 1143_FRESHEN_POLO_L_S_LADIES_WHITE_HERO_CLOSEUP.webp,1143-model-1143-freshen-polo-l-s-ladies-white-hero-closeup,https://notanother-nz.github.io/total-image-product-assets/assets/1143_FRESHEN_POLO_L_S_LADIES/webp/model/1143_FRESHEN_POLO_L_S_LADIES_WHITE_HERO_CLOSEUP.webp,freshen-polo-l-s-ladies,white,3
Freshen Polo L/S Ladies — 1143_FRESHEN_POLO_L_S_LADIES_WHITE_HERO_SIDE.webp,1143-model-1143-freshen-polo-l-s-ladies-white-hero-side,https://notanother-nz.github.io/total-image-product-assets/assets/1143_FRESHEN_POLO_L_S_LADIES/webp/model/1143_FRESHEN_POLO_L_S_LADIES_WHITE_HERO_SIDE.webp,freshen-polo-l-s-ladies,white,4
Freshen Polo L/S Ladies — 1143_FRESHEN_POLO_L_S_LADIES_BLACK.webp,1143-product-1143-freshen-polo-l-s-ladies-black,https://notanother-nz.github.io/total-image-product-assets/assets/1143_FRESHEN_POLO_L_S_LADIES/webp/product/1143_FRESHEN_POLO_L_S_LADIES_BLACK.webp,freshen-polo-l-s-ladies,black,5
Freshen Polo L/S Ladies — 1143_FRESHEN_POLO_L_S_LADIES_CHARCOAL.webp,1143-product-1143-freshen-polo-l-s-ladies-charcoal,https://notanother-nz.github.io/total-image-product-assets/assets/1143_FRESHEN_POLO_L_S_LADIES/webp/product/1143_FRESHEN_POLO_L_S_LADIES_CHARCOAL.webp,freshen-polo-l-s-ladies,charcoal,6
Freshen Polo L/S Ladies — 1143_FRESHEN_POLO_L_S_LADIES_NAVY.webp,1143-product-1143-freshen-polo-l-s-ladies-navy,https://notanother-nz.github.io/total-image-product-assets/assets/1143_FRESHEN_POLO_L_S_LADIES/webp/product/1143_FRESHEN_POLO_L_S_LADIES_NAVY.webp,freshen-polo-l-s-ladies,navy,7
Freshen Polo L/S Ladies — 1143_FRESHEN_POLO_L_S_LADIES_ROYAL_BLUE.webp,1143-product-1143-freshen-polo-l-s-ladies-royal-blue,https://notanother-nz.github.io/total-image-product-assets/assets/1143_FRESHEN_POLO_L_S_LADIES/webp/product/1143_FRESHEN_POLO_L_S_LADIES_ROYAL_BLUE.webp,freshen-polo-l-s-ladies,royal-blue,8
Freshen Polo L/S Ladies — 1143_FRESHEN_POLO_L_S_LADIES_WHITE.webp,1143-product-1143-freshen-polo-l-s-ladies-white,https://notanother-nz.github.io/total-image-product-assets/assets/1143_FRESHEN_POLO_L_S_LADIES/webp/product/1143_FRESHEN_POLO_L_S_LADIES_WHITE.webp,freshen-polo-l-s-ladies,white,9
Glacier Ladies S/S Polos — 1154_GLACIER_LADIES_SS_POLO_OCEAN_WHITE_HERO_FRONT.webp,1154-model-1154-glacier-ladies-ss-polo-ocean-white-hero-front,https://notanother-nz.github.io/total-image-product-assets/assets/1154_GLACIER_LADIES_SS_POLOS/webp/model/1154_GLACIER_LADIES_SS_POLO_OCEAN_WHITE_HERO_FRONT.webp,glacier-ladies-s-s-polos,white,1
Glacier Ladies S/S Polos — 1154_GLACIER_LADIES_SS_POLO_OCEAN_WHITE_HERO_BACK.webp,1154-model-1154-glacier-ladies-ss-polo-ocean-white-hero-back,https://notanother-nz.github.io/total-image-product-assets/assets/1154_GLACIER_LADIES_SS_POLOS/webp/model/1154_GLACIER_LADIES_SS_POLO_OCEAN_WHITE_HERO_BACK.webp,glacier-ladies-s-s-polos,white,2
Glacier Ladies S/S Polos — 1154_GLACIER_LADIES_SS_POLO_OCEAN_WHITE_HERO_CLOSEUP.webp,1154-model-1154-glacier-ladies-ss-polo-ocean-white-hero-closeup,https://notanother-nz.github.io/total-image-product-assets/assets/1154_GLACIER_LADIES_SS_POLOS/webp/model/1154_GLACIER_LADIES_SS_POLO_OCEAN_WHITE_HERO_CLOSEUP.webp,glacier-ladies-s-s-polos,white,3
Glacier Ladies S/S Polos — 1154_GLACIER_LADIES_SS_POLO_OCEAN_WHITE_HERO_SIDE.webp,1154-model-1154-glacier-ladies-ss-polo-ocean-white-hero-side,https://notanother-nz.github.io/total-image-product-assets/assets/1154_GLACIER_LADIES_SS_POLOS/webp/model/1154_GLACIER_LADIES_SS_POLO_OCEAN_WHITE_HERO_SIDE.webp,glacier-ladies-s-s-polos,white,4
Glacier Ladies S/S Polos — 1154_GLACIER_LADIES_SS_POLO_BLACK.webp,1154-product-1154-glacier-ladies-ss-polo-black,https://notanother-nz.github.io/total-image-product-assets/assets/1154_GLACIER_LADIES_SS_POLOS/webp/product/1154_GLACIER_LADIES_SS_POLO_BLACK.webp,glacier-ladies-s-s-polos,black,5
Glacier Ladies S/S Polos — 1154_GLACIER_LADIES_SS_POLO_CHARCOAL.webp,1154-product-1154-glacier-ladies-ss-polo-charcoal,https://notanother-nz.github.io/total-image-product-assets/assets/1154_GLACIER_LADIES_SS_POLOS/webp/product/1154_GLACIER_LADIES_SS_POLO_CHARCOAL.webp,glacier-ladies-s-s-polos,charcoal,6
Glacier Ladies S/S Polos — 1154_GLACIER_LADIES_SS_POLO_DUSTY_BLUE.webp,1154-product-1154-glacier-ladies-ss-polo-dusty-blue,https://notanother-nz.github.io/total-image-product-assets/assets/1154_GLACIER_LADIES_SS_POLOS/webp/product/1154_GLACIER_LADIES_SS_POLO_DUSTY_BLUE.webp,glacier-ladies-s-s-polos,dusty-blue,7
Glacier Ladies S/S Polos — 1154_GLACIER_LADIES_SS_POLO_NAVY.webp,1154-product-1154-glacier-ladies-ss-polo-navy,https://notanother-nz.github.io/total-image-product-assets/assets/1154_GLACIER_LADIES_SS_POLOS/webp/product/1154_GLACIER_LADIES_SS_POLO_NAVY.webp,glacier-ladies-s-s-polos,navy,8
Glacier Ladies S/S Polos — 1154_GLACIER_LADIES_SS_POLO_OCEAN_BLUE.webp,1154-product-1154-glacier-ladies-ss-polo-ocean-blue,https://notanother-nz.github.io/total-image-product-assets/assets/1154_GLACIER_LADIES_SS_POLOS/webp/product/1154_GLACIER_LADIES_SS_POLO_OCEAN_BLUE.webp,glacier-ladies-s-s-polos,ocean-blue,9
Glacier Ladies S/S Polos — 1154_GLACIER_LADIES_SS_POLO_OCEAN_WHITE.webp,1154-product-1154-glacier-ladies-ss-polo-ocean-white,https://notanother-nz.github.io/total-image-product-assets/assets/1154_GLACIER_LADIES_SS_POLOS/webp/product/1154_GLACIER_LADIES_SS_POLO_OCEAN_WHITE.webp,glacier-ladies-s-s-polos,white,10
Glacier Ladies S/S Polos — 1154_GLACIER_LADIES_SS_POLO_PURPLE.webp,1154-product-1154-glacier-ladies-ss-polo-purple,https://notanother-nz.github.io/total-image-product-assets/assets/1154_GLACIER_LADIES_SS_POLOS/webp/product/1154_GLACIER_LADIES_SS_POLO_PURPLE.webp,glacier-ladies-s-s-polos,purple,11
Glacier Ladies S/S Polos — 1154_GLACIER_LADIES_SS_POLO_RED.webp,1154-product-1154-glacier-ladies-ss-polo-red,https://notanother-nz.github.io/total-image-product-assets/assets/1154_GLACIER_LADIES_SS_POLOS/webp/product/1154_GLACIER_LADIES_SS_POLO_RED.webp,glacier-ladies-s-s-polos,red,12
Glacier Ladies S/S Polos — 1154_GLACIER_LADIES_SS_POLO_SAND_STONE.webp,1154-product-1154-glacier-ladies-ss-polo-sand-stone,https://notanother-nz.github.io/total-image-product-assets/assets/1154_GLACIER_LADIES_SS_POLOS/webp/product/1154_GLACIER_LADIES_SS_POLO_SAND_STONE.webp,glacier-ladies-s-s-polos,sandstone,13
Freshen Polo - Ladies — 1161_FRESHEN_POLO_LADIES_WHITE_NAVY_HERO_FRONT.webp,1161-model-1161-freshen-polo-ladies-white-navy-hero-front,https://notanother-nz.github.io/total-image-product-assets/assets/1161_FRESHEN_POLO_LADIES/webp/model/1161_FRESHEN_POLO_LADIES_WHITE_NAVY_HERO_FRONT.webp,freshen-polo-ladies-1161,white-navy,1
Freshen Polo - Ladies — 1161_FRESHEN_POLO_LADIES_WHITE_NAVY_HERO_BACK.webp,1161-model-1161-freshen-polo-ladies-white-navy-hero-back,https://notanother-nz.github.io/total-image-product-assets/assets/1161_FRESHEN_POLO_LADIES/webp/model/1161_FRESHEN_POLO_LADIES_WHITE_NAVY_HERO_BACK.webp,freshen-polo-ladies-1161,white-navy,2
Freshen Polo - Ladies — 1161_FRESHEN_POLO_LADIES_WHITE_NAVY_HERO_SIDE.webp,1161-model-1161-freshen-polo-ladies-white-navy-hero-side,https://notanother-nz.github.io/total-image-product-assets/assets/1161_FRESHEN_POLO_LADIES/webp/model/1161_FRESHEN_POLO_LADIES_WHITE_NAVY_HERO_SIDE.webp,freshen-polo-ladies-1161,white-navy,3
Freshen Polo - Ladies — 1161_FRESHEN_POLO_LADIES_WHITE_NAVY.webp,1161-product-1161-freshen-polo-ladies-white-navy,https://notanother-nz.github.io/total-image-product-assets/assets/1161_FRESHEN_POLO_LADIES/webp/product/1161_FRESHEN_POLO_LADIES_WHITE_NAVY.webp,freshen-polo-ladies-1161,white-navy,4
Superdry Polo Ladies — 1162_SUPERDRY_POLO_LADIES_WHITE_NAVY_HERO_FRONT.webp,1162-model-1162-superdry-polo-ladies-white-navy-hero-front,https://notanother-nz.github.io/total-image-product-assets/assets/1162_SUPERDRY_POLO_LADIES/webp/model/1162_SUPERDRY_POLO_LADIES_WHITE_NAVY_HERO_FRONT.webp,superdry-polo-ladies-1162,white-navy,1
Superdry Polo Ladies — 1162_SUPERDRY_POLO_LADIES_WHITE_NAVY_HERO_BACK.webp,1162-model-1162-superdry-polo-ladies-white-navy-hero-back,https://notanother-nz.github.io/total-image-product-assets/assets/1162_SUPERDRY_POLO_LADIES/webp/model/1162_SUPERDRY_POLO_LADIES_WHITE_NAVY_HERO_BACK.webp,superdry-polo-ladies-1162,white-navy,2
Superdry Polo Ladies — 1162_SUPERDRY_POLO_LADIES_WHITE_NAVY_HERO_CLOSEUP.webp,1162-model-1162-superdry-polo-ladies-white-navy-hero-closeup,https://notanother-nz.github.io/total-image-product-assets/assets/1162_SUPERDRY_POLO_LADIES/webp/model/1162_SUPERDRY_POLO_LADIES_WHITE_NAVY_HERO_CLOSEUP.webp,superdry-polo-ladies-1162,white-navy,3
Superdry Polo Ladies — 1162_SUPERDRY_POLO_LADIES_WHITE_NAVY_HERO_SIDE.webp,1162-model-1162-superdry-polo-ladies-white-navy-hero-side,https://notanother-nz.github.io/total-image-product-assets/assets/1162_SUPERDRY_POLO_LADIES/webp/model/1162_SUPERDRY_POLO_LADIES_WHITE_NAVY_HERO_SIDE.webp,superdry-polo-ladies-1162,white-navy,4
Superdry Polo Ladies — 1162_SUPERDRY_POLO_LADIES_BLACK_CHARCOAL.webp,1162-product-1162-superdry-polo-ladies-black-charcoal,https://notanother-nz.github.io/total-image-product-assets/assets/1162_SUPERDRY_POLO_LADIES/webp/product/1162_SUPERDRY_POLO_LADIES_BLACK_CHARCOAL.webp,superdry-polo-ladies-1162,black-charcoal-colour,5
Superdry Polo Ladies — 1162_SUPERDRY_POLO_LADIES_CHARCOAL_BLACK.webp,1162-product-1162-superdry-polo-ladies-charcoal-black,https://notanother-nz.github.io/total-image-product-assets/assets/1162_SUPERDRY_POLO_LADIES/webp/product/1162_SUPERDRY_POLO_LADIES_CHARCOAL_BLACK.webp,superdry-polo-ladies-1162,charcoal-black,6
Superdry Polo Ladies — 1162_SUPERDRY_POLO_LADIES_LATTE_CHARCOAL.webp,1162-product-1162-superdry-polo-ladies-latte-charcoal,https://notanother-nz.github.io/total-image-product-assets/assets/1162_SUPERDRY_POLO_LADIES/webp/product/1162_SUPERDRY_POLO_LADIES_LATTE_CHARCOAL.webp,superdry-polo-ladies-1162,latte-charcoal,7
Superdry Polo Ladies — 1162_SUPERDRY_POLO_LADIES_NAVY_SILVER.webp,1162-product-1162-superdry-polo-ladies-navy-silver,https://notanother-nz.github.io/total-image-product-assets/assets/1162_SUPERDRY_POLO_LADIES/webp/product/1162_SUPERDRY_POLO_LADIES_NAVY_SILVER.webp,superdry-polo-ladies-1162,navy-silver,8
Superdry Polo Ladies — 1162_SUPERDRY_POLO_LADIES_PLATINUM_CHARCOAL.webp,1162-product-1162-superdry-polo-ladies-platinum-charcoal,https://notanother-nz.github.io/total-image-product-assets/assets/1162_SUPERDRY_POLO_LADIES/webp/product/1162_SUPERDRY_POLO_LADIES_PLATINUM_CHARCOAL.webp,superdry-polo-ladies-1162,platinum-charcoal,9
Superdry Polo Ladies — 1162_SUPERDRY_POLO_LADIES_WHITE_NAVY.webp,1162-product-1162-superdry-polo-ladies-white-navy,https://notanother-nz.github.io/total-image-product-assets/assets/1162_SUPERDRY_POLO_LADIES/webp/product/1162_SUPERDRY_POLO_LADIES_WHITE_NAVY.webp,superdry-polo-ladies-1162,white-navy,10
Kahve Polo - Ladies — 1164_KAHVE_POLO_LADIES_WHITE_HERO_FRONT.webp,1164-model-1164-kahve-polo-ladies-white-hero-front,https://notanother-nz.github.io/total-image-product-assets/assets/1164_KAHVE_POLO_LADIES/webp/model/1164_KAHVE_POLO_LADIES_WHITE_HERO_FRONT.webp,kahve-polo-ladies-1164,white,1
Kahve Polo - Ladies — 1164_KAHVE_POLO_LADIES_WHITE_HERO_BACK.webp,1164-model-1164-kahve-polo-ladies-white-hero-back,https://notanother-nz.github.io/total-image-product-assets/assets/1164_KAHVE_POLO_LADIES/webp/model/1164_KAHVE_POLO_LADIES_WHITE_HERO_BACK.webp,kahve-polo-ladies-1164,white,2
Kahve Polo - Ladies — 1164_KAHVE_POLO_LADIES_WHITE_HERO_CLOSEUP.webp,1164-model-1164-kahve-polo-ladies-white-hero-closeup,https://notanother-nz.github.io/total-image-product-assets/assets/1164_KAHVE_POLO_LADIES/webp/model/1164_KAHVE_POLO_LADIES_WHITE_HERO_CLOSEUP.webp,kahve-polo-ladies-1164,white,3
Kahve Polo - Ladies — 1164_KAHVE_POLO_LADIES_WHITE_HERO_SIDE.webp,1164-model-1164-kahve-polo-ladies-white-hero-side,https://notanother-nz.github.io/total-image-product-assets/assets/1164_KAHVE_POLO_LADIES/webp/model/1164_KAHVE_POLO_LADIES_WHITE_HERO_SIDE.webp,kahve-polo-ladies-1164,white,4
Kahve Polo - Ladies — 1164_KAHVE_POLO_LADIES_CHARCOAL_FRONT.webp,1164-product-1164-kahve-polo-ladies-charcoal-front,https://notanother-nz.github.io/total-image-product-assets/assets/1164_KAHVE_POLO_LADIES/webp/product/1164_KAHVE_POLO_LADIES_CHARCOAL_FRONT.webp,kahve-polo-ladies-1164,charcoal,5
Kahve Polo - Ladies — 1164_KAHVE_POLO_LADIES_NAVY_FRONT.webp,1164-product-1164-kahve-polo-ladies-navy-front,https://notanother-nz.github.io/total-image-product-assets/assets/1164_KAHVE_POLO_LADIES/webp/product/1164_KAHVE_POLO_LADIES_NAVY_FRONT.webp,kahve-polo-ladies-1164,navy,6
Kahve Polo - Ladies — 1164_KAHVE_POLO_LADIES_ROYAL_FRONT.webp,1164-product-1164-kahve-polo-ladies-royal-front,https://notanother-nz.github.io/total-image-product-assets/assets/1164_KAHVE_POLO_LADIES/webp/product/1164_KAHVE_POLO_LADIES_ROYAL_FRONT.webp,kahve-polo-ladies-1164,royal,7
Kahve Polo - Ladies — 1164_KAHVE_POLO_LADIES_WHITE_FRONT.webp,1164-product-1164-kahve-polo-ladies-white-front,https://notanother-nz.github.io/total-image-product-assets/assets/1164_KAHVE_POLO_LADIES/webp/product/1164_KAHVE_POLO_LADIES_WHITE_FRONT.webp,kahve-polo-ladies-1164,white,8
Nylon Bucket Hat — 1171_NYLON_BUCKET_HAT_ARMY_HERO_FRONT.webp,1171-model-1171-nylon-bucket-hat-army-hero-front,https://notanother-nz.github.io/total-image-product-assets/assets/1171_NYLON_BUCKET_HAT/webp/model/1171_NYLON_BUCKET_HAT_ARMY_HERO_FRONT.webp,nylon-bucket-hat-1171,army,1
Nylon Bucket Hat — 1171_NYLON_BUCKET_HAT_BLACK_HERO_FRONT.webp,1171-model-1171-nylon-bucket-hat-black-hero-front,https://notanother-nz.github.io/total-image-product-assets/assets/1171_NYLON_BUCKET_HAT/webp/model/1171_NYLON_BUCKET_HAT_BLACK_HERO_FRONT.webp,nylon-bucket-hat-1171,black,2
Nylon Bucket Hat — 1171_NYLON_BUCKET_HAT_BONE_HERO_FRONT.webp,1171-model-1171-nylon-bucket-hat-bone-hero-front,https://notanother-nz.github.io/total-image-product-assets/assets/1171_NYLON_BUCKET_HAT/webp/model/1171_NYLON_BUCKET_HAT_BONE_HERO_FRONT.webp,nylon-bucket-hat-1171,bone,3
Nylon Bucket Hat — 1171_NYLON_BUCKET_HAT_ECRU_HERO_FRONT.webp,1171-model-1171-nylon-bucket-hat-ecru-hero-front,https://notanother-nz.github.io/total-image-product-assets/assets/1171_NYLON_BUCKET_HAT/webp/model/1171_NYLON_BUCKET_HAT_ECRU_HERO_FRONT.webp,nylon-bucket-hat-1171,ecru,4
Nylon Bucket Hat — 1171_NYLON_BUCKET_HAT_LAPIS_HERO_FRONT.webp,1171-model-1171-nylon-bucket-hat-lapis-hero-front,https://notanother-nz.github.io/total-image-product-assets/assets/1171_NYLON_BUCKET_HAT/webp/model/1171_NYLON_BUCKET_HAT_LAPIS_HERO_FRONT.webp,nylon-bucket-hat-1171,lapis,5
Nylon Bucket Hat — 1171_NYLON_BUCKET_HAT_LIME_HERO_FRONT.webp,1171-model-1171-nylon-bucket-hat-lime-hero-front,https://notanother-nz.github.io/total-image-product-assets/assets/1171_NYLON_BUCKET_HAT/webp/model/1171_NYLON_BUCKET_HAT_LIME_HERO_FRONT.webp,nylon-bucket-hat-1171,lime,6
Nylon Bucket Hat — 1171_NYLON_BUCKET_HAT_MUSHROOM_HERO_FRONT.webp,1171-model-1171-nylon-bucket-hat-mushroom-hero-front,https://notanother-nz.github.io/total-image-product-assets/assets/1171_NYLON_BUCKET_HAT/webp/model/1171_NYLON_BUCKET_HAT_MUSHROOM_HERO_FRONT.webp,nylon-bucket-hat-1171,mushroom,7
Nylon Bucket Hat — 1171_NYLON_BUCKET_HAT_NAVY_HERO_FRONT.webp,1171-model-1171-nylon-bucket-hat-navy-hero-front,https://notanother-nz.github.io/total-image-product-assets/assets/1171_NYLON_BUCKET_HAT/webp/model/1171_NYLON_BUCKET_HAT_NAVY_HERO_FRONT.webp,nylon-bucket-hat-1171,navy,8
Nylon Bucket Hat — 1171_NYLON_BUCKET_HAT_PISTACHIO_HERO_FRONT.webp,1171-model-1171-nylon-bucket-hat-pistachio-hero-front,https://notanother-nz.github.io/total-image-product-assets/assets/1171_NYLON_BUCKET_HAT/webp/model/1171_NYLON_BUCKET_HAT_PISTACHIO_HERO_FRONT.webp,nylon-bucket-hat-1171,pistachio,9
Nylon Bucket Hat — 1171_NYLON_BUCKET_HAT_POWDER_HERO_FRONT.webp,1171-model-1171-nylon-bucket-hat-powder-hero-front,https://notanother-nz.github.io/total-image-product-assets/assets/1171_NYLON_BUCKET_HAT/webp/model/1171_NYLON_BUCKET_HAT_POWDER_HERO_FRONT.webp,nylon-bucket-hat-1171,powder,10
Nylon Bucket Hat — 1171_NYLON_BUCKET_HAT_SAND_HERO_FRONT.webp,1171-model-1171-nylon-bucket-hat-sand-hero-front,https://notanother-nz.github.io/total-image-product-assets/assets/1171_NYLON_BUCKET_HAT/webp/model/1171_NYLON_BUCKET_HAT_SAND_HERO_FRONT.webp,nylon-bucket-hat-1171,sand,11
Nylon Bucket Hat — 1171_NYLON_BUCKET_HAT_ARMY_FRONT.webp,1171-product-1171-nylon-bucket-hat-army-front,https://notanother-nz.github.io/total-image-product-assets/assets/1171_NYLON_BUCKET_HAT/webp/product/1171_NYLON_BUCKET_HAT_ARMY_FRONT.webp,nylon-bucket-hat-1171,army,12
Nylon Bucket Hat — 1171_NYLON_BUCKET_HAT_BLACK_FRONT.webp,1171-product-1171-nylon-bucket-hat-black-front,https://notanother-nz.github.io/total-image-product-assets/assets/1171_NYLON_BUCKET_HAT/webp/product/1171_NYLON_BUCKET_HAT_BLACK_FRONT.webp,nylon-bucket-hat-1171,black,13
Nylon Bucket Hat — 1171_NYLON_BUCKET_HAT_BONE_FRONT.webp,1171-product-1171-nylon-bucket-hat-bone-front,https://notanother-nz.github.io/total-image-product-assets/assets/1171_NYLON_BUCKET_HAT/webp/product/1171_NYLON_BUCKET_HAT_BONE_FRONT.webp,nylon-bucket-hat-1171,bone,14
Nylon Bucket Hat — 1171_NYLON_BUCKET_HAT_ECRU_FRONT.webp,1171-product-1171-nylon-bucket-hat-ecru-front,https://notanother-nz.github.io/total-image-product-assets/assets/1171_NYLON_BUCKET_HAT/webp/product/1171_NYLON_BUCKET_HAT_ECRU_FRONT.webp,nylon-bucket-hat-1171,ecru,15
Nylon Bucket Hat — 1171_NYLON_BUCKET_HAT_LAPIS_FRONT.webp,1171-product-1171-nylon-bucket-hat-lapis-front,https://notanother-nz.github.io/total-image-product-assets/assets/1171_NYLON_BUCKET_HAT/webp/product/1171_NYLON_BUCKET_HAT_LAPIS_FRONT.webp,nylon-bucket-hat-1171,lapis,16
Nylon Bucket Hat — 1171_NYLON_BUCKET_HAT_LIME_FRONT.webp,1171-product-1171-nylon-bucket-hat-lime-front,https://notanother-nz.github.io/total-image-product-assets/assets/1171_NYLON_BUCKET_HAT/webp/product/1171_NYLON_BUCKET_HAT_LIME_FRONT.webp,nylon-bucket-hat-1171,lime,17
Nylon Bucket Hat — 1171_NYLON_BUCKET_HAT_MUSHROOM_FRONT.webp,1171-product-1171-nylon-bucket-hat-mushroom-front,https://notanother-nz.github.io/total-image-product-assets/assets/1171_NYLON_BUCKET_HAT/webp/product/1171_NYLON_BUCKET_HAT_MUSHROOM_FRONT.webp,nylon-bucket-hat-1171,mushroom,18
Nylon Bucket Hat — 1171_NYLON_BUCKET_HAT_NAVY_FRONT.webp,1171-product-1171-nylon-bucket-hat-navy-front,https://notanother-nz.github.io/total-image-product-assets/assets/1171_NYLON_BUCKET_HAT/webp/product/1171_NYLON_BUCKET_HAT_NAVY_FRONT.webp,nylon-bucket-hat-1171,navy,19
Nylon Bucket Hat — 1171_NYLON_BUCKET_HAT_PISTACHIO_FRONT.webp,1171-product-1171-nylon-bucket-hat-pistachio-front,https://notanother-nz.github.io/total-image-product-assets/assets/1171_NYLON_BUCKET_HAT/webp/product/1171_NYLON_BUCKET_HAT_PISTACHIO_FRONT.webp,nylon-bucket-hat-1171,pistachio,20
Nylon Bucket Hat — 1171_NYLON_BUCKET_HAT_POWDER_FRONT.webp,1171-product-1171-nylon-bucket-hat-powder-front,https://notanother-nz.github.io/total-image-product-assets/assets/1171_NYLON_BUCKET_HAT/webp/product/1171_NYLON_BUCKET_HAT_POWDER_FRONT.webp,nylon-bucket-hat-1171,powder,21
Nylon Bucket Hat — 1171_NYLON_BUCKET_HAT_SAND_FRONT.webp,1171-product-1171-nylon-bucket-hat-sand-front,https://notanother-nz.github.io/total-image-product-assets/assets/1171_NYLON_BUCKET_HAT/webp/product/1171_NYLON_BUCKET_HAT_SAND_FRONT.webp,nylon-bucket-hat-1171,sand,22
Wide Brim Bucket Hat — 1172_WIDE_BRIM_BUCKET_HAT_MAIN_BLACK_HERO_FRONT.webp,1172-model-1172-wide-brim-bucket-hat-main-black-hero-front,https://notanother-nz.github.io/total-image-product-assets/assets/1172_Wide_Brim_Bucket_Hat/webp/model/1172_WIDE_BRIM_BUCKET_HAT_MAIN_BLACK_HERO_FRONT.webp,wide-brim-bucket-hat-1172,black,1
Wide Brim Bucket Hat — 1172_WIDE_BRIM_BUCKET_HAT_MAIN_BLACK_HERO_BACK.webp,1172-model-1172-wide-brim-bucket-hat-main-black-hero-back,https://notanother-nz.github.io/total-image-product-assets/assets/1172_Wide_Brim_Bucket_Hat/webp/model/1172_WIDE_BRIM_BUCKET_HAT_MAIN_BLACK_HERO_BACK.webp,wide-brim-bucket-hat-1172,black,2
Wide Brim Bucket Hat — 1172_WIDE_BRIM_BUCKET_HAT_MAIN_BLACK_HERO_CLOSEUP.webp,1172-model-1172-wide-brim-bucket-hat-main-black-hero-closeup,https://notanother-nz.github.io/total-image-product-assets/assets/1172_Wide_Brim_Bucket_Hat/webp/model/1172_WIDE_BRIM_BUCKET_HAT_MAIN_BLACK_HERO_CLOSEUP.webp,wide-brim-bucket-hat-1172,black,3
Wide Brim Bucket Hat — 1172_WIDE_BRIM_BUCKET_HAT_MAIN_BLACK_HERO_SIDE.webp,1172-model-1172-wide-brim-bucket-hat-main-black-hero-side,https://notanother-nz.github.io/total-image-product-assets/assets/1172_Wide_Brim_Bucket_Hat/webp/model/1172_WIDE_BRIM_BUCKET_HAT_MAIN_BLACK_HERO_SIDE.webp,wide-brim-bucket-hat-1172,black,4
Nylon Wide Brim Bucket Hat — 1174_NYLON_WIDE_BRIM_BUCKET_HAT_BLACK_HERO_FRONT.webp,1174-model-1174-nylon-wide-brim-bucket-hat-black-hero-front,https://notanother-nz.github.io/total-image-product-assets/assets/1174_NYLON_WIDE_BRIM_BUCKET_HAT/webp/model/1174_NYLON_WIDE_BRIM_BUCKET_HAT_BLACK_HERO_FRONT.webp,nylon-wide-brim-bucket-hat-1174,black,1
Nylon Wide Brim Bucket Hat — 1174_NYLON_WIDE_BRIM_BUCKET_HAT_ECRU_HERO_FRONT.webp,1174-model-1174-nylon-wide-brim-bucket-hat-ecru-hero-front,https://notanother-nz.github.io/total-image-product-assets/assets/1174_NYLON_WIDE_BRIM_BUCKET_HAT/webp/model/1174_NYLON_WIDE_BRIM_BUCKET_HAT_ECRU_HERO_FRONT.webp,nylon-wide-brim-bucket-hat-1174,ecru,2
Nylon Wide Brim Bucket Hat — 1174_NYLON_WIDE_BRIM_BUCKET_HAT_KHAKI_HERO_FRONT.webp,1174-model-1174-nylon-wide-brim-bucket-hat-khaki-hero-front,https://notanother-nz.github.io/total-image-product-assets/assets/1174_NYLON_WIDE_BRIM_BUCKET_HAT/webp/model/1174_NYLON_WIDE_BRIM_BUCKET_HAT_KHAKI_HERO_FRONT.webp,nylon-wide-brim-bucket-hat-1174,khaki,3
Nylon Wide Brim Bucket Hat — 1174_NYLON_WIDE_BRIM_BUCKET_HAT_NAVY_HERO_FRONT.webp,1174-model-1174-nylon-wide-brim-bucket-hat-navy-hero-front,https://notanother-nz.github.io/total-image-product-assets/assets/1174_NYLON_WIDE_BRIM_BUCKET_HAT/webp/model/1174_NYLON_WIDE_BRIM_BUCKET_HAT_NAVY_HERO_FRONT.webp,nylon-wide-brim-bucket-hat-1174,navy,4
Nylon Wide Brim Bucket Hat — 1174_NYLON_WIDE_BRIM_BUCKET_HAT_STORM_HERO_FRONT.webp,1174-model-1174-nylon-wide-brim-bucket-hat-storm-hero-front,https://notanother-nz.github.io/total-image-product-assets/assets/1174_NYLON_WIDE_BRIM_BUCKET_HAT/webp/model/1174_NYLON_WIDE_BRIM_BUCKET_HAT_STORM_HERO_FRONT.webp,nylon-wide-brim-bucket-hat-1174,storm,5
Nylon Wide Brim Bucket Hat — 1174_NYLON_WIDE_BRIM_BUCKET_HAT_BLACK_FRONT.webp,1174-product-1174-nylon-wide-brim-bucket-hat-black-front,https://notanother-nz.github.io/total-image-product-assets/assets/1174_NYLON_WIDE_BRIM_BUCKET_HAT/webp/product/1174_NYLON_WIDE_BRIM_BUCKET_HAT_BLACK_FRONT.webp,nylon-wide-brim-bucket-hat-1174,black,6
Nylon Wide Brim Bucket Hat — 1174_NYLON_WIDE_BRIM_BUCKET_HAT_ECRU_FRONT.webp,1174-product-1174-nylon-wide-brim-bucket-hat-ecru-front,https://notanother-nz.github.io/total-image-product-assets/assets/1174_NYLON_WIDE_BRIM_BUCKET_HAT/webp/product/1174_NYLON_WIDE_BRIM_BUCKET_HAT_ECRU_FRONT.webp,nylon-wide-brim-bucket-hat-1174,ecru,7
Nylon Wide Brim Bucket Hat — 1174_NYLON_WIDE_BRIM_BUCKET_HAT_KHAKI_FRONT.webp,1174-product-1174-nylon-wide-brim-bucket-hat-khaki-front,https://notanother-nz.github.io/total-image-product-assets/assets/1174_NYLON_WIDE_BRIM_BUCKET_HAT/webp/product/1174_NYLON_WIDE_BRIM_BUCKET_HAT_KHAKI_FRONT.webp,nylon-wide-brim-bucket-hat-1174,khaki,8
Nylon Wide Brim Bucket Hat — 1174_NYLON_WIDE_BRIM_BUCKET_HAT_NAVY_FRONT.webp,1174-product-1174-nylon-wide-brim-bucket-hat-navy-front,https://notanother-nz.github.io/total-image-product-assets/assets/1174_NYLON_WIDE_BRIM_BUCKET_HAT/webp/product/1174_NYLON_WIDE_BRIM_BUCKET_HAT_NAVY_FRONT.webp,nylon-wide-brim-bucket-hat-1174,navy,9
Nylon Wide Brim Bucket Hat — 1174_NYLON_WIDE_BRIM_BUCKET_HAT_STORM_FRONT.webp,1174-product-1174-nylon-wide-brim-bucket-hat-storm-front,https://notanother-nz.github.io/total-image-product-assets/assets/1174_NYLON_WIDE_BRIM_BUCKET_HAT/webp/product/1174_NYLON_WIDE_BRIM_BUCKET_HAT_STORM_FRONT.webp,nylon-wide-brim-bucket-hat-1174,storm,10
Eureka Men's Tees — 1204_EUREKA_MEN'S_TEE_BLACK_WHITE_HERO_FRONT.webp,1204-model-1204-eureka-mens-tee-black-white-hero-front,https://notanother-nz.github.io/total-image-product-assets/assets/1204_EUREKA_MEN'S_TEE/webp/model/1204_EUREKA_MEN'S_TEE_BLACK_WHITE_HERO_FRONT.webp,eureka-mens-tees-1204,black-white,1
Eureka Men's Tees — 1204_EUREKA_MEN'S_TEE_BLACK_WHITE_HERO_BACK.webp,1204-model-1204-eureka-mens-tee-black-white-hero-back,https://notanother-nz.github.io/total-image-product-assets/assets/1204_EUREKA_MEN'S_TEE/webp/model/1204_EUREKA_MEN'S_TEE_BLACK_WHITE_HERO_BACK.webp,eureka-mens-tees-1204,black-white,2
Eureka Men's Tees — 1204_EUREKA_MEN'S_TEE_BLACK_WHITE_HERO_CLOSEUP.webp,1204-model-1204-eureka-mens-tee-black-white-hero-closeup,https://notanother-nz.github.io/total-image-product-assets/assets/1204_EUREKA_MEN'S_TEE/webp/model/1204_EUREKA_MEN'S_TEE_BLACK_WHITE_HERO_CLOSEUP.webp,eureka-mens-tees-1204,black-white,3
Eureka Men's Tees — 1204_EUREKA_MEN'S_TEE_BLACK_WHITE_HERO_SIDE.webp,1204-model-1204-eureka-mens-tee-black-white-hero-side,https://notanother-nz.github.io/total-image-product-assets/assets/1204_EUREKA_MEN'S_TEE/webp/model/1204_EUREKA_MEN'S_TEE_BLACK_WHITE_HERO_SIDE.webp,eureka-mens-tees-1204,black-white,4
Eureka Men's Tees — 1204_EUREKA_MEN'S_TEE_BLACK_GOLD_FRONT.webp,1204-product-1204-eureka-mens-tee-black-gold-front,https://notanother-nz.github.io/total-image-product-assets/assets/1204_EUREKA_MEN'S_TEE/webp/product/1204_EUREKA_MEN'S_TEE_BLACK_GOLD_FRONT.webp,eureka-mens-tees-1204,black-gold,5
Eureka Men's Tees — 1204_EUREKA_MEN'S_TEE_BLACK_ORANGE_FRONT.webp,1204-product-1204-eureka-mens-tee-black-orange-front,https://notanother-nz.github.io/total-image-product-assets/assets/1204_EUREKA_MEN'S_TEE/webp/product/1204_EUREKA_MEN'S_TEE_BLACK_ORANGE_FRONT.webp,eureka-mens-tees-1204,orange,6
Eureka Men's Tees — 1204_EUREKA_MEN'S_TEE_BLACK_RED_FRONT.webp,1204-product-1204-eureka-mens-tee-black-red-front,https://notanother-nz.github.io/total-image-product-assets/assets/1204_EUREKA_MEN'S_TEE/webp/product/1204_EUREKA_MEN'S_TEE_BLACK_RED_FRONT.webp,eureka-mens-tees-1204,black-red,7
Eureka Men's Tees — 1204_EUREKA_MEN'S_TEE_BLACK_WHITE_FRONT.webp,1204-product-1204-eureka-mens-tee-black-white-front,https://notanother-nz.github.io/total-image-product-assets/assets/1204_EUREKA_MEN'S_TEE/webp/product/1204_EUREKA_MEN'S_TEE_BLACK_WHITE_FRONT.webp,eureka-mens-tees-1204,black-white,8
Eureka Men's Tees — 1204_EUREKA_MEN'S_TEE_NAVY_WHITE_FRONT.webp,1204-product-1204-eureka-mens-tee-navy-white-front,https://notanother-nz.github.io/total-image-product-assets/assets/1204_EUREKA_MEN'S_TEE/webp/product/1204_EUREKA_MEN'S_TEE_NAVY_WHITE_FRONT.webp,eureka-mens-tees-1204,navy-white,9
Eureka Men's Tees — 1204_EUREKA_MEN'S_TEE_BLACK_GOLD_BACK.webp,1204-product-1204-eureka-mens-tee-black-gold-back,https://notanother-nz.github.io/total-image-product-assets/assets/1204_EUREKA_MEN'S_TEE/webp/product/1204_EUREKA_MEN'S_TEE_BLACK_GOLD_BACK.webp,eureka-mens-tees-1204,black-gold,10
Eureka Men's Tees — 1204_EUREKA_MEN'S_TEE_BLACK_ORANGE_BACK.webp,1204-product-1204-eureka-mens-tee-black-orange-back,https://notanother-nz.github.io/total-image-product-assets/assets/1204_EUREKA_MEN'S_TEE/webp/product/1204_EUREKA_MEN'S_TEE_BLACK_ORANGE_BACK.webp,eureka-mens-tees-1204,orange,11
Eureka Men's Tees — 1204_EUREKA_MEN'S_TEE_BLACK_RED_BACK.webp,1204-product-1204-eureka-mens-tee-black-red-back,https://notanother-nz.github.io/total-image-product-assets/assets/1204_EUREKA_MEN'S_TEE/webp/product/1204_EUREKA_MEN'S_TEE_BLACK_RED_BACK.webp,eureka-mens-tees-1204,black-red,12
Eureka Men's Tees — 1204_EUREKA_MEN'S_TEE_BLACK_WHITE_BACK.webp,1204-product-1204-eureka-mens-tee-black-white-back,https://notanother-nz.github.io/total-image-product-assets/assets/1204_EUREKA_MEN'S_TEE/webp/product/1204_EUREKA_MEN'S_TEE_BLACK_WHITE_BACK.webp,eureka-mens-tees-1204,black-white,13
Eureka Men's Tees — 1204_EUREKA_MEN'S_TEE_NAVY_WHITE_BACK.webp,1204-product-1204-eureka-mens-tee-navy-white-back,https://notanother-nz.github.io/total-image-product-assets/assets/1204_EUREKA_MEN'S_TEE/webp/product/1204_EUREKA_MEN'S_TEE_NAVY_WHITE_BACK.webp,eureka-mens-tees-1204,navy-white,14
Men's Nicholson Premium Poplin Long Sleeve Shirt — 1272L_MEN'S_NICHOLSON_PREMIUM_POPLIN_LONG_SLEEVE_SHIRT_STAR_WHITE_HERO_FRONT.webp,1272l-model-1272l-mens-nicholson-premium-poplin-long-sleeve-shirt-star-white-hero-front,https://notanother-nz.github.io/total-image-product-assets/assets/1272L_MEN'S_NICHOLSON_PREMIUM_POPLIN_LONG_SLEEVE_SHIRT/webp/model/1272L_MEN'S_NICHOLSON_PREMIUM_POPLIN_LONG_SLEEVE_SHIRT_STAR_WHITE_HERO_FRONT.webp,mens-nicholson-premium-poplin-long-sleeve-shirt-1272l,star-white,1
Men's Nicholson Premium Poplin Long Sleeve Shirt — 1272L_MEN'S_NICHOLSON_PREMIUM_POPLIN_LONG_SLEEVE_SHIRT_STAR_WHITE_HERO_BACK.webp,1272l-model-1272l-mens-nicholson-premium-poplin-long-sleeve-shirt-star-white-hero-back,https://notanother-nz.github.io/total-image-product-assets/assets/1272L_MEN'S_NICHOLSON_PREMIUM_POPLIN_LONG_SLEEVE_SHIRT/webp/model/1272L_MEN'S_NICHOLSON_PREMIUM_POPLIN_LONG_SLEEVE_SHIRT_STAR_WHITE_HERO_BACK.webp,mens-nicholson-premium-poplin-long-sleeve-shirt-1272l,star-white,2
Men's Nicholson Premium Poplin Long Sleeve Shirt — 1272L_MEN'S_NICHOLSON_PREMIUM_POPLIN_LONG_SLEEVE_SHIRT_STAR_WHITE_HERO_CLOSEUP.webp,1272l-model-1272l-mens-nicholson-premium-poplin-long-sleeve-shirt-star-white-hero-closeup,https://notanother-nz.github.io/total-image-product-assets/assets/1272L_MEN'S_NICHOLSON_PREMIUM_POPLIN_LONG_SLEEVE_SHIRT/webp/model/1272L_MEN'S_NICHOLSON_PREMIUM_POPLIN_LONG_SLEEVE_SHIRT_STAR_WHITE_HERO_CLOSEUP.webp,mens-nicholson-premium-poplin-long-sleeve-shirt-1272l,star-white,3
Men's Nicholson Premium Poplin Long Sleeve Shirt — 1272L_MEN'S_NICHOLSON_PREMIUM_POPLIN_LONG_SLEEVE_SHIRT_STAR_WHITE_HERO_SIDE.webp,1272l-model-1272l-mens-nicholson-premium-poplin-long-sleeve-shirt-star-white-hero-side,https://notanother-nz.github.io/total-image-product-assets/assets/1272L_MEN'S_NICHOLSON_PREMIUM_POPLIN_LONG_SLEEVE_SHIRT/webp/model/1272L_MEN'S_NICHOLSON_PREMIUM_POPLIN_LONG_SLEEVE_SHIRT_STAR_WHITE_HERO_SIDE.webp,mens-nicholson-premium-poplin-long-sleeve-shirt-1272l,star-white,4
Men's Nicholson Premium Poplin Long Sleeve Shirt — 1272L_MEN'S_NICHOLSON_PREMIUM_POPLIN_LONG_SLEEVE_SHIRT_BLACK_FRONT.webp,1272l-product-1272l-mens-nicholson-premium-poplin-long-sleeve-shirt-black-front,https://notanother-nz.github.io/total-image-product-assets/assets/1272L_MEN'S_NICHOLSON_PREMIUM_POPLIN_LONG_SLEEVE_SHIRT/webp/product/1272L_MEN'S_NICHOLSON_PREMIUM_POPLIN_LONG_SLEEVE_SHIRT_BLACK_FRONT.webp,mens-nicholson-premium-poplin-long-sleeve-shirt-1272l,black,5
Men's Nicholson Premium Poplin Long Sleeve Shirt — 1272L_MEN'S_NICHOLSON_PREMIUM_POPLIN_LONG_SLEEVE_SHIRT_CHARCOAL_FRONT.webp,1272l-product-1272l-mens-nicholson-premium-poplin-long-sleeve-shirt-charcoal-front,https://notanother-nz.github.io/total-image-product-assets/assets/1272L_MEN'S_NICHOLSON_PREMIUM_POPLIN_LONG_SLEEVE_SHIRT/webp/product/1272L_MEN'S_NICHOLSON_PREMIUM_POPLIN_LONG_SLEEVE_SHIRT_CHARCOAL_FRONT.webp,mens-nicholson-premium-poplin-long-sleeve-shirt-1272l,charcoal,6
Men's Nicholson Premium Poplin Long Sleeve Shirt — 1272L_MEN'S_NICHOLSON_PREMIUM_POPLIN_LONG_SLEEVE_SHIRT_FRENCH_BLUE_FRONT.webp,1272l-product-1272l-mens-nicholson-premium-poplin-long-sleeve-shirt-french-blue-front,https://notanother-nz.github.io/total-image-product-assets/assets/1272L_MEN'S_NICHOLSON_PREMIUM_POPLIN_LONG_SLEEVE_SHIRT/webp/product/1272L_MEN'S_NICHOLSON_PREMIUM_POPLIN_LONG_SLEEVE_SHIRT_FRENCH_BLUE_FRONT.webp,mens-nicholson-premium-poplin-long-sleeve-shirt-1272l,french-blue,7
Men's Nicholson Premium Poplin Long Sleeve Shirt — 1272L_MEN'S_NICHOLSON_PREMIUM_POPLIN_LONG_SLEEVE_SHIRT_NAVY_FRONT.webp,1272l-product-1272l-mens-nicholson-premium-poplin-long-sleeve-shirt-navy-front,https://notanother-nz.github.io/total-image-product-assets/assets/1272L_MEN'S_NICHOLSON_PREMIUM_POPLIN_LONG_SLEEVE_SHIRT/webp/product/1272L_MEN'S_NICHOLSON_PREMIUM_POPLIN_LONG_SLEEVE_SHIRT_NAVY_FRONT.webp,mens-nicholson-premium-poplin-long-sleeve-shirt-1272l,navy,8
Men's Nicholson Premium Poplin Long Sleeve Shirt — 1272L_MEN'S_NICHOLSON_PREMIUM_POPLIN_LONG_SLEEVE_SHIRT_SILVER_FRONT.webp,1272l-product-1272l-mens-nicholson-premium-poplin-long-sleeve-shirt-silver-front,https://notanother-nz.github.io/total-image-product-assets/assets/1272L_MEN'S_NICHOLSON_PREMIUM_POPLIN_LONG_SLEEVE_SHIRT/webp/product/1272L_MEN'S_NICHOLSON_PREMIUM_POPLIN_LONG_SLEEVE_SHIRT_SILVER_FRONT.webp,mens-nicholson-premium-poplin-long-sleeve-shirt-1272l,silver,9
Men's Nicholson Premium Poplin Long Sleeve Shirt — 1272L_MEN'S_NICHOLSON_PREMIUM_POPLIN_LONG_SLEEVE_SHIRT_SKY_FRONT.webp,1272l-product-1272l-mens-nicholson-premium-poplin-long-sleeve-shirt-sky-front,https://notanother-nz.github.io/total-image-product-assets/assets/1272L_MEN'S_NICHOLSON_PREMIUM_POPLIN_LONG_SLEEVE_SHIRT/webp/product/1272L_MEN'S_NICHOLSON_PREMIUM_POPLIN_LONG_SLEEVE_SHIRT_SKY_FRONT.webp,mens-nicholson-premium-poplin-long-sleeve-shirt-1272l,sky,10
Men's Nicholson Premium Poplin Long Sleeve Shirt — 1272L_MEN'S_NICHOLSON_PREMIUM_POPLIN_LONG_SLEEVE_SHIRT_STAR_WHITE_FRONT.webp,1272l-product-1272l-mens-nicholson-premium-poplin-long-sleeve-shirt-star-white-front,https://notanother-nz.github.io/total-image-product-assets/assets/1272L_MEN'S_NICHOLSON_PREMIUM_POPLIN_LONG_SLEEVE_SHIRT/webp/product/1272L_MEN'S_NICHOLSON_PREMIUM_POPLIN_LONG_SLEEVE_SHIRT_STAR_WHITE_FRONT.webp,mens-nicholson-premium-poplin-long-sleeve-shirt-1272l,star-white,11
Men's Nicholson Premium Poplin Short Sleeve Shirt — 1272S_MEN'S_NICHOLSON_PREMIUM_POPLIN_SHORT_SLEEVE_SHIRT_STAR_WHITE_HERO_FRONT.webp,1272s-model-1272s-mens-nicholson-premium-poplin-short-sleeve-shirt-star-white-hero-front,https://notanother-nz.github.io/total-image-product-assets/assets/1272S_MEN'S_NICHOLSON_PREMIUM_POPLIN_SHORT_SLEEVE_SHIRT/webp/model/1272S_MEN'S_NICHOLSON_PREMIUM_POPLIN_SHORT_SLEEVE_SHIRT_STAR_WHITE_HERO_FRONT.webp,mens-nicholson-premium-poplin-short-sleeve-shirt-1272s,star-white,1
Men's Nicholson Premium Poplin Short Sleeve Shirt — 1272S_MEN'S_NICHOLSON_PREMIUM_POPLIN_SHORT_SLEEVE_SHIRT_STAR_WHITE_HERO_BACK.webp,1272s-model-1272s-mens-nicholson-premium-poplin-short-sleeve-shirt-star-white-hero-back,https://notanother-nz.github.io/total-image-product-assets/assets/1272S_MEN'S_NICHOLSON_PREMIUM_POPLIN_SHORT_SLEEVE_SHIRT/webp/model/1272S_MEN'S_NICHOLSON_PREMIUM_POPLIN_SHORT_SLEEVE_SHIRT_STAR_WHITE_HERO_BACK.webp,mens-nicholson-premium-poplin-short-sleeve-shirt-1272s,star-white,2
Men's Nicholson Premium Poplin Short Sleeve Shirt — 1272S_MEN'S_NICHOLSON_PREMIUM_POPLIN_SHORT_SLEEVE_SHIRT_STAR_WHITE_HERO_CLOSEUP.webp,1272s-model-1272s-mens-nicholson-premium-poplin-short-sleeve-shirt-star-white-hero-closeup,https://notanother-nz.github.io/total-image-product-assets/assets/1272S_MEN'S_NICHOLSON_PREMIUM_POPLIN_SHORT_SLEEVE_SHIRT/webp/model/1272S_MEN'S_NICHOLSON_PREMIUM_POPLIN_SHORT_SLEEVE_SHIRT_STAR_WHITE_HERO_CLOSEUP.webp,mens-nicholson-premium-poplin-short-sleeve-shirt-1272s,star-white,3
Men's Nicholson Premium Poplin Short Sleeve Shirt — 1272S_MEN'S_NICHOLSON_PREMIUM_POPLIN_SHORT_SLEEVE_SHIRT_STAR_WHITE_HERO__SIDE.webp,1272s-model-1272s-mens-nicholson-premium-poplin-short-sleeve-shirt-star-white-hero-side,https://notanother-nz.github.io/total-image-product-assets/assets/1272S_MEN'S_NICHOLSON_PREMIUM_POPLIN_SHORT_SLEEVE_SHIRT/webp/model/1272S_MEN'S_NICHOLSON_PREMIUM_POPLIN_SHORT_SLEEVE_SHIRT_STAR_WHITE_HERO__SIDE.webp,mens-nicholson-premium-poplin-short-sleeve-shirt-1272s,star-white,4
Men's Nicholson Premium Poplin Short Sleeve Shirt — 1272S_MEN'S_NICHOLSON_PREMIUM_POPLIN_SHORT_SLEEVE_SHIRT_BLACK_FRONT.webp,1272s-product-1272s-mens-nicholson-premium-poplin-short-sleeve-shirt-black-front,https://notanother-nz.github.io/total-image-product-assets/assets/1272S_MEN'S_NICHOLSON_PREMIUM_POPLIN_SHORT_SLEEVE_SHIRT/webp/product/1272S_MEN'S_NICHOLSON_PREMIUM_POPLIN_SHORT_SLEEVE_SHIRT_BLACK_FRONT.webp,mens-nicholson-premium-poplin-short-sleeve-shirt-1272s,black,5
Men's Nicholson Premium Poplin Short Sleeve Shirt — 1272S_MEN'S_NICHOLSON_PREMIUM_POPLIN_SHORT_SLEEVE_SHIRT_CHARCOAL_FRONT.webp,1272s-product-1272s-mens-nicholson-premium-poplin-short-sleeve-shirt-charcoal-front,https://notanother-nz.github.io/total-image-product-assets/assets/1272S_MEN'S_NICHOLSON_PREMIUM_POPLIN_SHORT_SLEEVE_SHIRT/webp/product/1272S_MEN'S_NICHOLSON_PREMIUM_POPLIN_SHORT_SLEEVE_SHIRT_CHARCOAL_FRONT.webp,mens-nicholson-premium-poplin-short-sleeve-shirt-1272s,charcoal,6
Men's Nicholson Premium Poplin Short Sleeve Shirt — 1272S_MEN'S_NICHOLSON_PREMIUM_POPLIN_SHORT_SLEEVE_SHIRT_FRENCH_BLUE_FRONT.webp,1272s-product-1272s-mens-nicholson-premium-poplin-short-sleeve-shirt-french-blue-front,https://notanother-nz.github.io/total-image-product-assets/assets/1272S_MEN'S_NICHOLSON_PREMIUM_POPLIN_SHORT_SLEEVE_SHIRT/webp/product/1272S_MEN'S_NICHOLSON_PREMIUM_POPLIN_SHORT_SLEEVE_SHIRT_FRENCH_BLUE_FRONT.webp,mens-nicholson-premium-poplin-short-sleeve-shirt-1272s,french-blue,7
Men's Nicholson Premium Poplin Short Sleeve Shirt — 1272S_MEN'S_NICHOLSON_PREMIUM_POPLIN_SHORT_SLEEVE_SHIRT_NAVY_FRONT.webp,1272s-product-1272s-mens-nicholson-premium-poplin-short-sleeve-shirt-navy-front,https://notanother-nz.github.io/total-image-product-assets/assets/1272S_MEN'S_NICHOLSON_PREMIUM_POPLIN_SHORT_SLEEVE_SHIRT/webp/product/1272S_MEN'S_NICHOLSON_PREMIUM_POPLIN_SHORT_SLEEVE_SHIRT_NAVY_FRONT.webp,mens-nicholson-premium-poplin-short-sleeve-shirt-1272s,navy,8
Men's Nicholson Premium Poplin Short Sleeve Shirt — 1272S_MEN'S_NICHOLSON_PREMIUM_POPLIN_SHORT_SLEEVE_SHIRT_SILVER_FRONT.webp,1272s-product-1272s-mens-nicholson-premium-poplin-short-sleeve-shirt-silver-front,https://notanother-nz.github.io/total-image-product-assets/assets/1272S_MEN'S_NICHOLSON_PREMIUM_POPLIN_SHORT_SLEEVE_SHIRT/webp/product/1272S_MEN'S_NICHOLSON_PREMIUM_POPLIN_SHORT_SLEEVE_SHIRT_SILVER_FRONT.webp,mens-nicholson-premium-poplin-short-sleeve-shirt-1272s,silver,9
Men's Nicholson Premium Poplin Short Sleeve Shirt — 1272S_MEN'S_NICHOLSON_PREMIUM_POPLIN_SHORT_SLEEVE_SHIRT_SKY_FRONT.webp,1272s-product-1272s-mens-nicholson-premium-poplin-short-sleeve-shirt-sky-front,https://notanother-nz.github.io/total-image-product-assets/assets/1272S_MEN'S_NICHOLSON_PREMIUM_POPLIN_SHORT_SLEEVE_SHIRT/webp/product/1272S_MEN'S_NICHOLSON_PREMIUM_POPLIN_SHORT_SLEEVE_SHIRT_SKY_FRONT.webp,mens-nicholson-premium-poplin-short-sleeve-shirt-1272s,sky,10
Men's Nicholson Premium Poplin Short Sleeve Shirt — 1272S_MEN'S_NICHOLSON_PREMIUM_POPLIN_SHORT_SLEEVE_SHIRT_STAR_WHITE_FRONT.webp,1272s-product-1272s-mens-nicholson-premium-poplin-short-sleeve-shirt-star-white-front,https://notanother-nz.github.io/total-image-product-assets/assets/1272S_MEN'S_NICHOLSON_PREMIUM_POPLIN_SHORT_SLEEVE_SHIRT/webp/product/1272S_MEN'S_NICHOLSON_PREMIUM_POPLIN_SHORT_SLEEVE_SHIRT_STAR_WHITE_FRONT.webp,mens-nicholson-premium-poplin-short-sleeve-shirt-1272s,star-white,11
Selwyn Men's Jackets — 1512_SELWYN_MENS_JACKET_HERO_FRONT.webp,1512-model-1512-selwyn-mens-jacket-hero-front,https://notanother-nz.github.io/total-image-product-assets/assets/1512_SELWYN_MENS_JACKET/webp/model/1512_SELWYN_MENS_JACKET_HERO_FRONT.webp,selwyn-mens-jackets-1512,,1
Selwyn Men's Jackets — 1512_SELWYN_MENS_JACKET_HERO_BACK.webp,1512-model-1512-selwyn-mens-jacket-hero-back,https://notanother-nz.github.io/total-image-product-assets/assets/1512_SELWYN_MENS_JACKET/webp/model/1512_SELWYN_MENS_JACKET_HERO_BACK.webp,selwyn-mens-jackets-1512,,2
Selwyn Men's Jackets — 1512_SELWYN_MENS_JACKET_HERO_CLOSEUP.webp,1512-model-1512-selwyn-mens-jacket-hero-closeup,https://notanother-nz.github.io/total-image-product-assets/assets/1512_SELWYN_MENS_JACKET/webp/model/1512_SELWYN_MENS_JACKET_HERO_CLOSEUP.webp,selwyn-mens-jackets-1512,,3
Selwyn Men's Jackets — 1512_SELWYN_MENS_JACKET_HERO_SIDE.webp,1512-model-1512-selwyn-mens-jacket-hero-side,https://notanother-nz.github.io/total-image-product-assets/assets/1512_SELWYN_MENS_JACKET/webp/model/1512_SELWYN_MENS_JACKET_HERO_SIDE.webp,selwyn-mens-jackets-1512,,4
Selwyn Men's Jackets — 1512_SELWYN_MENS_JACKET_BLACK_FRONT_VIEW.webp,1512-product-1512-selwyn-mens-jacket-black-front-view,https://notanother-nz.github.io/total-image-product-assets/assets/1512_SELWYN_MENS_JACKET/webp/product/1512_SELWYN_MENS_JACKET_BLACK_FRONT_VIEW.webp,selwyn-mens-jackets-1512,black,5
Selwyn Men's Jackets — 1512_SELWYN_MENS_JACKET_DARKNAVY_FRONT_VIEW.webp,1512-product-1512-selwyn-mens-jacket-darknavy-front-view,https://notanother-nz.github.io/total-image-product-assets/assets/1512_SELWYN_MENS_JACKET/webp/product/1512_SELWYN_MENS_JACKET_DARKNAVY_FRONT_VIEW.webp,selwyn-mens-jackets-1512,navy,6
Selwyn Men's Jackets — 1512_SELWYN_MENS_JACKET_NAVY_FRONT_VIEW.webp,1512-product-1512-selwyn-mens-jacket-navy-front-view,https://notanother-nz.github.io/total-image-product-assets/assets/1512_SELWYN_MENS_JACKET/webp/product/1512_SELWYN_MENS_JACKET_NAVY_FRONT_VIEW.webp,selwyn-mens-jackets-1512,navy,7
Selwyn Men's Jackets — 1512_SELWYN_MENS_JACKET_SLATE_FRONT_VIEW.webp,1512-product-1512-selwyn-mens-jacket-slate-front-view,https://notanother-nz.github.io/total-image-product-assets/assets/1512_SELWYN_MENS_JACKET/webp/product/1512_SELWYN_MENS_JACKET_SLATE_FRONT_VIEW.webp,selwyn-mens-jackets-1512,slate,8
Selwyn Men's Jackets — 1512_SELWYN_MENS_JACKET_BLACK_BACK_VIEW.webp,1512-product-1512-selwyn-mens-jacket-black-back-view,https://notanother-nz.github.io/total-image-product-assets/assets/1512_SELWYN_MENS_JACKET/webp/product/1512_SELWYN_MENS_JACKET_BLACK_BACK_VIEW.webp,selwyn-mens-jackets-1512,black,9
Selwyn Men's Jackets — 1512_SELWYN_MENS_JACKET_DARKNAVY_BACK_VIEW.webp,1512-product-1512-selwyn-mens-jacket-darknavy-back-view,https://notanother-nz.github.io/total-image-product-assets/assets/1512_SELWYN_MENS_JACKET/webp/product/1512_SELWYN_MENS_JACKET_DARKNAVY_BACK_VIEW.webp,selwyn-mens-jackets-1512,navy,10
Selwyn Men's Jackets — 1512_SELWYN_MENS_JACKET_NAVY_BACK_VIEW.webp,1512-product-1512-selwyn-mens-jacket-navy-back-view,https://notanother-nz.github.io/total-image-product-assets/assets/1512_SELWYN_MENS_JACKET/webp/product/1512_SELWYN_MENS_JACKET_NAVY_BACK_VIEW.webp,selwyn-mens-jackets-1512,navy,11
Selwyn Men's Jackets — 1512_SELWYN_MENS_JACKET_SLATE_BACK_VIEW.webp,1512-product-1512-selwyn-mens-jacket-slate-back-view,https://notanother-nz.github.io/total-image-product-assets/assets/1512_SELWYN_MENS_JACKET/webp/product/1512_SELWYN_MENS_JACKET_SLATE_BACK_VIEW.webp,selwyn-mens-jackets-1512,slate,12
Men's Olympus Soft Shell Jacket — 1513_MEN'S_OLYMPUS_SOFT_SHELL_JACKET_BLACK_HERO_FRONT.webp,1513-model-1513-mens-olympus-soft-shell-jacket-black-hero-front,https://notanother-nz.github.io/total-image-product-assets/assets/1513_MEN'S_OLYMPUS_SOFT_SHELL_JACKET/webp/model/1513_MEN'S_OLYMPUS_SOFT_SHELL_JACKET_BLACK_HERO_FRONT.webp,mens-olympus-soft-shell-jacket-1513,,1
Men's Olympus Soft Shell Jacket — 1513_MEN'S_OLYMPUS_SOFT_SHELL_JACKET_BLACK_HERO_CLOSEUP.webp,1513-model-1513-mens-olympus-soft-shell-jacket-black-hero-closeup,https://notanother-nz.github.io/total-image-product-assets/assets/1513_MEN'S_OLYMPUS_SOFT_SHELL_JACKET/webp/model/1513_MEN'S_OLYMPUS_SOFT_SHELL_JACKET_BLACK_HERO_CLOSEUP.webp,mens-olympus-soft-shell-jacket-1513,,2
Men's Olympus Soft Shell Jacket — 1513_MEN'S_OLYMPUS_SOFT_SHELL_JACKET_BLACK_HERO_SIDE.webp,1513-model-1513-mens-olympus-soft-shell-jacket-black-hero-side,https://notanother-nz.github.io/total-image-product-assets/assets/1513_MEN'S_OLYMPUS_SOFT_SHELL_JACKET/webp/model/1513_MEN'S_OLYMPUS_SOFT_SHELL_JACKET_BLACK_HERO_SIDE.webp,mens-olympus-soft-shell-jacket-1513,,3
Men's Olympus Soft Shell Jacket — 1513_MEN'S_OLYMPUS_SOFT_SHELL_JACKET_BLACK_HERO_BACK.webp,1513-product-1513-mens-olympus-soft-shell-jacket-black-hero-back,https://notanother-nz.github.io/total-image-product-assets/assets/1513_MEN'S_OLYMPUS_SOFT_SHELL_JACKET/webp/product/1513_MEN'S_OLYMPUS_SOFT_SHELL_JACKET_BLACK_HERO_BACK.webp,mens-olympus-soft-shell-jacket-1513,,4
Men's Olympus Soft Shell Jacket — 1513_MEN'S_OLYMPUS_SOFT_SHELL_JACKET_BLACK_FRONT.webp,1513-product-1513-mens-olympus-soft-shell-jacket-black-front,https://notanother-nz.github.io/total-image-product-assets/assets/1513_MEN'S_OLYMPUS_SOFT_SHELL_JACKET/webp/product/1513_MEN'S_OLYMPUS_SOFT_SHELL_JACKET_BLACK_FRONT.webp,mens-olympus-soft-shell-jacket-1513,,5
Men's Olympus Soft Shell Jacket — 1513_MEN'S_OLYMPUS_SOFT_SHELL_JACKET_DARK_NAVY_FRONT.webp,1513-product-1513-mens-olympus-soft-shell-jacket-dark-navy-front,https://notanother-nz.github.io/total-image-product-assets/assets/1513_MEN'S_OLYMPUS_SOFT_SHELL_JACKET/webp/product/1513_MEN'S_OLYMPUS_SOFT_SHELL_JACKET_DARK_NAVY_FRONT.webp,mens-olympus-soft-shell-jacket-1513,navy,6
Men's Olympus Soft Shell Jacket — 1513_MEN'S_OLYMPUS_SOFT_SHELL_JACKET_NAVY_FRONT.webp,1513-product-1513-mens-olympus-soft-shell-jacket-navy-front,https://notanother-nz.github.io/total-image-product-assets/assets/1513_MEN'S_OLYMPUS_SOFT_SHELL_JACKET/webp/product/1513_MEN'S_OLYMPUS_SOFT_SHELL_JACKET_NAVY_FRONT.webp,mens-olympus-soft-shell-jacket-1513,navy,7
Men's Olympus Soft Shell Jacket — 1513_MEN'S_OLYMPUS_SOFT_SHELL_JACKET_SLATE_FRONT.webp,1513-product-1513-mens-olympus-soft-shell-jacket-slate-front,https://notanother-nz.github.io/total-image-product-assets/assets/1513_MEN'S_OLYMPUS_SOFT_SHELL_JACKET/webp/product/1513_MEN'S_OLYMPUS_SOFT_SHELL_JACKET_SLATE_FRONT.webp,mens-olympus-soft-shell-jacket-1513,slate,8
Men's Olympus Soft Shell Jacket — 1513_MEN'S_OLYMPUS_SOFT_SHELL_JACKET_DARK_NAVY_BACK.webp,1513-product-1513-mens-olympus-soft-shell-jacket-dark-navy-back,https://notanother-nz.github.io/total-image-product-assets/assets/1513_MEN'S_OLYMPUS_SOFT_SHELL_JACKET/webp/product/1513_MEN'S_OLYMPUS_SOFT_SHELL_JACKET_DARK_NAVY_BACK.webp,mens-olympus-soft-shell-jacket-1513,navy,9
Men's Olympus Soft Shell Jacket — 1513_MEN'S_OLYMPUS_SOFT_SHELL_JACKET_NAVY_BACK.webp,1513-product-1513-mens-olympus-soft-shell-jacket-navy-back,https://notanother-nz.github.io/total-image-product-assets/assets/1513_MEN'S_OLYMPUS_SOFT_SHELL_JACKET/webp/product/1513_MEN'S_OLYMPUS_SOFT_SHELL_JACKET_NAVY_BACK.webp,mens-olympus-soft-shell-jacket-1513,navy,10
Men's Olympus Soft Shell Jacket — 1513_MEN'S_OLYMPUS_SOFT_SHELL_JACKET_DARK_NAVY_SIDE.webp,1513-product-1513-mens-olympus-soft-shell-jacket-dark-navy-side,https://notanother-nz.github.io/total-image-product-assets/assets/1513_MEN'S_OLYMPUS_SOFT_SHELL_JACKET/webp/product/1513_MEN'S_OLYMPUS_SOFT_SHELL_JACKET_DARK_NAVY_SIDE.webp,mens-olympus-soft-shell-jacket-1513,navy,11
Men's Olympus Soft Shell Jacket — 1513_MEN'S_OLYMPUS_SOFT_SHELL_JACKET_NAVY_SIDE.webp,1513-product-1513-mens-olympus-soft-shell-jacket-navy-side,https://notanother-nz.github.io/total-image-product-assets/assets/1513_MEN'S_OLYMPUS_SOFT_SHELL_JACKET/webp/product/1513_MEN'S_OLYMPUS_SOFT_SHELL_JACKET_NAVY_SIDE.webp,mens-olympus-soft-shell-jacket-1513,navy,12
Men's Olympus Soft Shell Jacket — 1513_MEN'S_OLYMPUS_SOFT_SHELL_JACKET_BLACK_BLACK.webp,1513-product-1513-mens-olympus-soft-shell-jacket-black-black,https://notanother-nz.github.io/total-image-product-assets/assets/1513_MEN'S_OLYMPUS_SOFT_SHELL_JACKET/webp/product/1513_MEN'S_OLYMPUS_SOFT_SHELL_JACKET_BLACK_BLACK.webp,mens-olympus-soft-shell-jacket-1513,black-black-colour,13
Women's Nicholson Premium Poplin Long Sleeve Shirt — 1520WL_PREMIUM_POPLIN_LONG_SLEEVE_SHIRTSTAR_STARWHITE_WHITE_HERO_FRONT.webp,1520wl-model-1520wl-premium-poplin-long-sleeve-shirtstar-starwhite-white-hero-front,https://notanother-nz.github.io/total-image-product-assets/assets/1520WL_WOMEN'S_NICHOLSON_PREMIUM_POPLIN_LONG_SLEEVE_SHIRT/webp/model/1520WL_PREMIUM_POPLIN_LONG_SLEEVE_SHIRTSTAR_STARWHITE_WHITE_HERO_FRONT.webp,womens-nicholson-premium-poplin-long-sleeve-shirt-1520wl,star-white,1
Women's Nicholson Premium Poplin Long Sleeve Shirt — 1520WL_WOMEN'S_NICHOLSON_PREMIUM_POPLIN_LONG_SLEEVE_SHIRT_STAR_WHITE_HERO_FRONT.webp,1520wl-model-1520wl-womens-nicholson-premium-poplin-long-sleeve-shirt-star-white-hero-front,https://notanother-nz.github.io/total-image-product-assets/assets/1520WL_WOMEN'S_NICHOLSON_PREMIUM_POPLIN_LONG_SLEEVE_SHIRT/webp/model/1520WL_WOMEN'S_NICHOLSON_PREMIUM_POPLIN_LONG_SLEEVE_SHIRT_STAR_WHITE_HERO_FRONT.webp,womens-nicholson-premium-poplin-long-sleeve-shirt-1520wl,star-white,2
Women's Nicholson Premium Poplin Long Sleeve Shirt — 1520WL_PREMIUM_POPLIN_LONG_SLEEVE_SHIRTSTAR_STARWHITE_WHITE_HERO_BACK.webp,1520wl-model-1520wl-premium-poplin-long-sleeve-shirtstar-starwhite-white-hero-back,https://notanother-nz.github.io/total-image-product-assets/assets/1520WL_WOMEN'S_NICHOLSON_PREMIUM_POPLIN_LONG_SLEEVE_SHIRT/webp/model/1520WL_PREMIUM_POPLIN_LONG_SLEEVE_SHIRTSTAR_STARWHITE_WHITE_HERO_BACK.webp,womens-nicholson-premium-poplin-long-sleeve-shirt-1520wl,star-white,3
Women's Nicholson Premium Poplin Long Sleeve Shirt — 1520WL_WOMEN'S_NICHOLSON_PREMIUM_POPLIN_LONG_SLEEVE_SHIRT_STAR_WHITE_HERO_BACK.webp,1520wl-model-1520wl-womens-nicholson-premium-poplin-long-sleeve-shirt-star-white-hero-back,https://notanother-nz.github.io/total-image-product-assets/assets/1520WL_WOMEN'S_NICHOLSON_PREMIUM_POPLIN_LONG_SLEEVE_SHIRT/webp/model/1520WL_WOMEN'S_NICHOLSON_PREMIUM_POPLIN_LONG_SLEEVE_SHIRT_STAR_WHITE_HERO_BACK.webp,womens-nicholson-premium-poplin-long-sleeve-shirt-1520wl,star-white,4
Women's Nicholson Premium Poplin Long Sleeve Shirt — 1520WL_PREMIUM_POPLIN_LONG_SLEEVE_SHIRTSTAR_STARWHITE_WHITE_HERO_CLOSEUP.webp,1520wl-model-1520wl-premium-poplin-long-sleeve-shirtstar-starwhite-white-hero-closeup,https://notanother-nz.github.io/total-image-product-assets/assets/1520WL_WOMEN'S_NICHOLSON_PREMIUM_POPLIN_LONG_SLEEVE_SHIRT/webp/model/1520WL_PREMIUM_POPLIN_LONG_SLEEVE_SHIRTSTAR_STARWHITE_WHITE_HERO_CLOSEUP.webp,womens-nicholson-premium-poplin-long-sleeve-shirt-1520wl,star-white,5
Women's Nicholson Premium Poplin Long Sleeve Shirt — 1520WL_WOMEN'S_NICHOLSON_PREMIUM_POPLIN_LONG_SLEEVE_SHIRT_STAR_WHITE_HERO_CLOSEUP.webp,1520wl-model-1520wl-womens-nicholson-premium-poplin-long-sleeve-shirt-star-white-hero-closeup,https://notanother-nz.github.io/total-image-product-assets/assets/1520WL_WOMEN'S_NICHOLSON_PREMIUM_POPLIN_LONG_SLEEVE_SHIRT/webp/model/1520WL_WOMEN'S_NICHOLSON_PREMIUM_POPLIN_LONG_SLEEVE_SHIRT_STAR_WHITE_HERO_CLOSEUP.webp,womens-nicholson-premium-poplin-long-sleeve-shirt-1520wl,star-white,6
Women's Nicholson Premium Poplin Long Sleeve Shirt — 1520WL_PREMIUM_POPLIN_LONG_SLEEVE_SHIRTSTAR_STARWHITE_WHITE_HERO_SIDE.webp,1520wl-model-1520wl-premium-poplin-long-sleeve-shirtstar-starwhite-white-hero-side,https://notanother-nz.github.io/total-image-product-assets/assets/1520WL_WOMEN'S_NICHOLSON_PREMIUM_POPLIN_LONG_SLEEVE_SHIRT/webp/model/1520WL_PREMIUM_POPLIN_LONG_SLEEVE_SHIRTSTAR_STARWHITE_WHITE_HERO_SIDE.webp,womens-nicholson-premium-poplin-long-sleeve-shirt-1520wl,star-white,7
Women's Nicholson Premium Poplin Long Sleeve Shirt — 1520WL_WOMEN'S_NICHOLSON_PREMIUM_POPLIN_LONG_SLEEVE_SHIRT_STAR_WHITE_HERO_SIDE.webp,1520wl-model-1520wl-womens-nicholson-premium-poplin-long-sleeve-shirt-star-white-hero-side,https://notanother-nz.github.io/total-image-product-assets/assets/1520WL_WOMEN'S_NICHOLSON_PREMIUM_POPLIN_LONG_SLEEVE_SHIRT/webp/model/1520WL_WOMEN'S_NICHOLSON_PREMIUM_POPLIN_LONG_SLEEVE_SHIRT_STAR_WHITE_HERO_SIDE.webp,womens-nicholson-premium-poplin-long-sleeve-shirt-1520wl,star-white,8
Women's Nicholson Premium Poplin Long Sleeve Shirt — 1520WL_PREMIUM_POPLIN_LONG_SLEEVE_SHIRTSTAR_.webp,1520wl-model-1520wl-premium-poplin-long-sleeve-shirtstar,https://notanother-nz.github.io/total-image-product-assets/assets/1520WL_WOMEN'S_NICHOLSON_PREMIUM_POPLIN_LONG_SLEEVE_SHIRT/webp/model/1520WL_PREMIUM_POPLIN_LONG_SLEEVE_SHIRTSTAR_.webp,womens-nicholson-premium-poplin-long-sleeve-shirt-1520wl,,9
Women's Nicholson Premium Poplin Long Sleeve Shirt — 1520WL_WOMEN'S_NICHOLSON_PREMIUM_POPLIN_LONG_SLEEVE_SHIRT_BLACK_FRONT.webp,1520wl-product-1520wl-womens-nicholson-premium-poplin-long-sleeve-shirt-black-front,https://notanother-nz.github.io/total-image-product-assets/assets/1520WL_WOMEN'S_NICHOLSON_PREMIUM_POPLIN_LONG_SLEEVE_SHIRT/webp/product/1520WL_WOMEN'S_NICHOLSON_PREMIUM_POPLIN_LONG_SLEEVE_SHIRT_BLACK_FRONT.webp,womens-nicholson-premium-poplin-long-sleeve-shirt-1520wl,black,10
Women's Nicholson Premium Poplin Long Sleeve Shirt — 1520WL_WOMEN'S_NICHOLSON_PREMIUM_POPLIN_LONG_SLEEVE_SHIRT_CHARCOAL_FRONT.webp,1520wl-product-1520wl-womens-nicholson-premium-poplin-long-sleeve-shirt-charcoal-front,https://notanother-nz.github.io/total-image-product-assets/assets/1520WL_WOMEN'S_NICHOLSON_PREMIUM_POPLIN_LONG_SLEEVE_SHIRT/webp/product/1520WL_WOMEN'S_NICHOLSON_PREMIUM_POPLIN_LONG_SLEEVE_SHIRT_CHARCOAL_FRONT.webp,womens-nicholson-premium-poplin-long-sleeve-shirt-1520wl,charcoal,11
Women's Nicholson Premium Poplin Long Sleeve Shirt — 1520WL_WOMEN'S_NICHOLSON_PREMIUM_POPLIN_LONG_SLEEVE_SHIRT_FRENCH_BLUE_FRONT.webp,1520wl-product-1520wl-womens-nicholson-premium-poplin-long-sleeve-shirt-french-blue-front,https://notanother-nz.github.io/total-image-product-assets/assets/1520WL_WOMEN'S_NICHOLSON_PREMIUM_POPLIN_LONG_SLEEVE_SHIRT/webp/product/1520WL_WOMEN'S_NICHOLSON_PREMIUM_POPLIN_LONG_SLEEVE_SHIRT_FRENCH_BLUE_FRONT.webp,womens-nicholson-premium-poplin-long-sleeve-shirt-1520wl,french-blue,12
Women's Nicholson Premium Poplin Long Sleeve Shirt — 1520WL_WOMEN'S_NICHOLSON_PREMIUM_POPLIN_LONG_SLEEVE_SHIRT_NAVY_FRONT.webp,1520wl-product-1520wl-womens-nicholson-premium-poplin-long-sleeve-shirt-navy-front,https://notanother-nz.github.io/total-image-product-assets/assets/1520WL_WOMEN'S_NICHOLSON_PREMIUM_POPLIN_LONG_SLEEVE_SHIRT/webp/product/1520WL_WOMEN'S_NICHOLSON_PREMIUM_POPLIN_LONG_SLEEVE_SHIRT_NAVY_FRONT.webp,womens-nicholson-premium-poplin-long-sleeve-shirt-1520wl,navy,13
Women's Nicholson Premium Poplin Long Sleeve Shirt — 1520WL_WOMEN'S_NICHOLSON_PREMIUM_POPLIN_LONG_SLEEVE_SHIRT_SILVER_FRONT.webp,1520wl-product-1520wl-womens-nicholson-premium-poplin-long-sleeve-shirt-silver-front,https://notanother-nz.github.io/total-image-product-assets/assets/1520WL_WOMEN'S_NICHOLSON_PREMIUM_POPLIN_LONG_SLEEVE_SHIRT/webp/product/1520WL_WOMEN'S_NICHOLSON_PREMIUM_POPLIN_LONG_SLEEVE_SHIRT_SILVER_FRONT.webp,womens-nicholson-premium-poplin-long-sleeve-shirt-1520wl,silver,14
Women's Nicholson Premium Poplin Long Sleeve Shirt — 1520WL_WOMEN'S_NICHOLSON_PREMIUM_POPLIN_LONG_SLEEVE_SHIRT_SKY_FRONT.webp,1520wl-product-1520wl-womens-nicholson-premium-poplin-long-sleeve-shirt-sky-front,https://notanother-nz.github.io/total-image-product-assets/assets/1520WL_WOMEN'S_NICHOLSON_PREMIUM_POPLIN_LONG_SLEEVE_SHIRT/webp/product/1520WL_WOMEN'S_NICHOLSON_PREMIUM_POPLIN_LONG_SLEEVE_SHIRT_SKY_FRONT.webp,womens-nicholson-premium-poplin-long-sleeve-shirt-1520wl,sky,15
Women's Nicholson Premium Poplin Long Sleeve Shirt — 1520WL_WOMEN'S_NICHOLSON_PREMIUM_POPLIN_LONG_SLEEVE_SHIRT_STAR_WHITE_FRONT.webp,1520wl-product-1520wl-womens-nicholson-premium-poplin-long-sleeve-shirt-star-white-front,https://notanother-nz.github.io/total-image-product-assets/assets/1520WL_WOMEN'S_NICHOLSON_PREMIUM_POPLIN_LONG_SLEEVE_SHIRT/webp/product/1520WL_WOMEN'S_NICHOLSON_PREMIUM_POPLIN_LONG_SLEEVE_SHIRT_STAR_WHITE_FRONT.webp,womens-nicholson-premium-poplin-long-sleeve-shirt-1520wl,star-white,16
Women's Nicholson Premium Poplin Short Sleeve Shirt — Garment_Catalogue_Shots_A_smiling_woman_with_dark_curly_hair_wears_a_eO0jKkyE.webp,1520ws-model-garment-catalogue-shots-a-smiling-woman-with-dark-curly-hair-wears-a-eo0jkkye,https://notanother-nz.github.io/total-image-product-assets/assets/1520WS_WOMEN'S_NICHOLSON_PREMIUM_POPLIN_SHORT_SLEEVE_SHIRT/webp/model/Garment_Catalogue_Shots_A_smiling_woman_with_dark_curly_hair_wears_a_eO0jKkyE.webp,womens-nicholson-premium-poplin-short-sleeve-shirt-1520ws,,1
Women's Nicholson Premium Poplin Short Sleeve Shirt — Garment_Catalogue_Shots_A_woman_with_dark_curly_hair_and_brown_eyes_is_UgmDeIpH.webp,1520ws-model-garment-catalogue-shots-a-woman-with-dark-curly-hair-and-brown-eyes-is-ugmdeiph,https://notanother-nz.github.io/total-image-product-assets/assets/1520WS_WOMEN'S_NICHOLSON_PREMIUM_POPLIN_SHORT_SLEEVE_SHIRT/webp/model/Garment_Catalogue_Shots_A_woman_with_dark_curly_hair_and_brown_eyes_is_UgmDeIpH.webp,womens-nicholson-premium-poplin-short-sleeve-shirt-1520ws,,2
Women's Nicholson Premium Poplin Short Sleeve Shirt — Garment_Catalogue_Shots_A_woman_with_dark_curly_hair_wears_a_white_Qmh0yNj6.webp,1520ws-model-garment-catalogue-shots-a-woman-with-dark-curly-hair-wears-a-white-qmh0ynj6,https://notanother-nz.github.io/total-image-product-assets/assets/1520WS_WOMEN'S_NICHOLSON_PREMIUM_POPLIN_SHORT_SLEEVE_SHIRT/webp/model/Garment_Catalogue_Shots_A_woman_with_dark_curly_hair_wears_a_white_Qmh0yNj6.webp,womens-nicholson-premium-poplin-short-sleeve-shirt-1520ws,,3
Women's Nicholson Premium Poplin Short Sleeve Shirt — Garment_Catalogue_Shots_In_a_realistic_studio_style_a_woman_with_dark_K02vLarF.webp,1520ws-model-garment-catalogue-shots-in-a-realistic-studio-style-a-woman-with-dark-k02vlarf,https://notanother-nz.github.io/total-image-product-assets/assets/1520WS_WOMEN'S_NICHOLSON_PREMIUM_POPLIN_SHORT_SLEEVE_SHIRT/webp/model/Garment_Catalogue_Shots_In_a_realistic_studio_style_a_woman_with_dark_K02vLarF.webp,womens-nicholson-premium-poplin-short-sleeve-shirt-1520ws,,4
Women's Nicholson Premium Poplin Short Sleeve Shirt — 1520WS_WOMEN'S_NICHOLSON_PREMIUM_POPLIN_SHORT_SLEEVE_SHIRT_BLACK_FRONT.webp,1520ws-product-1520ws-womens-nicholson-premium-poplin-short-sleeve-shirt-black-front,https://notanother-nz.github.io/total-image-product-assets/assets/1520WS_WOMEN'S_NICHOLSON_PREMIUM_POPLIN_SHORT_SLEEVE_SHIRT/webp/product/1520WS_WOMEN'S_NICHOLSON_PREMIUM_POPLIN_SHORT_SLEEVE_SHIRT_BLACK_FRONT.webp,womens-nicholson-premium-poplin-short-sleeve-shirt-1520ws,black,5
Women's Nicholson Premium Poplin Short Sleeve Shirt — 1520WS_WOMEN'S_NICHOLSON_PREMIUM_POPLIN_SHORT_SLEEVE_SHIRT_CHARCOAL_FRONT.webp,1520ws-product-1520ws-womens-nicholson-premium-poplin-short-sleeve-shirt-charcoal-front,https://notanother-nz.github.io/total-image-product-assets/assets/1520WS_WOMEN'S_NICHOLSON_PREMIUM_POPLIN_SHORT_SLEEVE_SHIRT/webp/product/1520WS_WOMEN'S_NICHOLSON_PREMIUM_POPLIN_SHORT_SLEEVE_SHIRT_CHARCOAL_FRONT.webp,womens-nicholson-premium-poplin-short-sleeve-shirt-1520ws,charcoal,6
Women's Nicholson Premium Poplin Short Sleeve Shirt — 1520WS_WOMEN'S_NICHOLSON_PREMIUM_POPLIN_SHORT_SLEEVE_SHIRT_FRENCH_BLUE_FRONT.webp,1520ws-product-1520ws-womens-nicholson-premium-poplin-short-sleeve-shirt-french-blue-front,https://notanother-nz.github.io/total-image-product-assets/assets/1520WS_WOMEN'S_NICHOLSON_PREMIUM_POPLIN_SHORT_SLEEVE_SHIRT/webp/product/1520WS_WOMEN'S_NICHOLSON_PREMIUM_POPLIN_SHORT_SLEEVE_SHIRT_FRENCH_BLUE_FRONT.webp,womens-nicholson-premium-poplin-short-sleeve-shirt-1520ws,french-blue,7
Women's Nicholson Premium Poplin Short Sleeve Shirt — 1520WS_WOMEN'S_NICHOLSON_PREMIUM_POPLIN_SHORT_SLEEVE_SHIRT_NAVY_FRONT.webp,1520ws-product-1520ws-womens-nicholson-premium-poplin-short-sleeve-shirt-navy-front,https://notanother-nz.github.io/total-image-product-assets/assets/1520WS_WOMEN'S_NICHOLSON_PREMIUM_POPLIN_SHORT_SLEEVE_SHIRT/webp/product/1520WS_WOMEN'S_NICHOLSON_PREMIUM_POPLIN_SHORT_SLEEVE_SHIRT_NAVY_FRONT.webp,womens-nicholson-premium-poplin-short-sleeve-shirt-1520ws,navy,8
Women's Nicholson Premium Poplin Short Sleeve Shirt — 1520WS_WOMEN'S_NICHOLSON_PREMIUM_POPLIN_SHORT_SLEEVE_SHIRT_SILVER_FRONT.webp,1520ws-product-1520ws-womens-nicholson-premium-poplin-short-sleeve-shirt-silver-front,https://notanother-nz.github.io/total-image-product-assets/assets/1520WS_WOMEN'S_NICHOLSON_PREMIUM_POPLIN_SHORT_SLEEVE_SHIRT/webp/product/1520WS_WOMEN'S_NICHOLSON_PREMIUM_POPLIN_SHORT_SLEEVE_SHIRT_SILVER_FRONT.webp,womens-nicholson-premium-poplin-short-sleeve-shirt-1520ws,silver,9
Women's Nicholson Premium Poplin Short Sleeve Shirt — 1520WS_WOMEN'S_NICHOLSON_PREMIUM_POPLIN_SHORT_SLEEVE_SHIRT_SKY_FRONT.webp,1520ws-product-1520ws-womens-nicholson-premium-poplin-short-sleeve-shirt-sky-front,https://notanother-nz.github.io/total-image-product-assets/assets/1520WS_WOMEN'S_NICHOLSON_PREMIUM_POPLIN_SHORT_SLEEVE_SHIRT/webp/product/1520WS_WOMEN'S_NICHOLSON_PREMIUM_POPLIN_SHORT_SLEEVE_SHIRT_SKY_FRONT.webp,womens-nicholson-premium-poplin-short-sleeve-shirt-1520ws,sky,10
Women's Nicholson Premium Poplin Short Sleeve Shirt — 1520WS_WOMEN'S_NICHOLSON_PREMIUM_POPLIN_SHORT_SLEEVE_SHIRT_STAR_WHITE_FRONT.webp,1520ws-product-1520ws-womens-nicholson-premium-poplin-short-sleeve-shirt-star-white-front,https://notanother-nz.github.io/total-image-product-assets/assets/1520WS_WOMEN'S_NICHOLSON_PREMIUM_POPLIN_SHORT_SLEEVE_SHIRT/webp/product/1520WS_WOMEN'S_NICHOLSON_PREMIUM_POPLIN_SHORT_SLEEVE_SHIRT_STAR_WHITE_FRONT.webp,womens-nicholson-premium-poplin-short-sleeve-shirt-1520ws,star-white,11
Premium Poplin 3/4 Sleeve Shirt — 1520WZ_PREMIUM_POPLIN_34_SLEEVE_SHIRT_STAR_WHITE_HERO_FRONT.webp,1520wz-model-1520wz-premium-poplin-34-sleeve-shirt-star-white-hero-front,https://notanother-nz.github.io/total-image-product-assets/assets/1520WZ_PREMIUM_POPLIN_3_4_SLEEVE_SHIRT/webp/model/1520WZ_PREMIUM_POPLIN_34_SLEEVE_SHIRT_STAR_WHITE_HERO_FRONT.webp,premium-poplin-3-4-sleeve-shirt-1520wz,star-white,1
Premium Poplin 3/4 Sleeve Shirt — 1520WZ_PREMIUM_POPLIN_34_SLEEVE_SHIRT_STAR_WHITE_HERO_BACK.webp,1520wz-model-1520wz-premium-poplin-34-sleeve-shirt-star-white-hero-back,https://notanother-nz.github.io/total-image-product-assets/assets/1520WZ_PREMIUM_POPLIN_3_4_SLEEVE_SHIRT/webp/model/1520WZ_PREMIUM_POPLIN_34_SLEEVE_SHIRT_STAR_WHITE_HERO_BACK.webp,premium-poplin-3-4-sleeve-shirt-1520wz,star-white,2
Premium Poplin 3/4 Sleeve Shirt — 1520WZ_PREMIUM_POPLIN_34_SLEEVE_SHIRT_STAR_WHITE_HERO_CLOSEUP.webp,1520wz-model-1520wz-premium-poplin-34-sleeve-shirt-star-white-hero-closeup,https://notanother-nz.github.io/total-image-product-assets/assets/1520WZ_PREMIUM_POPLIN_3_4_SLEEVE_SHIRT/webp/model/1520WZ_PREMIUM_POPLIN_34_SLEEVE_SHIRT_STAR_WHITE_HERO_CLOSEUP.webp,premium-poplin-3-4-sleeve-shirt-1520wz,star-white,3
Premium Poplin 3/4 Sleeve Shirt — 1520WZ_PREMIUM_POPLIN_34_SLEEVE_SHIRT_STAR_WHITE_HERO_SIDE.webp,1520wz-model-1520wz-premium-poplin-34-sleeve-shirt-star-white-hero-side,https://notanother-nz.github.io/total-image-product-assets/assets/1520WZ_PREMIUM_POPLIN_3_4_SLEEVE_SHIRT/webp/model/1520WZ_PREMIUM_POPLIN_34_SLEEVE_SHIRT_STAR_WHITE_HERO_SIDE.webp,premium-poplin-3-4-sleeve-shirt-1520wz,star-white,4
Premium Poplin 3/4 Sleeve Shirt — 1520WZ_PREMIUM_POPLIN_34_SLEEVE_SHIRT_STAR_WHITE.webp,1520wz-product-1520wz-premium-poplin-34-sleeve-shirt-star-white,https://notanother-nz.github.io/total-image-product-assets/assets/1520WZ_PREMIUM_POPLIN_3_4_SLEEVE_SHIRT/webp/product/1520WZ_PREMIUM_POPLIN_34_SLEEVE_SHIRT_STAR_WHITE.webp,premium-poplin-3-4-sleeve-shirt-1520wz,star-white,5
Snowy Men's Vests — 1523_SNOWY_MEN'S_VESTS_NAVY_HERO_FRONT.webp,1523-model-1523-snowy-mens-vests-navy-hero-front,https://notanother-nz.github.io/total-image-product-assets/assets/1523_SNOWY_MEN'S_VESTS/webp/model/1523_SNOWY_MEN'S_VESTS_NAVY_HERO_FRONT.webp,snowy-mens-vests-1523,navy,1
Snowy Men's Vests — 1523_SNOWY_MEN'S_VESTS_NAVY_HERO_BACK.webp,1523-model-1523-snowy-mens-vests-navy-hero-back,https://notanother-nz.github.io/total-image-product-assets/assets/1523_SNOWY_MEN'S_VESTS/webp/model/1523_SNOWY_MEN'S_VESTS_NAVY_HERO_BACK.webp,snowy-mens-vests-1523,navy,2
Snowy Men's Vests — 1523_SNOWY_MEN'S_VESTS_NAVY_HERO_CLOSEUP.webp,1523-model-1523-snowy-mens-vests-navy-hero-closeup,https://notanother-nz.github.io/total-image-product-assets/assets/1523_SNOWY_MEN'S_VESTS/webp/model/1523_SNOWY_MEN'S_VESTS_NAVY_HERO_CLOSEUP.webp,snowy-mens-vests-1523,navy,3
Snowy Men's Vests — 1523_SNOWY_MEN'S_VESTS_NAVY_HERO_SIDE.webp,1523-model-1523-snowy-mens-vests-navy-hero-side,https://notanother-nz.github.io/total-image-product-assets/assets/1523_SNOWY_MEN'S_VESTS/webp/model/1523_SNOWY_MEN'S_VESTS_NAVY_HERO_SIDE.webp,snowy-mens-vests-1523,navy,4
Snowy Men's Vests — 1523_SNOWY_MEN'S_VESTS_NAVY_FRONT.webp,1523-product-1523-snowy-mens-vests-navy-front,https://notanother-nz.github.io/total-image-product-assets/assets/1523_SNOWY_MEN'S_VESTS/webp/product/1523_SNOWY_MEN'S_VESTS_NAVY_FRONT.webp,snowy-mens-vests-1523,navy,5
Snowy Men's Vests — 1523_SNOWY_MEN'S_VESTS_NAVY_BACK.webp,1523-product-1523-snowy-mens-vests-navy-back,https://notanother-nz.github.io/total-image-product-assets/assets/1523_SNOWY_MEN'S_VESTS/webp/product/1523_SNOWY_MEN'S_VESTS_NAVY_BACK.webp,snowy-mens-vests-1523,navy,6
Selwyn Men's Vest — 1529_SELWYN_MENS_VEST_HERO_FRONT.webp,1529-model-1529-selwyn-mens-vest-hero-front,https://notanother-nz.github.io/total-image-product-assets/assets/1529_SELWYN_MENS_VEST/webp/model/1529_SELWYN_MENS_VEST_HERO_FRONT.webp,selwyn-mens-vest,,1
Selwyn Men's Vest — 1529_SELWYN_MENS_VEST_HERO_BACK.webp,1529-model-1529-selwyn-mens-vest-hero-back,https://notanother-nz.github.io/total-image-product-assets/assets/1529_SELWYN_MENS_VEST/webp/model/1529_SELWYN_MENS_VEST_HERO_BACK.webp,selwyn-mens-vest,,2
Selwyn Men's Vest — 1529_SELWYN_MENS_VEST_HERO_CLOSEUP.webp,1529-model-1529-selwyn-mens-vest-hero-closeup,https://notanother-nz.github.io/total-image-product-assets/assets/1529_SELWYN_MENS_VEST/webp/model/1529_SELWYN_MENS_VEST_HERO_CLOSEUP.webp,selwyn-mens-vest,,3
Selwyn Men's Vest — 1529_SELWYN_MENS_VEST_HERO_SIDE.webp,1529-model-1529-selwyn-mens-vest-hero-side,https://notanother-nz.github.io/total-image-product-assets/assets/1529_SELWYN_MENS_VEST/webp/model/1529_SELWYN_MENS_VEST_HERO_SIDE.webp,selwyn-mens-vest,,4
Selwyn Men's Vest — 1529_SELWYN_MENS_VEST_BLACK_VIEW.webp,1529-product-1529-selwyn-mens-vest-black-view,https://notanother-nz.github.io/total-image-product-assets/assets/1529_SELWYN_MENS_VEST/webp/product/1529_SELWYN_MENS_VEST_BLACK_VIEW.webp,selwyn-mens-vest,black,5
Selwyn Men's Vest — 1529_SELWYN_MENS_VEST_DARKNAVY_VIEW.webp,1529-product-1529-selwyn-mens-vest-darknavy-view,https://notanother-nz.github.io/total-image-product-assets/assets/1529_SELWYN_MENS_VEST/webp/product/1529_SELWYN_MENS_VEST_DARKNAVY_VIEW.webp,selwyn-mens-vest,navy,6
Selwyn Men's Vest — 1529_SELWYN_MENS_VEST_NAVY_VIEW.webp,1529-product-1529-selwyn-mens-vest-navy-view,https://notanother-nz.github.io/total-image-product-assets/assets/1529_SELWYN_MENS_VEST/webp/product/1529_SELWYN_MENS_VEST_NAVY_VIEW.webp,selwyn-mens-vest,navy,7
Selwyn Men's Vest — 1529_SELWYN_MENS_VEST_SLATE_VIEW.webp,1529-product-1529-selwyn-mens-vest-slate-view,https://notanother-nz.github.io/total-image-product-assets/assets/1529_SELWYN_MENS_VEST/webp/product/1529_SELWYN_MENS_VEST_SLATE_VIEW.webp,selwyn-mens-vest,slate,8
Men's Westgarth Gingham Long Sleeve Slim Fit Shirt — 1637HL_WESTGARTH_GINGHAM_LONG_SLEEVE_SLIM_FIT_SHIRT_HERO_FRONT.webp,1637hl-model-1637hl-westgarth-gingham-long-sleeve-slim-fit-shirt-hero-front,https://notanother-nz.github.io/total-image-product-assets/assets/1637HL_WESTGARTH_GINGHAM_LONG_SLEEVE_SLIM_FIT_SHIRT/webp/model/1637HL_WESTGARTH_GINGHAM_LONG_SLEEVE_SLIM_FIT_SHIRT_HERO_FRONT.webp,mens-westgarth-gingham-long-sleeve-slim-fit-shirt,,1
Men's Westgarth Gingham Long Sleeve Slim Fit Shirt — 1637HL_WESTGARTH_GINGHAM_LONG_SLEEVE_SLIM_FIT_SHIRT_HERO_BACK.webp,1637hl-model-1637hl-westgarth-gingham-long-sleeve-slim-fit-shirt-hero-back,https://notanother-nz.github.io/total-image-product-assets/assets/1637HL_WESTGARTH_GINGHAM_LONG_SLEEVE_SLIM_FIT_SHIRT/webp/model/1637HL_WESTGARTH_GINGHAM_LONG_SLEEVE_SLIM_FIT_SHIRT_HERO_BACK.webp,mens-westgarth-gingham-long-sleeve-slim-fit-shirt,,2
Men's Westgarth Gingham Long Sleeve Slim Fit Shirt — 1637HL_WESTGARTH_GINGHAM_LONG_SLEEVE_SLIM_FIT_SHIRT_HERO_CLOSEUP.webp,1637hl-model-1637hl-westgarth-gingham-long-sleeve-slim-fit-shirt-hero-closeup,https://notanother-nz.github.io/total-image-product-assets/assets/1637HL_WESTGARTH_GINGHAM_LONG_SLEEVE_SLIM_FIT_SHIRT/webp/model/1637HL_WESTGARTH_GINGHAM_LONG_SLEEVE_SLIM_FIT_SHIRT_HERO_CLOSEUP.webp,mens-westgarth-gingham-long-sleeve-slim-fit-shirt,,3
Men's Westgarth Gingham Long Sleeve Slim Fit Shirt — 1637HL_WESTGARTH_GINGHAM_LONG_SLEEVE_SLIM_FIT_SHIRT_HERO_SIDE.webp,1637hl-model-1637hl-westgarth-gingham-long-sleeve-slim-fit-shirt-hero-side,https://notanother-nz.github.io/total-image-product-assets/assets/1637HL_WESTGARTH_GINGHAM_LONG_SLEEVE_SLIM_FIT_SHIRT/webp/model/1637HL_WESTGARTH_GINGHAM_LONG_SLEEVE_SLIM_FIT_SHIRT_HERO_SIDE.webp,mens-westgarth-gingham-long-sleeve-slim-fit-shirt,,4
Men's Westgarth Gingham Long Sleeve Slim Fit Shirt — 1637HL_WESTGARTH_GINGHAM_LONG_SLEEVE_SLIM_FIT_SHIRT_BLACK_VIEW.webp,1637hl-product-1637hl-westgarth-gingham-long-sleeve-slim-fit-shirt-black-view,https://notanother-nz.github.io/total-image-product-assets/assets/1637HL_WESTGARTH_GINGHAM_LONG_SLEEVE_SLIM_FIT_SHIRT/webp/product/1637HL_WESTGARTH_GINGHAM_LONG_SLEEVE_SLIM_FIT_SHIRT_BLACK_VIEW.webp,mens-westgarth-gingham-long-sleeve-slim-fit-shirt,black,5
Men's Westgarth Gingham Long Sleeve Slim Fit Shirt — 1637HL_WESTGARTH_GINGHAM_LONG_SLEEVE_SLIM_FIT_SHIRT_NAVY_VIEW.webp,1637hl-product-1637hl-westgarth-gingham-long-sleeve-slim-fit-shirt-navy-view,https://notanother-nz.github.io/total-image-product-assets/assets/1637HL_WESTGARTH_GINGHAM_LONG_SLEEVE_SLIM_FIT_SHIRT/webp/product/1637HL_WESTGARTH_GINGHAM_LONG_SLEEVE_SLIM_FIT_SHIRT_NAVY_VIEW.webp,mens-westgarth-gingham-long-sleeve-slim-fit-shirt,navy,6
Men's Westgarth Gingham Long Sleeve Shirt — 1637L_WESTGARTH_GINGHAM_LONG_SLEEVE_SHIRT_HERO_FRONT.webp,1637l-model-1637l-westgarth-gingham-long-sleeve-shirt-hero-front,https://notanother-nz.github.io/total-image-product-assets/assets/1637L_WESTGARTH_GINGHAM_LONG_SLEEVE_SHIRT/webp/model/1637L_WESTGARTH_GINGHAM_LONG_SLEEVE_SHIRT_HERO_FRONT.webp,mens-westgarth-gingham-long-sleeve-shirt,,1
Men's Westgarth Gingham Long Sleeve Shirt — 1637L_WESTGARTH_GINGHAM_LONG_SLEEVE_SHIRT_HERO_BACK.webp,1637l-model-1637l-westgarth-gingham-long-sleeve-shirt-hero-back,https://notanother-nz.github.io/total-image-product-assets/assets/1637L_WESTGARTH_GINGHAM_LONG_SLEEVE_SHIRT/webp/model/1637L_WESTGARTH_GINGHAM_LONG_SLEEVE_SHIRT_HERO_BACK.webp,mens-westgarth-gingham-long-sleeve-shirt,,2
Men's Westgarth Gingham Long Sleeve Shirt — 1637L_WESTGARTH_GINGHAM_LONG_SLEEVE_SHIRT_HERO_CLOSEUP.webp,1637l-model-1637l-westgarth-gingham-long-sleeve-shirt-hero-closeup,https://notanother-nz.github.io/total-image-product-assets/assets/1637L_WESTGARTH_GINGHAM_LONG_SLEEVE_SHIRT/webp/model/1637L_WESTGARTH_GINGHAM_LONG_SLEEVE_SHIRT_HERO_CLOSEUP.webp,mens-westgarth-gingham-long-sleeve-shirt,,3
Men's Westgarth Gingham Long Sleeve Shirt — 1637L_WESTGARTH_GINGHAM_LONG_SLEEVE_SHIRT_HERO_SIDE.webp,1637l-model-1637l-westgarth-gingham-long-sleeve-shirt-hero-side,https://notanother-nz.github.io/total-image-product-assets/assets/1637L_WESTGARTH_GINGHAM_LONG_SLEEVE_SHIRT/webp/model/1637L_WESTGARTH_GINGHAM_LONG_SLEEVE_SHIRT_HERO_SIDE.webp,mens-westgarth-gingham-long-sleeve-shirt,,4
Men's Westgarth Gingham Long Sleeve Shirt — 1637L_WESTGARTH_GINGHAM_LONG_SLEEVE_SHIRT_BLACK_VIEW.webp,1637l-product-1637l-westgarth-gingham-long-sleeve-shirt-black-view,https://notanother-nz.github.io/total-image-product-assets/assets/1637L_WESTGARTH_GINGHAM_LONG_SLEEVE_SHIRT/webp/product/1637L_WESTGARTH_GINGHAM_LONG_SLEEVE_SHIRT_BLACK_VIEW.webp,mens-westgarth-gingham-long-sleeve-shirt,black,5
Men's Westgarth Gingham Long Sleeve Shirt — 1637L_WESTGARTH_GINGHAM_LONG_SLEEVE_SHIRT_CRIMSON_VIEW.webp,1637l-product-1637l-westgarth-gingham-long-sleeve-shirt-crimson-view,https://notanother-nz.github.io/total-image-product-assets/assets/1637L_WESTGARTH_GINGHAM_LONG_SLEEVE_SHIRT/webp/product/1637L_WESTGARTH_GINGHAM_LONG_SLEEVE_SHIRT_CRIMSON_VIEW.webp,mens-westgarth-gingham-long-sleeve-shirt,crimson,6
Men's Westgarth Gingham Long Sleeve Shirt — 1637L_WESTGARTH_GINGHAM_LONG_SLEEVE_SHIRT_EMERALD_VIEW.webp,1637l-product-1637l-westgarth-gingham-long-sleeve-shirt-emerald-view,https://notanother-nz.github.io/total-image-product-assets/assets/1637L_WESTGARTH_GINGHAM_LONG_SLEEVE_SHIRT/webp/product/1637L_WESTGARTH_GINGHAM_LONG_SLEEVE_SHIRT_EMERALD_VIEW.webp,mens-westgarth-gingham-long-sleeve-shirt,emerald,7
Men's Westgarth Gingham Long Sleeve Shirt — 1637L_WESTGARTH_GINGHAM_LONG_SLEEVE_SHIRT_GREY_VIEW.webp,1637l-product-1637l-westgarth-gingham-long-sleeve-shirt-grey-view,https://notanother-nz.github.io/total-image-product-assets/assets/1637L_WESTGARTH_GINGHAM_LONG_SLEEVE_SHIRT/webp/product/1637L_WESTGARTH_GINGHAM_LONG_SLEEVE_SHIRT_GREY_VIEW.webp,mens-westgarth-gingham-long-sleeve-shirt,grey,8
Men's Westgarth Gingham Long Sleeve Shirt — 1637L_WESTGARTH_GINGHAM_LONG_SLEEVE_SHIRT_LILAC_VIEW.webp,1637l-product-1637l-westgarth-gingham-long-sleeve-shirt-lilac-view,https://notanother-nz.github.io/total-image-product-assets/assets/1637L_WESTGARTH_GINGHAM_LONG_SLEEVE_SHIRT/webp/product/1637L_WESTGARTH_GINGHAM_LONG_SLEEVE_SHIRT_LILAC_VIEW.webp,mens-westgarth-gingham-long-sleeve-shirt,lilac,9
Men's Westgarth Gingham Long Sleeve Shirt — 1637L_WESTGARTH_GINGHAM_LONG_SLEEVE_SHIRT_NAVY_VIEW.webp,1637l-product-1637l-westgarth-gingham-long-sleeve-shirt-navy-view,https://notanother-nz.github.io/total-image-product-assets/assets/1637L_WESTGARTH_GINGHAM_LONG_SLEEVE_SHIRT/webp/product/1637L_WESTGARTH_GINGHAM_LONG_SLEEVE_SHIRT_NAVY_VIEW.webp,mens-westgarth-gingham-long-sleeve-shirt,navy,10
Men's Westgarth Gingham Long Sleeve Shirt — 1637L_WESTGARTH_GINGHAM_LONG_SLEEVE_SHIRT_PINK_VIEW.webp,1637l-product-1637l-westgarth-gingham-long-sleeve-shirt-pink-view,https://notanother-nz.github.io/total-image-product-assets/assets/1637L_WESTGARTH_GINGHAM_LONG_SLEEVE_SHIRT/webp/product/1637L_WESTGARTH_GINGHAM_LONG_SLEEVE_SHIRT_PINK_VIEW.webp,mens-westgarth-gingham-long-sleeve-shirt,pink,11
Men's Westgarth Gingham Long Sleeve Shirt — 1637L_WESTGARTH_GINGHAM_LONG_SLEEVE_SHIRT_SKY_VIEW.webp,1637l-product-1637l-westgarth-gingham-long-sleeve-shirt-sky-view,https://notanother-nz.github.io/total-image-product-assets/assets/1637L_WESTGARTH_GINGHAM_LONG_SLEEVE_SHIRT/webp/product/1637L_WESTGARTH_GINGHAM_LONG_SLEEVE_SHIRT_SKY_VIEW.webp,mens-westgarth-gingham-long-sleeve-shirt,sky,12
Men's Westgarth Gingham Long Sleeve Shirt — 1637L_WESTGARTH_GINGHAM_LONG_SLEEVE_SHIRT_TEAL_VIEW.webp,1637l-product-1637l-westgarth-gingham-long-sleeve-shirt-teal-view,https://notanother-nz.github.io/total-image-product-assets/assets/1637L_WESTGARTH_GINGHAM_LONG_SLEEVE_SHIRT/webp/product/1637L_WESTGARTH_GINGHAM_LONG_SLEEVE_SHIRT_TEAL_VIEW.webp,mens-westgarth-gingham-long-sleeve-shirt,teal,13
Men's Westgarth Gingham Short Sleeve Shirt — 1637S_WESTGARTH_GINGHAM_SHORT_SLEEVE_SHIRT_HERO_FRONT.webp,1637s-model-1637s-westgarth-gingham-short-sleeve-shirt-hero-front,https://notanother-nz.github.io/total-image-product-assets/assets/1637S_WESTGARTH_GINGHAM_SHORT_SLEEVE_SHIRT/webp/model/1637S_WESTGARTH_GINGHAM_SHORT_SLEEVE_SHIRT_HERO_FRONT.webp,mens-westgarth-gingham-short-sleeve-shirt-1637s,,1
Men's Westgarth Gingham Short Sleeve Shirt — 1637S_WESTGARTH_GINGHAM_SHORT_SLEEVE_SHIRT_HERO_BACK.webp,1637s-model-1637s-westgarth-gingham-short-sleeve-shirt-hero-back,https://notanother-nz.github.io/total-image-product-assets/assets/1637S_WESTGARTH_GINGHAM_SHORT_SLEEVE_SHIRT/webp/model/1637S_WESTGARTH_GINGHAM_SHORT_SLEEVE_SHIRT_HERO_BACK.webp,mens-westgarth-gingham-short-sleeve-shirt-1637s,,2
Men's Westgarth Gingham Short Sleeve Shirt — 1637S_WESTGARTH_GINGHAM_SHORT_SLEEVE_SHIRT_HERO_CLOSEUP.webp,1637s-model-1637s-westgarth-gingham-short-sleeve-shirt-hero-closeup,https://notanother-nz.github.io/total-image-product-assets/assets/1637S_WESTGARTH_GINGHAM_SHORT_SLEEVE_SHIRT/webp/model/1637S_WESTGARTH_GINGHAM_SHORT_SLEEVE_SHIRT_HERO_CLOSEUP.webp,mens-westgarth-gingham-short-sleeve-shirt-1637s,,3
Men's Westgarth Gingham Short Sleeve Shirt — 1637S_WESTGARTH_GINGHAM_SHORT_SLEEVE_SHIRT_HERO_SIDE.webp,1637s-model-1637s-westgarth-gingham-short-sleeve-shirt-hero-side,https://notanother-nz.github.io/total-image-product-assets/assets/1637S_WESTGARTH_GINGHAM_SHORT_SLEEVE_SHIRT/webp/model/1637S_WESTGARTH_GINGHAM_SHORT_SLEEVE_SHIRT_HERO_SIDE.webp,mens-westgarth-gingham-short-sleeve-shirt-1637s,,4
Men's Westgarth Gingham Short Sleeve Shirt — 1637S_WESTGARTH_GINGHAM_SHORT_SLEEVE_SHIRT_BLACK_VIEW.webp,1637s-product-1637s-westgarth-gingham-short-sleeve-shirt-black-view,https://notanother-nz.github.io/total-image-product-assets/assets/1637S_WESTGARTH_GINGHAM_SHORT_SLEEVE_SHIRT/webp/product/1637S_WESTGARTH_GINGHAM_SHORT_SLEEVE_SHIRT_BLACK_VIEW.webp,mens-westgarth-gingham-short-sleeve-shirt-1637s,black,5
Men's Westgarth Gingham Short Sleeve Shirt — 1637S_WESTGARTH_GINGHAM_SHORT_SLEEVE_SHIRT_GREY_VIEW.webp,1637s-product-1637s-westgarth-gingham-short-sleeve-shirt-grey-view,https://notanother-nz.github.io/total-image-product-assets/assets/1637S_WESTGARTH_GINGHAM_SHORT_SLEEVE_SHIRT/webp/product/1637S_WESTGARTH_GINGHAM_SHORT_SLEEVE_SHIRT_GREY_VIEW.webp,mens-westgarth-gingham-short-sleeve-shirt-1637s,grey,6
Men's Westgarth Gingham Short Sleeve Shirt — 1637S_WESTGARTH_GINGHAM_SHORT_SLEEVE_SHIRT_LILAC_VIEW.webp,1637s-product-1637s-westgarth-gingham-short-sleeve-shirt-lilac-view,https://notanother-nz.github.io/total-image-product-assets/assets/1637S_WESTGARTH_GINGHAM_SHORT_SLEEVE_SHIRT/webp/product/1637S_WESTGARTH_GINGHAM_SHORT_SLEEVE_SHIRT_LILAC_VIEW.webp,mens-westgarth-gingham-short-sleeve-shirt-1637s,lilac,7
Men's Westgarth Gingham Short Sleeve Shirt — 1637S_WESTGARTH_GINGHAM_SHORT_SLEEVE_SHIRT_NAVY_VIEW.webp,1637s-product-1637s-westgarth-gingham-short-sleeve-shirt-navy-view,https://notanother-nz.github.io/total-image-product-assets/assets/1637S_WESTGARTH_GINGHAM_SHORT_SLEEVE_SHIRT/webp/product/1637S_WESTGARTH_GINGHAM_SHORT_SLEEVE_SHIRT_NAVY_VIEW.webp,mens-westgarth-gingham-short-sleeve-shirt-1637s,navy,8
Men's Westgarth Gingham Short Sleeve Shirt — 1637S_WESTGARTH_GINGHAM_SHORT_SLEEVE_SHIRT_SKY_VIEW.webp,1637s-product-1637s-westgarth-gingham-short-sleeve-shirt-sky-view,https://notanother-nz.github.io/total-image-product-assets/assets/1637S_WESTGARTH_GINGHAM_SHORT_SLEEVE_SHIRT/webp/product/1637S_WESTGARTH_GINGHAM_SHORT_SLEEVE_SHIRT_SKY_VIEW.webp,mens-westgarth-gingham-short-sleeve-shirt-1637s,sky,9
Men's Westgarth Gingham Short Sleeve Shirt — 1637S_WESTGARTH_GINGHAM_SHORT_SLEEVE_SHIRT_TEAL_VIEW.webp,1637s-product-1637s-westgarth-gingham-short-sleeve-shirt-teal-view,https://notanother-nz.github.io/total-image-product-assets/assets/1637S_WESTGARTH_GINGHAM_SHORT_SLEEVE_SHIRT/webp/product/1637S_WESTGARTH_GINGHAM_SHORT_SLEEVE_SHIRT_TEAL_VIEW.webp,mens-westgarth-gingham-short-sleeve-shirt-1637s,teal,10
Women's Westgarth Gingham Long Sleeve Slim Fit Shirt — 1637WHL_WOMEN’S_WESTGARTH_GINGHAM_LONG_SLEEVE_SLIM_FIT_SHIRT_NAVY_HERO_FRONT.webp,1637whl-model-1637whl-womens-westgarth-gingham-long-sleeve-slim-fit-shirt-navy-hero-front,https://notanother-nz.github.io/total-image-product-assets/assets/1637WHL_WOMEN%E2%80%99S_WESTGARTH_GINGHAM_LONG_SLEEVE_SLIM_FIT_SHIRT/webp/model/1637WHL_WOMEN%E2%80%99S_WESTGARTH_GINGHAM_LONG_SLEEVE_SLIM_FIT_SHIRT_NAVY_HERO_FRONT.webp,womens-westgarth-gingham-long-sleeve-slim-fit-shirt-1637whl,navy,1
Women's Westgarth Gingham Long Sleeve Slim Fit Shirt — 1637WHL_WOMEN’S_WESTGARTH_GINGHAM_LONG_SLEEVE_SLIM_FIT_SHIRT_NAVY_HERO_BACK.webp,1637whl-model-1637whl-womens-westgarth-gingham-long-sleeve-slim-fit-shirt-navy-hero-back,https://notanother-nz.github.io/total-image-product-assets/assets/1637WHL_WOMEN%E2%80%99S_WESTGARTH_GINGHAM_LONG_SLEEVE_SLIM_FIT_SHIRT/webp/model/1637WHL_WOMEN%E2%80%99S_WESTGARTH_GINGHAM_LONG_SLEEVE_SLIM_FIT_SHIRT_NAVY_HERO_BACK.webp,womens-westgarth-gingham-long-sleeve-slim-fit-shirt-1637whl,navy,2
Women's Westgarth Gingham Long Sleeve Slim Fit Shirt — 1637WHL_WOMEN’S_WESTGARTH_GINGHAM_LONG_SLEEVE_SLIM_FIT_SHIRT_NAVY_HERO_CLOSEUP.webp,1637whl-model-1637whl-womens-westgarth-gingham-long-sleeve-slim-fit-shirt-navy-hero-closeup,https://notanother-nz.github.io/total-image-product-assets/assets/1637WHL_WOMEN%E2%80%99S_WESTGARTH_GINGHAM_LONG_SLEEVE_SLIM_FIT_SHIRT/webp/model/1637WHL_WOMEN%E2%80%99S_WESTGARTH_GINGHAM_LONG_SLEEVE_SLIM_FIT_SHIRT_NAVY_HERO_CLOSEUP.webp,womens-westgarth-gingham-long-sleeve-slim-fit-shirt-1637whl,navy,3
Women's Westgarth Gingham Long Sleeve Slim Fit Shirt — 1637WHL_WOMEN’S_WESTGARTH_GINGHAM_LONG_SLEEVE_SLIM_FIT_SHIRT_NAVY_HERO_SIDE.webp,1637whl-model-1637whl-womens-westgarth-gingham-long-sleeve-slim-fit-shirt-navy-hero-side,https://notanother-nz.github.io/total-image-product-assets/assets/1637WHL_WOMEN%E2%80%99S_WESTGARTH_GINGHAM_LONG_SLEEVE_SLIM_FIT_SHIRT/webp/model/1637WHL_WOMEN%E2%80%99S_WESTGARTH_GINGHAM_LONG_SLEEVE_SLIM_FIT_SHIRT_NAVY_HERO_SIDE.webp,womens-westgarth-gingham-long-sleeve-slim-fit-shirt-1637whl,navy,4
Women's Westgarth Gingham Long Sleeve Slim Fit Shirt — 1637WHL_WOMEN’S_WESTGARTH_GINGHAM_LONG_SLEEVE_SLIM_FIT_SHIRT_BLACK.webp,1637whl-product-1637whl-womens-westgarth-gingham-long-sleeve-slim-fit-shirt-black,https://notanother-nz.github.io/total-image-product-assets/assets/1637WHL_WOMEN%E2%80%99S_WESTGARTH_GINGHAM_LONG_SLEEVE_SLIM_FIT_SHIRT/webp/product/1637WHL_WOMEN%E2%80%99S_WESTGARTH_GINGHAM_LONG_SLEEVE_SLIM_FIT_SHIRT_BLACK.webp,womens-westgarth-gingham-long-sleeve-slim-fit-shirt-1637whl,black,5
Women's Westgarth Gingham Long Sleeve Slim Fit Shirt — 1637WHL_WOMEN’S_WESTGARTH_GINGHAM_LONG_SLEEVE_SLIM_FIT_SHIRT_NAVY.webp,1637whl-product-1637whl-womens-westgarth-gingham-long-sleeve-slim-fit-shirt-navy,https://notanother-nz.github.io/total-image-product-assets/assets/1637WHL_WOMEN%E2%80%99S_WESTGARTH_GINGHAM_LONG_SLEEVE_SLIM_FIT_SHIRT/webp/product/1637WHL_WOMEN%E2%80%99S_WESTGARTH_GINGHAM_LONG_SLEEVE_SLIM_FIT_SHIRT_NAVY.webp,womens-westgarth-gingham-long-sleeve-slim-fit-shirt-1637whl,navy,6
Westgarth Gingham Long Sleeve Slim Fit Shirt — 1637WL_WESTGARTH_GINGHAM_LONG_SLEEVE_SLIM_FIT_SHIRT_SKY_HERO_FRONT.webp,1637wl-model-1637wl-westgarth-gingham-long-sleeve-slim-fit-shirt-sky-hero-front,https://notanother-nz.github.io/total-image-product-assets/assets/1637WL_WESTGARTH_GINGHAM_LONG_SLEEVE_SLIM_FIT_SHIRT/webp/model/1637WL_WESTGARTH_GINGHAM_LONG_SLEEVE_SLIM_FIT_SHIRT_SKY_HERO_FRONT.webp,westgarth-gingham-long-sleeve-slim-fit-shirt-1637wl,sky,1
Westgarth Gingham Long Sleeve Slim Fit Shirt — 1637WL_WESTGARTH_GINGHAM_LONG_SLEEVE_SLIM_FIT_SHIRT_SKY_HERO_BACK.webp,1637wl-model-1637wl-westgarth-gingham-long-sleeve-slim-fit-shirt-sky-hero-back,https://notanother-nz.github.io/total-image-product-assets/assets/1637WL_WESTGARTH_GINGHAM_LONG_SLEEVE_SLIM_FIT_SHIRT/webp/model/1637WL_WESTGARTH_GINGHAM_LONG_SLEEVE_SLIM_FIT_SHIRT_SKY_HERO_BACK.webp,westgarth-gingham-long-sleeve-slim-fit-shirt-1637wl,sky,2
Westgarth Gingham Long Sleeve Slim Fit Shirt — 1637WL_WESTGARTH_GINGHAM_LONG_SLEEVE_SLIM_FIT_SHIRT_SKY_HERO_SIDE.webp,1637wl-model-1637wl-westgarth-gingham-long-sleeve-slim-fit-shirt-sky-hero-side,https://notanother-nz.github.io/total-image-product-assets/assets/1637WL_WESTGARTH_GINGHAM_LONG_SLEEVE_SLIM_FIT_SHIRT/webp/model/1637WL_WESTGARTH_GINGHAM_LONG_SLEEVE_SLIM_FIT_SHIRT_SKY_HERO_SIDE.webp,westgarth-gingham-long-sleeve-slim-fit-shirt-1637wl,sky,3
Westgarth Gingham Long Sleeve Slim Fit Shirt — Fashion_Catalogue_Images_In_a_realistic_style_a_woman_with_dark_hair_and_MGsjQbY7.webp,1637wl-model-fashion-catalogue-images-in-a-realistic-style-a-woman-with-dark-hair-and-mgsjqby7,https://notanother-nz.github.io/total-image-product-assets/assets/1637WL_WESTGARTH_GINGHAM_LONG_SLEEVE_SLIM_FIT_SHIRT/webp/model/Fashion_Catalogue_Images_In_a_realistic_style_a_woman_with_dark_hair_and_MGsjQbY7.webp,westgarth-gingham-long-sleeve-slim-fit-shirt-1637wl,,4
Westgarth Gingham Long Sleeve Slim Fit Shirt — 1637WL_WESTGARTH_GINGHAM_LONG_SLEEVE_SLIM_FIT_SHIRT_BLACK_FRONT.webp,1637wl-product-1637wl-westgarth-gingham-long-sleeve-slim-fit-shirt-black-front,https://notanother-nz.github.io/total-image-product-assets/assets/1637WL_WESTGARTH_GINGHAM_LONG_SLEEVE_SLIM_FIT_SHIRT/webp/product/1637WL_WESTGARTH_GINGHAM_LONG_SLEEVE_SLIM_FIT_SHIRT_BLACK_FRONT.webp,westgarth-gingham-long-sleeve-slim-fit-shirt-1637wl,black,5
Westgarth Gingham Long Sleeve Slim Fit Shirt — 1637WL_WESTGARTH_GINGHAM_LONG_SLEEVE_SLIM_FIT_SHIRT_CRIMSON_FRONT.webp,1637wl-product-1637wl-westgarth-gingham-long-sleeve-slim-fit-shirt-crimson-front,https://notanother-nz.github.io/total-image-product-assets/assets/1637WL_WESTGARTH_GINGHAM_LONG_SLEEVE_SLIM_FIT_SHIRT/webp/product/1637WL_WESTGARTH_GINGHAM_LONG_SLEEVE_SLIM_FIT_SHIRT_CRIMSON_FRONT.webp,westgarth-gingham-long-sleeve-slim-fit-shirt-1637wl,crimson,6
Westgarth Gingham Long Sleeve Slim Fit Shirt — 1637WL_WESTGARTH_GINGHAM_LONG_SLEEVE_SLIM_FIT_SHIRT_EDENIM_FRONT.webp,1637wl-product-1637wl-westgarth-gingham-long-sleeve-slim-fit-shirt-edenim-front,https://notanother-nz.github.io/total-image-product-assets/assets/1637WL_WESTGARTH_GINGHAM_LONG_SLEEVE_SLIM_FIT_SHIRT/webp/product/1637WL_WESTGARTH_GINGHAM_LONG_SLEEVE_SLIM_FIT_SHIRT_EDENIM_FRONT.webp,westgarth-gingham-long-sleeve-slim-fit-shirt-1637wl,,7
Westgarth Gingham Long Sleeve Slim Fit Shirt — 1637WL_WESTGARTH_GINGHAM_LONG_SLEEVE_SLIM_FIT_SHIRT_EMERALD_FRONT.webp,1637wl-product-1637wl-westgarth-gingham-long-sleeve-slim-fit-shirt-emerald-front,https://notanother-nz.github.io/total-image-product-assets/assets/1637WL_WESTGARTH_GINGHAM_LONG_SLEEVE_SLIM_FIT_SHIRT/webp/product/1637WL_WESTGARTH_GINGHAM_LONG_SLEEVE_SLIM_FIT_SHIRT_EMERALD_FRONT.webp,westgarth-gingham-long-sleeve-slim-fit-shirt-1637wl,emerald,8
Westgarth Gingham Long Sleeve Slim Fit Shirt — 1637WL_WESTGARTH_GINGHAM_LONG_SLEEVE_SLIM_FIT_SHIRT_GREY_FRONT.webp,1637wl-product-1637wl-westgarth-gingham-long-sleeve-slim-fit-shirt-grey-front,https://notanother-nz.github.io/total-image-product-assets/assets/1637WL_WESTGARTH_GINGHAM_LONG_SLEEVE_SLIM_FIT_SHIRT/webp/product/1637WL_WESTGARTH_GINGHAM_LONG_SLEEVE_SLIM_FIT_SHIRT_GREY_FRONT.webp,westgarth-gingham-long-sleeve-slim-fit-shirt-1637wl,grey,9
Westgarth Gingham Long Sleeve Slim Fit Shirt — 1637WL_WESTGARTH_GINGHAM_LONG_SLEEVE_SLIM_FIT_SHIRT_LILAC_FRONT.webp,1637wl-product-1637wl-westgarth-gingham-long-sleeve-slim-fit-shirt-lilac-front,https://notanother-nz.github.io/total-image-product-assets/assets/1637WL_WESTGARTH_GINGHAM_LONG_SLEEVE_SLIM_FIT_SHIRT/webp/product/1637WL_WESTGARTH_GINGHAM_LONG_SLEEVE_SLIM_FIT_SHIRT_LILAC_FRONT.webp,westgarth-gingham-long-sleeve-slim-fit-shirt-1637wl,lilac,10
Westgarth Gingham Long Sleeve Slim Fit Shirt — 1637WL_WESTGARTH_GINGHAM_LONG_SLEEVE_SLIM_FIT_SHIRT_NAVY_FRONT.webp,1637wl-product-1637wl-westgarth-gingham-long-sleeve-slim-fit-shirt-navy-front,https://notanother-nz.github.io/total-image-product-assets/assets/1637WL_WESTGARTH_GINGHAM_LONG_SLEEVE_SLIM_FIT_SHIRT/webp/product/1637WL_WESTGARTH_GINGHAM_LONG_SLEEVE_SLIM_FIT_SHIRT_NAVY_FRONT.webp,westgarth-gingham-long-sleeve-slim-fit-shirt-1637wl,navy,11
Westgarth Gingham Long Sleeve Slim Fit Shirt — 1637WL_WESTGARTH_GINGHAM_LONG_SLEEVE_SLIM_FIT_SHIRT_PINK_FRONT.webp,1637wl-product-1637wl-westgarth-gingham-long-sleeve-slim-fit-shirt-pink-front,https://notanother-nz.github.io/total-image-product-assets/assets/1637WL_WESTGARTH_GINGHAM_LONG_SLEEVE_SLIM_FIT_SHIRT/webp/product/1637WL_WESTGARTH_GINGHAM_LONG_SLEEVE_SLIM_FIT_SHIRT_PINK_FRONT.webp,westgarth-gingham-long-sleeve-slim-fit-shirt-1637wl,pink,12
Westgarth Gingham Long Sleeve Slim Fit Shirt — 1637WL_WESTGARTH_GINGHAM_LONG_SLEEVE_SLIM_FIT_SHIRT_SKY_FRONT.webp,1637wl-product-1637wl-westgarth-gingham-long-sleeve-slim-fit-shirt-sky-front,https://notanother-nz.github.io/total-image-product-assets/assets/1637WL_WESTGARTH_GINGHAM_LONG_SLEEVE_SLIM_FIT_SHIRT/webp/product/1637WL_WESTGARTH_GINGHAM_LONG_SLEEVE_SLIM_FIT_SHIRT_SKY_FRONT.webp,westgarth-gingham-long-sleeve-slim-fit-shirt-1637wl,sky,13
Westgarth Gingham Long Sleeve Slim Fit Shirt — 1637WL_WESTGARTH_GINGHAM_LONG_SLEEVE_SLIM_FIT_SHIRT_TEAL_FRONT.webp,1637wl-product-1637wl-westgarth-gingham-long-sleeve-slim-fit-shirt-teal-front,https://notanother-nz.github.io/total-image-product-assets/assets/1637WL_WESTGARTH_GINGHAM_LONG_SLEEVE_SLIM_FIT_SHIRT/webp/product/1637WL_WESTGARTH_GINGHAM_LONG_SLEEVE_SLIM_FIT_SHIRT_TEAL_FRONT.webp,westgarth-gingham-long-sleeve-slim-fit-shirt-1637wl,teal,14
Women's Westgarth Gingham Short Sleeve Shirt — 1637WS_WESTGARTH_GINGHAM_SHORT_SLEEVE_SHIRT_HERO_FRONT.webp,1637ws-model-1637ws-westgarth-gingham-short-sleeve-shirt-hero-front,https://notanother-nz.github.io/total-image-product-assets/assets/1637WS_WESTGARTH_GINGHAM_SHORT_SLEEVE_SHIRT/webp/model/1637WS_WESTGARTH_GINGHAM_SHORT_SLEEVE_SHIRT_HERO_FRONT.webp,womens-westgarth-gingham-short-sleeve-shirt-1637ws,,1
Women's Westgarth Gingham Short Sleeve Shirt — 1637WS_WESTGARTH_GINGHAM_SHORT_SLEEVE_SHIRT_HERO_BACK_VIEW.webp,1637ws-model-1637ws-westgarth-gingham-short-sleeve-shirt-hero-back-view,https://notanother-nz.github.io/total-image-product-assets/assets/1637WS_WESTGARTH_GINGHAM_SHORT_SLEEVE_SHIRT/webp/model/1637WS_WESTGARTH_GINGHAM_SHORT_SLEEVE_SHIRT_HERO_BACK_VIEW.webp,womens-westgarth-gingham-short-sleeve-shirt-1637ws,,2
Women's Westgarth Gingham Short Sleeve Shirt — 1637WS_WESTGARTH_GINGHAM_SHORT_SLEEVE_SHIRT_HERO_CLOSEUP.webp,1637ws-model-1637ws-westgarth-gingham-short-sleeve-shirt-hero-closeup,https://notanother-nz.github.io/total-image-product-assets/assets/1637WS_WESTGARTH_GINGHAM_SHORT_SLEEVE_SHIRT/webp/model/1637WS_WESTGARTH_GINGHAM_SHORT_SLEEVE_SHIRT_HERO_CLOSEUP.webp,womens-westgarth-gingham-short-sleeve-shirt-1637ws,,3
Women's Westgarth Gingham Short Sleeve Shirt — 1637WS_WESTGARTH_GINGHAM_SHORT_SLEEVE_SHIRT_HERO_SIDE.webp,1637ws-model-1637ws-westgarth-gingham-short-sleeve-shirt-hero-side,https://notanother-nz.github.io/total-image-product-assets/assets/1637WS_WESTGARTH_GINGHAM_SHORT_SLEEVE_SHIRT/webp/model/1637WS_WESTGARTH_GINGHAM_SHORT_SLEEVE_SHIRT_HERO_SIDE.webp,womens-westgarth-gingham-short-sleeve-shirt-1637ws,,4
Women's Westgarth Gingham Short Sleeve Shirt — 1637WS_WESTGARTH_GINGHAM_SHORT_SLEEVE_SHIRT_BLACK_VIEW.webp,1637ws-product-1637ws-westgarth-gingham-short-sleeve-shirt-black-view,https://notanother-nz.github.io/total-image-product-assets/assets/1637WS_WESTGARTH_GINGHAM_SHORT_SLEEVE_SHIRT/webp/product/1637WS_WESTGARTH_GINGHAM_SHORT_SLEEVE_SHIRT_BLACK_VIEW.webp,womens-westgarth-gingham-short-sleeve-shirt-1637ws,black,5
Women's Westgarth Gingham Short Sleeve Shirt — 1637WS_WESTGARTH_GINGHAM_SHORT_SLEEVE_SHIRT_CRIMSON_VIEW.webp,1637ws-product-1637ws-westgarth-gingham-short-sleeve-shirt-crimson-view,https://notanother-nz.github.io/total-image-product-assets/assets/1637WS_WESTGARTH_GINGHAM_SHORT_SLEEVE_SHIRT/webp/product/1637WS_WESTGARTH_GINGHAM_SHORT_SLEEVE_SHIRT_CRIMSON_VIEW.webp,womens-westgarth-gingham-short-sleeve-shirt-1637ws,crimson,6
Women's Westgarth Gingham Short Sleeve Shirt — 1637WS_WESTGARTH_GINGHAM_SHORT_SLEEVE_SHIRT_GREY_VIEW.webp,1637ws-product-1637ws-westgarth-gingham-short-sleeve-shirt-grey-view,https://notanother-nz.github.io/total-image-product-assets/assets/1637WS_WESTGARTH_GINGHAM_SHORT_SLEEVE_SHIRT/webp/product/1637WS_WESTGARTH_GINGHAM_SHORT_SLEEVE_SHIRT_GREY_VIEW.webp,womens-westgarth-gingham-short-sleeve-shirt-1637ws,grey,7
Women's Westgarth Gingham Short Sleeve Shirt — 1637WS_WESTGARTH_GINGHAM_SHORT_SLEEVE_SHIRT_LILAC_VIEW.webp,1637ws-product-1637ws-westgarth-gingham-short-sleeve-shirt-lilac-view,https://notanother-nz.github.io/total-image-product-assets/assets/1637WS_WESTGARTH_GINGHAM_SHORT_SLEEVE_SHIRT/webp/product/1637WS_WESTGARTH_GINGHAM_SHORT_SLEEVE_SHIRT_LILAC_VIEW.webp,womens-westgarth-gingham-short-sleeve-shirt-1637ws,lilac,8
Women's Westgarth Gingham Short Sleeve Shirt — 1637WS_WESTGARTH_GINGHAM_SHORT_SLEEVE_SHIRT_NAVY_VIEW.webp,1637ws-product-1637ws-westgarth-gingham-short-sleeve-shirt-navy-view,https://notanother-nz.github.io/total-image-product-assets/assets/1637WS_WESTGARTH_GINGHAM_SHORT_SLEEVE_SHIRT/webp/product/1637WS_WESTGARTH_GINGHAM_SHORT_SLEEVE_SHIRT_NAVY_VIEW.webp,womens-westgarth-gingham-short-sleeve-shirt-1637ws,navy,9
Women's Westgarth Gingham Short Sleeve Shirt — 1637WS_WESTGARTH_GINGHAM_SHORT_SLEEVE_SHIRT_PINK_VIEW.webp,1637ws-product-1637ws-westgarth-gingham-short-sleeve-shirt-pink-view,https://notanother-nz.github.io/total-image-product-assets/assets/1637WS_WESTGARTH_GINGHAM_SHORT_SLEEVE_SHIRT/webp/product/1637WS_WESTGARTH_GINGHAM_SHORT_SLEEVE_SHIRT_PINK_VIEW.webp,womens-westgarth-gingham-short-sleeve-shirt-1637ws,pink,10
Women's Westgarth Gingham Short Sleeve Shirt — 1637WS_WESTGARTH_GINGHAM_SHORT_SLEEVE_SHIRT_SKY_VIEW.webp,1637ws-product-1637ws-westgarth-gingham-short-sleeve-shirt-sky-view,https://notanother-nz.github.io/total-image-product-assets/assets/1637WS_WESTGARTH_GINGHAM_SHORT_SLEEVE_SHIRT/webp/product/1637WS_WESTGARTH_GINGHAM_SHORT_SLEEVE_SHIRT_SKY_VIEW.webp,womens-westgarth-gingham-short-sleeve-shirt-1637ws,sky,11
Women's Westgarth Gingham Short Sleeve Shirt — 1637WS_WESTGARTH_GINGHAM_SHORT_SLEEVE_SHIRT_TEAL_VIEW.webp,1637ws-product-1637ws-westgarth-gingham-short-sleeve-shirt-teal-view,https://notanother-nz.github.io/total-image-product-assets/assets/1637WS_WESTGARTH_GINGHAM_SHORT_SLEEVE_SHIRT/webp/product/1637WS_WESTGARTH_GINGHAM_SHORT_SLEEVE_SHIRT_TEAL_VIEW.webp,womens-westgarth-gingham-short-sleeve-shirt-1637ws,teal,12
Westgarth Gingham 3/4 Sleeve Shirt — 1637WZ_WESTGARTH_GINGHAM_3_4_SLEEVE_SHIRT_HERO_FRONT.webp,1637wz-model-1637wz-westgarth-gingham-3-4-sleeve-shirt-hero-front,https://notanother-nz.github.io/total-image-product-assets/assets/1637WZ_WESTGARTH_GINGHAM_3_4_SLEEVE_SHIRT/webp/model/1637WZ_WESTGARTH_GINGHAM_3_4_SLEEVE_SHIRT_HERO_FRONT.webp,westgarth-gingham-3-4-sleeve-shirt-1637wz,,1
Westgarth Gingham 3/4 Sleeve Shirt — 1637WZ_WESTGARTH_GINGHAM_3_4_SLEEVE_SHIRT_HERO_BACK.webp,1637wz-model-1637wz-westgarth-gingham-3-4-sleeve-shirt-hero-back,https://notanother-nz.github.io/total-image-product-assets/assets/1637WZ_WESTGARTH_GINGHAM_3_4_SLEEVE_SHIRT/webp/model/1637WZ_WESTGARTH_GINGHAM_3_4_SLEEVE_SHIRT_HERO_BACK.webp,westgarth-gingham-3-4-sleeve-shirt-1637wz,,2
Westgarth Gingham 3/4 Sleeve Shirt — 1637WZ_WESTGARTH_GINGHAM_3_4_SLEEVE_SHIRT_HERO_CLOSEUP.webp,1637wz-model-1637wz-westgarth-gingham-3-4-sleeve-shirt-hero-closeup,https://notanother-nz.github.io/total-image-product-assets/assets/1637WZ_WESTGARTH_GINGHAM_3_4_SLEEVE_SHIRT/webp/model/1637WZ_WESTGARTH_GINGHAM_3_4_SLEEVE_SHIRT_HERO_CLOSEUP.webp,westgarth-gingham-3-4-sleeve-shirt-1637wz,,3
Westgarth Gingham 3/4 Sleeve Shirt — 1637WZ_WESTGARTH_GINGHAM_3_4_SLEEVE_SHIRT_HERO_SIDE.webp,1637wz-model-1637wz-westgarth-gingham-3-4-sleeve-shirt-hero-side,https://notanother-nz.github.io/total-image-product-assets/assets/1637WZ_WESTGARTH_GINGHAM_3_4_SLEEVE_SHIRT/webp/model/1637WZ_WESTGARTH_GINGHAM_3_4_SLEEVE_SHIRT_HERO_SIDE.webp,westgarth-gingham-3-4-sleeve-shirt-1637wz,,4
Westgarth Gingham 3/4 Sleeve Shirt — 1637WZ_WESTGARTH_GINGHAM_3_4_SLEEVE_SHIRT_BLACK_VIEW.webp,1637wz-product-1637wz-westgarth-gingham-3-4-sleeve-shirt-black-view,https://notanother-nz.github.io/total-image-product-assets/assets/1637WZ_WESTGARTH_GINGHAM_3_4_SLEEVE_SHIRT/webp/product/1637WZ_WESTGARTH_GINGHAM_3_4_SLEEVE_SHIRT_BLACK_VIEW.webp,westgarth-gingham-3-4-sleeve-shirt-1637wz,black,5
Westgarth Gingham 3/4 Sleeve Shirt — 1637WZ_WESTGARTH_GINGHAM_3_4_SLEEVE_SHIRT_GREY_VIEW.webp,1637wz-product-1637wz-westgarth-gingham-3-4-sleeve-shirt-grey-view,https://notanother-nz.github.io/total-image-product-assets/assets/1637WZ_WESTGARTH_GINGHAM_3_4_SLEEVE_SHIRT/webp/product/1637WZ_WESTGARTH_GINGHAM_3_4_SLEEVE_SHIRT_GREY_VIEW.webp,westgarth-gingham-3-4-sleeve-shirt-1637wz,grey,6
Westgarth Gingham 3/4 Sleeve Shirt — 1637WZ_WESTGARTH_GINGHAM_3_4_SLEEVE_SHIRT_LILAC_VIEW.webp,1637wz-product-1637wz-westgarth-gingham-3-4-sleeve-shirt-lilac-view,https://notanother-nz.github.io/total-image-product-assets/assets/1637WZ_WESTGARTH_GINGHAM_3_4_SLEEVE_SHIRT/webp/product/1637WZ_WESTGARTH_GINGHAM_3_4_SLEEVE_SHIRT_LILAC_VIEW.webp,westgarth-gingham-3-4-sleeve-shirt-1637wz,lilac,7
Westgarth Gingham 3/4 Sleeve Shirt — 1637WZ_WESTGARTH_GINGHAM_3_4_SLEEVE_SHIRT_NAVY_VIEW.webp,1637wz-product-1637wz-westgarth-gingham-3-4-sleeve-shirt-navy-view,https://notanother-nz.github.io/total-image-product-assets/assets/1637WZ_WESTGARTH_GINGHAM_3_4_SLEEVE_SHIRT/webp/product/1637WZ_WESTGARTH_GINGHAM_3_4_SLEEVE_SHIRT_NAVY_VIEW.webp,westgarth-gingham-3-4-sleeve-shirt-1637wz,navy,8
Westgarth Gingham 3/4 Sleeve Shirt — 1637WZ_WESTGARTH_GINGHAM_3_4_SLEEVE_SHIRT_SKY_VIEW.webp,1637wz-product-1637wz-westgarth-gingham-3-4-sleeve-shirt-sky-view,https://notanother-nz.github.io/total-image-product-assets/assets/1637WZ_WESTGARTH_GINGHAM_3_4_SLEEVE_SHIRT/webp/product/1637WZ_WESTGARTH_GINGHAM_3_4_SLEEVE_SHIRT_SKY_VIEW.webp,westgarth-gingham-3-4-sleeve-shirt-1637wz,sky,9
Westgarth Gingham 3/4 Sleeve Shirt — 1637WZ_WESTGARTH_GINGHAM_3_4_SLEEVE_SHIRT_TEAL_VIEW.webp,1637wz-product-1637wz-westgarth-gingham-3-4-sleeve-shirt-teal-view,https://notanother-nz.github.io/total-image-product-assets/assets/1637WZ_WESTGARTH_GINGHAM_3_4_SLEEVE_SHIRT/webp/product/1637WZ_WESTGARTH_GINGHAM_3_4_SLEEVE_SHIRT_TEAL_VIEW.webp,westgarth-gingham-3-4-sleeve-shirt-1637wz,teal,10
Balmoral Royal Oxford Shirt — 1701WL_BALMORAL_ROYAL_OXFOR_SHIRT_HERO_FRONT.webp,1701wl-model-1701wl-balmoral-royal-oxfor-shirt-hero-front,https://notanother-nz.github.io/total-image-product-assets/assets/1701WL_BALMORAL_ROYAL_OXFOR_SHIRT/webp/model/1701WL_BALMORAL_ROYAL_OXFOR_SHIRT_HERO_FRONT.webp,balmoral-royal-oxford-shirt-1701wl,,1
Balmoral Royal Oxford Shirt — 1701WL_BALMORAL_ROYAL_OXFOR_SHIRT_HERO_BACK.webp,1701wl-model-1701wl-balmoral-royal-oxfor-shirt-hero-back,https://notanother-nz.github.io/total-image-product-assets/assets/1701WL_BALMORAL_ROYAL_OXFOR_SHIRT/webp/model/1701WL_BALMORAL_ROYAL_OXFOR_SHIRT_HERO_BACK.webp,balmoral-royal-oxford-shirt-1701wl,,2
Balmoral Royal Oxford Shirt — 1701WL_BALMORAL_ROYAL_OXFOR_SHIRT_HERO_CLOSEUP.webp,1701wl-model-1701wl-balmoral-royal-oxfor-shirt-hero-closeup,https://notanother-nz.github.io/total-image-product-assets/assets/1701WL_BALMORAL_ROYAL_OXFOR_SHIRT/webp/model/1701WL_BALMORAL_ROYAL_OXFOR_SHIRT_HERO_CLOSEUP.webp,balmoral-royal-oxford-shirt-1701wl,,3
Balmoral Royal Oxford Shirt — 1701WL_BALMORAL_ROYAL_OXFOR_SHIRT_HERO_SIDE.webp,1701wl-model-1701wl-balmoral-royal-oxfor-shirt-hero-side,https://notanother-nz.github.io/total-image-product-assets/assets/1701WL_BALMORAL_ROYAL_OXFOR_SHIRT/webp/model/1701WL_BALMORAL_ROYAL_OXFOR_SHIRT_HERO_SIDE.webp,balmoral-royal-oxford-shirt-1701wl,,4
Balmoral Royal Oxford Shirt — 1701WL_BALMORAL_ROYAL_OXFORD_SHIRT_BLUE_VIEW.webp,1701wl-product-1701wl-balmoral-royal-oxford-shirt-blue-view,https://notanother-nz.github.io/total-image-product-assets/assets/1701WL_BALMORAL_ROYAL_OXFOR_SHIRT/webp/product/1701WL_BALMORAL_ROYAL_OXFORD_SHIRT_BLUE_VIEW.webp,balmoral-royal-oxford-shirt-1701wl,blue,5
Balmoral Royal Oxford Shirt — 1701WL_BALMORAL_ROYAL_OXFORD_SHIRT_CHARCOAL_VIEW.webp,1701wl-product-1701wl-balmoral-royal-oxford-shirt-charcoal-view,https://notanother-nz.github.io/total-image-product-assets/assets/1701WL_BALMORAL_ROYAL_OXFOR_SHIRT/webp/product/1701WL_BALMORAL_ROYAL_OXFORD_SHIRT_CHARCOAL_VIEW.webp,balmoral-royal-oxford-shirt-1701wl,charcoal,6
Balmoral Royal Oxford Shirt — 1701WL_BALMORAL_ROYAL_OXFORD_SHIRT_GREY_VIEW.webp,1701wl-product-1701wl-balmoral-royal-oxford-shirt-grey-view,https://notanother-nz.github.io/total-image-product-assets/assets/1701WL_BALMORAL_ROYAL_OXFOR_SHIRT/webp/product/1701WL_BALMORAL_ROYAL_OXFORD_SHIRT_GREY_VIEW.webp,balmoral-royal-oxford-shirt-1701wl,grey,7
Balmoral Royal Oxford Shirt — 1701WL_BALMORAL_ROYAL_OXFORD_SHIRT_INK_VIEW.webp,1701wl-product-1701wl-balmoral-royal-oxford-shirt-ink-view,https://notanother-nz.github.io/total-image-product-assets/assets/1701WL_BALMORAL_ROYAL_OXFOR_SHIRT/webp/product/1701WL_BALMORAL_ROYAL_OXFORD_SHIRT_INK_VIEW.webp,balmoral-royal-oxford-shirt-1701wl,ink,8
Balmoral Royal Oxford Shirt — 1701WL_BALMORAL_ROYAL_OXFORD_SHIRT_NAVY_VIEW.webp,1701wl-product-1701wl-balmoral-royal-oxford-shirt-navy-view,https://notanother-nz.github.io/total-image-product-assets/assets/1701WL_BALMORAL_ROYAL_OXFOR_SHIRT/webp/product/1701WL_BALMORAL_ROYAL_OXFORD_SHIRT_NAVY_VIEW.webp,balmoral-royal-oxford-shirt-1701wl,navy,9
Balmoral Royal Oxford Shirt — 1701WL_BALMORAL_ROYAL_OXFORD_SHIRT_WHITE_VIEW.webp,1701wl-product-1701wl-balmoral-royal-oxford-shirt-white-view,https://notanother-nz.github.io/total-image-product-assets/assets/1701WL_BALMORAL_ROYAL_OXFOR_SHIRT/webp/product/1701WL_BALMORAL_ROYAL_OXFORD_SHIRT_WHITE_VIEW.webp,balmoral-royal-oxford-shirt-1701wl,white,10
Royal Oxford 3/4 Sleeve Shirt — 1710WL_DEGRAVES_ROYAL_OXFORD_3-4_SLEEVE_SHIRT_HERO_FRONT.webp,1710wl-model-1710wl-degraves-royal-oxford-3-4-sleeve-shirt-hero-front,https://notanother-nz.github.io/total-image-product-assets/assets/1710WL_DEGRAVES_ROYAL_OXFORD_3-4_SLEEVE_SHIRT/webp/model/1710WL_DEGRAVES_ROYAL_OXFORD_3-4_SLEEVE_SHIRT_HERO_FRONT.webp,royal-oxford-3-4-sleeve-shirt-1710wl,,1
Royal Oxford 3/4 Sleeve Shirt — 1710WL_DEGRAVES_ROYAL_OXFORD_3-4_SLEEVE_SHIRT_HERO_CLOSEUP.webp,1710wl-model-1710wl-degraves-royal-oxford-3-4-sleeve-shirt-hero-closeup,https://notanother-nz.github.io/total-image-product-assets/assets/1710WL_DEGRAVES_ROYAL_OXFORD_3-4_SLEEVE_SHIRT/webp/model/1710WL_DEGRAVES_ROYAL_OXFORD_3-4_SLEEVE_SHIRT_HERO_CLOSEUP.webp,royal-oxford-3-4-sleeve-shirt-1710wl,,2
Royal Oxford 3/4 Sleeve Shirt — 1710WL_DEGRAVES_ROYAL_OXFORD_3-4_SLEEVE_SHIRT_HER0_BACK.webp,1710wl-model-1710wl-degraves-royal-oxford-3-4-sleeve-shirt-her0-back,https://notanother-nz.github.io/total-image-product-assets/assets/1710WL_DEGRAVES_ROYAL_OXFORD_3-4_SLEEVE_SHIRT/webp/model/1710WL_DEGRAVES_ROYAL_OXFORD_3-4_SLEEVE_SHIRT_HER0_BACK.webp,royal-oxford-3-4-sleeve-shirt-1710wl,,3
Royal Oxford 3/4 Sleeve Shirt — 1710WL_DEGRAVES_ROYAL_OXFORD_3-4_SLEEVE_SHIRT_SIDE.webp,1710wl-model-1710wl-degraves-royal-oxford-3-4-sleeve-shirt-side,https://notanother-nz.github.io/total-image-product-assets/assets/1710WL_DEGRAVES_ROYAL_OXFORD_3-4_SLEEVE_SHIRT/webp/model/1710WL_DEGRAVES_ROYAL_OXFORD_3-4_SLEEVE_SHIRT_SIDE.webp,royal-oxford-3-4-sleeve-shirt-1710wl,,4
Royal Oxford 3/4 Sleeve Shirt — 1710WL_DEGRAVES_ROYAL_OXFORD_3-4_SLEEVE_SHIRT_BLACK_VIEW.webp,1710wl-product-1710wl-degraves-royal-oxford-3-4-sleeve-shirt-black-view,https://notanother-nz.github.io/total-image-product-assets/assets/1710WL_DEGRAVES_ROYAL_OXFORD_3-4_SLEEVE_SHIRT/webp/product/1710WL_DEGRAVES_ROYAL_OXFORD_3-4_SLEEVE_SHIRT_BLACK_VIEW.webp,royal-oxford-3-4-sleeve-shirt-1710wl,black,5
Royal Oxford 3/4 Sleeve Shirt — 1710WL_DEGRAVES_ROYAL_OXFORD_3-4_SLEEVE_SHIRT_NAVY_VIEW.webp,1710wl-product-1710wl-degraves-royal-oxford-3-4-sleeve-shirt-navy-view,https://notanother-nz.github.io/total-image-product-assets/assets/1710WL_DEGRAVES_ROYAL_OXFORD_3-4_SLEEVE_SHIRT/webp/product/1710WL_DEGRAVES_ROYAL_OXFORD_3-4_SLEEVE_SHIRT_NAVY_VIEW.webp,royal-oxford-3-4-sleeve-shirt-1710wl,navy,6
Men's Washable Pant — 1722MT_MENS_WASHABLE_PANT_HERO_FRONT.webp,1722mt-model-1722mt-mens-washable-pant-hero-front,https://notanother-nz.github.io/total-image-product-assets/assets/1722MT_MENS_WASHABLE_PANT/webp/model/1722MT_MENS_WASHABLE_PANT_HERO_FRONT.webp,mens-washable-pant-1722mt,,1
Men's Washable Pant — 1722MT_MENS_WASHABLE_PANT_HERO_BACK.webp,1722mt-model-1722mt-mens-washable-pant-hero-back,https://notanother-nz.github.io/total-image-product-assets/assets/1722MT_MENS_WASHABLE_PANT/webp/model/1722MT_MENS_WASHABLE_PANT_HERO_BACK.webp,mens-washable-pant-1722mt,,2
Men's Washable Pant — 1722MT_MENS_WASHABLE_PANT_HERO_CLOSEUP.webp,1722mt-model-1722mt-mens-washable-pant-hero-closeup,https://notanother-nz.github.io/total-image-product-assets/assets/1722MT_MENS_WASHABLE_PANT/webp/model/1722MT_MENS_WASHABLE_PANT_HERO_CLOSEUP.webp,mens-washable-pant-1722mt,,3
Men's Washable Pant — 1722MT_MENS_WASHABLE_PANT_HERO_SIDE.webp,1722mt-model-1722mt-mens-washable-pant-hero-side,https://notanother-nz.github.io/total-image-product-assets/assets/1722MT_MENS_WASHABLE_PANT/webp/model/1722MT_MENS_WASHABLE_PANT_HERO_SIDE.webp,mens-washable-pant-1722mt,,4
Men's Washable Pant — 1722MT_MENS_WASHABLE_PANT_BLACK_VIEW.webp,1722mt-product-1722mt-mens-washable-pant-black-view,https://notanother-nz.github.io/total-image-product-assets/assets/1722MT_MENS_WASHABLE_PANT/webp/product/1722MT_MENS_WASHABLE_PANT_BLACK_VIEW.webp,mens-washable-pant-1722mt,black,5
Men's Washable Pant — 1722MT_MENS_WASHABLE_PANT_CHARCOAL_VIEW.webp,1722mt-product-1722mt-mens-washable-pant-charcoal-view,https://notanother-nz.github.io/total-image-product-assets/assets/1722MT_MENS_WASHABLE_PANT/webp/product/1722MT_MENS_WASHABLE_PANT_CHARCOAL_VIEW.webp,mens-washable-pant-1722mt,charcoal,6
Men's Washable Pant — 1722MT_MENS_WASHABLE_PANT_NAVY_VIEW.webp,1722mt-product-1722mt-mens-washable-pant-navy-view,https://notanother-nz.github.io/total-image-product-assets/assets/1722MT_MENS_WASHABLE_PANT/webp/product/1722MT_MENS_WASHABLE_PANT_NAVY_VIEW.webp,mens-washable-pant-1722mt,navy,7
Women's Washable Pencil Skirt — 1724WSK_WOMEN'S_WASHABLE_PENCIL_SKIRT_NAVY_HERO_FRONT.webp,1724wsk-model-1724wsk-womens-washable-pencil-skirt-navy-hero-front,https://notanother-nz.github.io/total-image-product-assets/assets/1724WSK_WOMEN'S_WASHABLE_PENCIL_SKIRT/webp/model/1724WSK_WOMEN'S_WASHABLE_PENCIL_SKIRT_NAVY_HERO_FRONT.webp,womens-washable-pencil-skirt-1724wsk,navy,1
Women's Washable Pencil Skirt — 1724WSK_WOMENS_WASHABLE_PENCIL_SKIRT_HERO_FRONT.webp,1724wsk-model-1724wsk-womens-washable-pencil-skirt-hero-front,https://notanother-nz.github.io/total-image-product-assets/assets/1724WSK_WOMEN'S_WASHABLE_PENCIL_SKIRT/webp/model/1724WSK_WOMENS_WASHABLE_PENCIL_SKIRT_HERO_FRONT.webp,womens-washable-pencil-skirt-1724wsk,,2
Women's Washable Pencil Skirt — 1724WSK_WOMEN'S_WASHABLE_PENCIL_SKIRT_NAVY_HERO_BACK.webp,1724wsk-model-1724wsk-womens-washable-pencil-skirt-navy-hero-back,https://notanother-nz.github.io/total-image-product-assets/assets/1724WSK_WOMEN'S_WASHABLE_PENCIL_SKIRT/webp/model/1724WSK_WOMEN'S_WASHABLE_PENCIL_SKIRT_NAVY_HERO_BACK.webp,womens-washable-pencil-skirt-1724wsk,navy,3
Women's Washable Pencil Skirt — 1724WSK_WOMENS_WASHABLE_PENCIL_SKIRT_HERO_BACK.webp,1724wsk-model-1724wsk-womens-washable-pencil-skirt-hero-back,https://notanother-nz.github.io/total-image-product-assets/assets/1724WSK_WOMEN'S_WASHABLE_PENCIL_SKIRT/webp/model/1724WSK_WOMENS_WASHABLE_PENCIL_SKIRT_HERO_BACK.webp,womens-washable-pencil-skirt-1724wsk,,4
Women's Washable Pencil Skirt — 1724WSK_WOMEN'S_WASHABLE_PENCIL_SKIRT_NAVY_HERO_CLOSEUP.webp,1724wsk-model-1724wsk-womens-washable-pencil-skirt-navy-hero-closeup,https://notanother-nz.github.io/total-image-product-assets/assets/1724WSK_WOMEN'S_WASHABLE_PENCIL_SKIRT/webp/model/1724WSK_WOMEN'S_WASHABLE_PENCIL_SKIRT_NAVY_HERO_CLOSEUP.webp,womens-washable-pencil-skirt-1724wsk,navy,5
Women's Washable Pencil Skirt — 1724WSK_WOMENS_WASHABLE_PENCIL_SKIRT_HERO_CLOSEUP.webp,1724wsk-model-1724wsk-womens-washable-pencil-skirt-hero-closeup,https://notanother-nz.github.io/total-image-product-assets/assets/1724WSK_WOMEN'S_WASHABLE_PENCIL_SKIRT/webp/model/1724WSK_WOMENS_WASHABLE_PENCIL_SKIRT_HERO_CLOSEUP.webp,womens-washable-pencil-skirt-1724wsk,,6
Women's Washable Pencil Skirt — 1724WSK_WOMEN'S_WASHABLE_PENCIL_SKIRT_NAVY_HERO_SIDE.webp,1724wsk-model-1724wsk-womens-washable-pencil-skirt-navy-hero-side,https://notanother-nz.github.io/total-image-product-assets/assets/1724WSK_WOMEN'S_WASHABLE_PENCIL_SKIRT/webp/model/1724WSK_WOMEN'S_WASHABLE_PENCIL_SKIRT_NAVY_HERO_SIDE.webp,womens-washable-pencil-skirt-1724wsk,navy,7
Women's Washable Pencil Skirt — 1724WSK_WOMENS_WASHABLE_PENCIL_SKIRT_HERO_SIDE.webp,1724wsk-model-1724wsk-womens-washable-pencil-skirt-hero-side,https://notanother-nz.github.io/total-image-product-assets/assets/1724WSK_WOMEN'S_WASHABLE_PENCIL_SKIRT/webp/model/1724WSK_WOMENS_WASHABLE_PENCIL_SKIRT_HERO_SIDE.webp,womens-washable-pencil-skirt-1724wsk,,8
Women's Washable Pencil Skirt — 1724WSK_WOMEN'S_WASHABLE_PENCIL_SKIRT_BLACK_FRONT.webp,1724wsk-product-1724wsk-womens-washable-pencil-skirt-black-front,https://notanother-nz.github.io/total-image-product-assets/assets/1724WSK_WOMEN'S_WASHABLE_PENCIL_SKIRT/webp/product/1724WSK_WOMEN'S_WASHABLE_PENCIL_SKIRT_BLACK_FRONT.webp,womens-washable-pencil-skirt-1724wsk,black,9
Women's Washable Pencil Skirt — 1724WSK_WOMEN'S_WASHABLE_PENCIL_SKIRT_CHARCOAL_FRONT.webp,1724wsk-product-1724wsk-womens-washable-pencil-skirt-charcoal-front,https://notanother-nz.github.io/total-image-product-assets/assets/1724WSK_WOMEN'S_WASHABLE_PENCIL_SKIRT/webp/product/1724WSK_WOMEN'S_WASHABLE_PENCIL_SKIRT_CHARCOAL_FRONT.webp,womens-washable-pencil-skirt-1724wsk,charcoal,10
Women's Washable Pencil Skirt — 1724WSK_WOMEN'S_WASHABLE_PENCIL_SKIRT_NAVY_FRONT.webp,1724wsk-product-1724wsk-womens-washable-pencil-skirt-navy-front,https://notanother-nz.github.io/total-image-product-assets/assets/1724WSK_WOMEN'S_WASHABLE_PENCIL_SKIRT/webp/product/1724WSK_WOMEN'S_WASHABLE_PENCIL_SKIRT_NAVY_FRONT.webp,womens-washable-pencil-skirt-1724wsk,navy,11
Women's Washable Pencil Skirt — 1724WSK_WOMENS_WASHABLE_PENCIL_SKIRT_BLACK_VIEW.webp,1724wsk-product-1724wsk-womens-washable-pencil-skirt-black-view,https://notanother-nz.github.io/total-image-product-assets/assets/1724WSK_WOMEN'S_WASHABLE_PENCIL_SKIRT/webp/product/1724WSK_WOMENS_WASHABLE_PENCIL_SKIRT_BLACK_VIEW.webp,womens-washable-pencil-skirt-1724wsk,black,12
Women's Washable Pencil Skirt — 1724WSK_WOMENS_WASHABLE_PENCIL_SKIRT_CHARCOAL_VIEW.webp,1724wsk-product-1724wsk-womens-washable-pencil-skirt-charcoal-view,https://notanother-nz.github.io/total-image-product-assets/assets/1724WSK_WOMEN'S_WASHABLE_PENCIL_SKIRT/webp/product/1724WSK_WOMENS_WASHABLE_PENCIL_SKIRT_CHARCOAL_VIEW.webp,womens-washable-pencil-skirt-1724wsk,charcoal,13
Women's Washable Pencil Skirt — 1724WSK_WOMENS_WASHABLE_PENCIL_SKIRT_NAVY_VIEW.webp,1724wsk-product-1724wsk-womens-washable-pencil-skirt-navy-view,https://notanother-nz.github.io/total-image-product-assets/assets/1724WSK_WOMEN'S_WASHABLE_PENCIL_SKIRT/webp/product/1724WSK_WOMENS_WASHABLE_PENCIL_SKIRT_NAVY_VIEW.webp,womens-washable-pencil-skirt-1724wsk,navy,14
Women's Washable 'A' Line Skirt — 1725WSK_WOMEN'S_WASHABLE_A_LINE_SKIRT_HERO_FRONT.webp,1725wsk-model-1725wsk-womens-washable-a-line-skirt-hero-front,https://notanother-nz.github.io/total-image-product-assets/assets/1725WSK_WOMEN'S_WASHABLE_A_LINE_SKIRT/webp/model/1725WSK_WOMEN'S_WASHABLE_A_LINE_SKIRT_HERO_FRONT.webp,womens-washable-a-line-skirt-1725wsk,charcoal,1
Women's Washable 'A' Line Skirt — 1725WSK_WOMEN'S_WASHABLE_A_LINE_SKIRT_HERO_BACK.webp,1725wsk-model-1725wsk-womens-washable-a-line-skirt-hero-back,https://notanother-nz.github.io/total-image-product-assets/assets/1725WSK_WOMEN'S_WASHABLE_A_LINE_SKIRT/webp/model/1725WSK_WOMEN'S_WASHABLE_A_LINE_SKIRT_HERO_BACK.webp,womens-washable-a-line-skirt-1725wsk,charcoal,2
Women's Washable 'A' Line Skirt — 1725WSK_WOMEN'S_WASHABLE_A_LINE_SKIRT_HERO_CLOSEUP.webp,1725wsk-model-1725wsk-womens-washable-a-line-skirt-hero-closeup,https://notanother-nz.github.io/total-image-product-assets/assets/1725WSK_WOMEN'S_WASHABLE_A_LINE_SKIRT/webp/model/1725WSK_WOMEN'S_WASHABLE_A_LINE_SKIRT_HERO_CLOSEUP.webp,womens-washable-a-line-skirt-1725wsk,charcoal,3
Women's Washable 'A' Line Skirt — 1725WSK_WOMEN'S_WASHABLE_A_LINE_SKIRT_HERO_SIDE.webp,1725wsk-model-1725wsk-womens-washable-a-line-skirt-hero-side,https://notanother-nz.github.io/total-image-product-assets/assets/1725WSK_WOMEN'S_WASHABLE_A_LINE_SKIRT/webp/model/1725WSK_WOMEN'S_WASHABLE_A_LINE_SKIRT_HERO_SIDE.webp,womens-washable-a-line-skirt-1725wsk,charcoal,4
Women's Washable 'A' Line Skirt — 1725WSK_CHARCOAL.webp,1725wsk-product-1725wsk-charcoal,https://notanother-nz.github.io/total-image-product-assets/assets/1725WSK_WOMEN'S_WASHABLE_A_LINE_SKIRT/webp/product/1725WSK_CHARCOAL.webp,womens-washable-a-line-skirt-1725wsk,charcoal,5
Men's Washable Jacket — 1728MJ_MENS_WASHABLE_JACKET_HERO_FRONT.webp,1728mj-model-1728mj-mens-washable-jacket-hero-front,https://notanother-nz.github.io/total-image-product-assets/assets/1728MJ_MENS_WASHABLE_JACKET/webp/model/1728MJ_MENS_WASHABLE_JACKET_HERO_FRONT.webp,mens-washable-jacket-1728mj,,1
Men's Washable Jacket — 1728MJ_MENS_WASHABLE_JACKET_HERO_BACK.webp,1728mj-model-1728mj-mens-washable-jacket-hero-back,https://notanother-nz.github.io/total-image-product-assets/assets/1728MJ_MENS_WASHABLE_JACKET/webp/model/1728MJ_MENS_WASHABLE_JACKET_HERO_BACK.webp,mens-washable-jacket-1728mj,,2
Men's Washable Jacket — 1728MJ_MENS_WASHABLE_JACKET_HERO_CLOSEUP.webp,1728mj-model-1728mj-mens-washable-jacket-hero-closeup,https://notanother-nz.github.io/total-image-product-assets/assets/1728MJ_MENS_WASHABLE_JACKET/webp/model/1728MJ_MENS_WASHABLE_JACKET_HERO_CLOSEUP.webp,mens-washable-jacket-1728mj,,3
Men's Washable Jacket — 1728MJ_MENS_WASHABLE_JACKET_HERO_SIDE.webp,1728mj-model-1728mj-mens-washable-jacket-hero-side,https://notanother-nz.github.io/total-image-product-assets/assets/1728MJ_MENS_WASHABLE_JACKET/webp/model/1728MJ_MENS_WASHABLE_JACKET_HERO_SIDE.webp,mens-washable-jacket-1728mj,,4
Men's Washable Jacket — 1728MJ_MENS_WASHABLE_JACKET_BLACK_VIEW.webp,1728mj-product-1728mj-mens-washable-jacket-black-view,https://notanother-nz.github.io/total-image-product-assets/assets/1728MJ_MENS_WASHABLE_JACKET/webp/product/1728MJ_MENS_WASHABLE_JACKET_BLACK_VIEW.webp,mens-washable-jacket-1728mj,black,5
Men's Washable Jacket — 1728MJ_MENS_WASHABLE_JACKET_CHARCOAL_VIEW.webp,1728mj-product-1728mj-mens-washable-jacket-charcoal-view,https://notanother-nz.github.io/total-image-product-assets/assets/1728MJ_MENS_WASHABLE_JACKET/webp/product/1728MJ_MENS_WASHABLE_JACKET_CHARCOAL_VIEW.webp,mens-washable-jacket-1728mj,charcoal,6
Men's Washable Jacket — 1728MJ_MENS_WASHABLE_JACKET_NAVY_VIEW.webp,1728mj-product-1728mj-mens-washable-jacket-navy-view,https://notanother-nz.github.io/total-image-product-assets/assets/1728MJ_MENS_WASHABLE_JACKET/webp/product/1728MJ_MENS_WASHABLE_JACKET_NAVY_VIEW.webp,mens-washable-jacket-1728mj,navy,7
Women's Washable Slim Leg Pant — 1762WT_WOMEN'S_WASHABLE_SLIM_LEG_PANT_NAVY_HERO_FRONT.webp,1762wt-model-1762wt-womens-washable-slim-leg-pant-navy-hero-front,https://notanother-nz.github.io/total-image-product-assets/assets/1762WT_WOMEN'S_WASHABLE_SLIM_LEG_PANT/webp/model/1762WT_WOMEN'S_WASHABLE_SLIM_LEG_PANT_NAVY_HERO_FRONT.webp,womens-washable-slim-leg-pant-1762wt,navy,1
Women's Washable Slim Leg Pant — 1762WT_WOMEN'S_WASHABLE_SLIM_LEG_PANT_NAVY_HERO_BACK.webp,1762wt-model-1762wt-womens-washable-slim-leg-pant-navy-hero-back,https://notanother-nz.github.io/total-image-product-assets/assets/1762WT_WOMEN'S_WASHABLE_SLIM_LEG_PANT/webp/model/1762WT_WOMEN'S_WASHABLE_SLIM_LEG_PANT_NAVY_HERO_BACK.webp,womens-washable-slim-leg-pant-1762wt,navy,2
Women's Washable Slim Leg Pant — 1762WT_WOMEN'S_WASHABLE_SLIM_LEG_PANT_NAVY_HERO_CLOSEUP.webp,1762wt-model-1762wt-womens-washable-slim-leg-pant-navy-hero-closeup,https://notanother-nz.github.io/total-image-product-assets/assets/1762WT_WOMEN'S_WASHABLE_SLIM_LEG_PANT/webp/model/1762WT_WOMEN'S_WASHABLE_SLIM_LEG_PANT_NAVY_HERO_CLOSEUP.webp,womens-washable-slim-leg-pant-1762wt,navy,3
Women's Washable Slim Leg Pant — 1762WT_WOMEN'S_WASHABLE_SLIM_LEG_PANT_NAVY_HERO_SIDE.webp,1762wt-model-1762wt-womens-washable-slim-leg-pant-navy-hero-side,https://notanother-nz.github.io/total-image-product-assets/assets/1762WT_WOMEN'S_WASHABLE_SLIM_LEG_PANT/webp/model/1762WT_WOMEN'S_WASHABLE_SLIM_LEG_PANT_NAVY_HERO_SIDE.webp,womens-washable-slim-leg-pant-1762wt,navy,4
Women's Washable Slim Leg Pant — 1762wt-black-1.webp,1762wt-model-1762wt-black-1,https://notanother-nz.github.io/total-image-product-assets/assets/1762WT_WOMEN'S_WASHABLE_SLIM_LEG_PANT/webp/model/1762wt-black-1.webp,womens-washable-slim-leg-pant-1762wt,black,5
Women's Washable Slim Leg Pant — 1762WT_WOMEN'S_WASHABLE_SLIM_LEG_PANT_BLACK_FRONT.webp,1762wt-product-1762wt-womens-washable-slim-leg-pant-black-front,https://notanother-nz.github.io/total-image-product-assets/assets/1762WT_WOMEN'S_WASHABLE_SLIM_LEG_PANT/webp/product/1762WT_WOMEN'S_WASHABLE_SLIM_LEG_PANT_BLACK_FRONT.webp,womens-washable-slim-leg-pant-1762wt,black,6
Women's Washable Slim Leg Pant — 1762WT_WOMEN'S_WASHABLE_SLIM_LEG_PANT_CHARCOAL_FRONT.webp,1762wt-product-1762wt-womens-washable-slim-leg-pant-charcoal-front,https://notanother-nz.github.io/total-image-product-assets/assets/1762WT_WOMEN'S_WASHABLE_SLIM_LEG_PANT/webp/product/1762WT_WOMEN'S_WASHABLE_SLIM_LEG_PANT_CHARCOAL_FRONT.webp,womens-washable-slim-leg-pant-1762wt,charcoal,7
Women's Washable Slim Leg Pant — 1762WT_WOMEN'S_WASHABLE_SLIM_LEG_PANT_NAVY_FRONT.webp,1762wt-product-1762wt-womens-washable-slim-leg-pant-navy-front,https://notanother-nz.github.io/total-image-product-assets/assets/1762WT_WOMEN'S_WASHABLE_SLIM_LEG_PANT/webp/product/1762WT_WOMEN'S_WASHABLE_SLIM_LEG_PANT_NAVY_FRONT.webp,womens-washable-slim-leg-pant-1762wt,navy,8
Women's Washable One Button Jacket — 1765WJ_WOMEN'S_WASHABLE_ONE_BUTTON_JACKET_HERO_FRONT.webp,1765wj-model-1765wj-womens-washable-one-button-jacket-hero-front,https://notanother-nz.github.io/total-image-product-assets/assets/1765WJ_WOMEN'S_WASHABLE_ONE_BUTTON_JACKET/webp/model/1765WJ_WOMEN'S_WASHABLE_ONE_BUTTON_JACKET_HERO_FRONT.webp,womens-washable-one-button-jacket-1765wj,,1
Women's Washable One Button Jacket — 1765WJ_WOMEN'S_WASHABLE_ONE_BUTTON_JACKET_NAVY_HERO_FRONT__jpg.webp,1765wj-model-1765wj-womens-washable-one-button-jacket-navy-hero-front-jpg,https://notanother-nz.github.io/total-image-product-assets/assets/1765WJ_WOMEN'S_WASHABLE_ONE_BUTTON_JACKET/webp/model/1765WJ_WOMEN'S_WASHABLE_ONE_BUTTON_JACKET_NAVY_HERO_FRONT__jpg.webp,womens-washable-one-button-jacket-1765wj,navy,2
Women's Washable One Button Jacket — 1765WJ_WOMEN'S_WASHABLE_ONE_BUTTON_JACKET_NAVY_HERO_FRONT__png.webp,1765wj-model-1765wj-womens-washable-one-button-jacket-navy-hero-front-png,https://notanother-nz.github.io/total-image-product-assets/assets/1765WJ_WOMEN'S_WASHABLE_ONE_BUTTON_JACKET/webp/model/1765WJ_WOMEN'S_WASHABLE_ONE_BUTTON_JACKET_NAVY_HERO_FRONT__png.webp,womens-washable-one-button-jacket-1765wj,navy,3
Women's Washable One Button Jacket — 1765WJ_WOMENS_WASHABLE_ONE_BUTTON_JACKET_HERO_FRONT.webp,1765wj-model-1765wj-womens-washable-one-button-jacket-hero-front-eaf404e2,https://notanother-nz.github.io/total-image-product-assets/assets/1765WJ_WOMEN'S_WASHABLE_ONE_BUTTON_JACKET/webp/model/1765WJ_WOMENS_WASHABLE_ONE_BUTTON_JACKET_HERO_FRONT.webp,womens-washable-one-button-jacket-1765wj,,4
Women's Washable One Button Jacket — 1765WJ_WOMENS_WASHABLE_ONE_BUTTON_JACKET_NAVY_HERO_FRONT.webp,1765wj-model-1765wj-womens-washable-one-button-jacket-navy-hero-front,https://notanother-nz.github.io/total-image-product-assets/assets/1765WJ_WOMEN'S_WASHABLE_ONE_BUTTON_JACKET/webp/model/1765WJ_WOMENS_WASHABLE_ONE_BUTTON_JACKET_NAVY_HERO_FRONT.webp,womens-washable-one-button-jacket-1765wj,navy,5
Women's Washable One Button Jacket — 1765WJ_WOMEN'S_WASHABLE_ONE_BUTTON_JACKET_HERO_BACK.webp,1765wj-model-1765wj-womens-washable-one-button-jacket-hero-back,https://notanother-nz.github.io/total-image-product-assets/assets/1765WJ_WOMEN'S_WASHABLE_ONE_BUTTON_JACKET/webp/model/1765WJ_WOMEN'S_WASHABLE_ONE_BUTTON_JACKET_HERO_BACK.webp,womens-washable-one-button-jacket-1765wj,,6
Women's Washable One Button Jacket — 1765WJ_WOMEN'S_WASHABLE_ONE_BUTTON_JACKET_NAVY_HERO_BACK__jpg.webp,1765wj-model-1765wj-womens-washable-one-button-jacket-navy-hero-back-jpg,https://notanother-nz.github.io/total-image-product-assets/assets/1765WJ_WOMEN'S_WASHABLE_ONE_BUTTON_JACKET/webp/model/1765WJ_WOMEN'S_WASHABLE_ONE_BUTTON_JACKET_NAVY_HERO_BACK__jpg.webp,womens-washable-one-button-jacket-1765wj,navy,7
Women's Washable One Button Jacket — 1765WJ_WOMEN'S_WASHABLE_ONE_BUTTON_JACKET_NAVY_HERO_BACK__png.webp,1765wj-model-1765wj-womens-washable-one-button-jacket-navy-hero-back-png,https://notanother-nz.github.io/total-image-product-assets/assets/1765WJ_WOMEN'S_WASHABLE_ONE_BUTTON_JACKET/webp/model/1765WJ_WOMEN'S_WASHABLE_ONE_BUTTON_JACKET_NAVY_HERO_BACK__png.webp,womens-washable-one-button-jacket-1765wj,navy,8
Women's Washable One Button Jacket — 1765WJ_WOMENS_WASHABLE_ONE_BUTTON_JACKET_HERO_BACK.webp,1765wj-model-1765wj-womens-washable-one-button-jacket-hero-back-d486d2da,https://notanother-nz.github.io/total-image-product-assets/assets/1765WJ_WOMEN'S_WASHABLE_ONE_BUTTON_JACKET/webp/model/1765WJ_WOMENS_WASHABLE_ONE_BUTTON_JACKET_HERO_BACK.webp,womens-washable-one-button-jacket-1765wj,,9
Women's Washable One Button Jacket — 1765WJ_WOMENS_WASHABLE_ONE_BUTTON_JACKET_NAVY_HERO_BACK.webp,1765wj-model-1765wj-womens-washable-one-button-jacket-navy-hero-back,https://notanother-nz.github.io/total-image-product-assets/assets/1765WJ_WOMEN'S_WASHABLE_ONE_BUTTON_JACKET/webp/model/1765WJ_WOMENS_WASHABLE_ONE_BUTTON_JACKET_NAVY_HERO_BACK.webp,womens-washable-one-button-jacket-1765wj,navy,10
Women's Washable One Button Jacket — 1765WJ_WOMEN'S_WASHABLE_ONE_BUTTON_JACKET_NAVY_HERO_CLOSEUP__jpg.webp,1765wj-model-1765wj-womens-washable-one-button-jacket-navy-hero-closeup-jpg,https://notanother-nz.github.io/total-image-product-assets/assets/1765WJ_WOMEN'S_WASHABLE_ONE_BUTTON_JACKET/webp/model/1765WJ_WOMEN'S_WASHABLE_ONE_BUTTON_JACKET_NAVY_HERO_CLOSEUP__jpg.webp,womens-washable-one-button-jacket-1765wj,navy,11
Women's Washable One Button Jacket — 1765WJ_WOMEN'S_WASHABLE_ONE_BUTTON_JACKET_NAVY_HERO_CLOSEUP__png.webp,1765wj-model-1765wj-womens-washable-one-button-jacket-navy-hero-closeup-png,https://notanother-nz.github.io/total-image-product-assets/assets/1765WJ_WOMEN'S_WASHABLE_ONE_BUTTON_JACKET/webp/model/1765WJ_WOMEN'S_WASHABLE_ONE_BUTTON_JACKET_NAVY_HERO_CLOSEUP__png.webp,womens-washable-one-button-jacket-1765wj,navy,12
Women's Washable One Button Jacket — 1765WJ_WOMENS_WASHABLE_ONE_BUTTON_JACKET_HERO_CLOSEUP.webp,1765wj-model-1765wj-womens-washable-one-button-jacket-hero-closeup,https://notanother-nz.github.io/total-image-product-assets/assets/1765WJ_WOMEN'S_WASHABLE_ONE_BUTTON_JACKET/webp/model/1765WJ_WOMENS_WASHABLE_ONE_BUTTON_JACKET_HERO_CLOSEUP.webp,womens-washable-one-button-jacket-1765wj,,13
Women's Washable One Button Jacket — 1765WJ_WOMENS_WASHABLE_ONE_BUTTON_JACKET_NAVY_HERO_CLOSEUP.webp,1765wj-model-1765wj-womens-washable-one-button-jacket-navy-hero-closeup,https://notanother-nz.github.io/total-image-product-assets/assets/1765WJ_WOMEN'S_WASHABLE_ONE_BUTTON_JACKET/webp/model/1765WJ_WOMENS_WASHABLE_ONE_BUTTON_JACKET_NAVY_HERO_CLOSEUP.webp,womens-washable-one-button-jacket-1765wj,navy,14
Women's Washable One Button Jacket — 1765WJ_WOMEN'S_WASHABLE_ONE_BUTTON_JACKET_HERO_SIDE.webp,1765wj-model-1765wj-womens-washable-one-button-jacket-hero-side,https://notanother-nz.github.io/total-image-product-assets/assets/1765WJ_WOMEN'S_WASHABLE_ONE_BUTTON_JACKET/webp/model/1765WJ_WOMEN'S_WASHABLE_ONE_BUTTON_JACKET_HERO_SIDE.webp,womens-washable-one-button-jacket-1765wj,,15
Women's Washable One Button Jacket — 1765WJ_WOMEN'S_WASHABLE_ONE_BUTTON_JACKET_NAVY_HERO_SIDE__jpg.webp,1765wj-model-1765wj-womens-washable-one-button-jacket-navy-hero-side-jpg,https://notanother-nz.github.io/total-image-product-assets/assets/1765WJ_WOMEN'S_WASHABLE_ONE_BUTTON_JACKET/webp/model/1765WJ_WOMEN'S_WASHABLE_ONE_BUTTON_JACKET_NAVY_HERO_SIDE__jpg.webp,womens-washable-one-button-jacket-1765wj,navy,16
Women's Washable One Button Jacket — 1765WJ_WOMEN'S_WASHABLE_ONE_BUTTON_JACKET_NAVY_HERO_SIDE__png.webp,1765wj-model-1765wj-womens-washable-one-button-jacket-navy-hero-side-png,https://notanother-nz.github.io/total-image-product-assets/assets/1765WJ_WOMEN'S_WASHABLE_ONE_BUTTON_JACKET/webp/model/1765WJ_WOMEN'S_WASHABLE_ONE_BUTTON_JACKET_NAVY_HERO_SIDE__png.webp,womens-washable-one-button-jacket-1765wj,navy,17
Women's Washable One Button Jacket — 1765WJ_WOMENS_WASHABLE_ONE_BUTTON_JACKET_HERO_SIDE.webp,1765wj-model-1765wj-womens-washable-one-button-jacket-hero-side-50544619,https://notanother-nz.github.io/total-image-product-assets/assets/1765WJ_WOMEN'S_WASHABLE_ONE_BUTTON_JACKET/webp/model/1765WJ_WOMENS_WASHABLE_ONE_BUTTON_JACKET_HERO_SIDE.webp,womens-washable-one-button-jacket-1765wj,,18
Women's Washable One Button Jacket — 1765WJ_WOMENS_WASHABLE_ONE_BUTTON_JACKET_NAVY_HERO_SIDE.webp,1765wj-model-1765wj-womens-washable-one-button-jacket-navy-hero-side,https://notanother-nz.github.io/total-image-product-assets/assets/1765WJ_WOMEN'S_WASHABLE_ONE_BUTTON_JACKET/webp/model/1765WJ_WOMENS_WASHABLE_ONE_BUTTON_JACKET_NAVY_HERO_SIDE.webp,womens-washable-one-button-jacket-1765wj,navy,19
Women's Washable One Button Jacket — 1765WJ_WOMENS_WASHABLE_ONE_BUTTON_JACKET_NAVY_FRONT.webp,1765wj-model-1765wj-womens-washable-one-button-jacket-navy-front,https://notanother-nz.github.io/total-image-product-assets/assets/1765WJ_WOMEN'S_WASHABLE_ONE_BUTTON_JACKET/webp/model/1765WJ_WOMENS_WASHABLE_ONE_BUTTON_JACKET_NAVY_FRONT.webp,womens-washable-one-button-jacket-1765wj,navy,20
Women's Washable One Button Jacket — 1765WJ_WOMENS_WASHABLE_ONE_BUTTON_JACKET_NAVY_BACK.webp,1765wj-model-1765wj-womens-washable-one-button-jacket-navy-back,https://notanother-nz.github.io/total-image-product-assets/assets/1765WJ_WOMEN'S_WASHABLE_ONE_BUTTON_JACKET/webp/model/1765WJ_WOMENS_WASHABLE_ONE_BUTTON_JACKET_NAVY_BACK.webp,womens-washable-one-button-jacket-1765wj,navy,21
Women's Washable One Button Jacket — 1765WJ_WOMENS_WASHABLE_ONE_BUTTON_JACKET_NAVY_SIDE.webp,1765wj-model-1765wj-womens-washable-one-button-jacket-navy-side,https://notanother-nz.github.io/total-image-product-assets/assets/1765WJ_WOMEN'S_WASHABLE_ONE_BUTTON_JACKET/webp/model/1765WJ_WOMENS_WASHABLE_ONE_BUTTON_JACKET_NAVY_SIDE.webp,womens-washable-one-button-jacket-1765wj,navy,22
Women's Washable One Button Jacket — 1765WJ_WOMENS_WASHABLE_ONE_BUTTON_JACKET_NAVY_CLOSEUP.webp,1765wj-model-1765wj-womens-washable-one-button-jacket-navy-closeup,https://notanother-nz.github.io/total-image-product-assets/assets/1765WJ_WOMEN'S_WASHABLE_ONE_BUTTON_JACKET/webp/model/1765WJ_WOMENS_WASHABLE_ONE_BUTTON_JACKET_NAVY_CLOSEUP.webp,womens-washable-one-button-jacket-1765wj,navy,23
Women's Washable One Button Jacket — 1765WJ_WOMEN'S_WASHABLE_ONE_BUTTON_JACKET_BLACK_FRONT.webp,1765wj-product-1765wj-womens-washable-one-button-jacket-black-front,https://notanother-nz.github.io/total-image-product-assets/assets/1765WJ_WOMEN'S_WASHABLE_ONE_BUTTON_JACKET/webp/product/1765WJ_WOMEN'S_WASHABLE_ONE_BUTTON_JACKET_BLACK_FRONT.webp,womens-washable-one-button-jacket-1765wj,black,24
Women's Washable One Button Jacket — 1765WJ_WOMEN'S_WASHABLE_ONE_BUTTON_JACKET_CHARCOAL_FRONT.webp,1765wj-product-1765wj-womens-washable-one-button-jacket-charcoal-front,https://notanother-nz.github.io/total-image-product-assets/assets/1765WJ_WOMEN'S_WASHABLE_ONE_BUTTON_JACKET/webp/product/1765WJ_WOMEN'S_WASHABLE_ONE_BUTTON_JACKET_CHARCOAL_FRONT.webp,womens-washable-one-button-jacket-1765wj,charcoal,25
Women's Washable One Button Jacket — 1765WJ_WOMEN'S_WASHABLE_ONE_BUTTON_JACKET_NAVY_FRONT.webp,1765wj-product-1765wj-womens-washable-one-button-jacket-navy-front,https://notanother-nz.github.io/total-image-product-assets/assets/1765WJ_WOMEN'S_WASHABLE_ONE_BUTTON_JACKET/webp/product/1765WJ_WOMEN'S_WASHABLE_ONE_BUTTON_JACKET_NAVY_FRONT.webp,womens-washable-one-button-jacket-1765wj,navy,26
Women's Washable One Button Jacket — 1765WJ_WOMENS_WASHABLE_ONE_BUTTON_JACKET_BLACK_VIEW.webp,1765wj-product-1765wj-womens-washable-one-button-jacket-black-view,https://notanother-nz.github.io/total-image-product-assets/assets/1765WJ_WOMEN'S_WASHABLE_ONE_BUTTON_JACKET/webp/product/1765WJ_WOMENS_WASHABLE_ONE_BUTTON_JACKET_BLACK_VIEW.webp,womens-washable-one-button-jacket-1765wj,black,27
Women's Washable One Button Jacket — 1765WJ_WOMENS_WASHABLE_ONE_BUTTON_JACKET_CHARCOAL_VIEW.webp,1765wj-product-1765wj-womens-washable-one-button-jacket-charcoal-view,https://notanother-nz.github.io/total-image-product-assets/assets/1765WJ_WOMEN'S_WASHABLE_ONE_BUTTON_JACKET/webp/product/1765WJ_WOMENS_WASHABLE_ONE_BUTTON_JACKET_CHARCOAL_VIEW.webp,womens-washable-one-button-jacket-1765wj,charcoal,28
Women's Washable One Button Jacket — 1765WJ_WOMENS_WASHABLE_ONE_BUTTON_JACKET_NAVY_VIEW.webp,1765wj-product-1765wj-womens-washable-one-button-jacket-navy-view,https://notanother-nz.github.io/total-image-product-assets/assets/1765WJ_WOMEN'S_WASHABLE_ONE_BUTTON_JACKET/webp/product/1765WJ_WOMENS_WASHABLE_ONE_BUTTON_JACKET_NAVY_VIEW.webp,womens-washable-one-button-jacket-1765wj,navy,29
Freya Shirred Cuff Soft Top — 1796WL_FREYA_SHIRRED_CUFF_SOFT_TOP_HERO_FRONT.webp,1796wl-model-1796wl-freya-shirred-cuff-soft-top-hero-front,https://notanother-nz.github.io/total-image-product-assets/assets/1796WL_FREYA_SHIRRED_CUFF_SOFT_TOP/webp/model/1796WL_FREYA_SHIRRED_CUFF_SOFT_TOP_HERO_FRONT.webp,freya-shirred-cuff-soft-top,,1
Freya Shirred Cuff Soft Top — 1796WL_FREYA_SHIRRED_CUFF_SOFT_TOP1796WL_FREYA_SHIRRED_CUFF_SOFT_TOP_HERO_BACK.webp,1796wl-model-1796wl-freya-shirred-cuff-soft-top1796wl-freya-shirred-cuff-soft-top-hero-back,https://notanother-nz.github.io/total-image-product-assets/assets/1796WL_FREYA_SHIRRED_CUFF_SOFT_TOP/webp/model/1796WL_FREYA_SHIRRED_CUFF_SOFT_TOP1796WL_FREYA_SHIRRED_CUFF_SOFT_TOP_HERO_BACK.webp,freya-shirred-cuff-soft-top,,2
Freya Shirred Cuff Soft Top — 1796WL_FREYA_SHIRRED_CUFF_SOFT_TOP_HERO_CLOSEUP.webp,1796wl-model-1796wl-freya-shirred-cuff-soft-top-hero-closeup,https://notanother-nz.github.io/total-image-product-assets/assets/1796WL_FREYA_SHIRRED_CUFF_SOFT_TOP/webp/model/1796WL_FREYA_SHIRRED_CUFF_SOFT_TOP_HERO_CLOSEUP.webp,freya-shirred-cuff-soft-top,,3
Freya Shirred Cuff Soft Top — 1796WL_FREYA_SHIRRED_CUFF_SOFT_TOP_HERO_SIDE.webp,1796wl-model-1796wl-freya-shirred-cuff-soft-top-hero-side,https://notanother-nz.github.io/total-image-product-assets/assets/1796WL_FREYA_SHIRRED_CUFF_SOFT_TOP/webp/model/1796WL_FREYA_SHIRRED_CUFF_SOFT_TOP_HERO_SIDE.webp,freya-shirred-cuff-soft-top,,4
Freya Shirred Cuff Soft Top — 1796WL_FREYA_SHIRRED_CUFF_SOFT_TOP_BLACK_VIEW.webp,1796wl-product-1796wl-freya-shirred-cuff-soft-top-black-view,https://notanother-nz.github.io/total-image-product-assets/assets/1796WL_FREYA_SHIRRED_CUFF_SOFT_TOP/webp/product/1796WL_FREYA_SHIRRED_CUFF_SOFT_TOP_BLACK_VIEW.webp,freya-shirred-cuff-soft-top,black,5
Freya Shirred Cuff Soft Top — 1796WL_FREYA_SHIRRED_CUFF_SOFT_TOP_CHARCOAL_VIEW.webp,1796wl-product-1796wl-freya-shirred-cuff-soft-top-charcoal-view,https://notanother-nz.github.io/total-image-product-assets/assets/1796WL_FREYA_SHIRRED_CUFF_SOFT_TOP/webp/product/1796WL_FREYA_SHIRRED_CUFF_SOFT_TOP_CHARCOAL_VIEW.webp,freya-shirred-cuff-soft-top,charcoal,6
Freya Shirred Cuff Soft Top — 1796WL_FREYA_SHIRRED_CUFF_SOFT_TOP_DENIM_VIEW.webp,1796wl-product-1796wl-freya-shirred-cuff-soft-top-denim-view,https://notanother-nz.github.io/total-image-product-assets/assets/1796WL_FREYA_SHIRRED_CUFF_SOFT_TOP/webp/product/1796WL_FREYA_SHIRRED_CUFF_SOFT_TOP_DENIM_VIEW.webp,freya-shirred-cuff-soft-top,denim,7
Freya Shirred Cuff Soft Top — 1796WL_FREYA_SHIRRED_CUFF_SOFT_TOP_EMERALD_VIEW.webp,1796wl-product-1796wl-freya-shirred-cuff-soft-top-emerald-view,https://notanother-nz.github.io/total-image-product-assets/assets/1796WL_FREYA_SHIRRED_CUFF_SOFT_TOP/webp/product/1796WL_FREYA_SHIRRED_CUFF_SOFT_TOP_EMERALD_VIEW.webp,freya-shirred-cuff-soft-top,emerald,8
Freya Shirred Cuff Soft Top — 1796WL_FREYA_SHIRRED_CUFF_SOFT_TOP_IVORY_VIEW.webp,1796wl-product-1796wl-freya-shirred-cuff-soft-top-ivory-view,https://notanother-nz.github.io/total-image-product-assets/assets/1796WL_FREYA_SHIRRED_CUFF_SOFT_TOP/webp/product/1796WL_FREYA_SHIRRED_CUFF_SOFT_TOP_IVORY_VIEW.webp,freya-shirred-cuff-soft-top,ivory,9
Freya Shirred Cuff Soft Top — 1796WL_FREYA_SHIRRED_CUFF_SOFT_TOP_NAVY_VIEW.webp,1796wl-product-1796wl-freya-shirred-cuff-soft-top-navy-view,https://notanother-nz.github.io/total-image-product-assets/assets/1796WL_FREYA_SHIRRED_CUFF_SOFT_TOP/webp/product/1796WL_FREYA_SHIRRED_CUFF_SOFT_TOP_NAVY_VIEW.webp,freya-shirred-cuff-soft-top,navy,10
Freya Shirred Cuff Soft Top — 1796WL_FREYA_SHIRRED_CUFF_SOFT_TOP_OCEAN_VIEW.webp,1796wl-product-1796wl-freya-shirred-cuff-soft-top-ocean-view,https://notanother-nz.github.io/total-image-product-assets/assets/1796WL_FREYA_SHIRRED_CUFF_SOFT_TOP/webp/product/1796WL_FREYA_SHIRRED_CUFF_SOFT_TOP_OCEAN_VIEW.webp,freya-shirred-cuff-soft-top,ocean,11
Freya Shirred Cuff Soft Top — 1796WL_FREYA_SHIRRED_CUFF_SOFT_TOP_SILVER_VIEW.webp,1796wl-product-1796wl-freya-shirred-cuff-soft-top-silver-view,https://notanother-nz.github.io/total-image-product-assets/assets/1796WL_FREYA_SHIRRED_CUFF_SOFT_TOP/webp/product/1796WL_FREYA_SHIRRED_CUFF_SOFT_TOP_SILVER_VIEW.webp,freya-shirred-cuff-soft-top,silver,12
Quinn Top — 1797WL_QUINN_TOP_IVORY_BACK_HERO_FRONT.webp,1797wl-model-1797wl-quinn-top-ivory-back-hero-front,https://notanother-nz.github.io/total-image-product-assets/assets/1797WL_QUINN_TOP/webp/model/1797WL_QUINN_TOP_IVORY_BACK_HERO_FRONT.webp,quinn-top-1797wl,ivory,1
Quinn Top — 1797WL_QUINN_TOP_IVORY_BACK_HERO_BACK.webp,1797wl-model-1797wl-quinn-top-ivory-back-hero-back,https://notanother-nz.github.io/total-image-product-assets/assets/1797WL_QUINN_TOP/webp/model/1797WL_QUINN_TOP_IVORY_BACK_HERO_BACK.webp,quinn-top-1797wl,ivory,2
Quinn Top — 1797WL_QUINN_TOP_IVORY_BACK_HERO_CLOSEUP.webp,1797wl-model-1797wl-quinn-top-ivory-back-hero-closeup,https://notanother-nz.github.io/total-image-product-assets/assets/1797WL_QUINN_TOP/webp/model/1797WL_QUINN_TOP_IVORY_BACK_HERO_CLOSEUP.webp,quinn-top-1797wl,ivory,3
Quinn Top — 1797WL_QUINN_TOP_IVORY_BACK_HERO_SIDE.webp,1797wl-model-1797wl-quinn-top-ivory-back-hero-side,https://notanother-nz.github.io/total-image-product-assets/assets/1797WL_QUINN_TOP/webp/model/1797WL_QUINN_TOP_IVORY_BACK_HERO_SIDE.webp,quinn-top-1797wl,ivory,4
Quinn Top — 1797WL_QUINN_TOP_BLACK_FRONT.webp,1797wl-product-1797wl-quinn-top-black-front,https://notanother-nz.github.io/total-image-product-assets/assets/1797WL_QUINN_TOP/webp/product/1797WL_QUINN_TOP_BLACK_FRONT.webp,quinn-top-1797wl,black,5
Quinn Top — 1797WL_QUINN_TOP_CHARCOAL_FRONT.webp,1797wl-product-1797wl-quinn-top-charcoal-front,https://notanother-nz.github.io/total-image-product-assets/assets/1797WL_QUINN_TOP/webp/product/1797WL_QUINN_TOP_CHARCOAL_FRONT.webp,quinn-top-1797wl,charcoal,6
Quinn Top — 1797WL_QUINN_TOP_DENIM_FRONT.webp,1797wl-product-1797wl-quinn-top-denim-front,https://notanother-nz.github.io/total-image-product-assets/assets/1797WL_QUINN_TOP/webp/product/1797WL_QUINN_TOP_DENIM_FRONT.webp,quinn-top-1797wl,denim,7
Quinn Top — 1797WL_QUINN_TOP_IVORY_FRONT.webp,1797wl-product-1797wl-quinn-top-ivory-front,https://notanother-nz.github.io/total-image-product-assets/assets/1797WL_QUINN_TOP/webp/product/1797WL_QUINN_TOP_IVORY_FRONT.webp,quinn-top-1797wl,ivory,8
Quinn Top — 1797WL_QUINN_TOP_NAVY_FRONT.webp,1797wl-product-1797wl-quinn-top-navy-front,https://notanother-nz.github.io/total-image-product-assets/assets/1797WL_QUINN_TOP/webp/product/1797WL_QUINN_TOP_NAVY_FRONT.webp,quinn-top-1797wl,navy,9
Quinn Top — 1797WL_QUINN_TOP_SILVER_FRONT.webp,1797wl-product-1797wl-quinn-top-silver-front,https://notanother-nz.github.io/total-image-product-assets/assets/1797WL_QUINN_TOP/webp/product/1797WL_QUINN_TOP_SILVER_FRONT.webp,quinn-top-1797wl,silver,10
Quinn Top — 1797WL_QUINN_TOP_BLACK_BACK.webp,1797wl-product-1797wl-quinn-top-black-back,https://notanother-nz.github.io/total-image-product-assets/assets/1797WL_QUINN_TOP/webp/product/1797WL_QUINN_TOP_BLACK_BACK.webp,quinn-top-1797wl,black,11
Quinn Top — 1797WL_QUINN_TOP_CHARCOAL_BACK.webp,1797wl-product-1797wl-quinn-top-charcoal-back,https://notanother-nz.github.io/total-image-product-assets/assets/1797WL_QUINN_TOP/webp/product/1797WL_QUINN_TOP_CHARCOAL_BACK.webp,quinn-top-1797wl,charcoal,12
Quinn Top — 1797WL_QUINN_TOP_DENIM_BACK.webp,1797wl-product-1797wl-quinn-top-denim-back,https://notanother-nz.github.io/total-image-product-assets/assets/1797WL_QUINN_TOP/webp/product/1797WL_QUINN_TOP_DENIM_BACK.webp,quinn-top-1797wl,denim,13
Quinn Top — 1797WL_QUINN_TOP_IVORY_BACK.webp,1797wl-product-1797wl-quinn-top-ivory-back,https://notanother-nz.github.io/total-image-product-assets/assets/1797WL_QUINN_TOP/webp/product/1797WL_QUINN_TOP_IVORY_BACK.webp,quinn-top-1797wl,ivory,14
Quinn Top — 1797WL_QUINN_TOP_NAVY_BACK.webp,1797wl-product-1797wl-quinn-top-navy-back,https://notanother-nz.github.io/total-image-product-assets/assets/1797WL_QUINN_TOP/webp/product/1797WL_QUINN_TOP_NAVY_BACK.webp,quinn-top-1797wl,navy,15
Quinn Top — 1797WL_QUINN_TOP_SILVER_BACK.webp,1797wl-product-1797wl-quinn-top-silver-back,https://notanother-nz.github.io/total-image-product-assets/assets/1797WL_QUINN_TOP/webp/product/1797WL_QUINN_TOP_SILVER_BACK.webp,quinn-top-1797wl,silver,16
Taylor Top — 1798WS_TAYLOR_TOP_IVORY_HERO_FRONT.webp,1798ws-model-1798ws-taylor-top-ivory-hero-front,https://notanother-nz.github.io/total-image-product-assets/assets/1798WS_TAYLOR_TOP/webp/model/1798WS_TAYLOR_TOP_IVORY_HERO_FRONT.webp,taylor-top-1798ws,ivory,1
Taylor Top — 1798WS_TAYLOR_TOP_IVORY_HERO_BACK.webp,1798ws-model-1798ws-taylor-top-ivory-hero-back,https://notanother-nz.github.io/total-image-product-assets/assets/1798WS_TAYLOR_TOP/webp/model/1798WS_TAYLOR_TOP_IVORY_HERO_BACK.webp,taylor-top-1798ws,ivory,2
Taylor Top — 1798WS_TAYLOR_TOP_IVORY_HERO_CLOSEUP.webp,1798ws-model-1798ws-taylor-top-ivory-hero-closeup,https://notanother-nz.github.io/total-image-product-assets/assets/1798WS_TAYLOR_TOP/webp/model/1798WS_TAYLOR_TOP_IVORY_HERO_CLOSEUP.webp,taylor-top-1798ws,ivory,3
Taylor Top — 1798WS_TAYLOR_TOP_IVORY_HERO_SIDE.webp,1798ws-model-1798ws-taylor-top-ivory-hero-side,https://notanother-nz.github.io/total-image-product-assets/assets/1798WS_TAYLOR_TOP/webp/model/1798WS_TAYLOR_TOP_IVORY_HERO_SIDE.webp,taylor-top-1798ws,ivory,4
Taylor Top — 1798WS_TAYLOR_TOP_BLACK_FRONT.webp,1798ws-product-1798ws-taylor-top-black-front,https://notanother-nz.github.io/total-image-product-assets/assets/1798WS_TAYLOR_TOP/webp/product/1798WS_TAYLOR_TOP_BLACK_FRONT.webp,taylor-top-1798ws,black,5
Taylor Top — 1798WS_TAYLOR_TOP_CHARCOAL_FRONT.webp,1798ws-product-1798ws-taylor-top-charcoal-front,https://notanother-nz.github.io/total-image-product-assets/assets/1798WS_TAYLOR_TOP/webp/product/1798WS_TAYLOR_TOP_CHARCOAL_FRONT.webp,taylor-top-1798ws,charcoal,6
Taylor Top — 1798WS_TAYLOR_TOP_DENIM_FRONT.webp,1798ws-product-1798ws-taylor-top-denim-front,https://notanother-nz.github.io/total-image-product-assets/assets/1798WS_TAYLOR_TOP/webp/product/1798WS_TAYLOR_TOP_DENIM_FRONT.webp,taylor-top-1798ws,denim,7
Taylor Top — 1798WS_TAYLOR_TOP_IVORY_FRONT.webp,1798ws-product-1798ws-taylor-top-ivory-front,https://notanother-nz.github.io/total-image-product-assets/assets/1798WS_TAYLOR_TOP/webp/product/1798WS_TAYLOR_TOP_IVORY_FRONT.webp,taylor-top-1798ws,ivory,8
Taylor Top — 1798WS_TAYLOR_TOP_NAVY_FRONT.webp,1798ws-product-1798ws-taylor-top-navy-front,https://notanother-nz.github.io/total-image-product-assets/assets/1798WS_TAYLOR_TOP/webp/product/1798WS_TAYLOR_TOP_NAVY_FRONT.webp,taylor-top-1798ws,navy,9
Taylor Top — 1798WS_TAYLOR_TOP_SILVER_FRONT.webp,1798ws-product-1798ws-taylor-top-silver-front,https://notanother-nz.github.io/total-image-product-assets/assets/1798WS_TAYLOR_TOP/webp/product/1798WS_TAYLOR_TOP_SILVER_FRONT.webp,taylor-top-1798ws,silver,10
Taylor Top — 1798WS_TAYLOR_TOP_BLACK_BACK.webp,1798ws-product-1798ws-taylor-top-black-back,https://notanother-nz.github.io/total-image-product-assets/assets/1798WS_TAYLOR_TOP/webp/product/1798WS_TAYLOR_TOP_BLACK_BACK.webp,taylor-top-1798ws,black,11
Taylor Top — 1798WS_TAYLOR_TOP_CHARCOAL_BACK.webp,1798ws-product-1798ws-taylor-top-charcoal-back,https://notanother-nz.github.io/total-image-product-assets/assets/1798WS_TAYLOR_TOP/webp/product/1798WS_TAYLOR_TOP_CHARCOAL_BACK.webp,taylor-top-1798ws,charcoal,12
Taylor Top — 1798WS_TAYLOR_TOP_DENIM_BACK.webp,1798ws-product-1798ws-taylor-top-denim-back,https://notanother-nz.github.io/total-image-product-assets/assets/1798WS_TAYLOR_TOP/webp/product/1798WS_TAYLOR_TOP_DENIM_BACK.webp,taylor-top-1798ws,denim,13
Taylor Top — 1798WS_TAYLOR_TOP_IVORY_BACK.webp,1798ws-product-1798ws-taylor-top-ivory-back,https://notanother-nz.github.io/total-image-product-assets/assets/1798WS_TAYLOR_TOP/webp/product/1798WS_TAYLOR_TOP_IVORY_BACK.webp,taylor-top-1798ws,ivory,14
Taylor Top — 1798WS_TAYLOR_TOP_NAVY_BACK.webp,1798ws-product-1798ws-taylor-top-navy-back,https://notanother-nz.github.io/total-image-product-assets/assets/1798WS_TAYLOR_TOP/webp/product/1798WS_TAYLOR_TOP_NAVY_BACK.webp,taylor-top-1798ws,navy,15
Taylor Top — 1798WS_TAYLOR_TOP_SILVER_BACK.webp,1798ws-product-1798ws-taylor-top-silver-back,https://notanother-nz.github.io/total-image-product-assets/assets/1798WS_TAYLOR_TOP/webp/product/1798WS_TAYLOR_TOP_SILVER_BACK.webp,taylor-top-1798ws,silver,16
Lola 3/4 Sleeve Shirred Cuff Top — 1799WZ_LOLA_3_4_SLEEVE_SHIRRED_CUFF_TOP_IVORY_HERO_FRONT.webp,1799wz-model-1799wz-lola-3-4-sleeve-shirred-cuff-top-ivory-hero-front,https://notanother-nz.github.io/total-image-product-assets/assets/1799WZ_LOLA_3_4_SLEEVE_SHIRRED_CUFF_TOP/webp/model/1799WZ_LOLA_3_4_SLEEVE_SHIRRED_CUFF_TOP_IVORY_HERO_FRONT.webp,lola-3-4-sleeve-shirred-cuff-top-1799wz,ivory,1
Lola 3/4 Sleeve Shirred Cuff Top — 1799WZ_LOLA_TOP_IVORY_FRONT_HERO_BACK.webp,1799wz-model-1799wz-lola-top-ivory-front-hero-back,https://notanother-nz.github.io/total-image-product-assets/assets/1799WZ_LOLA_3_4_SLEEVE_SHIRRED_CUFF_TOP/webp/model/1799WZ_LOLA_TOP_IVORY_FRONT_HERO_BACK.webp,lola-3-4-sleeve-shirred-cuff-top-1799wz,ivory,2
Lola 3/4 Sleeve Shirred Cuff Top — 1799WZ_LOLA_TOP_IVORY_FRONT_HERO_CLOSEUP.webp,1799wz-model-1799wz-lola-top-ivory-front-hero-closeup,https://notanother-nz.github.io/total-image-product-assets/assets/1799WZ_LOLA_3_4_SLEEVE_SHIRRED_CUFF_TOP/webp/model/1799WZ_LOLA_TOP_IVORY_FRONT_HERO_CLOSEUP.webp,lola-3-4-sleeve-shirred-cuff-top-1799wz,ivory,3
Lola 3/4 Sleeve Shirred Cuff Top — 1799WZ_LOLA_TOP_IVORY_FRONT_HERO_FRONT.webp,1799wz-model-1799wz-lola-top-ivory-front-hero-front,https://notanother-nz.github.io/total-image-product-assets/assets/1799WZ_LOLA_3_4_SLEEVE_SHIRRED_CUFF_TOP/webp/model/1799WZ_LOLA_TOP_IVORY_FRONT_HERO_FRONT.webp,lola-3-4-sleeve-shirred-cuff-top-1799wz,ivory,4
Lola 3/4 Sleeve Shirred Cuff Top — 1799WZ_LOLA_TOP_IVORY_FRONT_HERO_SIDE.webp,1799wz-model-1799wz-lola-top-ivory-front-hero-side,https://notanother-nz.github.io/total-image-product-assets/assets/1799WZ_LOLA_3_4_SLEEVE_SHIRRED_CUFF_TOP/webp/model/1799WZ_LOLA_TOP_IVORY_FRONT_HERO_SIDE.webp,lola-3-4-sleeve-shirred-cuff-top-1799wz,ivory,5
Lola 3/4 Sleeve Shirred Cuff Top — 1799WZ_LOLA_3_4_SLEEVE_SHIRRED_CUFF_TOP_IVORY_HERO_BACK.webp,1799wz-model-1799wz-lola-3-4-sleeve-shirred-cuff-top-ivory-hero-back,https://notanother-nz.github.io/total-image-product-assets/assets/1799WZ_LOLA_3_4_SLEEVE_SHIRRED_CUFF_TOP/webp/model/1799WZ_LOLA_3_4_SLEEVE_SHIRRED_CUFF_TOP_IVORY_HERO_BACK.webp,lola-3-4-sleeve-shirred-cuff-top-1799wz,ivory,6
Lola 3/4 Sleeve Shirred Cuff Top — 1799WZ_LOLA_3_4_SLEEVE_SHIRRED_CUFF_TOP_IVORY_HERO_CLOSEUP.webp,1799wz-model-1799wz-lola-3-4-sleeve-shirred-cuff-top-ivory-hero-closeup,https://notanother-nz.github.io/total-image-product-assets/assets/1799WZ_LOLA_3_4_SLEEVE_SHIRRED_CUFF_TOP/webp/model/1799WZ_LOLA_3_4_SLEEVE_SHIRRED_CUFF_TOP_IVORY_HERO_CLOSEUP.webp,lola-3-4-sleeve-shirred-cuff-top-1799wz,ivory,7
Lola 3/4 Sleeve Shirred Cuff Top — 1799WZ_LOLA_3_4_SLEEVE_SHIRRED_CUFF_TOP_IVORY_HERO_SIDE.webp,1799wz-model-1799wz-lola-3-4-sleeve-shirred-cuff-top-ivory-hero-side,https://notanother-nz.github.io/total-image-product-assets/assets/1799WZ_LOLA_3_4_SLEEVE_SHIRRED_CUFF_TOP/webp/model/1799WZ_LOLA_3_4_SLEEVE_SHIRRED_CUFF_TOP_IVORY_HERO_SIDE.webp,lola-3-4-sleeve-shirred-cuff-top-1799wz,ivory,8
Lola 3/4 Sleeve Shirred Cuff Top — 1799WZ_LOLA_3_4_SLEEVE_SHIRRED_CUFF_TOP_BLACK_FRONT.webp,1799wz-product-1799wz-lola-3-4-sleeve-shirred-cuff-top-black-front,https://notanother-nz.github.io/total-image-product-assets/assets/1799WZ_LOLA_3_4_SLEEVE_SHIRRED_CUFF_TOP/webp/product/1799WZ_LOLA_3_4_SLEEVE_SHIRRED_CUFF_TOP_BLACK_FRONT.webp,lola-3-4-sleeve-shirred-cuff-top-1799wz,black,9
Lola 3/4 Sleeve Shirred Cuff Top — 1799WZ_LOLA_3_4_SLEEVE_SHIRRED_CUFF_TOP_CHARCOAL_FRONT.webp,1799wz-product-1799wz-lola-3-4-sleeve-shirred-cuff-top-charcoal-front,https://notanother-nz.github.io/total-image-product-assets/assets/1799WZ_LOLA_3_4_SLEEVE_SHIRRED_CUFF_TOP/webp/product/1799WZ_LOLA_3_4_SLEEVE_SHIRRED_CUFF_TOP_CHARCOAL_FRONT.webp,lola-3-4-sleeve-shirred-cuff-top-1799wz,charcoal,10
Lola 3/4 Sleeve Shirred Cuff Top — 1799WZ_LOLA_3_4_SLEEVE_SHIRRED_CUFF_TOP_DENIM_FRONT.webp,1799wz-product-1799wz-lola-3-4-sleeve-shirred-cuff-top-denim-front,https://notanother-nz.github.io/total-image-product-assets/assets/1799WZ_LOLA_3_4_SLEEVE_SHIRRED_CUFF_TOP/webp/product/1799WZ_LOLA_3_4_SLEEVE_SHIRRED_CUFF_TOP_DENIM_FRONT.webp,lola-3-4-sleeve-shirred-cuff-top-1799wz,denim,11
Lola 3/4 Sleeve Shirred Cuff Top — 1799WZ_LOLA_3_4_SLEEVE_SHIRRED_CUFF_TOP_IVORY_FRONT.webp,1799wz-product-1799wz-lola-3-4-sleeve-shirred-cuff-top-ivory-front,https://notanother-nz.github.io/total-image-product-assets/assets/1799WZ_LOLA_3_4_SLEEVE_SHIRRED_CUFF_TOP/webp/product/1799WZ_LOLA_3_4_SLEEVE_SHIRRED_CUFF_TOP_IVORY_FRONT.webp,lola-3-4-sleeve-shirred-cuff-top-1799wz,ivory,12
Lola 3/4 Sleeve Shirred Cuff Top — 1799WZ_LOLA_3_4_SLEEVE_SHIRRED_CUFF_TOP_NAVY_FRONT.webp,1799wz-product-1799wz-lola-3-4-sleeve-shirred-cuff-top-navy-front,https://notanother-nz.github.io/total-image-product-assets/assets/1799WZ_LOLA_3_4_SLEEVE_SHIRRED_CUFF_TOP/webp/product/1799WZ_LOLA_3_4_SLEEVE_SHIRRED_CUFF_TOP_NAVY_FRONT.webp,lola-3-4-sleeve-shirred-cuff-top-1799wz,navy,13
Lola 3/4 Sleeve Shirred Cuff Top — 1799WZ_LOLA_3_4_SLEEVE_SHIRRED_CUFF_TOP_SILVER_FRONT.webp,1799wz-product-1799wz-lola-3-4-sleeve-shirred-cuff-top-silver-front,https://notanother-nz.github.io/total-image-product-assets/assets/1799WZ_LOLA_3_4_SLEEVE_SHIRRED_CUFF_TOP/webp/product/1799WZ_LOLA_3_4_SLEEVE_SHIRRED_CUFF_TOP_SILVER_FRONT.webp,lola-3-4-sleeve-shirred-cuff-top-1799wz,silver,14
Ladies Reese V Neck Top — 1800WZ_LADIES_REESE_V_NECK_TOP_IVORY_HERO_FRONT.webp,1800wz-model-1800wz-ladies-reese-v-neck-top-ivory-hero-front,https://notanother-nz.github.io/total-image-product-assets/assets/1800WZ_LADIES_REESE_V_NECK_TOP/webp/model/1800WZ_LADIES_REESE_V_NECK_TOP_IVORY_HERO_FRONT.webp,ladies-reese-v-neck-top-1800wz,ivory,1
Ladies Reese V Neck Top — 1800WZ_LADIES_REESE_V_NECK_TOP_IVORY_HERO_BACK.webp,1800wz-model-1800wz-ladies-reese-v-neck-top-ivory-hero-back,https://notanother-nz.github.io/total-image-product-assets/assets/1800WZ_LADIES_REESE_V_NECK_TOP/webp/model/1800WZ_LADIES_REESE_V_NECK_TOP_IVORY_HERO_BACK.webp,ladies-reese-v-neck-top-1800wz,ivory,2
Ladies Reese V Neck Top — 1800WZ_LADIES_REESE_V_NECK_TOP_IVORY_HERO_CLOSEUP.webp,1800wz-model-1800wz-ladies-reese-v-neck-top-ivory-hero-closeup,https://notanother-nz.github.io/total-image-product-assets/assets/1800WZ_LADIES_REESE_V_NECK_TOP/webp/model/1800WZ_LADIES_REESE_V_NECK_TOP_IVORY_HERO_CLOSEUP.webp,ladies-reese-v-neck-top-1800wz,ivory,3
Ladies Reese V Neck Top — 1800WZ_LADIES_REESE_V_NECK_TOP_IVORY_HERO_SIDE.webp,1800wz-model-1800wz-ladies-reese-v-neck-top-ivory-hero-side,https://notanother-nz.github.io/total-image-product-assets/assets/1800WZ_LADIES_REESE_V_NECK_TOP/webp/model/1800WZ_LADIES_REESE_V_NECK_TOP_IVORY_HERO_SIDE.webp,ladies-reese-v-neck-top-1800wz,ivory,4
Ladies Reese V Neck Top — 1800WZ_LADIES_REESE_V_NECK_TOP_BLACK_FRONT.webp,1800wz-product-1800wz-ladies-reese-v-neck-top-black-front,https://notanother-nz.github.io/total-image-product-assets/assets/1800WZ_LADIES_REESE_V_NECK_TOP/webp/product/1800WZ_LADIES_REESE_V_NECK_TOP_BLACK_FRONT.webp,ladies-reese-v-neck-top-1800wz,black,5
Ladies Reese V Neck Top — 1800WZ_LADIES_REESE_V_NECK_TOP_CHARCOAL_FRONT.webp,1800wz-product-1800wz-ladies-reese-v-neck-top-charcoal-front,https://notanother-nz.github.io/total-image-product-assets/assets/1800WZ_LADIES_REESE_V_NECK_TOP/webp/product/1800WZ_LADIES_REESE_V_NECK_TOP_CHARCOAL_FRONT.webp,ladies-reese-v-neck-top-1800wz,charcoal,6
Ladies Reese V Neck Top — 1800WZ_LADIES_REESE_V_NECK_TOP_DENIM_FRONT.webp,1800wz-product-1800wz-ladies-reese-v-neck-top-denim-front,https://notanother-nz.github.io/total-image-product-assets/assets/1800WZ_LADIES_REESE_V_NECK_TOP/webp/product/1800WZ_LADIES_REESE_V_NECK_TOP_DENIM_FRONT.webp,ladies-reese-v-neck-top-1800wz,denim,7
Ladies Reese V Neck Top — 1800WZ_LADIES_REESE_V_NECK_TOP_EMERALD_FRONT.webp,1800wz-product-1800wz-ladies-reese-v-neck-top-emerald-front,https://notanother-nz.github.io/total-image-product-assets/assets/1800WZ_LADIES_REESE_V_NECK_TOP/webp/product/1800WZ_LADIES_REESE_V_NECK_TOP_EMERALD_FRONT.webp,ladies-reese-v-neck-top-1800wz,emerald,8
Ladies Reese V Neck Top — 1800WZ_LADIES_REESE_V_NECK_TOP_IVORY_FRONT.webp,1800wz-product-1800wz-ladies-reese-v-neck-top-ivory-front,https://notanother-nz.github.io/total-image-product-assets/assets/1800WZ_LADIES_REESE_V_NECK_TOP/webp/product/1800WZ_LADIES_REESE_V_NECK_TOP_IVORY_FRONT.webp,ladies-reese-v-neck-top-1800wz,ivory,9
Ladies Reese V Neck Top — 1800WZ_LADIES_REESE_V_NECK_TOP_NAVY_FRONT.webp,1800wz-product-1800wz-ladies-reese-v-neck-top-navy-front,https://notanother-nz.github.io/total-image-product-assets/assets/1800WZ_LADIES_REESE_V_NECK_TOP/webp/product/1800WZ_LADIES_REESE_V_NECK_TOP_NAVY_FRONT.webp,ladies-reese-v-neck-top-1800wz,navy,10
Ladies Reese V Neck Top — 1800WZ_LADIES_REESE_V_NECK_TOP_OCEAN_FRONT.webp,1800wz-product-1800wz-ladies-reese-v-neck-top-ocean-front,https://notanother-nz.github.io/total-image-product-assets/assets/1800WZ_LADIES_REESE_V_NECK_TOP/webp/product/1800WZ_LADIES_REESE_V_NECK_TOP_OCEAN_FRONT.webp,ladies-reese-v-neck-top-1800wz,ocean,11
Ladies Reese V Neck Top — 1800WZ_LADIES_REESE_V_NECK_TOP_SILVER_FRONT.webp,1800wz-product-1800wz-ladies-reese-v-neck-top-silver-front,https://notanother-nz.github.io/total-image-product-assets/assets/1800WZ_LADIES_REESE_V_NECK_TOP/webp/product/1800WZ_LADIES_REESE_V_NECK_TOP_SILVER_FRONT.webp,ladies-reese-v-neck-top-1800wz,silver,12
Cleo V Neck Shirred Cuff Top — 1803WZ_CLEO_V_NECK_SHIRRED_CUFF_TOP_IVORY_HERO_FRONT.webp,1803wz-model-1803wz-cleo-v-neck-shirred-cuff-top-ivory-hero-front,https://notanother-nz.github.io/total-image-product-assets/assets/1803WZ_CLEO_V_NECK_SHIRRED_CUFF_TOP/webp/model/1803WZ_CLEO_V_NECK_SHIRRED_CUFF_TOP_IVORY_HERO_FRONT.webp,cleo-v-neck-shirred-cuff-top-1803wz,ivory,1
Cleo V Neck Shirred Cuff Top — 1803WZ_CLEO_V_NECK_SHIRRED_CUFF_TOP_IVORY_HERO_BACK.webp,1803wz-model-1803wz-cleo-v-neck-shirred-cuff-top-ivory-hero-back,https://notanother-nz.github.io/total-image-product-assets/assets/1803WZ_CLEO_V_NECK_SHIRRED_CUFF_TOP/webp/model/1803WZ_CLEO_V_NECK_SHIRRED_CUFF_TOP_IVORY_HERO_BACK.webp,cleo-v-neck-shirred-cuff-top-1803wz,ivory,2
Cleo V Neck Shirred Cuff Top — 1803WZ_CLEO_V_NECK_SHIRRED_CUFF_TOP_IVORY_HERO_CLOSEUP.webp,1803wz-model-1803wz-cleo-v-neck-shirred-cuff-top-ivory-hero-closeup,https://notanother-nz.github.io/total-image-product-assets/assets/1803WZ_CLEO_V_NECK_SHIRRED_CUFF_TOP/webp/model/1803WZ_CLEO_V_NECK_SHIRRED_CUFF_TOP_IVORY_HERO_CLOSEUP.webp,cleo-v-neck-shirred-cuff-top-1803wz,ivory,3
Cleo V Neck Shirred Cuff Top — 1803WZ_CLEO_V_NECK_SHIRRED_CUFF_TOP_IVORY_HERO_SIDE.webp,1803wz-model-1803wz-cleo-v-neck-shirred-cuff-top-ivory-hero-side,https://notanother-nz.github.io/total-image-product-assets/assets/1803WZ_CLEO_V_NECK_SHIRRED_CUFF_TOP/webp/model/1803WZ_CLEO_V_NECK_SHIRRED_CUFF_TOP_IVORY_HERO_SIDE.webp,cleo-v-neck-shirred-cuff-top-1803wz,ivory,4
Cleo V Neck Shirred Cuff Top — 1803WZ_CLEO_V_NECK_SHIRRED_CUFF_TOP_BLACK_FRONT.webp,1803wz-product-1803wz-cleo-v-neck-shirred-cuff-top-black-front,https://notanother-nz.github.io/total-image-product-assets/assets/1803WZ_CLEO_V_NECK_SHIRRED_CUFF_TOP/webp/product/1803WZ_CLEO_V_NECK_SHIRRED_CUFF_TOP_BLACK_FRONT.webp,cleo-v-neck-shirred-cuff-top-1803wz,black,5
Cleo V Neck Shirred Cuff Top — 1803WZ_CLEO_V_NECK_SHIRRED_CUFF_TOP_CHARCOAL_FRONT.webp,1803wz-product-1803wz-cleo-v-neck-shirred-cuff-top-charcoal-front,https://notanother-nz.github.io/total-image-product-assets/assets/1803WZ_CLEO_V_NECK_SHIRRED_CUFF_TOP/webp/product/1803WZ_CLEO_V_NECK_SHIRRED_CUFF_TOP_CHARCOAL_FRONT.webp,cleo-v-neck-shirred-cuff-top-1803wz,charcoal,6
Cleo V Neck Shirred Cuff Top — 1803WZ_CLEO_V_NECK_SHIRRED_CUFF_TOP_DENIM_FRONT.webp,1803wz-product-1803wz-cleo-v-neck-shirred-cuff-top-denim-front,https://notanother-nz.github.io/total-image-product-assets/assets/1803WZ_CLEO_V_NECK_SHIRRED_CUFF_TOP/webp/product/1803WZ_CLEO_V_NECK_SHIRRED_CUFF_TOP_DENIM_FRONT.webp,cleo-v-neck-shirred-cuff-top-1803wz,denim,7
Cleo V Neck Shirred Cuff Top — 1803WZ_CLEO_V_NECK_SHIRRED_CUFF_TOP_EMERALD_FRONT.webp,1803wz-product-1803wz-cleo-v-neck-shirred-cuff-top-emerald-front,https://notanother-nz.github.io/total-image-product-assets/assets/1803WZ_CLEO_V_NECK_SHIRRED_CUFF_TOP/webp/product/1803WZ_CLEO_V_NECK_SHIRRED_CUFF_TOP_EMERALD_FRONT.webp,cleo-v-neck-shirred-cuff-top-1803wz,emerald,8
Cleo V Neck Shirred Cuff Top — 1803WZ_CLEO_V_NECK_SHIRRED_CUFF_TOP_IVORY_FRONT.webp,1803wz-product-1803wz-cleo-v-neck-shirred-cuff-top-ivory-front,https://notanother-nz.github.io/total-image-product-assets/assets/1803WZ_CLEO_V_NECK_SHIRRED_CUFF_TOP/webp/product/1803WZ_CLEO_V_NECK_SHIRRED_CUFF_TOP_IVORY_FRONT.webp,cleo-v-neck-shirred-cuff-top-1803wz,ivory,9
Cleo V Neck Shirred Cuff Top — 1803WZ_CLEO_V_NECK_SHIRRED_CUFF_TOP_NAVY_FRONT.webp,1803wz-product-1803wz-cleo-v-neck-shirred-cuff-top-navy-front,https://notanother-nz.github.io/total-image-product-assets/assets/1803WZ_CLEO_V_NECK_SHIRRED_CUFF_TOP/webp/product/1803WZ_CLEO_V_NECK_SHIRRED_CUFF_TOP_NAVY_FRONT.webp,cleo-v-neck-shirred-cuff-top-1803wz,navy,10
Cleo V Neck Shirred Cuff Top — 1803WZ_CLEO_V_NECK_SHIRRED_CUFF_TOP_OCEAN_FRONT.webp,1803wz-product-1803wz-cleo-v-neck-shirred-cuff-top-ocean-front,https://notanother-nz.github.io/total-image-product-assets/assets/1803WZ_CLEO_V_NECK_SHIRRED_CUFF_TOP/webp/product/1803WZ_CLEO_V_NECK_SHIRRED_CUFF_TOP_OCEAN_FRONT.webp,cleo-v-neck-shirred-cuff-top-1803wz,ocean,11
Cleo V Neck Shirred Cuff Top — 1803WZ_CLEO_V_NECK_SHIRRED_CUFF_TOP_SILVER_FRONT.webp,1803wz-product-1803wz-cleo-v-neck-shirred-cuff-top-silver-front,https://notanother-nz.github.io/total-image-product-assets/assets/1803WZ_CLEO_V_NECK_SHIRRED_CUFF_TOP/webp/product/1803WZ_CLEO_V_NECK_SHIRRED_CUFF_TOP_SILVER_FRONT.webp,cleo-v-neck-shirred-cuff-top-1803wz,silver,12
Marni 1/2 Placket Top — 1805WL_MARNI_1_2_PLACKET_TOP_NAVY__HERO_FRONT.webp,1805wl-model-1805wl-marni-1-2-placket-top-navy-hero-front,https://notanother-nz.github.io/total-image-product-assets/assets/1805WL_MARNI_1_2_PLACKET_TOP/webp/model/1805WL_MARNI_1_2_PLACKET_TOP_NAVY__HERO_FRONT.webp,marni-1-2-placket-top-1805wl,navy,1
Marni 1/2 Placket Top — 1805WL_MARNI_1_2_PLACKET_TOP_NAVY__HERO_BACK.webp,1805wl-model-1805wl-marni-1-2-placket-top-navy-hero-back,https://notanother-nz.github.io/total-image-product-assets/assets/1805WL_MARNI_1_2_PLACKET_TOP/webp/model/1805WL_MARNI_1_2_PLACKET_TOP_NAVY__HERO_BACK.webp,marni-1-2-placket-top-1805wl,navy,2
Marni 1/2 Placket Top — 1805WL_MARNI_1_2_PLACKET_TOP_NAVY__HERO_CLOSEUP.webp,1805wl-model-1805wl-marni-1-2-placket-top-navy-hero-closeup,https://notanother-nz.github.io/total-image-product-assets/assets/1805WL_MARNI_1_2_PLACKET_TOP/webp/model/1805WL_MARNI_1_2_PLACKET_TOP_NAVY__HERO_CLOSEUP.webp,marni-1-2-placket-top-1805wl,navy,3
Marni 1/2 Placket Top — 1805WL_MARNI_1_2_PLACKET_TOP_NAVY__HERO_SIDE.webp,1805wl-model-1805wl-marni-1-2-placket-top-navy-hero-side,https://notanother-nz.github.io/total-image-product-assets/assets/1805WL_MARNI_1_2_PLACKET_TOP/webp/model/1805WL_MARNI_1_2_PLACKET_TOP_NAVY__HERO_SIDE.webp,marni-1-2-placket-top-1805wl,navy,4
Marni 1/2 Placket Top — 1805wl-navy-1.webp,1805wl-model-1805wl-navy-1,https://notanother-nz.github.io/total-image-product-assets/assets/1805WL_MARNI_1_2_PLACKET_TOP/webp/model/1805wl-navy-1.webp,marni-1-2-placket-top-1805wl,navy,5
Marni 1/2 Placket Top — 1805WL_MARNI_1_2_PLACKET_TOP_BLACK_FRONT.webp,1805wl-product-1805wl-marni-1-2-placket-top-black-front,https://notanother-nz.github.io/total-image-product-assets/assets/1805WL_MARNI_1_2_PLACKET_TOP/webp/product/1805WL_MARNI_1_2_PLACKET_TOP_BLACK_FRONT.webp,marni-1-2-placket-top-1805wl,black,6
Marni 1/2 Placket Top — 1805WL_MARNI_1_2_PLACKET_TOP_NAVY_FRONT.webp,1805wl-product-1805wl-marni-1-2-placket-top-navy-front,https://notanother-nz.github.io/total-image-product-assets/assets/1805WL_MARNI_1_2_PLACKET_TOP/webp/product/1805WL_MARNI_1_2_PLACKET_TOP_NAVY_FRONT.webp,marni-1-2-placket-top-1805wl,navy,7
Marni 1/2 Placket Top — 1805WL_MARNI_1_2_PLACKET_TOP_PEACOCK_FRONT.webp,1805wl-product-1805wl-marni-1-2-placket-top-peacock-front,https://notanother-nz.github.io/total-image-product-assets/assets/1805WL_MARNI_1_2_PLACKET_TOP/webp/product/1805WL_MARNI_1_2_PLACKET_TOP_PEACOCK_FRONT.webp,marni-1-2-placket-top-1805wl,peacock,8
Marni 1/2 Placket Top — 1805WL_MARNI_1_2_PLACKET_TOP_BLACK_BACK.webp,1805wl-product-1805wl-marni-1-2-placket-top-black-back,https://notanother-nz.github.io/total-image-product-assets/assets/1805WL_MARNI_1_2_PLACKET_TOP/webp/product/1805WL_MARNI_1_2_PLACKET_TOP_BLACK_BACK.webp,marni-1-2-placket-top-1805wl,black,9
Marni 1/2 Placket Top — 1805WL_MARNI_1_2_PLACKET_TOP_NAVY_BACK.webp,1805wl-product-1805wl-marni-1-2-placket-top-navy-back,https://notanother-nz.github.io/total-image-product-assets/assets/1805WL_MARNI_1_2_PLACKET_TOP/webp/product/1805WL_MARNI_1_2_PLACKET_TOP_NAVY_BACK.webp,marni-1-2-placket-top-1805wl,navy,10
Marni 1/2 Placket Top — 1805WL_MARNI_1_2_PLACKET_TOP_PEACOCK_BACK.webp,1805wl-product-1805wl-marni-1-2-placket-top-peacock-back,https://notanother-nz.github.io/total-image-product-assets/assets/1805WL_MARNI_1_2_PLACKET_TOP/webp/product/1805WL_MARNI_1_2_PLACKET_TOP_PEACOCK_BACK.webp,marni-1-2-placket-top-1805wl,peacock,11
Poppy Puff Sleeve Top — 1807WS_POPPY_PUFF_SLEEVE_TOP_NAVY__HERO_FRONT.webp,1807ws-model-1807ws-poppy-puff-sleeve-top-navy-hero-front,https://notanother-nz.github.io/total-image-product-assets/assets/1807WS_POPPY_PUFF_SLEEVE_TOP/webp/model/1807WS_POPPY_PUFF_SLEEVE_TOP_NAVY__HERO_FRONT.webp,poppy-puff-sleeve-top-1807ws,navy,1
Poppy Puff Sleeve Top — 1807WS_POPPY_PUFF_SLEEVE_TOP_NAVY__HERO_BACK.webp,1807ws-model-1807ws-poppy-puff-sleeve-top-navy-hero-back,https://notanother-nz.github.io/total-image-product-assets/assets/1807WS_POPPY_PUFF_SLEEVE_TOP/webp/model/1807WS_POPPY_PUFF_SLEEVE_TOP_NAVY__HERO_BACK.webp,poppy-puff-sleeve-top-1807ws,navy,2
Poppy Puff Sleeve Top — 1807WS_POPPY_PUFF_SLEEVE_TOP_NAVY__HERO_CLOSEUP.webp,1807ws-model-1807ws-poppy-puff-sleeve-top-navy-hero-closeup,https://notanother-nz.github.io/total-image-product-assets/assets/1807WS_POPPY_PUFF_SLEEVE_TOP/webp/model/1807WS_POPPY_PUFF_SLEEVE_TOP_NAVY__HERO_CLOSEUP.webp,poppy-puff-sleeve-top-1807ws,navy,3
Poppy Puff Sleeve Top — 1807WS_POPPY_PUFF_SLEEVE_TOP_NAVY__HERO_SIDE.webp,1807ws-model-1807ws-poppy-puff-sleeve-top-navy-hero-side,https://notanother-nz.github.io/total-image-product-assets/assets/1807WS_POPPY_PUFF_SLEEVE_TOP/webp/model/1807WS_POPPY_PUFF_SLEEVE_TOP_NAVY__HERO_SIDE.webp,poppy-puff-sleeve-top-1807ws,navy,4
Poppy Puff Sleeve Top — 1807WS_POPPY_PUFF_SLEEVE_TOP_BLACK_FRONT.webp,1807ws-product-1807ws-poppy-puff-sleeve-top-black-front,https://notanother-nz.github.io/total-image-product-assets/assets/1807WS_POPPY_PUFF_SLEEVE_TOP/webp/product/1807WS_POPPY_PUFF_SLEEVE_TOP_BLACK_FRONT.webp,poppy-puff-sleeve-top-1807ws,black,5
Poppy Puff Sleeve Top — 1807WS_POPPY_PUFF_SLEEVE_TOP_NAVY_FRONT.webp,1807ws-product-1807ws-poppy-puff-sleeve-top-navy-front,https://notanother-nz.github.io/total-image-product-assets/assets/1807WS_POPPY_PUFF_SLEEVE_TOP/webp/product/1807WS_POPPY_PUFF_SLEEVE_TOP_NAVY_FRONT.webp,poppy-puff-sleeve-top-1807ws,navy,6
Poppy Puff Sleeve Top — 1807WS_POPPY_PUFF_SLEEVE_TOP_PEACOCK_FRONT.webp,1807ws-product-1807ws-poppy-puff-sleeve-top-peacock-front,https://notanother-nz.github.io/total-image-product-assets/assets/1807WS_POPPY_PUFF_SLEEVE_TOP/webp/product/1807WS_POPPY_PUFF_SLEEVE_TOP_PEACOCK_FRONT.webp,poppy-puff-sleeve-top-1807ws,peacock,7
Poppy Puff Sleeve Top — 1807WS_POPPY_PUFF_SLEEVE_TOP_BLACK_BACK.webp,1807ws-product-1807ws-poppy-puff-sleeve-top-black-back,https://notanother-nz.github.io/total-image-product-assets/assets/1807WS_POPPY_PUFF_SLEEVE_TOP/webp/product/1807WS_POPPY_PUFF_SLEEVE_TOP_BLACK_BACK.webp,poppy-puff-sleeve-top-1807ws,black,8
Poppy Puff Sleeve Top — 1807WS_POPPY_PUFF_SLEEVE_TOP_NAVY_BACK.webp,1807ws-product-1807ws-poppy-puff-sleeve-top-navy-back,https://notanother-nz.github.io/total-image-product-assets/assets/1807WS_POPPY_PUFF_SLEEVE_TOP/webp/product/1807WS_POPPY_PUFF_SLEEVE_TOP_NAVY_BACK.webp,poppy-puff-sleeve-top-1807ws,navy,9
Poppy Puff Sleeve Top — 1807WS_POPPY_PUFF_SLEEVE_TOP_PEACOCK_BACK.webp,1807ws-product-1807ws-poppy-puff-sleeve-top-peacock-back,https://notanother-nz.github.io/total-image-product-assets/assets/1807WS_POPPY_PUFF_SLEEVE_TOP/webp/product/1807WS_POPPY_PUFF_SLEEVE_TOP_PEACOCK_BACK.webp,poppy-puff-sleeve-top-1807ws,peacock,10
Bradford Fine Oxford Long Sleeve Shirt — 1898L_BRADFORD_FINE_OXFORD_LONG_SLEEVE_SHIRT_WHITE_HERO_FRONT.webp,1898l-model-1898l-bradford-fine-oxford-long-sleeve-shirt-white-hero-front,https://notanother-nz.github.io/total-image-product-assets/assets/1898L_BRADFORD_FINE_OXFORD_LONG_SLEEVE_SHIRT/webp/model/1898L_BRADFORD_FINE_OXFORD_LONG_SLEEVE_SHIRT_WHITE_HERO_FRONT.webp,bradford-fine-oxford-long-sleeve-shirt-1898l,white,1
Bradford Fine Oxford Long Sleeve Shirt — 1898L_BRADFORD_FINE_OXFORD_LONG_SLEEVE_SHIRT_WHITE_HERO_BACK.webp,1898l-model-1898l-bradford-fine-oxford-long-sleeve-shirt-white-hero-back,https://notanother-nz.github.io/total-image-product-assets/assets/1898L_BRADFORD_FINE_OXFORD_LONG_SLEEVE_SHIRT/webp/model/1898L_BRADFORD_FINE_OXFORD_LONG_SLEEVE_SHIRT_WHITE_HERO_BACK.webp,bradford-fine-oxford-long-sleeve-shirt-1898l,white,2
Bradford Fine Oxford Long Sleeve Shirt — 1898L_BRADFORD_FINE_OXFORD_LONG_SLEEVE_SHIRT_WHITE_HERO_CLOSEUP.webp,1898l-model-1898l-bradford-fine-oxford-long-sleeve-shirt-white-hero-closeup,https://notanother-nz.github.io/total-image-product-assets/assets/1898L_BRADFORD_FINE_OXFORD_LONG_SLEEVE_SHIRT/webp/model/1898L_BRADFORD_FINE_OXFORD_LONG_SLEEVE_SHIRT_WHITE_HERO_CLOSEUP.webp,bradford-fine-oxford-long-sleeve-shirt-1898l,white,3
Bradford Fine Oxford Long Sleeve Shirt — 1898L_BRADFORD_FINE_OXFORD_LONG_SLEEVE_SHIRT_WHITE_HERO_SIDE.webp,1898l-model-1898l-bradford-fine-oxford-long-sleeve-shirt-white-hero-side,https://notanother-nz.github.io/total-image-product-assets/assets/1898L_BRADFORD_FINE_OXFORD_LONG_SLEEVE_SHIRT/webp/model/1898L_BRADFORD_FINE_OXFORD_LONG_SLEEVE_SHIRT_WHITE_HERO_SIDE.webp,bradford-fine-oxford-long-sleeve-shirt-1898l,white,4
Bradford Fine Oxford Long Sleeve Shirt — 1898L_BRADFORD_FINE_OXFORD_LONG_SLEEVE_SHIRT_BLUE_FRONT.webp,1898l-product-1898l-bradford-fine-oxford-long-sleeve-shirt-blue-front,https://notanother-nz.github.io/total-image-product-assets/assets/1898L_BRADFORD_FINE_OXFORD_LONG_SLEEVE_SHIRT/webp/product/1898L_BRADFORD_FINE_OXFORD_LONG_SLEEVE_SHIRT_BLUE_FRONT.webp,bradford-fine-oxford-long-sleeve-shirt-1898l,blue,5
Bradford Fine Oxford Long Sleeve Shirt — 1898L_BRADFORD_FINE_OXFORD_LONG_SLEEVE_SHIRT_NAVY_FRONT.webp,1898l-product-1898l-bradford-fine-oxford-long-sleeve-shirt-navy-front,https://notanother-nz.github.io/total-image-product-assets/assets/1898L_BRADFORD_FINE_OXFORD_LONG_SLEEVE_SHIRT/webp/product/1898L_BRADFORD_FINE_OXFORD_LONG_SLEEVE_SHIRT_NAVY_FRONT.webp,bradford-fine-oxford-long-sleeve-shirt-1898l,navy,6
Bradford Fine Oxford Long Sleeve Shirt — 1898L_BRADFORD_FINE_OXFORD_LONG_SLEEVE_SHIRT_WHITE_FRONT.webp,1898l-product-1898l-bradford-fine-oxford-long-sleeve-shirt-white-front,https://notanother-nz.github.io/total-image-product-assets/assets/1898L_BRADFORD_FINE_OXFORD_LONG_SLEEVE_SHIRT/webp/product/1898L_BRADFORD_FINE_OXFORD_LONG_SLEEVE_SHIRT_WHITE_FRONT.webp,bradford-fine-oxford-long-sleeve-shirt-1898l,white,7
Bradford Women's Fine Oxford Long Sleeve Shirt — 1899WL_BRADFORD_WOMEN'S_FINE_OXFORD_LONG_SLEEVE_SHIRT_WHITE_HERO_FRONT.webp,1899wl-model-1899wl-bradford-womens-fine-oxford-long-sleeve-shirt-white-hero-front,https://notanother-nz.github.io/total-image-product-assets/assets/1899WL_BRADFORD_WOMEN'S_FINE_OXFORD_LONG_SLEEVE_SHIRT/webp/model/1899WL_BRADFORD_WOMEN'S_FINE_OXFORD_LONG_SLEEVE_SHIRT_WHITE_HERO_FRONT.webp,bradford-womens-fine-oxford-long-sleeve-shirt-1899wl,white,1
Bradford Women's Fine Oxford Long Sleeve Shirt — 1899WL_BRADFORD_WOMENS_FINE_OXFORD_LONG_SLEEVE_SHIRT_HERO_FRONT.webp,1899wl-model-1899wl-bradford-womens-fine-oxford-long-sleeve-shirt-hero-front,https://notanother-nz.github.io/total-image-product-assets/assets/1899WL_BRADFORD_WOMEN'S_FINE_OXFORD_LONG_SLEEVE_SHIRT/webp/model/1899WL_BRADFORD_WOMENS_FINE_OXFORD_LONG_SLEEVE_SHIRT_HERO_FRONT.webp,bradford-womens-fine-oxford-long-sleeve-shirt-1899wl,,2
Bradford Women's Fine Oxford Long Sleeve Shirt — 1899WL_BRADFORD_WOMEN'S_FINE_OXFORD_LONG_SLEEVE_SHIRT_WHITE_HERO_BACK.webp,1899wl-model-1899wl-bradford-womens-fine-oxford-long-sleeve-shirt-white-hero-back,https://notanother-nz.github.io/total-image-product-assets/assets/1899WL_BRADFORD_WOMEN'S_FINE_OXFORD_LONG_SLEEVE_SHIRT/webp/model/1899WL_BRADFORD_WOMEN'S_FINE_OXFORD_LONG_SLEEVE_SHIRT_WHITE_HERO_BACK.webp,bradford-womens-fine-oxford-long-sleeve-shirt-1899wl,white,3
Bradford Women's Fine Oxford Long Sleeve Shirt — 1899WL_BRADFORD_WOMENS_FINE_OXFORD_LONG_SLEEVE_SHIRT_HERO_BACK.webp,1899wl-model-1899wl-bradford-womens-fine-oxford-long-sleeve-shirt-hero-back,https://notanother-nz.github.io/total-image-product-assets/assets/1899WL_BRADFORD_WOMEN'S_FINE_OXFORD_LONG_SLEEVE_SHIRT/webp/model/1899WL_BRADFORD_WOMENS_FINE_OXFORD_LONG_SLEEVE_SHIRT_HERO_BACK.webp,bradford-womens-fine-oxford-long-sleeve-shirt-1899wl,,4
Bradford Women's Fine Oxford Long Sleeve Shirt — 1899WL_BRADFORD_WOMEN'S_FINE_OXFORD_LONG_SLEEVE_SHIRT_WHITE_HERO_CLOSEUP.webp,1899wl-model-1899wl-bradford-womens-fine-oxford-long-sleeve-shirt-white-hero-closeup,https://notanother-nz.github.io/total-image-product-assets/assets/1899WL_BRADFORD_WOMEN'S_FINE_OXFORD_LONG_SLEEVE_SHIRT/webp/model/1899WL_BRADFORD_WOMEN'S_FINE_OXFORD_LONG_SLEEVE_SHIRT_WHITE_HERO_CLOSEUP.webp,bradford-womens-fine-oxford-long-sleeve-shirt-1899wl,white,5
Bradford Women's Fine Oxford Long Sleeve Shirt — 1899WL_BRADFORD_WOMENS_FINE_OXFORD_LONG_SLEEVE_SHIRT_HERO_CLOSEUP.webp,1899wl-model-1899wl-bradford-womens-fine-oxford-long-sleeve-shirt-hero-closeup,https://notanother-nz.github.io/total-image-product-assets/assets/1899WL_BRADFORD_WOMEN'S_FINE_OXFORD_LONG_SLEEVE_SHIRT/webp/model/1899WL_BRADFORD_WOMENS_FINE_OXFORD_LONG_SLEEVE_SHIRT_HERO_CLOSEUP.webp,bradford-womens-fine-oxford-long-sleeve-shirt-1899wl,,6
Bradford Women's Fine Oxford Long Sleeve Shirt — 1899WL_BRADFORD_WOMEN'S_FINE_OXFORD_LONG_SLEEVE_SHIRT_WHITE_HERO_SIDE.webp,1899wl-model-1899wl-bradford-womens-fine-oxford-long-sleeve-shirt-white-hero-side,https://notanother-nz.github.io/total-image-product-assets/assets/1899WL_BRADFORD_WOMEN'S_FINE_OXFORD_LONG_SLEEVE_SHIRT/webp/model/1899WL_BRADFORD_WOMEN'S_FINE_OXFORD_LONG_SLEEVE_SHIRT_WHITE_HERO_SIDE.webp,bradford-womens-fine-oxford-long-sleeve-shirt-1899wl,white,7
Bradford Women's Fine Oxford Long Sleeve Shirt — 1899WL_BRADFORD_WOMENS_FINE_OXFORD_LONG_SLEEVE_SHIRT_HERO_SIDE.webp,1899wl-model-1899wl-bradford-womens-fine-oxford-long-sleeve-shirt-hero-side,https://notanother-nz.github.io/total-image-product-assets/assets/1899WL_BRADFORD_WOMEN'S_FINE_OXFORD_LONG_SLEEVE_SHIRT/webp/model/1899WL_BRADFORD_WOMENS_FINE_OXFORD_LONG_SLEEVE_SHIRT_HERO_SIDE.webp,bradford-womens-fine-oxford-long-sleeve-shirt-1899wl,,8
Bradford Women's Fine Oxford Long Sleeve Shirt — 1899WL_BRADFORD_WOMEN'S_FINE_OXFORD_LONG_SLEEVE_SHIRT_BLUE_FRONT.webp,1899wl-product-1899wl-bradford-womens-fine-oxford-long-sleeve-shirt-blue-front,https://notanother-nz.github.io/total-image-product-assets/assets/1899WL_BRADFORD_WOMEN'S_FINE_OXFORD_LONG_SLEEVE_SHIRT/webp/product/1899WL_BRADFORD_WOMEN'S_FINE_OXFORD_LONG_SLEEVE_SHIRT_BLUE_FRONT.webp,bradford-womens-fine-oxford-long-sleeve-shirt-1899wl,blue,9
Bradford Women's Fine Oxford Long Sleeve Shirt — 1899WL_BRADFORD_WOMEN'S_FINE_OXFORD_LONG_SLEEVE_SHIRT_NAVY_FRONT.webp,1899wl-product-1899wl-bradford-womens-fine-oxford-long-sleeve-shirt-navy-front,https://notanother-nz.github.io/total-image-product-assets/assets/1899WL_BRADFORD_WOMEN'S_FINE_OXFORD_LONG_SLEEVE_SHIRT/webp/product/1899WL_BRADFORD_WOMEN'S_FINE_OXFORD_LONG_SLEEVE_SHIRT_NAVY_FRONT.webp,bradford-womens-fine-oxford-long-sleeve-shirt-1899wl,navy,10
Bradford Women's Fine Oxford Long Sleeve Shirt — 1899WL_BRADFORD_WOMEN'S_FINE_OXFORD_LONG_SLEEVE_SHIRT_WHITE_FRONT.webp,1899wl-product-1899wl-bradford-womens-fine-oxford-long-sleeve-shirt-white-front,https://notanother-nz.github.io/total-image-product-assets/assets/1899WL_BRADFORD_WOMEN'S_FINE_OXFORD_LONG_SLEEVE_SHIRT/webp/product/1899WL_BRADFORD_WOMEN'S_FINE_OXFORD_LONG_SLEEVE_SHIRT_WHITE_FRONT.webp,bradford-womens-fine-oxford-long-sleeve-shirt-1899wl,white,11
Bradford Women's Fine Oxford Long Sleeve Shirt — 1899WL_BRADFORD_WOMENS_FINE_OXFORD_LONG_SLEEVE_SHIRT_BLUE_VIEW.webp,1899wl-product-1899wl-bradford-womens-fine-oxford-long-sleeve-shirt-blue-view,https://notanother-nz.github.io/total-image-product-assets/assets/1899WL_BRADFORD_WOMEN'S_FINE_OXFORD_LONG_SLEEVE_SHIRT/webp/product/1899WL_BRADFORD_WOMENS_FINE_OXFORD_LONG_SLEEVE_SHIRT_BLUE_VIEW.webp,bradford-womens-fine-oxford-long-sleeve-shirt-1899wl,blue,12
Bradford Women's Fine Oxford Long Sleeve Shirt — 1899WL_BRADFORD_WOMENS_FINE_OXFORD_LONG_SLEEVE_SHIRT_NAVY_VIEW.webp,1899wl-product-1899wl-bradford-womens-fine-oxford-long-sleeve-shirt-navy-view,https://notanother-nz.github.io/total-image-product-assets/assets/1899WL_BRADFORD_WOMEN'S_FINE_OXFORD_LONG_SLEEVE_SHIRT/webp/product/1899WL_BRADFORD_WOMENS_FINE_OXFORD_LONG_SLEEVE_SHIRT_NAVY_VIEW.webp,bradford-womens-fine-oxford-long-sleeve-shirt-1899wl,navy,13
Bradford Women's Fine Oxford Long Sleeve Shirt — 1899WL_BRADFORD_WOMENS_FINE_OXFORD_LONG_SLEEVE_SHIRT_WHITE_VIEW.webp,1899wl-product-1899wl-bradford-womens-fine-oxford-long-sleeve-shirt-white-view,https://notanother-nz.github.io/total-image-product-assets/assets/1899WL_BRADFORD_WOMEN'S_FINE_OXFORD_LONG_SLEEVE_SHIRT/webp/product/1899WL_BRADFORD_WOMENS_FINE_OXFORD_LONG_SLEEVE_SHIRT_WHITE_VIEW.webp,bradford-womens-fine-oxford-long-sleeve-shirt-1899wl,white,14
Women's Multi-Pleat Skirt — 20115_WOMEN'S_MULTI_PLEAT_SKIRT_NAVY_HERO_FRONT.webp,20115-model-20115-womens-multi-pleat-skirt-navy-hero-front,https://notanother-nz.github.io/total-image-product-assets/assets/20115_WOMEN'S_MULTI_PLEAT_SKIRT/webp/model/20115_WOMEN'S_MULTI_PLEAT_SKIRT_NAVY_HERO_FRONT.webp,womens-multi-pleat-skirt-20115,navy,1
Women's Multi-Pleat Skirt — 20115_WOMEN'S_MULTI_PLEAT_SKIRT_NAVY_HERO_BACK.webp,20115-model-20115-womens-multi-pleat-skirt-navy-hero-back,https://notanother-nz.github.io/total-image-product-assets/assets/20115_WOMEN'S_MULTI_PLEAT_SKIRT/webp/model/20115_WOMEN'S_MULTI_PLEAT_SKIRT_NAVY_HERO_BACK.webp,womens-multi-pleat-skirt-20115,navy,2
Women's Multi-Pleat Skirt — 20115_WOMEN'S_MULTI_PLEAT_SKIRT_NAVY_HERO_CLOSEUP.webp,20115-model-20115-womens-multi-pleat-skirt-navy-hero-closeup,https://notanother-nz.github.io/total-image-product-assets/assets/20115_WOMEN'S_MULTI_PLEAT_SKIRT/webp/model/20115_WOMEN'S_MULTI_PLEAT_SKIRT_NAVY_HERO_CLOSEUP.webp,womens-multi-pleat-skirt-20115,navy,3
Women's Multi-Pleat Skirt — 20115_WOMEN'S_MULTI_PLEAT_SKIRT_NAVY_HERO_SIDE.webp,20115-model-20115-womens-multi-pleat-skirt-navy-hero-side,https://notanother-nz.github.io/total-image-product-assets/assets/20115_WOMEN'S_MULTI_PLEAT_SKIRT/webp/model/20115_WOMEN'S_MULTI_PLEAT_SKIRT_NAVY_HERO_SIDE.webp,womens-multi-pleat-skirt-20115,navy,4
Women's Multi-Pleat Skirt — 20115_WOMEN'S_MULTI_PLEAT_SKIRT_BLACK_FRONT.webp,20115-product-20115-womens-multi-pleat-skirt-black-front,https://notanother-nz.github.io/total-image-product-assets/assets/20115_WOMEN'S_MULTI_PLEAT_SKIRT/webp/product/20115_WOMEN'S_MULTI_PLEAT_SKIRT_BLACK_FRONT.webp,womens-multi-pleat-skirt-20115,black,5
Women's Multi-Pleat Skirt — 20115_WOMEN'S_MULTI_PLEAT_SKIRT_CHARCOAL_FRONT.webp,20115-product-20115-womens-multi-pleat-skirt-charcoal-front,https://notanother-nz.github.io/total-image-product-assets/assets/20115_WOMEN'S_MULTI_PLEAT_SKIRT/webp/product/20115_WOMEN'S_MULTI_PLEAT_SKIRT_CHARCOAL_FRONT.webp,womens-multi-pleat-skirt-20115,charcoal,6
Women's Multi-Pleat Skirt — 20115_WOMEN'S_MULTI_PLEAT_SKIRT_NAVY_FRONT.webp,20115-product-20115-womens-multi-pleat-skirt-navy-front,https://notanother-nz.github.io/total-image-product-assets/assets/20115_WOMEN'S_MULTI_PLEAT_SKIRT/webp/product/20115_WOMEN'S_MULTI_PLEAT_SKIRT_NAVY_FRONT.webp,womens-multi-pleat-skirt-20115,navy,7
Women's Multi-Pleat Skirt — 20115_WOMEN'S_MULTI_PLEAT_SKIRT_BLACK_BACK.webp,20115-product-20115-womens-multi-pleat-skirt-black-back,https://notanother-nz.github.io/total-image-product-assets/assets/20115_WOMEN'S_MULTI_PLEAT_SKIRT/webp/product/20115_WOMEN'S_MULTI_PLEAT_SKIRT_BLACK_BACK.webp,womens-multi-pleat-skirt-20115,black,8
Women's Multi-Pleat Skirt — 20115_WOMEN'S_MULTI_PLEAT_SKIRT_CHARCOAL_BACK.webp,20115-product-20115-womens-multi-pleat-skirt-charcoal-back,https://notanother-nz.github.io/total-image-product-assets/assets/20115_WOMEN'S_MULTI_PLEAT_SKIRT/webp/product/20115_WOMEN'S_MULTI_PLEAT_SKIRT_CHARCOAL_BACK.webp,womens-multi-pleat-skirt-20115,charcoal,9
Women's Multi-Pleat Skirt — 20115_WOMEN'S_MULTI_PLEAT_SKIRT_NAVY_BACK.webp,20115-product-20115-womens-multi-pleat-skirt-navy-back,https://notanother-nz.github.io/total-image-product-assets/assets/20115_WOMEN'S_MULTI_PLEAT_SKIRT/webp/product/20115_WOMEN'S_MULTI_PLEAT_SKIRT_NAVY_BACK.webp,womens-multi-pleat-skirt-20115,navy,10
Women's Bandless Pencil Skirt — 20717_Siena_Womens_Bandless_Pencil_Skirt_Hero_Front.webp,20717-model-20717-siena-womens-bandless-pencil-skirt-hero-front,https://notanother-nz.github.io/total-image-product-assets/assets/20717_WOMEN'S_BANDLESS_PENCIL_SKIRT/webp/model/20717_Siena_Womens_Bandless_Pencil_Skirt_Hero_Front.webp,womens-bandless-pencil-skirt-20717,,1
Women's Bandless Pencil Skirt — 20717_WOMEN'S_BANDLESS_PENCIL_SKIRT_MARINE_HERO_FRONT.webp,20717-model-20717-womens-bandless-pencil-skirt-marine-hero-front,https://notanother-nz.github.io/total-image-product-assets/assets/20717_WOMEN'S_BANDLESS_PENCIL_SKIRT/webp/model/20717_WOMEN'S_BANDLESS_PENCIL_SKIRT_MARINE_HERO_FRONT.webp,womens-bandless-pencil-skirt-20717,marine,2
Women's Bandless Pencil Skirt — 20717_Siena_Womens_Bandless_Pencil_Skirt_Hero_Back.webp,20717-model-20717-siena-womens-bandless-pencil-skirt-hero-back,https://notanother-nz.github.io/total-image-product-assets/assets/20717_WOMEN'S_BANDLESS_PENCIL_SKIRT/webp/model/20717_Siena_Womens_Bandless_Pencil_Skirt_Hero_Back.webp,womens-bandless-pencil-skirt-20717,,3
Women's Bandless Pencil Skirt — 20717_WOMEN'S_BANDLESS_PENCIL_SKIRT_MARINE_HERO_BACK.webp,20717-model-20717-womens-bandless-pencil-skirt-marine-hero-back,https://notanother-nz.github.io/total-image-product-assets/assets/20717_WOMEN'S_BANDLESS_PENCIL_SKIRT/webp/model/20717_WOMEN'S_BANDLESS_PENCIL_SKIRT_MARINE_HERO_BACK.webp,womens-bandless-pencil-skirt-20717,marine,4
Women's Bandless Pencil Skirt — 20717_Siena_Womens_Bandless_Pencil_Skirt_Hero_CloseUp.webp,20717-model-20717-siena-womens-bandless-pencil-skirt-hero-closeup,https://notanother-nz.github.io/total-image-product-assets/assets/20717_WOMEN'S_BANDLESS_PENCIL_SKIRT/webp/model/20717_Siena_Womens_Bandless_Pencil_Skirt_Hero_CloseUp.webp,womens-bandless-pencil-skirt-20717,,5
Women's Bandless Pencil Skirt — 20717_Siena_Womens_Bandless_Pencil_Skirt_Hero_Side.webp,20717-model-20717-siena-womens-bandless-pencil-skirt-hero-side,https://notanother-nz.github.io/total-image-product-assets/assets/20717_WOMEN'S_BANDLESS_PENCIL_SKIRT/webp/model/20717_Siena_Womens_Bandless_Pencil_Skirt_Hero_Side.webp,womens-bandless-pencil-skirt-20717,,6
Women's Bandless Pencil Skirt — 20717_WOMEN'S_BANDLESS_PENCIL_SKIRT_MARINE_HERO_SIDE.webp,20717-model-20717-womens-bandless-pencil-skirt-marine-hero-side,https://notanother-nz.github.io/total-image-product-assets/assets/20717_WOMEN'S_BANDLESS_PENCIL_SKIRT/webp/model/20717_WOMEN'S_BANDLESS_PENCIL_SKIRT_MARINE_HERO_SIDE.webp,womens-bandless-pencil-skirt-20717,marine,7
Women's Bandless Pencil Skirt — 20717_WOMEN'S_BANDLESS_PENCIL_SKIRT_MARINE_HERO_CLOSEU[.webp,20717-model-20717-womens-bandless-pencil-skirt-marine-hero-closeu,https://notanother-nz.github.io/total-image-product-assets/assets/20717_WOMEN'S_BANDLESS_PENCIL_SKIRT/webp/model/20717_WOMEN'S_BANDLESS_PENCIL_SKIRT_MARINE_HERO_CLOSEU%5B.webp,womens-bandless-pencil-skirt-20717,marine,8
Women's Bandless Pencil Skirt — 20717_WOMEN'S_BANDLESS_PENCIL_SKIRT_BLACK_FRONT.webp,20717-product-20717-womens-bandless-pencil-skirt-black-front,https://notanother-nz.github.io/total-image-product-assets/assets/20717_WOMEN'S_BANDLESS_PENCIL_SKIRT/webp/product/20717_WOMEN'S_BANDLESS_PENCIL_SKIRT_BLACK_FRONT.webp,womens-bandless-pencil-skirt-20717,black,9
Women's Bandless Pencil Skirt — 20717_WOMEN'S_BANDLESS_PENCIL_SKIRT_MARINE_FRONT.webp,20717-product-20717-womens-bandless-pencil-skirt-marine-front,https://notanother-nz.github.io/total-image-product-assets/assets/20717_WOMEN'S_BANDLESS_PENCIL_SKIRT/webp/product/20717_WOMEN'S_BANDLESS_PENCIL_SKIRT_MARINE_FRONT.webp,womens-bandless-pencil-skirt-20717,marine,10
Women's Bandless Pencil Skirt — 20717_Siena_Womens_Bandless_Pencil_Skirt_Black_Back_View.webp,20717-product-20717-siena-womens-bandless-pencil-skirt-black-back-view,https://notanother-nz.github.io/total-image-product-assets/assets/20717_WOMEN'S_BANDLESS_PENCIL_SKIRT/webp/product/20717_Siena_Womens_Bandless_Pencil_Skirt_Black_Back_View.webp,womens-bandless-pencil-skirt-20717,black,11
Women's Bandless Pencil Skirt — 20717_Siena_Womens_Bandless_Pencil_Skirt_Marine_Back_View.webp,20717-product-20717-siena-womens-bandless-pencil-skirt-marine-back-view,https://notanother-nz.github.io/total-image-product-assets/assets/20717_WOMEN'S_BANDLESS_PENCIL_SKIRT/webp/product/20717_Siena_Womens_Bandless_Pencil_Skirt_Marine_Back_View.webp,womens-bandless-pencil-skirt-20717,marine,12
Women's Bandless Pencil Skirt — 20717_WOMEN'S_BANDLESS_PENCIL_SKIRT_BLACK_BACK.webp,20717-product-20717-womens-bandless-pencil-skirt-black-back,https://notanother-nz.github.io/total-image-product-assets/assets/20717_WOMEN'S_BANDLESS_PENCIL_SKIRT/webp/product/20717_WOMEN'S_BANDLESS_PENCIL_SKIRT_BLACK_BACK.webp,womens-bandless-pencil-skirt-20717,black,13
Women's Bandless Pencil Skirt — 20717_WOMEN'S_BANDLESS_PENCIL_SKIRT_MARINE_BACK.webp,20717-product-20717-womens-bandless-pencil-skirt-marine-back,https://notanother-nz.github.io/total-image-product-assets/assets/20717_WOMEN'S_BANDLESS_PENCIL_SKIRT/webp/product/20717_WOMEN'S_BANDLESS_PENCIL_SKIRT_MARINE_BACK.webp,womens-bandless-pencil-skirt-20717,marine,14
Women's Bandless Pencil Skirt — 20717_Siena_Womens_Bandless_Pencil_Skirt_Black_View.webp,20717-product-20717-siena-womens-bandless-pencil-skirt-black-view,https://notanother-nz.github.io/total-image-product-assets/assets/20717_WOMEN'S_BANDLESS_PENCIL_SKIRT/webp/product/20717_Siena_Womens_Bandless_Pencil_Skirt_Black_View.webp,womens-bandless-pencil-skirt-20717,black,15
Women's Bandless Pencil Skirt — 20717_Siena_Womens_Bandless_Pencil_Skirt_Marine_View.webp,20717-product-20717-siena-womens-bandless-pencil-skirt-marine-view,https://notanother-nz.github.io/total-image-product-assets/assets/20717_WOMEN'S_BANDLESS_PENCIL_SKIRT/webp/product/20717_Siena_Womens_Bandless_Pencil_Skirt_Marine_View.webp,womens-bandless-pencil-skirt-20717,marine,16
Women's Front Pleat Detail Straight Skirt — 20720_WOMEN'S_FRONT_PLEAT_DETAIL_STRAIGHT_SKIRT_MARINE_HERO_FRONT.webp,20720-model-20720-womens-front-pleat-detail-straight-skirt-marine-hero-front,https://notanother-nz.github.io/total-image-product-assets/assets/20720_WOMEN'S_FRONT_PLEAT_DETAIL_STRAIGHT_SKIRT/webp/model/20720_WOMEN'S_FRONT_PLEAT_DETAIL_STRAIGHT_SKIRT_MARINE_HERO_FRONT.webp,womens-front-pleat-detail-straight-skirt-20720,marine,1
Women's Front Pleat Detail Straight Skirt — 20720_WOMEN'S_FRONT_PLEAT_DETAIL_STRAIGHT_SKIRT_MARINE_HERO_BACK.webp,20720-model-20720-womens-front-pleat-detail-straight-skirt-marine-hero-back,https://notanother-nz.github.io/total-image-product-assets/assets/20720_WOMEN'S_FRONT_PLEAT_DETAIL_STRAIGHT_SKIRT/webp/model/20720_WOMEN'S_FRONT_PLEAT_DETAIL_STRAIGHT_SKIRT_MARINE_HERO_BACK.webp,womens-front-pleat-detail-straight-skirt-20720,marine,2
Women's Front Pleat Detail Straight Skirt — 20720_WOMEN'S_FRONT_PLEAT_DETAIL_STRAIGHT_SKIRT_MARINE_HERO_CLOSEUP.webp,20720-model-20720-womens-front-pleat-detail-straight-skirt-marine-hero-closeup,https://notanother-nz.github.io/total-image-product-assets/assets/20720_WOMEN'S_FRONT_PLEAT_DETAIL_STRAIGHT_SKIRT/webp/model/20720_WOMEN'S_FRONT_PLEAT_DETAIL_STRAIGHT_SKIRT_MARINE_HERO_CLOSEUP.webp,womens-front-pleat-detail-straight-skirt-20720,marine,3
Women's Front Pleat Detail Straight Skirt — 20720_WOMEN'S_FRONT_PLEAT_DETAIL_STRAIGHT_SKIRT_MARINE_HERO_SIDE.webp,20720-model-20720-womens-front-pleat-detail-straight-skirt-marine-hero-side,https://notanother-nz.github.io/total-image-product-assets/assets/20720_WOMEN'S_FRONT_PLEAT_DETAIL_STRAIGHT_SKIRT/webp/model/20720_WOMEN'S_FRONT_PLEAT_DETAIL_STRAIGHT_SKIRT_MARINE_HERO_SIDE.webp,womens-front-pleat-detail-straight-skirt-20720,marine,4
Women's Front Pleat Detail Straight Skirt — 20720_WOMEN'S_FRONT_PLEAT_DETAIL_STRAIGHT_SKIRT_BLACK_BACK.webp,20720-product-20720-womens-front-pleat-detail-straight-skirt-black-back,https://notanother-nz.github.io/total-image-product-assets/assets/20720_WOMEN'S_FRONT_PLEAT_DETAIL_STRAIGHT_SKIRT/webp/product/20720_WOMEN'S_FRONT_PLEAT_DETAIL_STRAIGHT_SKIRT_BLACK_BACK.webp,womens-front-pleat-detail-straight-skirt-20720,black,5
Women's Front Pleat Detail Straight Skirt — 20720_WOMEN'S_FRONT_PLEAT_DETAIL_STRAIGHT_SKIRT_BLACK_FRONT.webp,20720-product-20720-womens-front-pleat-detail-straight-skirt-black-front,https://notanother-nz.github.io/total-image-product-assets/assets/20720_WOMEN'S_FRONT_PLEAT_DETAIL_STRAIGHT_SKIRT/webp/product/20720_WOMEN'S_FRONT_PLEAT_DETAIL_STRAIGHT_SKIRT_BLACK_FRONT.webp,womens-front-pleat-detail-straight-skirt-20720,black,6
Women's Front Pleat Detail Straight Skirt — 20720_WOMEN'S_FRONT_PLEAT_DETAIL_STRAIGHT_SKIRT_MARINE_BACK.webp,20720-product-20720-womens-front-pleat-detail-straight-skirt-marine-back,https://notanother-nz.github.io/total-image-product-assets/assets/20720_WOMEN'S_FRONT_PLEAT_DETAIL_STRAIGHT_SKIRT/webp/product/20720_WOMEN'S_FRONT_PLEAT_DETAIL_STRAIGHT_SKIRT_MARINE_BACK.webp,womens-front-pleat-detail-straight-skirt-20720,marine,7
Women's Front Pleat Detail Straight Skirt — 20720_WOMEN'S_FRONT_PLEAT_DETAIL_STRAIGHT_SKIRT_MARINE_FRONT.webp,20720-product-20720-womens-front-pleat-detail-straight-skirt-marine-front,https://notanother-nz.github.io/total-image-product-assets/assets/20720_WOMEN'S_FRONT_PLEAT_DETAIL_STRAIGHT_SKIRT/webp/product/20720_WOMEN'S_FRONT_PLEAT_DETAIL_STRAIGHT_SKIRT_MARINE_FRONT.webp,womens-front-pleat-detail-straight-skirt-20720,marine,8
210 Polo — 210_POLO_WHITE_HERO_FRONT.webp,210-model-210-polo-white-hero-front,https://notanother-nz.github.io/total-image-product-assets/assets/210_POLO/webp/model/210_POLO_WHITE_HERO_FRONT.webp,210-polo-210,white,1
210 Polo — 210_POLO_WHITE_HERO_BACK.webp,210-model-210-polo-white-hero-back,https://notanother-nz.github.io/total-image-product-assets/assets/210_POLO/webp/model/210_POLO_WHITE_HERO_BACK.webp,210-polo-210,white,2
210 Polo — 210_POLO_WHITE_HERO_CLOSEUP.webp,210-model-210-polo-white-hero-closeup,https://notanother-nz.github.io/total-image-product-assets/assets/210_POLO/webp/model/210_POLO_WHITE_HERO_CLOSEUP.webp,210-polo-210,white,3
210 Polo — 210_POLO_WHITE_HERO_SIDE.webp,210-model-210-polo-white-hero-side,https://notanother-nz.github.io/total-image-product-assets/assets/210_POLO/webp/model/210_POLO_WHITE_HERO_SIDE.webp,210-polo-210,white,4
210 Polo — 210_POLO_AQUA_FRONT.webp,210-product-210-polo-aqua-front,https://notanother-nz.github.io/total-image-product-assets/assets/210_POLO/webp/product/210_POLO_AQUA_FRONT.webp,210-polo-210,aqua,5
210 Polo — 210_POLO_BLACK_FRONT.webp,210-product-210-polo-black-front,https://notanother-nz.github.io/total-image-product-assets/assets/210_POLO/webp/product/210_POLO_BLACK_FRONT.webp,210-polo-210,black,6
210 Polo — 210_POLO_BOTTLE_FRONT.webp,210-product-210-polo-bottle-front,https://notanother-nz.github.io/total-image-product-assets/assets/210_POLO/webp/product/210_POLO_BOTTLE_FRONT.webp,210-polo-210,bottle,7
210 Polo — 210_POLO_CHARCOAL_MARLE_FRONT.webp,210-product-210-polo-charcoal-marle-front,https://notanother-nz.github.io/total-image-product-assets/assets/210_POLO/webp/product/210_POLO_CHARCOAL_MARLE_FRONT.webp,210-polo-210,charcoal-marle,8
210 Polo — 210_POLO_GOLD_FRONT.webp,210-product-210-polo-gold-front,https://notanother-nz.github.io/total-image-product-assets/assets/210_POLO/webp/product/210_POLO_GOLD_FRONT.webp,210-polo-210,gold,9
210 Polo — 210_POLO_GUNMETAL_FRONT.webp,210-product-210-polo-gunmetal-front,https://notanother-nz.github.io/total-image-product-assets/assets/210_POLO/webp/product/210_POLO_GUNMETAL_FRONT.webp,210-polo-210,gunmetal,10
210 Polo — 210_POLO_HOT_PINK_FRONT.webp,210-product-210-polo-hot-pink-front,https://notanother-nz.github.io/total-image-product-assets/assets/210_POLO/webp/product/210_POLO_HOT_PINK_FRONT.webp,210-polo-210,hot-pink,11
210 Polo — 210_POLO_JADE_FRONT.webp,210-product-210-polo-jade-front,https://notanother-nz.github.io/total-image-product-assets/assets/210_POLO/webp/product/210_POLO_JADE_FRONT.webp,210-polo-210,jade,12
210 Polo — 210_POLO_KELLY_GREEN_FRONT.webp,210-product-210-polo-kelly-green-front,https://notanother-nz.github.io/total-image-product-assets/assets/210_POLO/webp/product/210_POLO_KELLY_GREEN_FRONT.webp,210-polo-210,kelly-green,13
210 Polo — 210_POLO_LT_BLUE_FRONT.webp,210-product-210-polo-lt-blue-front,https://notanother-nz.github.io/total-image-product-assets/assets/210_POLO/webp/product/210_POLO_LT_BLUE_FRONT.webp,210-polo-210,lt-blue,14
210 Polo — 210_POLO_MARLE_FRONT.webp,210-product-210-polo-marle-front,https://notanother-nz.github.io/total-image-product-assets/assets/210_POLO/webp/product/210_POLO_MARLE_FRONT.webp,210-polo-210,,15
210 Polo — 210_POLO_MAROON_FRONT.webp,210-product-210-polo-maroon-front,https://notanother-nz.github.io/total-image-product-assets/assets/210_POLO/webp/product/210_POLO_MAROON_FRONT.webp,210-polo-210,maroon,16
210 Polo — 210_POLO_NAVY_FRONT.webp,210-product-210-polo-navy-front,https://notanother-nz.github.io/total-image-product-assets/assets/210_POLO/webp/product/210_POLO_NAVY_FRONT.webp,210-polo-210,navy,17
210 Polo — 210_POLO_ORANGE_FRONT.webp,210-product-210-polo-orange-front,https://notanother-nz.github.io/total-image-product-assets/assets/210_POLO/webp/product/210_POLO_ORANGE_FRONT.webp,210-polo-210,orange,18
210 Polo — 210_POLO_PEA_GREEN_FRONT.webp,210-product-210-polo-pea-green-front,https://notanother-nz.github.io/total-image-product-assets/assets/210_POLO/webp/product/210_POLO_PEA_GREEN_FRONT.webp,210-polo-210,pea-green,19
210 Polo — 210_POLO_PURPLE_FRONT.webp,210-product-210-polo-purple-front,https://notanother-nz.github.io/total-image-product-assets/assets/210_POLO/webp/product/210_POLO_PURPLE_FRONT.webp,210-polo-210,purple,20
210 Polo — 210_POLO_RED_FRONT.webp,210-product-210-polo-red-front,https://notanother-nz.github.io/total-image-product-assets/assets/210_POLO/webp/product/210_POLO_RED_FRONT.webp,210-polo-210,red,21
210 Polo — 210_POLO_ROYAL_FRONT.webp,210-product-210-polo-royal-front,https://notanother-nz.github.io/total-image-product-assets/assets/210_POLO/webp/product/210_POLO_ROYAL_FRONT.webp,210-polo-210,royal,22
210 Polo — 210_POLO_WHITE_FRONT.webp,210-product-210-polo-white-front,https://notanother-nz.github.io/total-image-product-assets/assets/210_POLO/webp/product/210_POLO_WHITE_FRONT.webp,210-polo-210,white,23
210 Polo — 210_POLO_BLACK_BACK.webp,210-product-210-polo-black-back,https://notanother-nz.github.io/total-image-product-assets/assets/210_POLO/webp/product/210_POLO_BLACK_BACK.webp,210-polo-210,black,24
210 Polo — 210_POLO_BOTTLE_BACK.webp,210-product-210-polo-bottle-back,https://notanother-nz.github.io/total-image-product-assets/assets/210_POLO/webp/product/210_POLO_BOTTLE_BACK.webp,210-polo-210,bottle,25
210 Polo — 210_POLO_CHARCOAL_MARLE_BACK.webp,210-product-210-polo-charcoal-marle-back,https://notanother-nz.github.io/total-image-product-assets/assets/210_POLO/webp/product/210_POLO_CHARCOAL_MARLE_BACK.webp,210-polo-210,charcoal-marle,26
210 Polo — 210_POLO_GOLD_BACK.webp,210-product-210-polo-gold-back,https://notanother-nz.github.io/total-image-product-assets/assets/210_POLO/webp/product/210_POLO_GOLD_BACK.webp,210-polo-210,gold,27
210 Polo — 210_POLO_GUNMETAL_BACK.webp,210-product-210-polo-gunmetal-back,https://notanother-nz.github.io/total-image-product-assets/assets/210_POLO/webp/product/210_POLO_GUNMETAL_BACK.webp,210-polo-210,gunmetal,28
210 Polo — 210_POLO_HOT_PINK_BACK.webp,210-product-210-polo-hot-pink-back,https://notanother-nz.github.io/total-image-product-assets/assets/210_POLO/webp/product/210_POLO_HOT_PINK_BACK.webp,210-polo-210,hot-pink,29
210 Polo — 210_POLO_JADE_BACK.webp,210-product-210-polo-jade-back,https://notanother-nz.github.io/total-image-product-assets/assets/210_POLO/webp/product/210_POLO_JADE_BACK.webp,210-polo-210,jade,30
210 Polo — 210_POLO_KELLY_GREEN_BACK.webp,210-product-210-polo-kelly-green-back,https://notanother-nz.github.io/total-image-product-assets/assets/210_POLO/webp/product/210_POLO_KELLY_GREEN_BACK.webp,210-polo-210,kelly-green,31
210 Polo — 210_POLO_LT_BLUE_BACK.webp,210-product-210-polo-lt-blue-back,https://notanother-nz.github.io/total-image-product-assets/assets/210_POLO/webp/product/210_POLO_LT_BLUE_BACK.webp,210-polo-210,lt-blue,32
210 Polo — 210_POLO_MARLE_BACK.webp,210-product-210-polo-marle-back,https://notanother-nz.github.io/total-image-product-assets/assets/210_POLO/webp/product/210_POLO_MARLE_BACK.webp,210-polo-210,,33
210 Polo — 210_POLO_MAROON_BACK.webp,210-product-210-polo-maroon-back,https://notanother-nz.github.io/total-image-product-assets/assets/210_POLO/webp/product/210_POLO_MAROON_BACK.webp,210-polo-210,maroon,34
210 Polo — 210_POLO_NAVY_BACK.webp,210-product-210-polo-navy-back,https://notanother-nz.github.io/total-image-product-assets/assets/210_POLO/webp/product/210_POLO_NAVY_BACK.webp,210-polo-210,navy,35
210 Polo — 210_POLO_ORANGE_BACK.webp,210-product-210-polo-orange-back,https://notanother-nz.github.io/total-image-product-assets/assets/210_POLO/webp/product/210_POLO_ORANGE_BACK.webp,210-polo-210,orange,36
210 Polo — 210_POLO_PEA_GREEN_BACK.webp,210-product-210-polo-pea-green-back,https://notanother-nz.github.io/total-image-product-assets/assets/210_POLO/webp/product/210_POLO_PEA_GREEN_BACK.webp,210-polo-210,pea-green,37
210 Polo — 210_POLO_PURPLE_BACK.webp,210-product-210-polo-purple-back,https://notanother-nz.github.io/total-image-product-assets/assets/210_POLO/webp/product/210_POLO_PURPLE_BACK.webp,210-polo-210,purple,38
210 Polo — 210_POLO_RED_BACK.webp,210-product-210-polo-red-back,https://notanother-nz.github.io/total-image-product-assets/assets/210_POLO/webp/product/210_POLO_RED_BACK.webp,210-polo-210,red,39
210 Polo — 210_POLO_ROYAL_BACK.webp,210-product-210-polo-royal-back,https://notanother-nz.github.io/total-image-product-assets/assets/210_POLO/webp/product/210_POLO_ROYAL_BACK.webp,210-polo-210,royal,40
210 Polo — 210_POLO_WHITE_BACK.webp,210-product-210-polo-white-back,https://notanother-nz.github.io/total-image-product-assets/assets/210_POLO/webp/product/210_POLO_WHITE_BACK.webp,210-polo-210,white,41
210 Polo — 210_POLO_AQUA_BLACK.webp,210-product-210-polo-aqua-black,https://notanother-nz.github.io/total-image-product-assets/assets/210_POLO/webp/product/210_POLO_AQUA_BLACK.webp,210-polo-210,black,42
Olsen Cotton Stretch Shirt- Slim Fit — 2102L_OLSEN_COTTON_STRETCH_SHIRT_HERO_FRONT.webp,2102l-model-2102l-olsen-cotton-stretch-shirt-hero-front,https://notanother-nz.github.io/total-image-product-assets/assets/2102L_OLSEN_COTTON_STRETCH_SHIRT/webp/model/2102L_OLSEN_COTTON_STRETCH_SHIRT_HERO_FRONT.webp,olsen-cotton-stretch-shirt-slim-fit-2102l,,1
Olsen Cotton Stretch Shirt- Slim Fit — 2102L_OLSEN_COTTON_STRETCH_SHIRT_HERO_BACK.webp,2102l-model-2102l-olsen-cotton-stretch-shirt-hero-back,https://notanother-nz.github.io/total-image-product-assets/assets/2102L_OLSEN_COTTON_STRETCH_SHIRT/webp/model/2102L_OLSEN_COTTON_STRETCH_SHIRT_HERO_BACK.webp,olsen-cotton-stretch-shirt-slim-fit-2102l,,2
Olsen Cotton Stretch Shirt- Slim Fit — 2102L_OLSEN_COTTON_STRETCH_SHIRT_HERO_CLOSEUP.webp,2102l-model-2102l-olsen-cotton-stretch-shirt-hero-closeup,https://notanother-nz.github.io/total-image-product-assets/assets/2102L_OLSEN_COTTON_STRETCH_SHIRT/webp/model/2102L_OLSEN_COTTON_STRETCH_SHIRT_HERO_CLOSEUP.webp,olsen-cotton-stretch-shirt-slim-fit-2102l,,3
Olsen Cotton Stretch Shirt- Slim Fit — 2102L_OLSEN_COTTON_STRETCH_SHIRT_HERO_SIDE.webp,2102l-model-2102l-olsen-cotton-stretch-shirt-hero-side,https://notanother-nz.github.io/total-image-product-assets/assets/2102L_OLSEN_COTTON_STRETCH_SHIRT/webp/model/2102L_OLSEN_COTTON_STRETCH_SHIRT_HERO_SIDE.webp,olsen-cotton-stretch-shirt-slim-fit-2102l,,4
Olsen Cotton Stretch Shirt- Slim Fit — 2102L_OLSEN_COTTON_STRETCH_SHIRT_BLACK_VIEW.webp,2102l-product-2102l-olsen-cotton-stretch-shirt-black-view,https://notanother-nz.github.io/total-image-product-assets/assets/2102L_OLSEN_COTTON_STRETCH_SHIRT/webp/product/2102L_OLSEN_COTTON_STRETCH_SHIRT_BLACK_VIEW.webp,olsen-cotton-stretch-shirt-slim-fit-2102l,black,5
Olsen Cotton Stretch Shirt- Slim Fit — 2102L_OLSEN_COTTON_STRETCH_SHIRT_DENIM_VIEW.webp,2102l-product-2102l-olsen-cotton-stretch-shirt-denim-view,https://notanother-nz.github.io/total-image-product-assets/assets/2102L_OLSEN_COTTON_STRETCH_SHIRT/webp/product/2102L_OLSEN_COTTON_STRETCH_SHIRT_DENIM_VIEW.webp,olsen-cotton-stretch-shirt-slim-fit-2102l,denim,6
Olsen Cotton Stretch Shirt- Slim Fit — 2102L_OLSEN_COTTON_STRETCH_SHIRT_MOSS_VIEW.webp,2102l-product-2102l-olsen-cotton-stretch-shirt-moss-view,https://notanother-nz.github.io/total-image-product-assets/assets/2102L_OLSEN_COTTON_STRETCH_SHIRT/webp/product/2102L_OLSEN_COTTON_STRETCH_SHIRT_MOSS_VIEW.webp,olsen-cotton-stretch-shirt-slim-fit-2102l,,7
Olsen Cotton Stretch Shirt- Slim Fit — 2102L_OLSEN_COTTON_STRETCH_SHIRT_NAVY_VIEW.webp,2102l-product-2102l-olsen-cotton-stretch-shirt-navy-view,https://notanother-nz.github.io/total-image-product-assets/assets/2102L_OLSEN_COTTON_STRETCH_SHIRT/webp/product/2102L_OLSEN_COTTON_STRETCH_SHIRT_NAVY_VIEW.webp,olsen-cotton-stretch-shirt-slim-fit-2102l,navy,8
Olsen Cotton Stretch Shirt- Slim Fit — 2102L_OLSEN_COTTON_STRETCH_SHIRT_WHITE_VIEW.webp,2102l-product-2102l-olsen-cotton-stretch-shirt-white-view,https://notanother-nz.github.io/total-image-product-assets/assets/2102L_OLSEN_COTTON_STRETCH_SHIRT/webp/product/2102L_OLSEN_COTTON_STRETCH_SHIRT_WHITE_VIEW.webp,olsen-cotton-stretch-shirt-slim-fit-2102l,white,9
Ladies Ashton Cotton Oxford Shirt — 2103WL_ASHTON_COTTON_OXFORD_SHIRT_HERO_FRONT.webp,2103wl-model-2103wl-ashton-cotton-oxford-shirt-hero-front,https://notanother-nz.github.io/total-image-product-assets/assets/2103WL_ASHTON_COTTON_OXFORD_SHIRT/webp/model/2103WL_ASHTON_COTTON_OXFORD_SHIRT_HERO_FRONT.webp,ladies-ashton-cotton-oxford-shirt-2103wl,,1
Ladies Ashton Cotton Oxford Shirt — 2103WL_ASHTON_COTTON_OXFORD_SHIRT_HERO_BACK.webp,2103wl-model-2103wl-ashton-cotton-oxford-shirt-hero-back,https://notanother-nz.github.io/total-image-product-assets/assets/2103WL_ASHTON_COTTON_OXFORD_SHIRT/webp/model/2103WL_ASHTON_COTTON_OXFORD_SHIRT_HERO_BACK.webp,ladies-ashton-cotton-oxford-shirt-2103wl,,2
Ladies Ashton Cotton Oxford Shirt — 2103WL_ASHTON_COTTON_OXFORD_SHIRT_HERO_CLOSEUP.webp,2103wl-model-2103wl-ashton-cotton-oxford-shirt-hero-closeup,https://notanother-nz.github.io/total-image-product-assets/assets/2103WL_ASHTON_COTTON_OXFORD_SHIRT/webp/model/2103WL_ASHTON_COTTON_OXFORD_SHIRT_HERO_CLOSEUP.webp,ladies-ashton-cotton-oxford-shirt-2103wl,,3
Ladies Ashton Cotton Oxford Shirt — 2103WL_ASHTON_COTTON_OXFORD_SHIRT_HERO_SIDE.webp,2103wl-model-2103wl-ashton-cotton-oxford-shirt-hero-side,https://notanother-nz.github.io/total-image-product-assets/assets/2103WL_ASHTON_COTTON_OXFORD_SHIRT/webp/model/2103WL_ASHTON_COTTON_OXFORD_SHIRT_HERO_SIDE.webp,ladies-ashton-cotton-oxford-shirt-2103wl,,4
Ladies Ashton Cotton Oxford Shirt — 2103WL_ASHTON_COTTON_OXFORD_SHIRT_BLUE_VIEW.webp,2103wl-product-2103wl-ashton-cotton-oxford-shirt-blue-view,https://notanother-nz.github.io/total-image-product-assets/assets/2103WL_ASHTON_COTTON_OXFORD_SHIRT/webp/product/2103WL_ASHTON_COTTON_OXFORD_SHIRT_BLUE_VIEW.webp,ladies-ashton-cotton-oxford-shirt-2103wl,blue,5
Ladies Ashton Cotton Oxford Shirt — 2103WL_ASHTON_COTTON_OXFORD_SHIRT_CHALK_VIEW.webp,2103wl-product-2103wl-ashton-cotton-oxford-shirt-chalk-view,https://notanother-nz.github.io/total-image-product-assets/assets/2103WL_ASHTON_COTTON_OXFORD_SHIRT/webp/product/2103WL_ASHTON_COTTON_OXFORD_SHIRT_CHALK_VIEW.webp,ladies-ashton-cotton-oxford-shirt-2103wl,chalk,6
Ladies Ashton Cotton Oxford Shirt — 2103WL_ASHTON_COTTON_OXFORD_SHIRT_NAVY_VIEW.webp,2103wl-product-2103wl-ashton-cotton-oxford-shirt-navy-view,https://notanother-nz.github.io/total-image-product-assets/assets/2103WL_ASHTON_COTTON_OXFORD_SHIRT/webp/product/2103WL_ASHTON_COTTON_OXFORD_SHIRT_NAVY_VIEW.webp,ladies-ashton-cotton-oxford-shirt-2103wl,navy,7
L/S 210 Polo — 210XL_LS_210_POLO_BLACK_HERO_FRONT.webp,210xl-model-210xl-ls-210-polo-black-hero-front,https://notanother-nz.github.io/total-image-product-assets/assets/210XL_LS_210_POLO/webp/model/210XL_LS_210_POLO_BLACK_HERO_FRONT.webp,l-s-210-polo,black,1
L/S 210 Polo — 210XL_LS_210_POLO_BLACK_HERO_BACK.webp,210xl-model-210xl-ls-210-polo-black-hero-back,https://notanother-nz.github.io/total-image-product-assets/assets/210XL_LS_210_POLO/webp/model/210XL_LS_210_POLO_BLACK_HERO_BACK.webp,l-s-210-polo,black,2
L/S 210 Polo — 210XL_LS_210_POLO_BLACK_HERO_CLOSEUP.webp,210xl-model-210xl-ls-210-polo-black-hero-closeup,https://notanother-nz.github.io/total-image-product-assets/assets/210XL_LS_210_POLO/webp/model/210XL_LS_210_POLO_BLACK_HERO_CLOSEUP.webp,l-s-210-polo,black,3
L/S 210 Polo — 210XL_LS_210_POLO_BLACK_HERO_SIDE.webp,210xl-model-210xl-ls-210-polo-black-hero-side,https://notanother-nz.github.io/total-image-product-assets/assets/210XL_LS_210_POLO/webp/model/210XL_LS_210_POLO_BLACK_HERO_SIDE.webp,l-s-210-polo,black,4
L/S 210 Polo — Caucasian Man blk.webp,210xl-model-caucasian-man-blk,https://notanother-nz.github.io/total-image-product-assets/assets/210XL_LS_210_POLO/webp/model/Caucasian%20Man%20blk.webp,l-s-210-polo,,5
L/S 210 Polo — Caucasian Man.webp,210xl-model-caucasian-man,https://notanother-nz.github.io/total-image-product-assets/assets/210XL_LS_210_POLO/webp/model/Caucasian%20Man.webp,l-s-210-polo,,6
L/S 210 Polo — 210XL_LS_210_POLO_BLACK_FRONT.webp,210xl-product-210xl-ls-210-polo-black-front,https://notanother-nz.github.io/total-image-product-assets/assets/210XL_LS_210_POLO/webp/product/210XL_LS_210_POLO_BLACK_FRONT.webp,l-s-210-polo,black,7
L/S 210 Polo — 210XL_LS_210_POLO_NAVY_FRONT.webp,210xl-product-210xl-ls-210-polo-navy-front,https://notanother-nz.github.io/total-image-product-assets/assets/210XL_LS_210_POLO/webp/product/210XL_LS_210_POLO_NAVY_FRONT.webp,l-s-210-polo,navy,8
L/S 210 Polo — 210XL_LS_210_POLO_BLACK_BACK.webp,210xl-product-210xl-ls-210-polo-black-back,https://notanother-nz.github.io/total-image-product-assets/assets/210XL_LS_210_POLO/webp/product/210XL_LS_210_POLO_BLACK_BACK.webp,l-s-210-polo,black,9
L/S 210 Polo — 210XL_LS_210_POLO_NAVY_BACK.webp,210xl-product-210xl-ls-210-polo-navy-back,https://notanother-nz.github.io/total-image-product-assets/assets/210XL_LS_210_POLO/webp/product/210XL_LS_210_POLO_NAVY_BACK.webp,l-s-210-polo,navy,10
Silvertech Polo - Ladies — 2151_SILVERTECH_POLO_LADIES_WHITE_SILVER_HERO_FRONT.webp,2151-model-2151-silvertech-polo-ladies-white-silver-hero-front,https://notanother-nz.github.io/total-image-product-assets/assets/2151_SILVERTECH_POLO_LADIES/webp/model/2151_SILVERTECH_POLO_LADIES_WHITE_SILVER_HERO_FRONT.webp,silvertech-polo-ladies-2151,white-silver,1
Silvertech Polo - Ladies — 2151_SILVERTECH_POLO_LADIES_WHITE_SILVER_HERO_BACK.webp,2151-model-2151-silvertech-polo-ladies-white-silver-hero-back,https://notanother-nz.github.io/total-image-product-assets/assets/2151_SILVERTECH_POLO_LADIES/webp/model/2151_SILVERTECH_POLO_LADIES_WHITE_SILVER_HERO_BACK.webp,silvertech-polo-ladies-2151,white-silver,2
Silvertech Polo - Ladies — 2151_SILVERTECH_POLO_LADIES_WHITE_SILVER_HERO_CLOSEUP.webp,2151-model-2151-silvertech-polo-ladies-white-silver-hero-closeup,https://notanother-nz.github.io/total-image-product-assets/assets/2151_SILVERTECH_POLO_LADIES/webp/model/2151_SILVERTECH_POLO_LADIES_WHITE_SILVER_HERO_CLOSEUP.webp,silvertech-polo-ladies-2151,white-silver,3
Silvertech Polo - Ladies — 2151_SILVERTECH_POLO_LADIES_WHITE_SILVER_HERO_SIDE.webp,2151-model-2151-silvertech-polo-ladies-white-silver-hero-side,https://notanother-nz.github.io/total-image-product-assets/assets/2151_SILVERTECH_POLO_LADIES/webp/model/2151_SILVERTECH_POLO_LADIES_WHITE_SILVER_HERO_SIDE.webp,silvertech-polo-ladies-2151,white-silver,4
Silvertech Polo - Ladies — 2151_SILVERTECH_POLO_LADIES_BLACK_SILVER.webp,2151-product-2151-silvertech-polo-ladies-black-silver,https://notanother-nz.github.io/total-image-product-assets/assets/2151_SILVERTECH_POLO_LADIES/webp/product/2151_SILVERTECH_POLO_LADIES_BLACK_SILVER.webp,silvertech-polo-ladies-2151,black-silver,5
Silvertech Polo - Ladies — 2151_SILVERTECH_POLO_LADIES_BLUE_SILVER.webp,2151-product-2151-silvertech-polo-ladies-blue-silver,https://notanother-nz.github.io/total-image-product-assets/assets/2151_SILVERTECH_POLO_LADIES/webp/product/2151_SILVERTECH_POLO_LADIES_BLUE_SILVER.webp,silvertech-polo-ladies-2151,blue,6
Silvertech Polo - Ladies — 2151_SILVERTECH_POLO_LADIES_CHARCOAL_SILVER.webp,2151-product-2151-silvertech-polo-ladies-charcoal-silver,https://notanother-nz.github.io/total-image-product-assets/assets/2151_SILVERTECH_POLO_LADIES/webp/product/2151_SILVERTECH_POLO_LADIES_CHARCOAL_SILVER.webp,silvertech-polo-ladies-2151,charcoal-silver,7
Silvertech Polo - Ladies — 2151_SILVERTECH_POLO_LADIES_GREY_SILVER.webp,2151-product-2151-silvertech-polo-ladies-grey-silver,https://notanother-nz.github.io/total-image-product-assets/assets/2151_SILVERTECH_POLO_LADIES/webp/product/2151_SILVERTECH_POLO_LADIES_GREY_SILVER.webp,silvertech-polo-ladies-2151,grey-silver,8
Silvertech Polo - Ladies — 2151_SILVERTECH_POLO_LADIES_RED_SILVER.webp,2151-product-2151-silvertech-polo-ladies-red-silver,https://notanother-nz.github.io/total-image-product-assets/assets/2151_SILVERTECH_POLO_LADIES/webp/product/2151_SILVERTECH_POLO_LADIES_RED_SILVER.webp,silvertech-polo-ladies-2151,red-silver,9
Silvertech Polo - Ladies — 2151_SILVERTECH_POLO_LADIES_TEAL_SILVER.webp,2151-product-2151-silvertech-polo-ladies-teal-silver,https://notanother-nz.github.io/total-image-product-assets/assets/2151_SILVERTECH_POLO_LADIES/webp/product/2151_SILVERTECH_POLO_LADIES_TEAL_SILVER.webp,silvertech-polo-ladies-2151,teal-silver,10
Silvertech Polo - Ladies — 2151_SILVERTECH_POLO_LADIES_WHITE_SILVER.webp,2151-product-2151-silvertech-polo-ladies-white-silver,https://notanother-nz.github.io/total-image-product-assets/assets/2151_SILVERTECH_POLO_LADIES/webp/product/2151_SILVERTECH_POLO_LADIES_WHITE_SILVER.webp,silvertech-polo-ladies-2151,white-silver,11
Ezylin Tunic — 2151_EZYLIN_TUNIC_HERO_FRONT.webp,2151cc-model-2151-ezylin-tunic-hero-front,https://notanother-nz.github.io/total-image-product-assets/assets/2151_EZYLIN_TUNIC/webp/model/2151_EZYLIN_TUNIC_HERO_FRONT.webp,ezylin-tunic-2151cc,royal,1
Ezylin Tunic — 2151_EZYLIN_TUNIC_HERO_CLOSEUP.webp,2151cc-model-2151-ezylin-tunic-hero-closeup,https://notanother-nz.github.io/total-image-product-assets/assets/2151_EZYLIN_TUNIC/webp/model/2151_EZYLIN_TUNIC_HERO_CLOSEUP.webp,ezylin-tunic-2151cc,royal,2
Ezylin Tunic — 2151_EZYLIN_TUNIC_HERO_SIDE.webp,2151cc-model-2151-ezylin-tunic-hero-side,https://notanother-nz.github.io/total-image-product-assets/assets/2151_EZYLIN_TUNIC/webp/model/2151_EZYLIN_TUNIC_HERO_SIDE.webp,ezylin-tunic-2151cc,royal,3
City Stretch® Spot Tunic — 2174_CITY_STRETCH_SPOT_TUNIC_HERO_FRONT.webp,2174-model-2174-city-stretch-spot-tunic-hero-front,https://notanother-nz.github.io/total-image-product-assets/assets/2174_CITY_STRETCH_SPOT_TUNIC/webp/model/2174_CITY_STRETCH_SPOT_TUNIC_HERO_FRONT.webp,city-stretch-spot-tunic-2174,blue,1
City Stretch® Spot Tunic — 2174_CITY_STRETCH_SPOT_TUNIC_HERO_CLOSEUP.webp,2174-model-2174-city-stretch-spot-tunic-hero-closeup,https://notanother-nz.github.io/total-image-product-assets/assets/2174_CITY_STRETCH_SPOT_TUNIC/webp/model/2174_CITY_STRETCH_SPOT_TUNIC_HERO_CLOSEUP.webp,city-stretch-spot-tunic-2174,blue,2
City Stretch® Spot Tunic — 2174_CITY_STRETCH_SPOT_TUNIC_HERO_SIDE.webp,2174-model-2174-city-stretch-spot-tunic-hero-side,https://notanother-nz.github.io/total-image-product-assets/assets/2174_CITY_STRETCH_SPOT_TUNIC/webp/model/2174_CITY_STRETCH_SPOT_TUNIC_HERO_SIDE.webp,city-stretch-spot-tunic-2174,blue,3
Petal Print Top — 2277_PETAL_PRINT_TOP_NAVY_WHITE_HERO_FRONT.webp,2277-model-2277-petal-print-top-navy-white-hero-front,https://notanother-nz.github.io/total-image-product-assets/assets/2277_PETAL_PRINT_TOP/webp/model/2277_PETAL_PRINT_TOP_NAVY_WHITE_HERO_FRONT.webp,petal-print-top-2277,navy-white,1
Petal Print Top — 2277_PETAL_PRINT_TOP_NAVY_WHITE_HERO_BACK.webp,2277-model-2277-petal-print-top-navy-white-hero-back,https://notanother-nz.github.io/total-image-product-assets/assets/2277_PETAL_PRINT_TOP/webp/model/2277_PETAL_PRINT_TOP_NAVY_WHITE_HERO_BACK.webp,petal-print-top-2277,navy-white,2
Petal Print Top — 2277_PETAL_PRINT_TOP_NAVY_WHITE_HERO_CLOSEUP.webp,2277-model-2277-petal-print-top-navy-white-hero-closeup,https://notanother-nz.github.io/total-image-product-assets/assets/2277_PETAL_PRINT_TOP/webp/model/2277_PETAL_PRINT_TOP_NAVY_WHITE_HERO_CLOSEUP.webp,petal-print-top-2277,navy-white,3
Petal Print Top — 2277_PETAL_PRINT_TOP_NAVY_WHITE_HERO_SIDE.webp,2277-model-2277-petal-print-top-navy-white-hero-side,https://notanother-nz.github.io/total-image-product-assets/assets/2277_PETAL_PRINT_TOP/webp/model/2277_PETAL_PRINT_TOP_NAVY_WHITE_HERO_SIDE.webp,petal-print-top-2277,navy-white,4
4 Way Stretch Tunic — 2280_4_WAY_STRETCH_TUNIC_HEO_FRONT.webp,2280-model-2280-4-way-stretch-tunic-heo-front,https://notanother-nz.github.io/total-image-product-assets/assets/2280_4_WAY_STRETCH_TUNIC/webp/model/2280_4_WAY_STRETCH_TUNIC_HEO_FRONT.webp,4-way-stretch-tunic-2280,blue-with-navy-trim,1
4 Way Stretch Tunic — 2280_4_WAY_STRETCH_TUNIC_HEO_SIDE.webp,2280-model-2280-4-way-stretch-tunic-heo-side,https://notanother-nz.github.io/total-image-product-assets/assets/2280_4_WAY_STRETCH_TUNIC/webp/model/2280_4_WAY_STRETCH_TUNIC_HEO_SIDE.webp,4-way-stretch-tunic-2280,blue-with-navy-trim,2
4 Way Stretch Tunic — 2280_4_WAY_STRETCH_TUNIC_HEO_CLOSEUP.webp,2280-model-2280-4-way-stretch-tunic-heo-closeup,https://notanother-nz.github.io/total-image-product-assets/assets/2280_4_WAY_STRETCH_TUNIC/webp/model/2280_4_WAY_STRETCH_TUNIC_HEO_CLOSEUP.webp,4-way-stretch-tunic-2280,blue-with-navy-trim,3
Heart Print Tunic — 2281_HEART_PRINT_TUNIC_HERO_FRONT.webp,2281-model-2281-heart-print-tunic-hero-front,https://notanother-nz.github.io/total-image-product-assets/assets/2281_HEART_PRINT_TUNIC/webp/model/2281_HEART_PRINT_TUNIC_HERO_FRONT.webp,heart-print-tunic-2281,blue,1
Heart Print Tunic — 2281_HEART_PRINT_TUNIC_HERO_CLOSEUP.webp,2281-model-2281-heart-print-tunic-hero-closeup,https://notanother-nz.github.io/total-image-product-assets/assets/2281_HEART_PRINT_TUNIC/webp/model/2281_HEART_PRINT_TUNIC_HERO_CLOSEUP.webp,heart-print-tunic-2281,blue,2
Heart Print Tunic — 2281_HEART_PRINT_TUNIC_HERO_SIDE.webp,2281-model-2281-heart-print-tunic-hero-side,https://notanother-nz.github.io/total-image-product-assets/assets/2281_HEART_PRINT_TUNIC/webp/model/2281_HEART_PRINT_TUNIC_HERO_SIDE.webp,heart-print-tunic-2281,blue,3
Zip Back Tunic — 2284_ZIP_BACK_TUNIC_HERO_FRONT.webp,2284-model-2284-zip-back-tunic-hero-front,https://notanother-nz.github.io/total-image-product-assets/assets/2284_ZIP_BACK_TUNIC/webp/model/2284_ZIP_BACK_TUNIC_HERO_FRONT.webp,zip-back-tunic-2284,black,1
Zip Back Tunic — 2284_ZIP_BACK_TUNIC_HERO_CLOSEUP.webp,2284-model-2284-zip-back-tunic-hero-closeup,https://notanother-nz.github.io/total-image-product-assets/assets/2284_ZIP_BACK_TUNIC/webp/model/2284_ZIP_BACK_TUNIC_HERO_CLOSEUP.webp,zip-back-tunic-2284,black,2
Zip Back Tunic — 2284_ZIP_BACK_TUNIC_HERO_SIDE.webp,2284-model-2284-zip-back-tunic-hero-side,https://notanother-nz.github.io/total-image-product-assets/assets/2284_ZIP_BACK_TUNIC/webp/model/2284_ZIP_BACK_TUNIC_HERO_SIDE.webp,zip-back-tunic-2284,black,3
Smart Knit 3/4 — 2290_SMART_KNIT_3-4_NAVY_HERO_FRONT.webp,2290-model-2290-smart-knit-3-4-navy-hero-front,https://notanother-nz.github.io/total-image-product-assets/assets/2290_SMART_KNIT_3-4/webp/model/2290_SMART_KNIT_3-4_NAVY_HERO_FRONT.webp,smart-knit-3-4-2290,navy,1
Smart Knit 3/4 — 2290_SMART_KNIT_3-4_NAVY_HERO_BACK.webp,2290-model-2290-smart-knit-3-4-navy-hero-back,https://notanother-nz.github.io/total-image-product-assets/assets/2290_SMART_KNIT_3-4/webp/model/2290_SMART_KNIT_3-4_NAVY_HERO_BACK.webp,smart-knit-3-4-2290,navy,2
Smart Knit 3/4 — 2290_SMART_KNIT_3-4_NAVY_HERO_CLOSEUP.webp,2290-model-2290-smart-knit-3-4-navy-hero-closeup,https://notanother-nz.github.io/total-image-product-assets/assets/2290_SMART_KNIT_3-4/webp/model/2290_SMART_KNIT_3-4_NAVY_HERO_CLOSEUP.webp,smart-knit-3-4-2290,navy,3
Smart Knit 3/4 — 2290_SMART_KNIT_3-4_NAVY_HERO_SIDE.webp,2290-model-2290-smart-knit-3-4-navy-hero-side,https://notanother-nz.github.io/total-image-product-assets/assets/2290_SMART_KNIT_3-4/webp/model/2290_SMART_KNIT_3-4_NAVY_HERO_SIDE.webp,smart-knit-3-4-2290,navy,4
Smart Knit 3/4 — 2290_SMART_KNIT_3-4_BLACK.webp,2290-product-2290-smart-knit-3-4-black,https://notanother-nz.github.io/total-image-product-assets/assets/2290_SMART_KNIT_3-4/webp/product/2290_SMART_KNIT_3-4_BLACK.webp,smart-knit-3-4-2290,black,5
Smart Knit 3/4 — 2290_SMART_KNIT_3-4_NAVY.webp,2290-product-2290-smart-knit-3-4-navy,https://notanother-nz.github.io/total-image-product-assets/assets/2290_SMART_KNIT_3-4/webp/product/2290_SMART_KNIT_3-4_NAVY.webp,smart-knit-3-4-2290,navy,6
Smart Knit 3/4 — 2290_SMART_KNIT_3-4_ROYAL.webp,2290-product-2290-smart-knit-3-4-royal,https://notanother-nz.github.io/total-image-product-assets/assets/2290_SMART_KNIT_3-4/webp/product/2290_SMART_KNIT_3-4_ROYAL.webp,smart-knit-3-4-2290,royal,7
Smart Knit Top — 2291_Smart_Knit_Top_NAVY_HERO_FRONT.webp,2291-model-2291-smart-knit-top-navy-hero-front,https://notanother-nz.github.io/total-image-product-assets/assets/2291_SMART_KNIT_TOP/webp/model/2291_Smart_Knit_Top_NAVY_HERO_FRONT.webp,smart-knit-top-2291,navy,1
Smart Knit Top — 2291_SMART_KNIT_TOP_NAVY_HERO_BACK.webp,2291-model-2291-smart-knit-top-navy-hero-back,https://notanother-nz.github.io/total-image-product-assets/assets/2291_SMART_KNIT_TOP/webp/model/2291_SMART_KNIT_TOP_NAVY_HERO_BACK.webp,smart-knit-top-2291,navy,2
Smart Knit Top — 2291_SMART_KNIT_TOP_NAVY_HERO_SIDE.webp,2291-model-2291-smart-knit-top-navy-hero-side,https://notanother-nz.github.io/total-image-product-assets/assets/2291_SMART_KNIT_TOP/webp/model/2291_SMART_KNIT_TOP_NAVY_HERO_SIDE.webp,smart-knit-top-2291,navy,3
Keira Ladies' Polos — 2306_KEIRA_LADIES_POLOS_WHITE_HERO_FRONT.webp,2306-model-2306-keira-ladies-polos-white-hero-front,https://notanother-nz.github.io/total-image-product-assets/assets/2306_KEIRA_LADIES_POLOS/webp/model/2306_KEIRA_LADIES_POLOS_WHITE_HERO_FRONT.webp,keira-ladies-polos-2306,white,1
Keira Ladies' Polos — 2306_KEIRA_LADIES_POLOS_WHITE_HERO_BACK.webp,2306-model-2306-keira-ladies-polos-white-hero-back,https://notanother-nz.github.io/total-image-product-assets/assets/2306_KEIRA_LADIES_POLOS/webp/model/2306_KEIRA_LADIES_POLOS_WHITE_HERO_BACK.webp,keira-ladies-polos-2306,white,2
Keira Ladies' Polos — 2306_KEIRA_LADIES_POLOS_WHITE_HERO_CLOSEUP.webp,2306-model-2306-keira-ladies-polos-white-hero-closeup,https://notanother-nz.github.io/total-image-product-assets/assets/2306_KEIRA_LADIES_POLOS/webp/model/2306_KEIRA_LADIES_POLOS_WHITE_HERO_CLOSEUP.webp,keira-ladies-polos-2306,white,3
Keira Ladies' Polos — 2306_KEIRA_LADIES_POLOS_WHITE_HERO_SIDE.webp,2306-model-2306-keira-ladies-polos-white-hero-side,https://notanother-nz.github.io/total-image-product-assets/assets/2306_KEIRA_LADIES_POLOS/webp/model/2306_KEIRA_LADIES_POLOS_WHITE_HERO_SIDE.webp,keira-ladies-polos-2306,white,4
Keira Ladies' Polos — 2036_KIARA_LADIE'S_POLOS_BLACK_FRONT.webp,2306-product-2036-kiara-ladies-polos-black-front,https://notanother-nz.github.io/total-image-product-assets/assets/2306_KEIRA_LADIES_POLOS/webp/product/2036_KIARA_LADIE'S_POLOS_BLACK_FRONT.webp,keira-ladies-polos-2306,black,5
Keira Ladies' Polos — 2036_KIARA_LADIE'S_POLOS_NAVY_FRONT.webp,2306-product-2036-kiara-ladies-polos-navy-front,https://notanother-nz.github.io/total-image-product-assets/assets/2306_KEIRA_LADIES_POLOS/webp/product/2036_KIARA_LADIE'S_POLOS_NAVY_FRONT.webp,keira-ladies-polos-2306,navy,6
Keira Ladies' Polos — 2036_KIARA_LADIE'S_POLOS_PACIFIC_BLUE__FRONT.webp,2306-product-2036-kiara-ladies-polos-pacific-blue-front,https://notanother-nz.github.io/total-image-product-assets/assets/2306_KEIRA_LADIES_POLOS/webp/product/2036_KIARA_LADIE'S_POLOS_PACIFIC_BLUE__FRONT.webp,keira-ladies-polos-2306,pacific-blue,7
Keira Ladies' Polos — 2036_KIARA_LADIE'S_POLOS_RED_FRONT.webp,2306-product-2036-kiara-ladies-polos-red-front,https://notanother-nz.github.io/total-image-product-assets/assets/2306_KEIRA_LADIES_POLOS/webp/product/2036_KIARA_LADIE'S_POLOS_RED_FRONT.webp,keira-ladies-polos-2306,red,8
Keira Ladies' Polos — 2036_KIARA_LADIE'S_POLOS_ROYAL_FRONT.webp,2306-product-2036-kiara-ladies-polos-royal-front,https://notanother-nz.github.io/total-image-product-assets/assets/2306_KEIRA_LADIES_POLOS/webp/product/2036_KIARA_LADIE'S_POLOS_ROYAL_FRONT.webp,keira-ladies-polos-2306,royal,9
Keira Ladies' Polos — 2036_KIARA_LADIE'S_POLOS_SLATE_FRONT.webp,2306-product-2036-kiara-ladies-polos-slate-front,https://notanother-nz.github.io/total-image-product-assets/assets/2306_KEIRA_LADIES_POLOS/webp/product/2036_KIARA_LADIE'S_POLOS_SLATE_FRONT.webp,keira-ladies-polos-2306,slate,10
Keira Ladies' Polos — 2036_KIARA_LADIE'S_POLOS_WHITE_FRONT.webp,2306-product-2036-kiara-ladies-polos-white-front,https://notanother-nz.github.io/total-image-product-assets/assets/2306_KEIRA_LADIES_POLOS/webp/product/2036_KIARA_LADIE'S_POLOS_WHITE_FRONT.webp,keira-ladies-polos-2306,white,11
Keira Ladies' Polos — 2036_KIARA_LADIE'S_POLOS_BLACK_BACK.webp,2306-product-2036-kiara-ladies-polos-black-back,https://notanother-nz.github.io/total-image-product-assets/assets/2306_KEIRA_LADIES_POLOS/webp/product/2036_KIARA_LADIE'S_POLOS_BLACK_BACK.webp,keira-ladies-polos-2306,black,12
Keira Ladies' Polos — 2036_KIARA_LADIE'S_POLOS_NAVY_BACK.webp,2306-product-2036-kiara-ladies-polos-navy-back,https://notanother-nz.github.io/total-image-product-assets/assets/2306_KEIRA_LADIES_POLOS/webp/product/2036_KIARA_LADIE'S_POLOS_NAVY_BACK.webp,keira-ladies-polos-2306,navy,13
Keira Ladies' Polos — 2036_KIARA_LADIE'S_POLOS_RED_BACK.webp,2306-product-2036-kiara-ladies-polos-red-back,https://notanother-nz.github.io/total-image-product-assets/assets/2306_KEIRA_LADIES_POLOS/webp/product/2036_KIARA_LADIE'S_POLOS_RED_BACK.webp,keira-ladies-polos-2306,red,14
Keira Ladies' Polos — 2036_KIARA_LADIE'S_POLOS_ROYAL_BACK.webp,2306-product-2036-kiara-ladies-polos-royal-back,https://notanother-nz.github.io/total-image-product-assets/assets/2306_KEIRA_LADIES_POLOS/webp/product/2036_KIARA_LADIE'S_POLOS_ROYAL_BACK.webp,keira-ladies-polos-2306,royal,15
Keira Ladies' Polos — 2036_KIARA_LADIE'S_POLOS_SLATE_BACK.webp,2306-product-2036-kiara-ladies-polos-slate-back,https://notanother-nz.github.io/total-image-product-assets/assets/2306_KEIRA_LADIES_POLOS/webp/product/2036_KIARA_LADIE'S_POLOS_SLATE_BACK.webp,keira-ladies-polos-2306,slate,16
Keira Ladies' Polos — 2036_KIARA_LADIE'S_POLOS_WHITE_BACK.webp,2306-product-2036-kiara-ladies-polos-white-back,https://notanother-nz.github.io/total-image-product-assets/assets/2306_KEIRA_LADIES_POLOS/webp/product/2036_KIARA_LADIE'S_POLOS_WHITE_BACK.webp,keira-ladies-polos-2306,white,17
Elastic Sided Boot — 240_ELASTIC_SIDED_BOOT_BLACKBROWN.webp,240-product-240-elastic-sided-boot-blackbrown,https://notanother-nz.github.io/total-image-product-assets/assets/240_ELASTIC_SIDED_BOOT/webp/product/240_ELASTIC_SIDED_BOOT_BLACKBROWN.webp,elastic-sided-boot-240,black-brown,1
Elastic Sided Boot — 240_ELASTIC_SIDED_BOOT_TAN.webp,240-product-240-elastic-sided-boot-tan,https://notanother-nz.github.io/total-image-product-assets/assets/240_ELASTIC_SIDED_BOOT/webp/product/240_ELASTIC_SIDED_BOOT_TAN.webp,elastic-sided-boot-240,tan,2
Selwyn Lady Jacket — 2512_SELWYN_LADY_JACKETS_HERO_FRONT.webp,2512-model-2512-selwyn-lady-jackets-hero-front,https://notanother-nz.github.io/total-image-product-assets/assets/2512_SELWYN_LADY_JACKETS/webp/model/2512_SELWYN_LADY_JACKETS_HERO_FRONT.webp,selwyn-lady-jacket,,1
Selwyn Lady Jacket — 2512_SELWYN_LADY_JACKETS_HERO_BACK.webp,2512-model-2512-selwyn-lady-jackets-hero-back,https://notanother-nz.github.io/total-image-product-assets/assets/2512_SELWYN_LADY_JACKETS/webp/model/2512_SELWYN_LADY_JACKETS_HERO_BACK.webp,selwyn-lady-jacket,,2
Selwyn Lady Jacket — 2512_SELWYN_LADY_JACKETS_HERO_CLOSEUP.webp,2512-model-2512-selwyn-lady-jackets-hero-closeup,https://notanother-nz.github.io/total-image-product-assets/assets/2512_SELWYN_LADY_JACKETS/webp/model/2512_SELWYN_LADY_JACKETS_HERO_CLOSEUP.webp,selwyn-lady-jacket,,3
Selwyn Lady Jacket — 2512_SELWYN_LADY_JACKETS_HERO_SIDE.webp,2512-model-2512-selwyn-lady-jackets-hero-side,https://notanother-nz.github.io/total-image-product-assets/assets/2512_SELWYN_LADY_JACKETS/webp/model/2512_SELWYN_LADY_JACKETS_HERO_SIDE.webp,selwyn-lady-jacket,,4
Selwyn Lady Jacket — 2512_SELWYN_LADY_JACKETS_BLACK_VIEW.webp,2512-product-2512-selwyn-lady-jackets-black-view,https://notanother-nz.github.io/total-image-product-assets/assets/2512_SELWYN_LADY_JACKETS/webp/product/2512_SELWYN_LADY_JACKETS_BLACK_VIEW.webp,selwyn-lady-jacket,black,5
Selwyn Lady Jacket — 2512_SELWYN_LADY_JACKETS_DARKNAVY_VIEW.webp,2512-product-2512-selwyn-lady-jackets-darknavy-view,https://notanother-nz.github.io/total-image-product-assets/assets/2512_SELWYN_LADY_JACKETS/webp/product/2512_SELWYN_LADY_JACKETS_DARKNAVY_VIEW.webp,selwyn-lady-jacket,navy,6
Selwyn Lady Jacket — 2512_SELWYN_LADY_JACKETS_NAVY_VIEW.webp,2512-product-2512-selwyn-lady-jackets-navy-view,https://notanother-nz.github.io/total-image-product-assets/assets/2512_SELWYN_LADY_JACKETS/webp/product/2512_SELWYN_LADY_JACKETS_NAVY_VIEW.webp,selwyn-lady-jacket,navy,7
Selwyn Lady Jacket — 2512_SELWYN_LADY_JACKETS_SLATE_VIEW.webp,2512-product-2512-selwyn-lady-jackets-slate-view,https://notanother-nz.github.io/total-image-product-assets/assets/2512_SELWYN_LADY_JACKETS/webp/product/2512_SELWYN_LADY_JACKETS_SLATE_VIEW.webp,selwyn-lady-jacket,slate,8
Ladies Olympus Soft Shell Jacket — 2513_LADIES_OLYMPUS_SOFT_SHELL_JACKET_BLACK_HERO_FRONT.webp,2513-model-2513-ladies-olympus-soft-shell-jacket-black-hero-front,https://notanother-nz.github.io/total-image-product-assets/assets/2513_LADIES_OLYMPUS_SOFT_SHELL_JACKET/webp/model/2513_LADIES_OLYMPUS_SOFT_SHELL_JACKET_BLACK_HERO_FRONT.webp,ladies-olympus-soft-shell-jacket-2513,black,1
Ladies Olympus Soft Shell Jacket — 2513_OLYMPUS_LADY_JACKETS_NAVY_HERO_FRONT.webp,2513-model-2513-olympus-lady-jackets-navy-hero-front,https://notanother-nz.github.io/total-image-product-assets/assets/2513_LADIES_OLYMPUS_SOFT_SHELL_JACKET/webp/model/2513_OLYMPUS_LADY_JACKETS_NAVY_HERO_FRONT.webp,ladies-olympus-soft-shell-jacket-2513,navy,2
Ladies Olympus Soft Shell Jacket — 2513_LADIES_OLYMPUS_SOFT_SHELL_JACKET_BLACK_HERO_BACK.webp,2513-model-2513-ladies-olympus-soft-shell-jacket-black-hero-back,https://notanother-nz.github.io/total-image-product-assets/assets/2513_LADIES_OLYMPUS_SOFT_SHELL_JACKET/webp/model/2513_LADIES_OLYMPUS_SOFT_SHELL_JACKET_BLACK_HERO_BACK.webp,ladies-olympus-soft-shell-jacket-2513,black,3
Ladies Olympus Soft Shell Jacket — 2513_OLYMPUS_LADY_JACKETS_NAVY_HERO_BACK.webp,2513-model-2513-olympus-lady-jackets-navy-hero-back,https://notanother-nz.github.io/total-image-product-assets/assets/2513_LADIES_OLYMPUS_SOFT_SHELL_JACKET/webp/model/2513_OLYMPUS_LADY_JACKETS_NAVY_HERO_BACK.webp,ladies-olympus-soft-shell-jacket-2513,navy,4
Ladies Olympus Soft Shell Jacket — 2513_LADIES_OLYMPUS_SOFT_SHELL_JACKET_BLACK_HERO_CLOSEUP.webp,2513-model-2513-ladies-olympus-soft-shell-jacket-black-hero-closeup,https://notanother-nz.github.io/total-image-product-assets/assets/2513_LADIES_OLYMPUS_SOFT_SHELL_JACKET/webp/model/2513_LADIES_OLYMPUS_SOFT_SHELL_JACKET_BLACK_HERO_CLOSEUP.webp,ladies-olympus-soft-shell-jacket-2513,black,5
Ladies Olympus Soft Shell Jacket — 2513_OLYMPUS_LADY_JACKETS_NAVY_HERO_CLOSEUP.webp,2513-model-2513-olympus-lady-jackets-navy-hero-closeup,https://notanother-nz.github.io/total-image-product-assets/assets/2513_LADIES_OLYMPUS_SOFT_SHELL_JACKET/webp/model/2513_OLYMPUS_LADY_JACKETS_NAVY_HERO_CLOSEUP.webp,ladies-olympus-soft-shell-jacket-2513,navy,6
Ladies Olympus Soft Shell Jacket — 2513_LADIES_OLYMPUS_SOFT_SHELL_JACKET_BLACK_HERO_SIDE.webp,2513-model-2513-ladies-olympus-soft-shell-jacket-black-hero-side,https://notanother-nz.github.io/total-image-product-assets/assets/2513_LADIES_OLYMPUS_SOFT_SHELL_JACKET/webp/model/2513_LADIES_OLYMPUS_SOFT_SHELL_JACKET_BLACK_HERO_SIDE.webp,ladies-olympus-soft-shell-jacket-2513,black,7
Ladies Olympus Soft Shell Jacket — 2513_OLYMPUS_LADY_JACKETS_NAVY_HERO_SIDE.webp,2513-model-2513-olympus-lady-jackets-navy-hero-side,https://notanother-nz.github.io/total-image-product-assets/assets/2513_LADIES_OLYMPUS_SOFT_SHELL_JACKET/webp/model/2513_OLYMPUS_LADY_JACKETS_NAVY_HERO_SIDE.webp,ladies-olympus-soft-shell-jacket-2513,navy,8
Ladies Olympus Soft Shell Jacket — 2513_LADIES_OLYMPUS_SOFT_SHELL_JACKET_BLACK_FRONT.webp,2513-product-2513-ladies-olympus-soft-shell-jacket-black-front,https://notanother-nz.github.io/total-image-product-assets/assets/2513_LADIES_OLYMPUS_SOFT_SHELL_JACKET/webp/product/2513_LADIES_OLYMPUS_SOFT_SHELL_JACKET_BLACK_FRONT.webp,ladies-olympus-soft-shell-jacket-2513,black,9
Ladies Olympus Soft Shell Jacket — 2513_LADIES_OLYMPUS_SOFT_SHELL_JACKET_BOTTLE_FRONT.webp,2513-product-2513-ladies-olympus-soft-shell-jacket-bottle-front,https://notanother-nz.github.io/total-image-product-assets/assets/2513_LADIES_OLYMPUS_SOFT_SHELL_JACKET/webp/product/2513_LADIES_OLYMPUS_SOFT_SHELL_JACKET_BOTTLE_FRONT.webp,ladies-olympus-soft-shell-jacket-2513,bottle,10
Ladies Olympus Soft Shell Jacket — 2513_LADIES_OLYMPUS_SOFT_SHELL_JACKET_CYAN_FRONT.webp,2513-product-2513-ladies-olympus-soft-shell-jacket-cyan-front,https://notanother-nz.github.io/total-image-product-assets/assets/2513_LADIES_OLYMPUS_SOFT_SHELL_JACKET/webp/product/2513_LADIES_OLYMPUS_SOFT_SHELL_JACKET_CYAN_FRONT.webp,ladies-olympus-soft-shell-jacket-2513,cyan,11
Ladies Olympus Soft Shell Jacket — 2513_OLYMPUS_LADY_JACKETS_BLACK_FRONT.webp,2513-product-2513-olympus-lady-jackets-black-front,https://notanother-nz.github.io/total-image-product-assets/assets/2513_LADIES_OLYMPUS_SOFT_SHELL_JACKET/webp/product/2513_OLYMPUS_LADY_JACKETS_BLACK_FRONT.webp,ladies-olympus-soft-shell-jacket-2513,black,12
Ladies Olympus Soft Shell Jacket — 2513_OLYMPUS_LADY_JACKETS_BOTTLE_FRONT.webp,2513-product-2513-olympus-lady-jackets-bottle-front,https://notanother-nz.github.io/total-image-product-assets/assets/2513_LADIES_OLYMPUS_SOFT_SHELL_JACKET/webp/product/2513_OLYMPUS_LADY_JACKETS_BOTTLE_FRONT.webp,ladies-olympus-soft-shell-jacket-2513,bottle,13
Ladies Olympus Soft Shell Jacket — 2513_OLYMPUS_LADY_JACKETS_MAROON_FRONT.webp,2513-product-2513-olympus-lady-jackets-maroon-front,https://notanother-nz.github.io/total-image-product-assets/assets/2513_LADIES_OLYMPUS_SOFT_SHELL_JACKET/webp/product/2513_OLYMPUS_LADY_JACKETS_MAROON_FRONT.webp,ladies-olympus-soft-shell-jacket-2513,maroon,14
Ladies Olympus Soft Shell Jacket — 2513_OLYMPUS_LADY_JACKETS_NAVY_FRONT.webp,2513-product-2513-olympus-lady-jackets-navy-front,https://notanother-nz.github.io/total-image-product-assets/assets/2513_LADIES_OLYMPUS_SOFT_SHELL_JACKET/webp/product/2513_OLYMPUS_LADY_JACKETS_NAVY_FRONT.webp,ladies-olympus-soft-shell-jacket-2513,navy,15
Ladies Olympus Soft Shell Jacket — 2513_OLYMPUS_LADY_JACKETS_SLATE_FRONT.webp,2513-product-2513-olympus-lady-jackets-slate-front,https://notanother-nz.github.io/total-image-product-assets/assets/2513_LADIES_OLYMPUS_SOFT_SHELL_JACKET/webp/product/2513_OLYMPUS_LADY_JACKETS_SLATE_FRONT.webp,ladies-olympus-soft-shell-jacket-2513,slate,16
Ladies Olympus Soft Shell Jacket — 2513_LADIES_OLYMPUS_SOFT_SHELL_JACKET_BLACK_BACK.webp,2513-product-2513-ladies-olympus-soft-shell-jacket-black-back,https://notanother-nz.github.io/total-image-product-assets/assets/2513_LADIES_OLYMPUS_SOFT_SHELL_JACKET/webp/product/2513_LADIES_OLYMPUS_SOFT_SHELL_JACKET_BLACK_BACK.webp,ladies-olympus-soft-shell-jacket-2513,black,17
Ladies Olympus Soft Shell Jacket — 2513_LADIES_OLYMPUS_SOFT_SHELL_JACKET_BOTTLE_BACK.webp,2513-product-2513-ladies-olympus-soft-shell-jacket-bottle-back,https://notanother-nz.github.io/total-image-product-assets/assets/2513_LADIES_OLYMPUS_SOFT_SHELL_JACKET/webp/product/2513_LADIES_OLYMPUS_SOFT_SHELL_JACKET_BOTTLE_BACK.webp,ladies-olympus-soft-shell-jacket-2513,bottle,18
Ladies Olympus Soft Shell Jacket — 2513_LADIES_OLYMPUS_SOFT_SHELL_JACKET_CYAN_BACK.webp,2513-product-2513-ladies-olympus-soft-shell-jacket-cyan-back,https://notanother-nz.github.io/total-image-product-assets/assets/2513_LADIES_OLYMPUS_SOFT_SHELL_JACKET/webp/product/2513_LADIES_OLYMPUS_SOFT_SHELL_JACKET_CYAN_BACK.webp,ladies-olympus-soft-shell-jacket-2513,cyan,19
Ladies Olympus Soft Shell Jacket — 2513_OLYMPUS_LADY_JACKETS_BLACK_BACK.webp,2513-product-2513-olympus-lady-jackets-black-back,https://notanother-nz.github.io/total-image-product-assets/assets/2513_LADIES_OLYMPUS_SOFT_SHELL_JACKET/webp/product/2513_OLYMPUS_LADY_JACKETS_BLACK_BACK.webp,ladies-olympus-soft-shell-jacket-2513,black,20
Ladies Olympus Soft Shell Jacket — 2513_OLYMPUS_LADY_JACKETS_BOTTLE_BACK.webp,2513-product-2513-olympus-lady-jackets-bottle-back,https://notanother-nz.github.io/total-image-product-assets/assets/2513_LADIES_OLYMPUS_SOFT_SHELL_JACKET/webp/product/2513_OLYMPUS_LADY_JACKETS_BOTTLE_BACK.webp,ladies-olympus-soft-shell-jacket-2513,bottle,21
Ladies Olympus Soft Shell Jacket — 2513_OLYMPUS_LADY_JACKETS_MAROON_BACK.webp,2513-product-2513-olympus-lady-jackets-maroon-back,https://notanother-nz.github.io/total-image-product-assets/assets/2513_LADIES_OLYMPUS_SOFT_SHELL_JACKET/webp/product/2513_OLYMPUS_LADY_JACKETS_MAROON_BACK.webp,ladies-olympus-soft-shell-jacket-2513,maroon,22
Ladies Olympus Soft Shell Jacket — 2513_OLYMPUS_LADY_JACKETS_NAVY_BACK.webp,2513-product-2513-olympus-lady-jackets-navy-back,https://notanother-nz.github.io/total-image-product-assets/assets/2513_LADIES_OLYMPUS_SOFT_SHELL_JACKET/webp/product/2513_OLYMPUS_LADY_JACKETS_NAVY_BACK.webp,ladies-olympus-soft-shell-jacket-2513,navy,23
Ladies Olympus Soft Shell Jacket — 2513_OLYMPUS_LADY_JACKETS_SLATE_BACK.webp,2513-product-2513-olympus-lady-jackets-slate-back,https://notanother-nz.github.io/total-image-product-assets/assets/2513_LADIES_OLYMPUS_SOFT_SHELL_JACKET/webp/product/2513_OLYMPUS_LADY_JACKETS_SLATE_BACK.webp,ladies-olympus-soft-shell-jacket-2513,slate,24
Ladies Olympus Soft Shell Jacket — 2513_OLYMPUS_LADY_JACKETS_NAVY_SIDE.webp,2513-product-2513-olympus-lady-jackets-navy-side,https://notanother-nz.github.io/total-image-product-assets/assets/2513_LADIES_OLYMPUS_SOFT_SHELL_JACKET/webp/product/2513_OLYMPUS_LADY_JACKETS_NAVY_SIDE.webp,ladies-olympus-soft-shell-jacket-2513,navy,25
SNOWY LADY VESTS — 2523_SNOWY_LADY_VESTS_NAVY_HERO_FRONT.webp,2523-model-2523-snowy-lady-vests-navy-hero-front,https://notanother-nz.github.io/total-image-product-assets/assets/2523_SNOWY_LADY_VESTS/webp/model/2523_SNOWY_LADY_VESTS_NAVY_HERO_FRONT.webp,snowy-lady-vests-2523,navy,1
SNOWY LADY VESTS — 2523_SNOWY_LADY_VESTS_NAVY_HERO_BACK.webp,2523-model-2523-snowy-lady-vests-navy-hero-back,https://notanother-nz.github.io/total-image-product-assets/assets/2523_SNOWY_LADY_VESTS/webp/model/2523_SNOWY_LADY_VESTS_NAVY_HERO_BACK.webp,snowy-lady-vests-2523,navy,2
SNOWY LADY VESTS — 2523_SNOWY_LADY_VESTS_NAVY_HERO_CLOSEUP.webp,2523-model-2523-snowy-lady-vests-navy-hero-closeup,https://notanother-nz.github.io/total-image-product-assets/assets/2523_SNOWY_LADY_VESTS/webp/model/2523_SNOWY_LADY_VESTS_NAVY_HERO_CLOSEUP.webp,snowy-lady-vests-2523,navy,3
SNOWY LADY VESTS — 2523_SNOWY_LADY_VESTS_NAVY_HERO_SIDE.webp,2523-model-2523-snowy-lady-vests-navy-hero-side,https://notanother-nz.github.io/total-image-product-assets/assets/2523_SNOWY_LADY_VESTS/webp/model/2523_SNOWY_LADY_VESTS_NAVY_HERO_SIDE.webp,snowy-lady-vests-2523,navy,4
SNOWY LADY VESTS — 2523_SNOWY_LADY_VESTS_BLACK_FRONT.webp,2523-product-2523-snowy-lady-vests-black-front,https://notanother-nz.github.io/total-image-product-assets/assets/2523_SNOWY_LADY_VESTS/webp/product/2523_SNOWY_LADY_VESTS_BLACK_FRONT.webp,snowy-lady-vests-2523,black,5
SNOWY LADY VESTS — 2523_SNOWY_LADY_VESTS_NAVY_FRONT__png.webp,2523-product-2523-snowy-lady-vests-navy-front-png,https://notanother-nz.github.io/total-image-product-assets/assets/2523_SNOWY_LADY_VESTS/webp/product/2523_SNOWY_LADY_VESTS_NAVY_FRONT__png.webp,snowy-lady-vests-2523,navy,6
SNOWY LADY VESTS — 2523_SNOWY_LADY_VESTS_NAVY_FRONT__webp.webp,2523-product-2523-snowy-lady-vests-navy-front-webp,https://notanother-nz.github.io/total-image-product-assets/assets/2523_SNOWY_LADY_VESTS/webp/product/2523_SNOWY_LADY_VESTS_NAVY_FRONT__webp.webp,snowy-lady-vests-2523,navy,7
SNOWY LADY VESTS — 2523_SNOWY_LADY_VESTS_BLACK_BACK.webp,2523-product-2523-snowy-lady-vests-black-back,https://notanother-nz.github.io/total-image-product-assets/assets/2523_SNOWY_LADY_VESTS/webp/product/2523_SNOWY_LADY_VESTS_BLACK_BACK.webp,snowy-lady-vests-2523,black,8
SNOWY LADY VESTS — 2523_SNOWY_LADY_VESTS_NAVY_BACK.webp,2523-product-2523-snowy-lady-vests-navy-back,https://notanother-nz.github.io/total-image-product-assets/assets/2523_SNOWY_LADY_VESTS/webp/product/2523_SNOWY_LADY_VESTS_NAVY_BACK.webp,snowy-lady-vests-2523,navy,9
Men's Zipsider Boot — 261_MENS_ZIPSIDER_BOOT_BLACK.webp,261-product-261-mens-zipsider-boot-black,https://notanother-nz.github.io/total-image-product-assets/assets/261_MENS_ZIPSIDER_BOOT/webp/product/261_MENS_ZIPSIDER_BOOT_BLACK.webp,mens-zipsider-boot-261,black,1
Men's Zipsider Boot — 261_MENS_ZIPSIDER_BOOT_LIGHT BROWN.webp,261-product-261-mens-zipsider-boot-light-brown,https://notanother-nz.github.io/total-image-product-assets/assets/261_MENS_ZIPSIDER_BOOT/webp/product/261_MENS_ZIPSIDER_BOOT_LIGHT%20BROWN.webp,mens-zipsider-boot-261,light-brown,2
Men's Zipsider Boot — 261_MENS_ZIPSIDER_BOOT_WHEAT.webp,261-product-261-mens-zipsider-boot-wheat,https://notanother-nz.github.io/total-image-product-assets/assets/261_MENS_ZIPSIDER_BOOT/webp/product/261_MENS_ZIPSIDER_BOOT_WHEAT.webp,mens-zipsider-boot-261,wheat,3
Ladies Contrast Polo — 2LCP_LADIES_CONTRAST_POLO_NAVY_WHITE_HERO_FRONT.webp,2lcp-model-2lcp-ladies-contrast-polo-navy-white-hero-front,https://notanother-nz.github.io/total-image-product-assets/assets/2LCP_LADIES_CONTRAST_POLO/webp/model/2LCP_LADIES_CONTRAST_POLO_NAVY_WHITE_HERO_FRONT.webp,ladies-contrast-polo-2lcp,navy-white,1
Ladies Contrast Polo — 2LCP_LADIES_CONTRAST_POLO_NAVY_WHITE_HERO_BACK.webp,2lcp-model-2lcp-ladies-contrast-polo-navy-white-hero-back,https://notanother-nz.github.io/total-image-product-assets/assets/2LCP_LADIES_CONTRAST_POLO/webp/model/2LCP_LADIES_CONTRAST_POLO_NAVY_WHITE_HERO_BACK.webp,ladies-contrast-polo-2lcp,navy-white,2
Ladies Contrast Polo — 2LCP_LADIES_CONTRAST_POLO_NAVY_WHITE_HERO_CLOSEUP.webp,2lcp-model-2lcp-ladies-contrast-polo-navy-white-hero-closeup,https://notanother-nz.github.io/total-image-product-assets/assets/2LCP_LADIES_CONTRAST_POLO/webp/model/2LCP_LADIES_CONTRAST_POLO_NAVY_WHITE_HERO_CLOSEUP.webp,ladies-contrast-polo-2lcp,navy-white,3
Ladies Contrast Polo — 2LCP_LADIES_CONTRAST_POLO_NAVY_WHITE_HERO_SIDE.webp,2lcp-model-2lcp-ladies-contrast-polo-navy-white-hero-side,https://notanother-nz.github.io/total-image-product-assets/assets/2LCP_LADIES_CONTRAST_POLO/webp/model/2LCP_LADIES_CONTRAST_POLO_NAVY_WHITE_HERO_SIDE.webp,ladies-contrast-polo-2lcp,navy-white,4
Ladies Contrast Polo — 2LCP_LADIES_CONTRAST_POLO_BLACK_WHITE_FRONT.webp,2lcp-product-2lcp-ladies-contrast-polo-black-white-front,https://notanother-nz.github.io/total-image-product-assets/assets/2LCP_LADIES_CONTRAST_POLO/webp/product/2LCP_LADIES_CONTRAST_POLO_BLACK_WHITE_FRONT.webp,ladies-contrast-polo-2lcp,black-white,5
Ladies Contrast Polo — 2LCP_LADIES_CONTRAST_POLO_GUNMETAL_RED_FRONT.webp,2lcp-product-2lcp-ladies-contrast-polo-gunmetal-red-front,https://notanother-nz.github.io/total-image-product-assets/assets/2LCP_LADIES_CONTRAST_POLO/webp/product/2LCP_LADIES_CONTRAST_POLO_GUNMETAL_RED_FRONT.webp,ladies-contrast-polo-2lcp,gunmetal-red,6
Ladies Contrast Polo — 2LCP_LADIES_CONTRAST_POLO_NAVY_WHITE_FRONT.webp,2lcp-product-2lcp-ladies-contrast-polo-navy-white-front,https://notanother-nz.github.io/total-image-product-assets/assets/2LCP_LADIES_CONTRAST_POLO/webp/product/2LCP_LADIES_CONTRAST_POLO_NAVY_WHITE_FRONT.webp,ladies-contrast-polo-2lcp,navy-white,7
Ladies Contrast Polo — 2LCP_LADIES_CONTRAST_POLO_ROYAL_WHITE_FRONT.webp,2lcp-product-2lcp-ladies-contrast-polo-royal-white-front,https://notanother-nz.github.io/total-image-product-assets/assets/2LCP_LADIES_CONTRAST_POLO/webp/product/2LCP_LADIES_CONTRAST_POLO_ROYAL_WHITE_FRONT.webp,ladies-contrast-polo-2lcp,royal-white,8
Ladies Contrast Polo — 2LCP_LADIES_CONTRAST_POLO_BLACK_WHITE_BACK.webp,2lcp-product-2lcp-ladies-contrast-polo-black-white-back,https://notanother-nz.github.io/total-image-product-assets/assets/2LCP_LADIES_CONTRAST_POLO/webp/product/2LCP_LADIES_CONTRAST_POLO_BLACK_WHITE_BACK.webp,ladies-contrast-polo-2lcp,black-white,9
Ladies Contrast Polo — 2LCP_LADIES_CONTRAST_POLO_GUNMETAL_RED_BACK.webp,2lcp-product-2lcp-ladies-contrast-polo-gunmetal-red-back,https://notanother-nz.github.io/total-image-product-assets/assets/2LCP_LADIES_CONTRAST_POLO/webp/product/2LCP_LADIES_CONTRAST_POLO_GUNMETAL_RED_BACK.webp,ladies-contrast-polo-2lcp,gunmetal-red,10
Ladies Contrast Polo — 2LCP_LADIES_CONTRAST_POLO_NAVY_WHITE_BACK.webp,2lcp-product-2lcp-ladies-contrast-polo-navy-white-back,https://notanother-nz.github.io/total-image-product-assets/assets/2LCP_LADIES_CONTRAST_POLO/webp/product/2LCP_LADIES_CONTRAST_POLO_NAVY_WHITE_BACK.webp,ladies-contrast-polo-2lcp,navy-white,11
Ladies Contrast Polo — 2LCP_LADIES_CONTRAST_POLO_ROYAL_WHITE_BACK.webp,2lcp-product-2lcp-ladies-contrast-polo-royal-white-back,https://notanother-nz.github.io/total-image-product-assets/assets/2LCP_LADIES_CONTRAST_POLO/webp/product/2LCP_LADIES_CONTRAST_POLO_ROYAL_WHITE_BACK.webp,ladies-contrast-polo-2lcp,royal-white,12
