Image Name,Slug,Image,Product,Color,Sort Order
Ladies 210 Polo — 2LPS_LADIES_210_POLO_WHITE_HERO_FRONT.webp,2lps-model-2lps-ladies-210-polo-white-hero-front,https://notanother-nz.github.io/total-image-product-assets/assets/2LPS_LADIES_210_POLO/webp/model/2LPS_LADIES_210_POLO_WHITE_HERO_FRONT.webp,ladies-210-polo,white,1
Ladies 210 Polo — 2LPS_LADIES_210_POLO_WHITE_HERO_BACK.webp,2lps-model-2lps-ladies-210-polo-white-hero-back,https://notanother-nz.github.io/total-image-product-assets/assets/2LPS_LADIES_210_POLO/webp/model/2LPS_LADIES_210_POLO_WHITE_HERO_BACK.webp,ladies-210-polo,white,2
Ladies 210 Polo — 2LPS_LADIES_210_POLO_WHITE_HERO_CLOSEUP.webp,2lps-model-2lps-ladies-210-polo-white-hero-closeup,https://notanother-nz.github.io/total-image-product-assets/assets/2LPS_LADIES_210_POLO/webp/model/2LPS_LADIES_210_POLO_WHITE_HERO_CLOSEUP.webp,ladies-210-polo,white,3
Ladies 210 Polo — 2LPS_LADIES_210_POLO_WHITE_HERO_SIDE.webp,2lps-model-2lps-ladies-210-polo-white-hero-side,https://notanother-nz.github.io/total-image-product-assets/assets/2LPS_LADIES_210_POLO/webp/model/2LPS_LADIES_210_POLO_WHITE_HERO_SIDE.webp,ladies-210-polo,white,4
Ladies 210 Polo — 2LPS_LADIES_210_POLO_AQUA_FRONT.webp,2lps-product-2lps-ladies-210-polo-aqua-front,https://notanother-nz.github.io/total-image-product-assets/assets/2LPS_LADIES_210_POLO/webp/product/2LPS_LADIES_210_POLO_AQUA_FRONT.webp,ladies-210-polo,aqua,5
Ladies 210 Polo — 2LPS_LADIES_210_POLO_BLACK_FRONT.webp,2lps-product-2lps-ladies-210-polo-black-front,https://notanother-nz.github.io/total-image-product-assets/assets/2LPS_LADIES_210_POLO/webp/product/2LPS_LADIES_210_POLO_BLACK_FRONT.webp,ladies-210-polo,black,6
Ladies 210 Polo — 2LPS_LADIES_210_POLO_JABE_FRONT.webp,2lps-product-2lps-ladies-210-polo-jabe-front,https://notanother-nz.github.io/total-image-product-assets/assets/2LPS_LADIES_210_POLO/webp/product/2LPS_LADIES_210_POLO_JABE_FRONT.webp,ladies-210-polo,,7
Ladies 210 Polo — 2LPS_LADIES_210_POLO_MUSK_FRONT.webp,2lps-product-2lps-ladies-210-polo-musk-front,https://notanother-nz.github.io/total-image-product-assets/assets/2LPS_LADIES_210_POLO/webp/product/2LPS_LADIES_210_POLO_MUSK_FRONT.webp,ladies-210-polo,musk,8
Ladies 210 Polo — 2LPS_LADIES_210_POLO_NAVY_FRONT.webp,2lps-product-2lps-ladies-210-polo-navy-front,https://notanother-nz.github.io/total-image-product-assets/assets/2LPS_LADIES_210_POLO/webp/product/2LPS_LADIES_210_POLO_NAVY_FRONT.webp,ladies-210-polo,navy,9
Ladies 210 Polo — 2LPS_LADIES_210_POLO_PEA_GREEN_FRONT.webp,2lps-product-2lps-ladies-210-polo-pea-green-front,https://notanother-nz.github.io/total-image-product-assets/assets/2LPS_LADIES_210_POLO/webp/product/2LPS_LADIES_210_POLO_PEA_GREEN_FRONT.webp,ladies-210-polo,pea-green,10
Ladies 210 Polo — 2LPS_LADIES_210_POLO_PURPLE_FRONT.webp,2lps-product-2lps-ladies-210-polo-purple-front,https://notanother-nz.github.io/total-image-product-assets/assets/2LPS_LADIES_210_POLO/webp/product/2LPS_LADIES_210_POLO_PURPLE_FRONT.webp,ladies-210-polo,purple,11
Ladies 210 Polo — 2LPS_LADIES_210_POLO_RED_FRONT.webp,2lps-product-2lps-ladies-210-polo-red-front,https://notanother-nz.github.io/total-image-product-assets/assets/2LPS_LADIES_210_POLO/webp/product/2LPS_LADIES_210_POLO_RED_FRONT.webp,ladies-210-polo,red,12
Ladies 210 Polo — 2LPS_LADIES_210_POLO_WHITE_FRONT.webp,2lps-product-2lps-ladies-210-polo-white-front,https://notanother-nz.github.io/total-image-product-assets/assets/2LPS_LADIES_210_POLO/webp/product/2LPS_LADIES_210_POLO_WHITE_FRONT.webp,ladies-210-polo,white,13
Ladies 210 Polo — 2LPS_LADIES_210_POLO_AQUA_BACK.webp,2lps-product-2lps-ladies-210-polo-aqua-back,https://notanother-nz.github.io/total-image-product-assets/assets/2LPS_LADIES_210_POLO/webp/product/2LPS_LADIES_210_POLO_AQUA_BACK.webp,ladies-210-polo,aqua,14
Ladies 210 Polo — 2LPS_LADIES_210_POLO_BLACK_BACK.webp,2lps-product-2lps-ladies-210-polo-black-back,https://notanother-nz.github.io/total-image-product-assets/assets/2LPS_LADIES_210_POLO/webp/product/2LPS_LADIES_210_POLO_BLACK_BACK.webp,ladies-210-polo,black,15
Ladies 210 Polo — 2LPS_LADIES_210_POLO_JADE_BACK.webp,2lps-product-2lps-ladies-210-polo-jade-back,https://notanother-nz.github.io/total-image-product-assets/assets/2LPS_LADIES_210_POLO/webp/product/2LPS_LADIES_210_POLO_JADE_BACK.webp,ladies-210-polo,jade,16
Ladies 210 Polo — 2LPS_LADIES_210_POLO_MUSK_BACK.webp,2lps-product-2lps-ladies-210-polo-musk-back,https://notanother-nz.github.io/total-image-product-assets/assets/2LPS_LADIES_210_POLO/webp/product/2LPS_LADIES_210_POLO_MUSK_BACK.webp,ladies-210-polo,musk,17
Ladies 210 Polo — 2LPS_LADIES_210_POLO_NAVY_BACK.webp,2lps-product-2lps-ladies-210-polo-navy-back,https://notanother-nz.github.io/total-image-product-assets/assets/2LPS_LADIES_210_POLO/webp/product/2LPS_LADIES_210_POLO_NAVY_BACK.webp,ladies-210-polo,navy,18
Ladies 210 Polo — 2LPS_LADIES_210_POLO_PEA_GREEN_BACK.webp,2lps-product-2lps-ladies-210-polo-pea-green-back,https://notanother-nz.github.io/total-image-product-assets/assets/2LPS_LADIES_210_POLO/webp/product/2LPS_LADIES_210_POLO_PEA_GREEN_BACK.webp,ladies-210-polo,pea-green,19
Ladies 210 Polo — 2LPS_LADIES_210_POLO_PURPLE_BACK.webp,2lps-product-2lps-ladies-210-polo-purple-back,https://notanother-nz.github.io/total-image-product-assets/assets/2LPS_LADIES_210_POLO/webp/product/2LPS_LADIES_210_POLO_PURPLE_BACK.webp,ladies-210-polo,purple,20
Ladies 210 Polo — 2LPS_LADIES_210_POLO_RED_BACK.webp,2lps-product-2lps-ladies-210-polo-red-back,https://notanother-nz.github.io/total-image-product-assets/assets/2LPS_LADIES_210_POLO/webp/product/2LPS_LADIES_210_POLO_RED_BACK.webp,ladies-210-polo,red,21
Ladies 210 Polo — 2LPS_LADIES_210_POLO_WHITE_BACK.webp,2lps-product-2lps-ladies-210-polo-white-back,https://notanother-nz.github.io/total-image-product-assets/assets/2LPS_LADIES_210_POLO/webp/product/2LPS_LADIES_210_POLO_WHITE_BACK.webp,ladies-210-polo,white,22
Men's Black Lace Up Derby Shoe — 34652_MENS_BLACK_LACE_UP_DERBY_SHOE 2.webp,34652-product-34652-mens-black-lace-up-derby-shoe-2,https://notanother-nz.github.io/total-image-product-assets/assets/34652_MENS_BLACK_LACE_UP_DERBY_SHOE/webp/product/34652_MENS_BLACK_LACE_UP_DERBY_SHOE%202.webp,mens-black-lace-up-derby-shoe,black,1
Men's Black Lace Up Derby Shoe — 34652_MENS_BLACK_LACE_UP_DERBY_SHOE.webp,34652-product-34652-mens-black-lace-up-derby-shoe,https://notanother-nz.github.io/total-image-product-assets/assets/34652_MENS_BLACK_LACE_UP_DERBY_SHOE/webp/product/34652_MENS_BLACK_LACE_UP_DERBY_SHOE.webp,mens-black-lace-up-derby-shoe,black,2
Canvas Hat — 3791_CANVAS_HAT_NATURAL__png.webp,3791-model-3791-canvas-hat-natural-png,https://notanother-nz.github.io/total-image-product-assets/assets/3791_CANVAS_HAT/webp/model/3791_CANVAS_HAT_NATURAL__png.webp,canvas-hat,natural,1
Canvas Hat — 3791_CANVAS_HAT_NAVY__png.webp,3791-model-3791-canvas-hat-navy-png,https://notanother-nz.github.io/total-image-product-assets/assets/3791_CANVAS_HAT/webp/model/3791_CANVAS_HAT_NAVY__png.webp,canvas-hat,navy,2
Canvas Hat — 3791_CANVAS_HAT_NATURAL__jpeg.webp,3791-product-3791-canvas-hat-natural-jpeg,https://notanother-nz.github.io/total-image-product-assets/assets/3791_CANVAS_HAT/webp/product/3791_CANVAS_HAT_NATURAL__jpeg.webp,canvas-hat,natural,3
Canvas Hat — 3791_CANVAS_HAT_NAVY__jpeg.webp,3791-product-3791-canvas-hat-navy-jpeg,https://notanother-nz.github.io/total-image-product-assets/assets/3791_CANVAS_HAT/webp/product/3791_CANVAS_HAT_NAVY__jpeg.webp,canvas-hat,navy,4
Trucker Mesh Cap — 3803_TRUCKER_MESH_CAP_BLACK_HERO_FRONT.webp,3803-model-3803-trucker-mesh-cap-black-hero-front,https://notanother-nz.github.io/total-image-product-assets/assets/3803_TRUCKER_MESH_CAP/webp/model/3803_TRUCKER_MESH_CAP_BLACK_HERO_FRONT.webp,trucker-mesh-cap,black,1
Trucker Mesh Cap — 3803_TRUCKER_MESH_CAP_BLACK_HERO_BACK.webp,3803-model-3803-trucker-mesh-cap-black-hero-back,https://notanother-nz.github.io/total-image-product-assets/assets/3803_TRUCKER_MESH_CAP/webp/model/3803_TRUCKER_MESH_CAP_BLACK_HERO_BACK.webp,trucker-mesh-cap,black,2
Trucker Mesh Cap — 3803_TRUCKER_MESH_CAP_BLACK_HERO_SIDE.webp,3803-model-3803-trucker-mesh-cap-black-hero-side,https://notanother-nz.github.io/total-image-product-assets/assets/3803_TRUCKER_MESH_CAP/webp/model/3803_TRUCKER_MESH_CAP_BLACK_HERO_SIDE.webp,trucker-mesh-cap,black,3
Trucker Mesh Cap — 3803_TRUCKER_MESH_CAP_BLACK_FRONT.webp,3803-product-3803-trucker-mesh-cap-black-front,https://notanother-nz.github.io/total-image-product-assets/assets/3803_TRUCKER_MESH_CAP/webp/product/3803_TRUCKER_MESH_CAP_BLACK_FRONT.webp,trucker-mesh-cap,black,4
Trucker Mesh Cap — 3803_TRUCKER_MESH_CAP_CHARCOAL_FRONT.webp,3803-product-3803-trucker-mesh-cap-charcoal-front,https://notanother-nz.github.io/total-image-product-assets/assets/3803_TRUCKER_MESH_CAP/webp/product/3803_TRUCKER_MESH_CAP_CHARCOAL_FRONT.webp,trucker-mesh-cap,charcoal,5
Trucker Mesh Cap — 3803_TRUCKER_MESH_CAP_RED_FRONT.webp,3803-product-3803-trucker-mesh-cap-red-front,https://notanother-nz.github.io/total-image-product-assets/assets/3803_TRUCKER_MESH_CAP/webp/product/3803_TRUCKER_MESH_CAP_RED_FRONT.webp,trucker-mesh-cap,red,6
Trucker Mesh Cap — 3803_TRUCKER_MESH_CAP_ROYAL_FRONT.webp,3803-product-3803-trucker-mesh-cap-royal-front,https://notanother-nz.github.io/total-image-product-assets/assets/3803_TRUCKER_MESH_CAP/webp/product/3803_TRUCKER_MESH_CAP_ROYAL_FRONT.webp,trucker-mesh-cap,royal,7
Trucker Mesh Cap — 3803_TRUCKER_MESH_CAP_WHITE_FRONT.webp,3803-product-3803-trucker-mesh-cap-white-front,https://notanother-nz.github.io/total-image-product-assets/assets/3803_TRUCKER_MESH_CAP/webp/product/3803_TRUCKER_MESH_CAP_WHITE_FRONT.webp,trucker-mesh-cap,white,8
Recycled Breathable Poly Twill Cap — 3980_Recycled_Breathable_Poly_Twill_Cap_Front.webp,3980-model-3980-recycled-breathable-poly-twill-cap-front,https://notanother-nz.github.io/total-image-product-assets/assets/3980_Recycled_Breathable_Poly_Twill_Cap/webp/model/3980_Recycled_Breathable_Poly_Twill_Cap_Front.webp,recycled-breathable-poly-twill-cap,,1
Recycled Breathable Poly Twill Cap — 3980_Recycled_Breathable_Poly_Twill_Cap_Back.webp,3980-model-3980-recycled-breathable-poly-twill-cap-back,https://notanother-nz.github.io/total-image-product-assets/assets/3980_Recycled_Breathable_Poly_Twill_Cap/webp/model/3980_Recycled_Breathable_Poly_Twill_Cap_Back.webp,recycled-breathable-poly-twill-cap,,2
Recycled Breathable Poly Twill Cap — 3980_Recycled_Breathable_Poly_Twill_Cap_Side.webp,3980-model-3980-recycled-breathable-poly-twill-cap-side,https://notanother-nz.github.io/total-image-product-assets/assets/3980_Recycled_Breathable_Poly_Twill_Cap/webp/model/3980_Recycled_Breathable_Poly_Twill_Cap_Side.webp,recycled-breathable-poly-twill-cap,,3
Recycled Breathable Poly Twill Cap — 3980_Recycled_Breathable_Poly_Twill_Cap_Closeup.webp,3980-model-3980-recycled-breathable-poly-twill-cap-closeup,https://notanother-nz.github.io/total-image-product-assets/assets/3980_Recycled_Breathable_Poly_Twill_Cap/webp/model/3980_Recycled_Breathable_Poly_Twill_Cap_Closeup.webp,recycled-breathable-poly-twill-cap,,4
Recycled Breathable Poly Twill Cap — 3980_Recycled_Breathable_Poly_Twill_Cap_Black_View.webp,3980-product-3980-recycled-breathable-poly-twill-cap-black-view,https://notanother-nz.github.io/total-image-product-assets/assets/3980_Recycled_Breathable_Poly_Twill_Cap/webp/product/3980_Recycled_Breathable_Poly_Twill_Cap_Black_View.webp,recycled-breathable-poly-twill-cap,black,5
Recycled Breathable Poly Twill Cap — 3980_Recycled_Breathable_Poly_Twill_Cap_Bottle_View.webp,3980-product-3980-recycled-breathable-poly-twill-cap-bottle-view,https://notanother-nz.github.io/total-image-product-assets/assets/3980_Recycled_Breathable_Poly_Twill_Cap/webp/product/3980_Recycled_Breathable_Poly_Twill_Cap_Bottle_View.webp,recycled-breathable-poly-twill-cap,bottle,6
Recycled Breathable Poly Twill Cap — 3980_Recycled_Breathable_Poly_Twill_Cap_Charcoal_View.webp,3980-product-3980-recycled-breathable-poly-twill-cap-charcoal-view,https://notanother-nz.github.io/total-image-product-assets/assets/3980_Recycled_Breathable_Poly_Twill_Cap/webp/product/3980_Recycled_Breathable_Poly_Twill_Cap_Charcoal_View.webp,recycled-breathable-poly-twill-cap,charcoal,7
Recycled Breathable Poly Twill Cap — 3980_Recycled_Breathable_Poly_Twill_Cap_Navy_View.webp,3980-product-3980-recycled-breathable-poly-twill-cap-navy-view,https://notanother-nz.github.io/total-image-product-assets/assets/3980_Recycled_Breathable_Poly_Twill_Cap/webp/product/3980_Recycled_Breathable_Poly_Twill_Cap_Navy_View.webp,recycled-breathable-poly-twill-cap,navy,8
Recycled Breathable Poly Twill Cap — 3980_Recycled_Breathable_Poly_Twill_Cap_Red_View.webp,3980-product-3980-recycled-breathable-poly-twill-cap-red-view,https://notanother-nz.github.io/total-image-product-assets/assets/3980_Recycled_Breathable_Poly_Twill_Cap/webp/product/3980_Recycled_Breathable_Poly_Twill_Cap_Red_View.webp,recycled-breathable-poly-twill-cap,red,9
Recycled Breathable Poly Twill Cap — 3980_Recycled_Breathable_Poly_Twill_Cap_Royal_View.webp,3980-product-3980-recycled-breathable-poly-twill-cap-royal-view,https://notanother-nz.github.io/total-image-product-assets/assets/3980_Recycled_Breathable_Poly_Twill_Cap/webp/product/3980_Recycled_Breathable_Poly_Twill_Cap_Royal_View.webp,recycled-breathable-poly-twill-cap,royal,10
Recycled Breathable Poly Twill Cap — 3980_Recycled_Breathable_Poly_Twill_Cap_Stone_View.webp,3980-product-3980-recycled-breathable-poly-twill-cap-stone-view,https://notanother-nz.github.io/total-image-product-assets/assets/3980_Recycled_Breathable_Poly_Twill_Cap/webp/product/3980_Recycled_Breathable_Poly_Twill_Cap_Stone_View.webp,recycled-breathable-poly-twill-cap,stone,11
Recycled Breathable Poly Twill Cap — 3980_Recycled_Breathable_Poly_Twill_Cap_White_View.webp,3980-product-3980-recycled-breathable-poly-twill-cap-white-view,https://notanother-nz.github.io/total-image-product-assets/assets/3980_Recycled_Breathable_Poly_Twill_Cap/webp/product/3980_Recycled_Breathable_Poly_Twill_Cap_White_View.webp,recycled-breathable-poly-twill-cap,white,12
Organic Brushed Heavy Cotton/Mesh Back Cap — 3987_ORGANIC_BRUSHED_HEAVY_COTTON_MESH_BLACK.webp,3987-model-3987-organic-brushed-heavy-cotton-mesh-black,https://notanother-nz.github.io/total-image-product-assets/assets/3987_ORGANIC_BRUSHED_HEAVY_COTTON_MESH_BACK_CAP/webp/model/3987_ORGANIC_BRUSHED_HEAVY_COTTON_MESH_BLACK.webp,organic-brushed-heavy-cotton-mesh-back-cap,black,1
Organic Brushed Heavy Cotton/Mesh Back Cap — 3987_ORGANIC_BRUSHED_HEAVY_COTTON_MESH_BLUSE_.webp,3987-model-3987-organic-brushed-heavy-cotton-mesh-bluse,https://notanother-nz.github.io/total-image-product-assets/assets/3987_ORGANIC_BRUSHED_HEAVY_COTTON_MESH_BACK_CAP/webp/model/3987_ORGANIC_BRUSHED_HEAVY_COTTON_MESH_BLUSE_.webp,organic-brushed-heavy-cotton-mesh-back-cap,,2
Organic Brushed Heavy Cotton/Mesh Back Cap — 3987_ORGANIC_BRUSHED_HEAVY_COTTON_MESH_BACK_CAP_BLACK_FRONT.webp,3987-product-3987-organic-brushed-heavy-cotton-mesh-back-cap-black-front,https://notanother-nz.github.io/total-image-product-assets/assets/3987_ORGANIC_BRUSHED_HEAVY_COTTON_MESH_BACK_CAP/webp/product/3987_ORGANIC_BRUSHED_HEAVY_COTTON_MESH_BACK_CAP_BLACK_FRONT.webp,organic-brushed-heavy-cotton-mesh-back-cap,black,3
Organic Brushed Heavy Cotton/Mesh Back Cap — 3987_ORGANIC_BRUSHED_HEAVY_COTTON_MESH_BACK_CAP_NAVY_FRONT.webp,3987-product-3987-organic-brushed-heavy-cotton-mesh-back-cap-navy-front,https://notanother-nz.github.io/total-image-product-assets/assets/3987_ORGANIC_BRUSHED_HEAVY_COTTON_MESH_BACK_CAP/webp/product/3987_ORGANIC_BRUSHED_HEAVY_COTTON_MESH_BACK_CAP_NAVY_FRONT.webp,organic-brushed-heavy-cotton-mesh-back-cap,navy,4
Maple Organic Tee — 4001G_MAPLE_ORGANIC_TEE_WHITE_HERO_FRONT.webp,4001g-model-4001g-maple-organic-tee-white-hero-front,https://notanother-nz.github.io/total-image-product-assets/assets/4001G_MAPLE_ORGANIC_TEE/webp/model/4001G_MAPLE_ORGANIC_TEE_WHITE_HERO_FRONT.webp,maple-organic-tee,white,1
Maple Organic Tee — 4001G_MAPLE_ORGANIC_TEE_WHITE_HERO_BACK.webp,4001g-model-4001g-maple-organic-tee-white-hero-back,https://notanother-nz.github.io/total-image-product-assets/assets/4001G_MAPLE_ORGANIC_TEE/webp/model/4001G_MAPLE_ORGANIC_TEE_WHITE_HERO_BACK.webp,maple-organic-tee,white,2
Maple Organic Tee — 4001G_MAPLE_ORGANIC_TEE_WHITE_HERO_CLOSEUP.webp,4001g-model-4001g-maple-organic-tee-white-hero-closeup,https://notanother-nz.github.io/total-image-product-assets/assets/4001G_MAPLE_ORGANIC_TEE/webp/model/4001G_MAPLE_ORGANIC_TEE_WHITE_HERO_CLOSEUP.webp,maple-organic-tee,white,3
Maple Organic Tee — 4001G_MAPLE_ORGANIC_TEE_WHITE_HERO_SIDE.webp,4001g-model-4001g-maple-organic-tee-white-hero-side,https://notanother-nz.github.io/total-image-product-assets/assets/4001G_MAPLE_ORGANIC_TEE/webp/model/4001G_MAPLE_ORGANIC_TEE_WHITE_HERO_SIDE.webp,maple-organic-tee,white,4
Maple Organic Tee — 4001G_MAPLE_ORGANIC_TEE_BLACK_FRONT.webp,4001g-product-4001g-maple-organic-tee-black-front,https://notanother-nz.github.io/total-image-product-assets/assets/4001G_MAPLE_ORGANIC_TEE/webp/product/4001G_MAPLE_ORGANIC_TEE_BLACK_FRONT.webp,maple-organic-tee,black,5
Maple Organic Tee — 4001G_MAPLE_ORGANIC_TEE_NATURAL_FRONT.webp,4001g-product-4001g-maple-organic-tee-natural-front,https://notanother-nz.github.io/total-image-product-assets/assets/4001G_MAPLE_ORGANIC_TEE/webp/product/4001G_MAPLE_ORGANIC_TEE_NATURAL_FRONT.webp,maple-organic-tee,natural,6
Maple Organic Tee — 4001G_MAPLE_ORGANIC_TEE_WHITE_FRONT.webp,4001g-product-4001g-maple-organic-tee-white-front,https://notanother-nz.github.io/total-image-product-assets/assets/4001G_MAPLE_ORGANIC_TEE/webp/product/4001G_MAPLE_ORGANIC_TEE_WHITE_FRONT.webp,maple-organic-tee,white,7
Maple Organic Tee — 4001G_MAPLE_ORGANIC_TEE_BLACK_BACK.webp,4001g-product-4001g-maple-organic-tee-black-back,https://notanother-nz.github.io/total-image-product-assets/assets/4001G_MAPLE_ORGANIC_TEE/webp/product/4001G_MAPLE_ORGANIC_TEE_BLACK_BACK.webp,maple-organic-tee,black,8
Maple Organic Tee — 4001G_MAPLE_ORGANIC_TEE_NATURAL_BACK.webp,4001g-product-4001g-maple-organic-tee-natural-back,https://notanother-nz.github.io/total-image-product-assets/assets/4001G_MAPLE_ORGANIC_TEE/webp/product/4001G_MAPLE_ORGANIC_TEE_NATURAL_BACK.webp,maple-organic-tee,natural,9
Maple Organic Tee — 4001G_MAPLE_ORGANIC_TEE_WHITE_BACK.webp,4001g-product-4001g-maple-organic-tee-white-back,https://notanother-nz.github.io/total-image-product-assets/assets/4001G_MAPLE_ORGANIC_TEE/webp/product/4001G_MAPLE_ORGANIC_TEE_WHITE_BACK.webp,maple-organic-tee,white,10
Women's Maple Tee — 4001W_WOMEN'S_MAPLE_TEE_WHITE_HERO_BACK.webp,4001w-model-4001w-womens-maple-tee-white-hero-back,https://notanother-nz.github.io/total-image-product-assets/assets/4001W_WOMEN'S_MAPLE_TEE/webp/model/4001W_WOMEN'S_MAPLE_TEE_WHITE_HERO_BACK.webp,womens-maple-tee,white,1
Women's Maple Tee — 4001W_WOMEN'S_MAPLE_TEE_WHITE_HERO_SIDE.webp,4001w-model-4001w-womens-maple-tee-white-hero-side,https://notanother-nz.github.io/total-image-product-assets/assets/4001W_WOMEN'S_MAPLE_TEE/webp/model/4001W_WOMEN'S_MAPLE_TEE_WHITE_HERO_SIDE.webp,womens-maple-tee,white,2
Women's Maple Tee — 4001W_WOMEN'S_MAPLE_TEE_WHITE_HERO_CLSOEUP.webp,4001w-model-4001w-womens-maple-tee-white-hero-clsoeup,https://notanother-nz.github.io/total-image-product-assets/assets/4001W_WOMEN'S_MAPLE_TEE/webp/model/4001W_WOMEN'S_MAPLE_TEE_WHITE_HERO_CLSOEUP.webp,womens-maple-tee,white,3
Women's Maple Tee — 4001W_WOMEN'S_MAPLE_TEE_WHITE_HERO_FRFONT.webp,4001w-model-4001w-womens-maple-tee-white-hero-frfont,https://notanother-nz.github.io/total-image-product-assets/assets/4001W_WOMEN'S_MAPLE_TEE/webp/model/4001W_WOMEN'S_MAPLE_TEE_WHITE_HERO_FRFONT.webp,womens-maple-tee,white,4
Women's Maple Tee — 4001W_WOMEN'S_MAPLE_TEE_BLACK_FRONT.webp,4001w-product-4001w-womens-maple-tee-black-front,https://notanother-nz.github.io/total-image-product-assets/assets/4001W_WOMEN'S_MAPLE_TEE/webp/product/4001W_WOMEN'S_MAPLE_TEE_BLACK_FRONT.webp,womens-maple-tee,black,5
Women's Maple Tee — 4001W_WOMEN'S_MAPLE_TEE_COAL_FRONT.webp,4001w-product-4001w-womens-maple-tee-coal-front,https://notanother-nz.github.io/total-image-product-assets/assets/4001W_WOMEN'S_MAPLE_TEE/webp/product/4001W_WOMEN'S_MAPLE_TEE_COAL_FRONT.webp,womens-maple-tee,coal,6
Women's Maple Tee — 4001W_WOMEN'S_MAPLE_TEE_NATURAL_FRONT.webp,4001w-product-4001w-womens-maple-tee-natural-front,https://notanother-nz.github.io/total-image-product-assets/assets/4001W_WOMEN'S_MAPLE_TEE/webp/product/4001W_WOMEN'S_MAPLE_TEE_NATURAL_FRONT.webp,womens-maple-tee,natural,7
Women's Maple Tee — 4001W_WOMEN'S_MAPLE_TEE_NAVY_FRONT.webp,4001w-product-4001w-womens-maple-tee-navy-front,https://notanother-nz.github.io/total-image-product-assets/assets/4001W_WOMEN'S_MAPLE_TEE/webp/product/4001W_WOMEN'S_MAPLE_TEE_NAVY_FRONT.webp,womens-maple-tee,navy,8
Women's Maple Tee — 4001W_WOMEN'S_MAPLE_TEE_WHITE_FRONT.webp,4001w-product-4001w-womens-maple-tee-white-front,https://notanother-nz.github.io/total-image-product-assets/assets/4001W_WOMEN'S_MAPLE_TEE/webp/product/4001W_WOMEN'S_MAPLE_TEE_WHITE_FRONT.webp,womens-maple-tee,white,9
Women's Maple Tee — 4001W_WOMEN'S_MAPLE_TEE_BLACK_BACK.webp,4001w-product-4001w-womens-maple-tee-black-back,https://notanother-nz.github.io/total-image-product-assets/assets/4001W_WOMEN'S_MAPLE_TEE/webp/product/4001W_WOMEN'S_MAPLE_TEE_BLACK_BACK.webp,womens-maple-tee,black,10
Women's Maple Tee — 4001W_WOMEN'S_MAPLE_TEE_COAL_BACK.webp,4001w-product-4001w-womens-maple-tee-coal-back,https://notanother-nz.github.io/total-image-product-assets/assets/4001W_WOMEN'S_MAPLE_TEE/webp/product/4001W_WOMEN'S_MAPLE_TEE_COAL_BACK.webp,womens-maple-tee,coal,11
Women's Maple Tee — 4001W_WOMEN'S_MAPLE_TEE_NATURAL_BACK.webp,4001w-product-4001w-womens-maple-tee-natural-back,https://notanother-nz.github.io/total-image-product-assets/assets/4001W_WOMEN'S_MAPLE_TEE/webp/product/4001W_WOMEN'S_MAPLE_TEE_NATURAL_BACK.webp,womens-maple-tee,natural,12
Women's Maple Tee — 4001W_WOMEN'S_MAPLE_TEE_NAVY_BACK.webp,4001w-product-4001w-womens-maple-tee-navy-back,https://notanother-nz.github.io/total-image-product-assets/assets/4001W_WOMEN'S_MAPLE_TEE/webp/product/4001W_WOMEN'S_MAPLE_TEE_NAVY_BACK.webp,womens-maple-tee,navy,13
Women's Maple Tee — 4001W_WOMEN'S_MAPLE_TEE_WHITE_BACK.webp,4001w-product-4001w-womens-maple-tee-white-back,https://notanother-nz.github.io/total-image-product-assets/assets/4001W_WOMEN'S_MAPLE_TEE/webp/product/4001W_WOMEN'S_MAPLE_TEE_WHITE_BACK.webp,womens-maple-tee,white,14
Womens Hudson L/S Shirt — 40310_Hudson_Womens_Long_Sleeve_Shirt_Hero_Front.webp,40310-model-40310-hudson-womens-long-sleeve-shirt-hero-front,https://notanother-nz.github.io/total-image-product-assets/assets/40310_Hudson_Womens_Long_Sleeve_Shirt/webp/model/40310_Hudson_Womens_Long_Sleeve_Shirt_Hero_Front.webp,womens-hudson-l-s-shirt,,1
Womens Hudson L/S Shirt — 40310_Hudson_Womens_Long_Sleeve_Shirt_Hero_Back.webp,40310-model-40310-hudson-womens-long-sleeve-shirt-hero-back,https://notanother-nz.github.io/total-image-product-assets/assets/40310_Hudson_Womens_Long_Sleeve_Shirt/webp/model/40310_Hudson_Womens_Long_Sleeve_Shirt_Hero_Back.webp,womens-hudson-l-s-shirt,,2
Womens Hudson L/S Shirt — 40310_Hudson_Womens_Long_Sleeve_Shirt_Hero_CloseUp.webp,40310-model-40310-hudson-womens-long-sleeve-shirt-hero-closeup,https://notanother-nz.github.io/total-image-product-assets/assets/40310_Hudson_Womens_Long_Sleeve_Shirt/webp/model/40310_Hudson_Womens_Long_Sleeve_Shirt_Hero_CloseUp.webp,womens-hudson-l-s-shirt,,3
Womens Hudson L/S Shirt — 40310_Hudson_Womens_Long_Sleeve_Shirt_Hero_Side.webp,40310-model-40310-hudson-womens-long-sleeve-shirt-hero-side,https://notanother-nz.github.io/total-image-product-assets/assets/40310_Hudson_Womens_Long_Sleeve_Shirt/webp/model/40310_Hudson_Womens_Long_Sleeve_Shirt_Hero_Side.webp,womens-hudson-l-s-shirt,,4
Womens Hudson L/S Shirt — 40310_Hudson_Womens_Long_Sleeve_Shirt_PatriotBlue_Front_View.webp,40310-product-40310-hudson-womens-long-sleeve-shirt-patriotblue-front-view,https://notanother-nz.github.io/total-image-product-assets/assets/40310_Hudson_Womens_Long_Sleeve_Shirt/webp/product/40310_Hudson_Womens_Long_Sleeve_Shirt_PatriotBlue_Front_View.webp,womens-hudson-l-s-shirt,patriot-blue,5
Womens Hudson L/S Shirt — 40310_Hudson_Womens_Long_Sleeve_Shirt_White_Front_View.webp,40310-product-40310-hudson-womens-long-sleeve-shirt-white-front-view,https://notanother-nz.github.io/total-image-product-assets/assets/40310_Hudson_Womens_Long_Sleeve_Shirt/webp/product/40310_Hudson_Womens_Long_Sleeve_Shirt_White_Front_View.webp,womens-hudson-l-s-shirt,white,6
Womens Hudson L/S Shirt — 40310_Hudson_Womens_Long_Sleeve_Shirt_Wine_Front_View.webp,40310-product-40310-hudson-womens-long-sleeve-shirt-wine-front-view,https://notanother-nz.github.io/total-image-product-assets/assets/40310_Hudson_Womens_Long_Sleeve_Shirt/webp/product/40310_Hudson_Womens_Long_Sleeve_Shirt_Wine_Front_View.webp,womens-hudson-l-s-shirt,wine,7
Womens Hudson L/S Shirt — 40310_Hudson_Womens_Long_Sleeve_Shirt_PatriotBlue_Back_View.webp,40310-product-40310-hudson-womens-long-sleeve-shirt-patriotblue-back-view,https://notanother-nz.github.io/total-image-product-assets/assets/40310_Hudson_Womens_Long_Sleeve_Shirt/webp/product/40310_Hudson_Womens_Long_Sleeve_Shirt_PatriotBlue_Back_View.webp,womens-hudson-l-s-shirt,patriot-blue,8
Womens Hudson L/S Shirt — 40310_Hudson_Womens_Long_Sleeve_Shirt_White_Back_View.webp,40310-product-40310-hudson-womens-long-sleeve-shirt-white-back-view,https://notanother-nz.github.io/total-image-product-assets/assets/40310_Hudson_Womens_Long_Sleeve_Shirt/webp/product/40310_Hudson_Womens_Long_Sleeve_Shirt_White_Back_View.webp,womens-hudson-l-s-shirt,white,9
Womens Hudson L/S Shirt — 40310_Hudson_Womens_Long_Sleeve_Shirt_Wine_Back_View.webp,40310-product-40310-hudson-womens-long-sleeve-shirt-wine-back-view,https://notanother-nz.github.io/total-image-product-assets/assets/40310_Hudson_Womens_Long_Sleeve_Shirt/webp/product/40310_Hudson_Womens_Long_Sleeve_Shirt_Wine_Back_View.webp,womens-hudson-l-s-shirt,wine,10
Mens Hudson L/S Shirt — 40320_Hudson_Mens_Long_Sleeve_Shirt_Hero_Front.webp,40320-model-40320-hudson-mens-long-sleeve-shirt-hero-front,https://notanother-nz.github.io/total-image-product-assets/assets/40320_Hudson_Mens_Long_Sleeve_Shirt/webp/model/40320_Hudson_Mens_Long_Sleeve_Shirt_Hero_Front.webp,mens-hudson-l-s-shirt,,1
Mens Hudson L/S Shirt — 40320_Hudson_Mens_Long_Sleeve_Shirt_Hero_Back.webp,40320-model-40320-hudson-mens-long-sleeve-shirt-hero-back,https://notanother-nz.github.io/total-image-product-assets/assets/40320_Hudson_Mens_Long_Sleeve_Shirt/webp/model/40320_Hudson_Mens_Long_Sleeve_Shirt_Hero_Back.webp,mens-hudson-l-s-shirt,,2
Mens Hudson L/S Shirt — 40320_Hudson_Mens_Long_Sleeve_Shirt_Hero_Closeup.webp,40320-model-40320-hudson-mens-long-sleeve-shirt-hero-closeup,https://notanother-nz.github.io/total-image-product-assets/assets/40320_Hudson_Mens_Long_Sleeve_Shirt/webp/model/40320_Hudson_Mens_Long_Sleeve_Shirt_Hero_Closeup.webp,mens-hudson-l-s-shirt,,3
Mens Hudson L/S Shirt — 40320_Hudson_Mens_Long_Sleeve_Shirt_Hero_Side.webp,40320-model-40320-hudson-mens-long-sleeve-shirt-hero-side,https://notanother-nz.github.io/total-image-product-assets/assets/40320_Hudson_Mens_Long_Sleeve_Shirt/webp/model/40320_Hudson_Mens_Long_Sleeve_Shirt_Hero_Side.webp,mens-hudson-l-s-shirt,,4
Mens Hudson L/S Shirt — 40320_Hudson_Mens_Long_Sleeve_Shirt_PatriotBlue_Front_View.webp,40320-product-40320-hudson-mens-long-sleeve-shirt-patriotblue-front-view,https://notanother-nz.github.io/total-image-product-assets/assets/40320_Hudson_Mens_Long_Sleeve_Shirt/webp/product/40320_Hudson_Mens_Long_Sleeve_Shirt_PatriotBlue_Front_View.webp,mens-hudson-l-s-shirt,patriot-blue,5
Mens Hudson L/S Shirt — 40320_Hudson_Mens_Long_Sleeve_Shirt_White_Front_View.webp,40320-product-40320-hudson-mens-long-sleeve-shirt-white-front-view,https://notanother-nz.github.io/total-image-product-assets/assets/40320_Hudson_Mens_Long_Sleeve_Shirt/webp/product/40320_Hudson_Mens_Long_Sleeve_Shirt_White_Front_View.webp,mens-hudson-l-s-shirt,white,6
Mens Hudson L/S Shirt — 40320_Hudson_Mens_Long_Sleeve_Shirt_Wine_Front_View.webp,40320-product-40320-hudson-mens-long-sleeve-shirt-wine-front-view,https://notanother-nz.github.io/total-image-product-assets/assets/40320_Hudson_Mens_Long_Sleeve_Shirt/webp/product/40320_Hudson_Mens_Long_Sleeve_Shirt_Wine_Front_View.webp,mens-hudson-l-s-shirt,wine,7
Mens Hudson L/S Shirt — 40320_Hudson_Mens_Long_Sleeve_Shirt_PatriotBlue_Back_View.webp,40320-product-40320-hudson-mens-long-sleeve-shirt-patriotblue-back-view,https://notanother-nz.github.io/total-image-product-assets/assets/40320_Hudson_Mens_Long_Sleeve_Shirt/webp/product/40320_Hudson_Mens_Long_Sleeve_Shirt_PatriotBlue_Back_View.webp,mens-hudson-l-s-shirt,patriot-blue,8
Mens Hudson L/S Shirt — 40320_Hudson_Mens_Long_Sleeve_Shirt_White_Back_View.webp,40320-product-40320-hudson-mens-long-sleeve-shirt-white-back-view,https://notanother-nz.github.io/total-image-product-assets/assets/40320_Hudson_Mens_Long_Sleeve_Shirt/webp/product/40320_Hudson_Mens_Long_Sleeve_Shirt_White_Back_View.webp,mens-hudson-l-s-shirt,white,9
Mens Hudson L/S Shirt — 40320_Hudson_Mens_Long_Sleeve_Shirt_Wine_Back_View.webp,40320-product-40320-hudson-mens-long-sleeve-shirt-wine-back-view,https://notanother-nz.github.io/total-image-product-assets/assets/40320_Hudson_Mens_Long_Sleeve_Shirt/webp/product/40320_Hudson_Mens_Long_Sleeve_Shirt_Wine_Back_View.webp,mens-hudson-l-s-shirt,wine,10
Wo's Maple Stripe Tee — 4037_WO'S_MAPLE_STRIPE_TEE_NAVY_WHITE_HERO_FRONT.webp,4037-model-4037-wos-maple-stripe-tee-navy-white-hero-front,https://notanother-nz.github.io/total-image-product-assets/assets/4037_WO'S_MAPLE_STRIPE_TEE/webp/model/4037_WO'S_MAPLE_STRIPE_TEE_NAVY_WHITE_HERO_FRONT.webp,wos-maple-stripe-tee,navy-white,1
Wo's Maple Stripe Tee — 4037_WO'S_MAPLE_STRIPE_TEE_NAVY_WHITE_HERO_BACK.webp,4037-model-4037-wos-maple-stripe-tee-navy-white-hero-back,https://notanother-nz.github.io/total-image-product-assets/assets/4037_WO'S_MAPLE_STRIPE_TEE/webp/model/4037_WO'S_MAPLE_STRIPE_TEE_NAVY_WHITE_HERO_BACK.webp,wos-maple-stripe-tee,navy-white,2
Wo's Maple Stripe Tee — 4037_WO'S_MAPLE_STRIPE_TEE_NAVY_WHITE_HERO_CLOSEUP.webp,4037-model-4037-wos-maple-stripe-tee-navy-white-hero-closeup,https://notanother-nz.github.io/total-image-product-assets/assets/4037_WO'S_MAPLE_STRIPE_TEE/webp/model/4037_WO'S_MAPLE_STRIPE_TEE_NAVY_WHITE_HERO_CLOSEUP.webp,wos-maple-stripe-tee,navy-white,3
Wo's Maple Stripe Tee — 4037_WO'S_MAPLE_STRIPE_TEE_NAVY_WHITE_HERO_SIDE.webp,4037-model-4037-wos-maple-stripe-tee-navy-white-hero-side,https://notanother-nz.github.io/total-image-product-assets/assets/4037_WO'S_MAPLE_STRIPE_TEE/webp/model/4037_WO'S_MAPLE_STRIPE_TEE_NAVY_WHITE_HERO_SIDE.webp,wos-maple-stripe-tee,navy-white,4
Wo's Maple Stripe Tee — 4037_WO'S_MAPLE_STRIPE_TEE_BLACK_WHITE_FRONT.webp,4037-product-4037-wos-maple-stripe-tee-black-white-front,https://notanother-nz.github.io/total-image-product-assets/assets/4037_WO'S_MAPLE_STRIPE_TEE/webp/product/4037_WO'S_MAPLE_STRIPE_TEE_BLACK_WHITE_FRONT.webp,wos-maple-stripe-tee,black-white,5
Wo's Maple Stripe Tee — 4037_WO'S_MAPLE_STRIPE_TEE_NATURAL_MID_BLUE_FRONT.webp,4037-product-4037-wos-maple-stripe-tee-natural-mid-blue-front,https://notanother-nz.github.io/total-image-product-assets/assets/4037_WO'S_MAPLE_STRIPE_TEE/webp/product/4037_WO'S_MAPLE_STRIPE_TEE_NATURAL_MID_BLUE_FRONT.webp,wos-maple-stripe-tee,natural-mid-blue,6
Wo's Maple Stripe Tee — 4037_WO'S_MAPLE_STRIPE_TEE_NATURAL_WALNUT_FRONT.webp,4037-product-4037-wos-maple-stripe-tee-natural-walnut-front,https://notanother-nz.github.io/total-image-product-assets/assets/4037_WO'S_MAPLE_STRIPE_TEE/webp/product/4037_WO'S_MAPLE_STRIPE_TEE_NATURAL_WALNUT_FRONT.webp,wos-maple-stripe-tee,natural-walnut,7
Wo's Maple Stripe Tee — 4037_WO'S_MAPLE_STRIPE_TEE_NAVY_WHITE_FRONT.webp,4037-product-4037-wos-maple-stripe-tee-navy-white-front,https://notanother-nz.github.io/total-image-product-assets/assets/4037_WO'S_MAPLE_STRIPE_TEE/webp/product/4037_WO'S_MAPLE_STRIPE_TEE_NAVY_WHITE_FRONT.webp,wos-maple-stripe-tee,navy-white,8
Wo's Maple Stripe Tee — 4037_WO'S_MAPLE_STRIPE_TEE_BLACK_WHITE_BACK.webp,4037-product-4037-wos-maple-stripe-tee-black-white-back,https://notanother-nz.github.io/total-image-product-assets/assets/4037_WO'S_MAPLE_STRIPE_TEE/webp/product/4037_WO'S_MAPLE_STRIPE_TEE_BLACK_WHITE_BACK.webp,wos-maple-stripe-tee,black-white,9
Wo's Maple Stripe Tee — 4037_WO'S_MAPLE_STRIPE_TEE_NATURAL_MID_BLUE_BACK.webp,4037-product-4037-wos-maple-stripe-tee-natural-mid-blue-back,https://notanother-nz.github.io/total-image-product-assets/assets/4037_WO'S_MAPLE_STRIPE_TEE/webp/product/4037_WO'S_MAPLE_STRIPE_TEE_NATURAL_MID_BLUE_BACK.webp,wos-maple-stripe-tee,natural-mid-blue,10
Wo's Maple Stripe Tee — 4037_WO'S_MAPLE_STRIPE_TEE_NATURAL_WALNUT_BACK.webp,4037-product-4037-wos-maple-stripe-tee-natural-walnut-back,https://notanother-nz.github.io/total-image-product-assets/assets/4037_WO'S_MAPLE_STRIPE_TEE/webp/product/4037_WO'S_MAPLE_STRIPE_TEE_NATURAL_WALNUT_BACK.webp,wos-maple-stripe-tee,natural-walnut,11
Wo's Maple Stripe Tee — 4037_WO'S_MAPLE_STRIPE_TEE_NAVY_WHITE_BACK.webp,4037-product-4037-wos-maple-stripe-tee-navy-white-back,https://notanother-nz.github.io/total-image-product-assets/assets/4037_WO'S_MAPLE_STRIPE_TEE/webp/product/4037_WO'S_MAPLE_STRIPE_TEE_NAVY_WHITE_BACK.webp,wos-maple-stripe-tee,navy-white,12
Mesh Sports Cap — 4058_MESH_SPORTS_CAP_ROYAL_SIDE_HERO_FRONT.webp,4058-model-4058-mesh-sports-cap-royal-side-hero-front,https://notanother-nz.github.io/total-image-product-assets/assets/4058_MESH_SPORTS_CAP/webp/model/4058_MESH_SPORTS_CAP_ROYAL_SIDE_HERO_FRONT.webp,mesh-sports-cap,royal,1
Mesh Sports Cap — 4058_MESH_SPORTS_CAP_ROYAL_SIDE_HERO_BACK.webp,4058-model-4058-mesh-sports-cap-royal-side-hero-back,https://notanother-nz.github.io/total-image-product-assets/assets/4058_MESH_SPORTS_CAP/webp/model/4058_MESH_SPORTS_CAP_ROYAL_SIDE_HERO_BACK.webp,mesh-sports-cap,royal,2
Mesh Sports Cap — 4058_MESH_SPORTS_CAP_ROYAL_SIDE_HERO_CLOSEUP.webp,4058-model-4058-mesh-sports-cap-royal-side-hero-closeup,https://notanother-nz.github.io/total-image-product-assets/assets/4058_MESH_SPORTS_CAP/webp/model/4058_MESH_SPORTS_CAP_ROYAL_SIDE_HERO_CLOSEUP.webp,mesh-sports-cap,royal,3
Mesh Sports Cap — 4058_MESH_SPORTS_CAP_ROYAL_SIDE_HERO_SIDE.webp,4058-model-4058-mesh-sports-cap-royal-side-hero-side,https://notanother-nz.github.io/total-image-product-assets/assets/4058_MESH_SPORTS_CAP/webp/model/4058_MESH_SPORTS_CAP_ROYAL_SIDE_HERO_SIDE.webp,mesh-sports-cap,royal,4
Mesh Sports Cap — 4058_MESH_SPORTS_CAP_BLACK_SIDE.webp,4058-product-4058-mesh-sports-cap-black-side,https://notanother-nz.github.io/total-image-product-assets/assets/4058_MESH_SPORTS_CAP/webp/product/4058_MESH_SPORTS_CAP_BLACK_SIDE.webp,mesh-sports-cap,black,5
Mesh Sports Cap — 4058_MESH_SPORTS_CAP_NAVY_SIDE.webp,4058-product-4058-mesh-sports-cap-navy-side,https://notanother-nz.github.io/total-image-product-assets/assets/4058_MESH_SPORTS_CAP/webp/product/4058_MESH_SPORTS_CAP_NAVY_SIDE.webp,mesh-sports-cap,navy,6
Mesh Sports Cap — 4058_MESH_SPORTS_CAP_ROYAL_SIDE.webp,4058-product-4058-mesh-sports-cap-royal-side,https://notanother-nz.github.io/total-image-product-assets/assets/4058_MESH_SPORTS_CAP/webp/product/4058_MESH_SPORTS_CAP_ROYAL_SIDE.webp,mesh-sports-cap,royal,7
Mesh Sports Cap — 4058_MESH_SPORTS_CAP_WHITE_SIDE.webp,4058-product-4058-mesh-sports-cap-white-side,https://notanother-nz.github.io/total-image-product-assets/assets/4058_MESH_SPORTS_CAP/webp/product/4058_MESH_SPORTS_CAP_WHITE_SIDE.webp,mesh-sports-cap,white,8
Wo's Classic L/S Tee — 4073_WO'S_CLASSIC_LS_TEE_WHITE_HERO_FRONT.webp,4073-model-4073-wos-classic-ls-tee-white-hero-front,https://notanother-nz.github.io/total-image-product-assets/assets/4073_WO'S_CLASSIC_LS_TEE/webp/model/4073_WO'S_CLASSIC_LS_TEE_WHITE_HERO_FRONT.webp,wos-classic-l-s-tee,white,1
Wo's Classic L/S Tee — 4073_WO'S_CLASSIC_LS_TEE_WHITE_HERO_BACK.webp,4073-model-4073-wos-classic-ls-tee-white-hero-back,https://notanother-nz.github.io/total-image-product-assets/assets/4073_WO'S_CLASSIC_LS_TEE/webp/model/4073_WO'S_CLASSIC_LS_TEE_WHITE_HERO_BACK.webp,wos-classic-l-s-tee,white,2
Wo's Classic L/S Tee — 4073_WO'S_CLASSIC_LS_TEE_WHITE_HERO_CLOSEUP.webp,4073-model-4073-wos-classic-ls-tee-white-hero-closeup,https://notanother-nz.github.io/total-image-product-assets/assets/4073_WO'S_CLASSIC_LS_TEE/webp/model/4073_WO'S_CLASSIC_LS_TEE_WHITE_HERO_CLOSEUP.webp,wos-classic-l-s-tee,white,3
Wo's Classic L/S Tee — 4073_WO'S_CLASSIC_LS_TEE_WHITE_HERO_SIDE.webp,4073-model-4073-wos-classic-ls-tee-white-hero-side,https://notanother-nz.github.io/total-image-product-assets/assets/4073_WO'S_CLASSIC_LS_TEE/webp/model/4073_WO'S_CLASSIC_LS_TEE_WHITE_HERO_SIDE.webp,wos-classic-l-s-tee,white,4
Wo's Classic L/S Tee — 4073_WO'S_CLASSIC_LS_TEE_ECRU_FRONT.webp,4073-product-4073-wos-classic-ls-tee-ecru-front,https://notanother-nz.github.io/total-image-product-assets/assets/4073_WO'S_CLASSIC_LS_TEE/webp/product/4073_WO'S_CLASSIC_LS_TEE_ECRU_FRONT.webp,wos-classic-l-s-tee,ecru,5
Wo's Classic L/S Tee — 4073_WO'S_CLASSIC_LS_TEE_GREY_BLACK_FRONT.webp,4073-product-4073-wos-classic-ls-tee-grey-black-front,https://notanother-nz.github.io/total-image-product-assets/assets/4073_WO'S_CLASSIC_LS_TEE/webp/product/4073_WO'S_CLASSIC_LS_TEE_GREY_BLACK_FRONT.webp,wos-classic-l-s-tee,black,6
Wo's Classic L/S Tee — 4073_WO'S_CLASSIC_LS_TEE_GREY_MARLE_FRONT.webp,4073-product-4073-wos-classic-ls-tee-grey-marle-front,https://notanother-nz.github.io/total-image-product-assets/assets/4073_WO'S_CLASSIC_LS_TEE/webp/product/4073_WO'S_CLASSIC_LS_TEE_GREY_MARLE_FRONT.webp,wos-classic-l-s-tee,grey-marle,7
Wo's Classic L/S Tee — 4073_WO'S_CLASSIC_LS_TEE_GREY_NAVY_FRONT.webp,4073-product-4073-wos-classic-ls-tee-grey-navy-front,https://notanother-nz.github.io/total-image-product-assets/assets/4073_WO'S_CLASSIC_LS_TEE/webp/product/4073_WO'S_CLASSIC_LS_TEE_GREY_NAVY_FRONT.webp,wos-classic-l-s-tee,navy,8
Wo's Classic L/S Tee — 4073_WO'S_CLASSIC_LS_TEE_ORCHID_FRONT.webp,4073-product-4073-wos-classic-ls-tee-orchid-front,https://notanother-nz.github.io/total-image-product-assets/assets/4073_WO'S_CLASSIC_LS_TEE/webp/product/4073_WO'S_CLASSIC_LS_TEE_ORCHID_FRONT.webp,wos-classic-l-s-tee,orchid,9
Wo's Classic L/S Tee — 4073_WO'S_CLASSIC_LS_TEE_WHITE_FRONT.webp,4073-product-4073-wos-classic-ls-tee-white-front,https://notanother-nz.github.io/total-image-product-assets/assets/4073_WO'S_CLASSIC_LS_TEE/webp/product/4073_WO'S_CLASSIC_LS_TEE_WHITE_FRONT.webp,wos-classic-l-s-tee,white,10
Wo's Classic L/S Tee — 4073_WO'S_CLASSIC_LS_TEE_ECRU_BACK.webp,4073-product-4073-wos-classic-ls-tee-ecru-back,https://notanother-nz.github.io/total-image-product-assets/assets/4073_WO'S_CLASSIC_LS_TEE/webp/product/4073_WO'S_CLASSIC_LS_TEE_ECRU_BACK.webp,wos-classic-l-s-tee,ecru,11
Wo's Classic L/S Tee — 4073_WO'S_CLASSIC_LS_TEE_GREY_BLACK_BACK.webp,4073-product-4073-wos-classic-ls-tee-grey-black-back,https://notanother-nz.github.io/total-image-product-assets/assets/4073_WO'S_CLASSIC_LS_TEE/webp/product/4073_WO'S_CLASSIC_LS_TEE_GREY_BLACK_BACK.webp,wos-classic-l-s-tee,black,12
Wo's Classic L/S Tee — 4073_WO'S_CLASSIC_LS_TEE_GREY_MARLE_BACK.webp,4073-product-4073-wos-classic-ls-tee-grey-marle-back,https://notanother-nz.github.io/total-image-product-assets/assets/4073_WO'S_CLASSIC_LS_TEE/webp/product/4073_WO'S_CLASSIC_LS_TEE_GREY_MARLE_BACK.webp,wos-classic-l-s-tee,grey-marle,13
Wo's Classic L/S Tee — 4073_WO'S_CLASSIC_LS_TEE_GREY_NAVY_BACK.webp,4073-product-4073-wos-classic-ls-tee-grey-navy-back,https://notanother-nz.github.io/total-image-product-assets/assets/4073_WO'S_CLASSIC_LS_TEE/webp/product/4073_WO'S_CLASSIC_LS_TEE_GREY_NAVY_BACK.webp,wos-classic-l-s-tee,navy,14
Wo's Classic L/S Tee — 4073_WO'S_CLASSIC_LS_TEE_ORCHID_BACK.webp,4073-product-4073-wos-classic-ls-tee-orchid-back,https://notanother-nz.github.io/total-image-product-assets/assets/4073_WO'S_CLASSIC_LS_TEE/webp/product/4073_WO'S_CLASSIC_LS_TEE_ORCHID_BACK.webp,wos-classic-l-s-tee,orchid,15
Wo's Classic L/S Tee — 4073_WO'S_CLASSIC_LS_TEE_WHITE_BACK.webp,4073-product-4073-wos-classic-ls-tee-white-back,https://notanother-nz.github.io/total-image-product-assets/assets/4073_WO'S_CLASSIC_LS_TEE/webp/product/4073_WO'S_CLASSIC_LS_TEE_WHITE_BACK.webp,wos-classic-l-s-tee,white,16
Heavy Brushed Cotton Cap — 4171_HEAVY_BRUSHED_COTTON_CAP_NAVY_FRONT_HERO_BACK.webp,4171-model-4171-heavy-brushed-cotton-cap-navy-front-hero-back,https://notanother-nz.github.io/total-image-product-assets/assets/4171_HEAVY_BRUSHED_COTTON_CAP/webp/model/4171_HEAVY_BRUSHED_COTTON_CAP_NAVY_FRONT_HERO_BACK.webp,heavy-brushed-cotton-cap,navy,1
Heavy Brushed Cotton Cap — 4171_HEAVY_BRUSHED_COTTON_CAP_NAVY_FRONT_HERO_FRONT.webp,4171-model-4171-heavy-brushed-cotton-cap-navy-front-hero-front,https://notanother-nz.github.io/total-image-product-assets/assets/4171_HEAVY_BRUSHED_COTTON_CAP/webp/model/4171_HEAVY_BRUSHED_COTTON_CAP_NAVY_FRONT_HERO_FRONT.webp,heavy-brushed-cotton-cap,navy,2
Heavy Brushed Cotton Cap — 4171_HEAVY_BRUSHED_COTTON_CAP_NAVY_FRONT_HERO_SIDE.webp,4171-model-4171-heavy-brushed-cotton-cap-navy-front-hero-side,https://notanother-nz.github.io/total-image-product-assets/assets/4171_HEAVY_BRUSHED_COTTON_CAP/webp/model/4171_HEAVY_BRUSHED_COTTON_CAP_NAVY_FRONT_HERO_SIDE.webp,heavy-brushed-cotton-cap,navy,3
Heavy Brushed Cotton Cap — 4171_HEAVY_BRUSHED_COTTON_CAP_BLACK_FRONT.webp,4171-product-4171-heavy-brushed-cotton-cap-black-front,https://notanother-nz.github.io/total-image-product-assets/assets/4171_HEAVY_BRUSHED_COTTON_CAP/webp/product/4171_HEAVY_BRUSHED_COTTON_CAP_BLACK_FRONT.webp,heavy-brushed-cotton-cap,black,4
Heavy Brushed Cotton Cap — 4171_HEAVY_BRUSHED_COTTON_CAP_BOTTLE_FRONT.webp,4171-product-4171-heavy-brushed-cotton-cap-bottle-front,https://notanother-nz.github.io/total-image-product-assets/assets/4171_HEAVY_BRUSHED_COTTON_CAP/webp/product/4171_HEAVY_BRUSHED_COTTON_CAP_BOTTLE_FRONT.webp,heavy-brushed-cotton-cap,bottle,5
Heavy Brushed Cotton Cap — 4171_HEAVY_BRUSHED_COTTON_CAP_MAROON_FRONT.webp,4171-product-4171-heavy-brushed-cotton-cap-maroon-front,https://notanother-nz.github.io/total-image-product-assets/assets/4171_HEAVY_BRUSHED_COTTON_CAP/webp/product/4171_HEAVY_BRUSHED_COTTON_CAP_MAROON_FRONT.webp,heavy-brushed-cotton-cap,maroon,6
Heavy Brushed Cotton Cap — 4171_HEAVY_BRUSHED_COTTON_CAP_NAVY_FRONT.webp,4171-product-4171-heavy-brushed-cotton-cap-navy-front,https://notanother-nz.github.io/total-image-product-assets/assets/4171_HEAVY_BRUSHED_COTTON_CAP/webp/product/4171_HEAVY_BRUSHED_COTTON_CAP_NAVY_FRONT.webp,heavy-brushed-cotton-cap,navy,7
Heavy Brushed Cotton Cap — 4171_HEAVY_BRUSHED_COTTON_CAP_PINK_FRONT.webp,4171-product-4171-heavy-brushed-cotton-cap-pink-front,https://notanother-nz.github.io/total-image-product-assets/assets/4171_HEAVY_BRUSHED_COTTON_CAP/webp/product/4171_HEAVY_BRUSHED_COTTON_CAP_PINK_FRONT.webp,heavy-brushed-cotton-cap,pink,8
Heavy Brushed Cotton Cap — 4171_HEAVY_BRUSHED_COTTON_CAP_RED_FRONT.webp,4171-product-4171-heavy-brushed-cotton-cap-red-front,https://notanother-nz.github.io/total-image-product-assets/assets/4171_HEAVY_BRUSHED_COTTON_CAP/webp/product/4171_HEAVY_BRUSHED_COTTON_CAP_RED_FRONT.webp,heavy-brushed-cotton-cap,red,9
Heavy Brushed Cotton Cap — 4171_HEAVY_BRUSHED_COTTON_CAP_WHITE_FRONT.webp,4171-product-4171-heavy-brushed-cotton-cap-white-front,https://notanother-nz.github.io/total-image-product-assets/assets/4171_HEAVY_BRUSHED_COTTON_CAP/webp/product/4171_HEAVY_BRUSHED_COTTON_CAP_WHITE_FRONT.webp,heavy-brushed-cotton-cap,white,10
Surf Hat — 4287_SURF_HAT_black_HERO_FRONT.webp,4287-model-4287-surf-hat-black-hero-front,https://notanother-nz.github.io/total-image-product-assets/assets/4287_SURF_HAT/webp/model/4287_SURF_HAT_black_HERO_FRONT.webp,surf-hat,black,1
Surf Hat — 4287_SURF_HAT_BOTTLE_HERO_FRONT.webp,4287-model-4287-surf-hat-bottle-hero-front,https://notanother-nz.github.io/total-image-product-assets/assets/4287_SURF_HAT/webp/model/4287_SURF_HAT_BOTTLE_HERO_FRONT.webp,surf-hat,bottle,2
Surf Hat — 4287_SURF_HAT_NATURAL_HERO_FRONT.webp,4287-model-4287-surf-hat-natural-hero-front,https://notanother-nz.github.io/total-image-product-assets/assets/4287_SURF_HAT/webp/model/4287_SURF_HAT_NATURAL_HERO_FRONT.webp,surf-hat,natural,3
Surf Hat — 4287_SURF_HAT_NAVY_HERO_FRONT.webp,4287-model-4287-surf-hat-navy-hero-front,https://notanother-nz.github.io/total-image-product-assets/assets/4287_SURF_HAT/webp/model/4287_SURF_HAT_NAVY_HERO_FRONT.webp,surf-hat,navy,4
Surf Hat — 4287_SURF_HAT_BLACK_FRONT.webp,4287-product-4287-surf-hat-black-front,https://notanother-nz.github.io/total-image-product-assets/assets/4287_SURF_HAT/webp/product/4287_SURF_HAT_BLACK_FRONT.webp,surf-hat,black,5
Surf Hat — 4287_SURF_HAT_BOTTLE_FRONT.webp,4287-product-4287-surf-hat-bottle-front,https://notanother-nz.github.io/total-image-product-assets/assets/4287_SURF_HAT/webp/product/4287_SURF_HAT_BOTTLE_FRONT.webp,surf-hat,bottle,6
Surf Hat — 4287_SURF_HAT_NATURAL_FRONT.webp,4287-product-4287-surf-hat-natural-front,https://notanother-nz.github.io/total-image-product-assets/assets/4287_SURF_HAT/webp/product/4287_SURF_HAT_NATURAL_FRONT.webp,surf-hat,natural,7
Surf Hat — 4287_SURF_HAT_NAVY_FRONT.webp,4287-product-4287-surf-hat-navy-front,https://notanother-nz.github.io/total-image-product-assets/assets/4287_SURF_HAT/webp/product/4287_SURF_HAT_NAVY_FRONT.webp,surf-hat,navy,8
Springfield Womens 3/4 Sleeve Shirt — 43411_Springfield_Womens_3-4_Sleeve_Shirt_Hero_Front.webp,43411-model-43411-springfield-womens-3-4-sleeve-shirt-hero-front,https://notanother-nz.github.io/total-image-product-assets/assets/43411_Springfield_Womens_3-4_Sleeve_Shirt/webp/model/43411_Springfield_Womens_3-4_Sleeve_Shirt_Hero_Front.webp,springfield-womens-3-4-sleeve-shirt,french-navy,1
Springfield Womens 3/4 Sleeve Shirt — 43411_Springfield_Womens_3-4_Sleeve_Shirt_Hero_Back.webp,43411-model-43411-springfield-womens-3-4-sleeve-shirt-hero-back,https://notanother-nz.github.io/total-image-product-assets/assets/43411_Springfield_Womens_3-4_Sleeve_Shirt/webp/model/43411_Springfield_Womens_3-4_Sleeve_Shirt_Hero_Back.webp,springfield-womens-3-4-sleeve-shirt,french-navy,2
Springfield Womens 3/4 Sleeve Shirt — 43411_Springfield_Womens_3-4_Sleeve_Shirt_Hero_CloseUp.webp,43411-model-43411-springfield-womens-3-4-sleeve-shirt-hero-closeup,https://notanother-nz.github.io/total-image-product-assets/assets/43411_Springfield_Womens_3-4_Sleeve_Shirt/webp/model/43411_Springfield_Womens_3-4_Sleeve_Shirt_Hero_CloseUp.webp,springfield-womens-3-4-sleeve-shirt,french-navy,3
Springfield Womens 3/4 Sleeve Shirt — 43411_Springfield_Womens_3-4_Sleeve_Shirt_Hero_Side.webp,43411-model-43411-springfield-womens-3-4-sleeve-shirt-hero-side,https://notanother-nz.github.io/total-image-product-assets/assets/43411_Springfield_Womens_3-4_Sleeve_Shirt/webp/model/43411_Springfield_Womens_3-4_Sleeve_Shirt_Hero_Side.webp,springfield-womens-3-4-sleeve-shirt,french-navy,4
Springfield Womens 3/4 Sleeve Shirt — 43411_Springfield_Womens_3-4_Sleeve_Shirt_FrenchNavy_View.webp,43411-product-43411-springfield-womens-3-4-sleeve-shirt-frenchnavy-view,https://notanother-nz.github.io/total-image-product-assets/assets/43411_Springfield_Womens_3-4_Sleeve_Shirt/webp/product/43411_Springfield_Womens_3-4_Sleeve_Shirt_FrenchNavy_View.webp,springfield-womens-3-4-sleeve-shirt,french-navy,5
Premium Elastic Sided Boot W/ Scuff Cap — 440_PREMIUM_ELASTIC _SIDED_BOOT W SCUFF_ CAP.webp,440-product-440-premium-elastic-sided-boot-w-scuff-cap,https://notanother-nz.github.io/total-image-product-assets/assets/440_PREMIUM_ELASTIC%20_SIDED_BOOT%20W%20SCUFF_%20CAP/webp/product/440_PREMIUM_ELASTIC%20_SIDED_BOOT%20W%20SCUFF_%20CAP.webp,premium-elastic-sided-boot-w-scuff-cap,black,1
Men's Brown Elastic Sided Boot — 45627_MENS_BROWN_ELASTIC_SIDED_BOOTS_2.webp,45627-product-45627-mens-brown-elastic-sided-boots-2,https://notanother-nz.github.io/total-image-product-assets/assets/45627_MENS_BROWN_ELASTIC_SIDED_BOOTS/webp/product/45627_MENS_BROWN_ELASTIC_SIDED_BOOTS_2.webp,mens-brown-elastic-sided-boot,brown,1
Men's Brown Elastic Sided Boot — 45627_MENS_BROWN_ELASTIC_SIDED_BOOTS_3.webp,45627-product-45627-mens-brown-elastic-sided-boots-3,https://notanother-nz.github.io/total-image-product-assets/assets/45627_MENS_BROWN_ELASTIC_SIDED_BOOTS/webp/product/45627_MENS_BROWN_ELASTIC_SIDED_BOOTS_3.webp,mens-brown-elastic-sided-boot,brown,2
Men's Brown Elastic Sided Boot — 45627_MENS_BROWN_ELASTIC_SIDED_BOOTS.webp,45627-product-45627-mens-brown-elastic-sided-boots,https://notanother-nz.github.io/total-image-product-assets/assets/45627_MENS_BROWN_ELASTIC_SIDED_BOOTS/webp/product/45627_MENS_BROWN_ELASTIC_SIDED_BOOTS.webp,mens-brown-elastic-sided-boot,brown,3
Women's Wheat Zip Sided Boot — 49-432Z_WOMENS_WHEAT_ZIP_SIDED_BOOT_FRONT.webp,49-432z-product-49-432z-womens-wheat-zip-sided-boot-front,https://notanother-nz.github.io/total-image-product-assets/assets/49-432Z_WOMENS_WHEAT_ZIP_SIDED_BOOT/webp/product/49-432Z_WOMENS_WHEAT_ZIP_SIDED_BOOT_FRONT.webp,womens-wheat-zip-sided-boot,wheat,1
Women's Wheat Zip Sided Boot — 49-432Z_WOMENS_WHEAT_ZIP_SIDED_BOOT_BACK.webp,49-432z-product-49-432z-womens-wheat-zip-sided-boot-back,https://notanother-nz.github.io/total-image-product-assets/assets/49-432Z_WOMENS_WHEAT_ZIP_SIDED_BOOT/webp/product/49-432Z_WOMENS_WHEAT_ZIP_SIDED_BOOT_BACK.webp,womens-wheat-zip-sided-boot,wheat,2
Women's Wheat Zip Sided Boot — 49-432Z_WOMENS_WHEAT_ZIP_SIDED_BOOT.webp,49-432z-product-49-432z-womens-wheat-zip-sided-boot,https://notanother-nz.github.io/total-image-product-assets/assets/49-432Z_WOMENS_WHEAT_ZIP_SIDED_BOOT/webp/product/49-432Z_WOMENS_WHEAT_ZIP_SIDED_BOOT.webp,womens-wheat-zip-sided-boot,wheat,3
Slip On Shoe — 49430_SLIP_ON_SHOES_BLACK.webp,49430-product-49430-slip-on-shoes-black,https://notanother-nz.github.io/total-image-product-assets/assets/49430_SLIP_ON_SHOES_BLACK/webp/product/49430_SLIP_ON_SHOES_BLACK.webp,slip-on-shoe,black,1
Women's Black Zip Sided Boot — 49445Z_WOMENS_BLACK_ZIP_SIDED_BOOT_2.webp,49445z-product-49445z-womens-black-zip-sided-boot-2,https://notanother-nz.github.io/total-image-product-assets/assets/49445Z_WOMENS_BLACK_ZIP_SIDED_BOOT/webp/product/49445Z_WOMENS_BLACK_ZIP_SIDED_BOOT_2.webp,womens-black-zip-sided-boot,black,1
Women's Black Zip Sided Boot — 49445Z_WOMENS_BLACK_ZIP_SIDED_BOOT.webp,49445z-product-49445z-womens-black-zip-sided-boot,https://notanother-nz.github.io/total-image-product-assets/assets/49445Z_WOMENS_BLACK_ZIP_SIDED_BOOT/webp/product/49445Z_WOMENS_BLACK_ZIP_SIDED_BOOT.webp,womens-black-zip-sided-boot,black,2
Women’s Stone Zip Sided Low-Cut Boot — 49450Z_Women’s_Stone_Zip_Sided_Low-Cut_Boot_2 (1).webp,49450z-product-49450z-womens-stone-zip-sided-low-cut-boot-2-1,https://notanother-nz.github.io/total-image-product-assets/assets/49450Z_Women%E2%80%99s_Stone_Zip_Sided_Low-Cut_Boot/webp/product/49450Z_Women%E2%80%99s_Stone_Zip_Sided_Low-Cut_Boot_2%20(1).webp,womens-stone-zip-sided-low-cut-boot,black,1
Women’s Stone Zip Sided Low-Cut Boot — 49450Z_Women’s_Stone_Zip_Sided_Low-Cut_Boot.webp,49450z-product-49450z-womens-stone-zip-sided-low-cut-boot,https://notanother-nz.github.io/total-image-product-assets/assets/49450Z_Women%E2%80%99s_Stone_Zip_Sided_Low-Cut_Boot/webp/product/49450Z_Women%E2%80%99s_Stone_Zip_Sided_Low-Cut_Boot.webp,womens-stone-zip-sided-low-cut-boot,black,2
Men's Staple Tee — 5001_MEN'S_STAPLE_TEE_LIGHT_GREY_HERO_FRONT.webp,5001-model-5001-mens-staple-tee-light-grey-hero-front,https://notanother-nz.github.io/total-image-product-assets/assets/5001_MEN'S_STAPLE_TEE/webp/model/5001_MEN'S_STAPLE_TEE_LIGHT_GREY_HERO_FRONT.webp,mens-staple-tee,light-grey,1
Men's Staple Tee — 5001_MEN'S_STAPLE_TEE_LIGHT_GREY_HERO_BACK.webp,5001-model-5001-mens-staple-tee-light-grey-hero-back,https://notanother-nz.github.io/total-image-product-assets/assets/5001_MEN'S_STAPLE_TEE/webp/model/5001_MEN'S_STAPLE_TEE_LIGHT_GREY_HERO_BACK.webp,mens-staple-tee,light-grey,2
Men's Staple Tee — 5001_MEN'S_STAPLE_TEE_LIGHT_GREY_HERO_CLOSEUP.webp,5001-model-5001-mens-staple-tee-light-grey-hero-closeup,https://notanother-nz.github.io/total-image-product-assets/assets/5001_MEN'S_STAPLE_TEE/webp/model/5001_MEN'S_STAPLE_TEE_LIGHT_GREY_HERO_CLOSEUP.webp,mens-staple-tee,light-grey,3
Men's Staple Tee — 5001_MEN'S_STAPLE_TEE_LIGHT_GREY_HERO_SIDE.webp,5001-model-5001-mens-staple-tee-light-grey-hero-side,https://notanother-nz.github.io/total-image-product-assets/assets/5001_MEN'S_STAPLE_TEE/webp/model/5001_MEN'S_STAPLE_TEE_LIGHT_GREY_HERO_SIDE.webp,mens-staple-tee,light-grey,4
Men's Staple Tee — 5001_MEN'S_STAPLE_TEE_BLACK_FRONT.webp,5001-product-5001-mens-staple-tee-black-front,https://notanother-nz.github.io/total-image-product-assets/assets/5001_MEN'S_STAPLE_TEE/webp/product/5001_MEN'S_STAPLE_TEE_BLACK_FRONT.webp,mens-staple-tee,black,5
Men's Staple Tee — 5001_MEN'S_STAPLE_TEE_CHARCOAL_FRONT.webp,5001-product-5001-mens-staple-tee-charcoal-front,https://notanother-nz.github.io/total-image-product-assets/assets/5001_MEN'S_STAPLE_TEE/webp/product/5001_MEN'S_STAPLE_TEE_CHARCOAL_FRONT.webp,mens-staple-tee,charcoal,6
Men's Staple Tee — 5001_MEN'S_STAPLE_TEE_COAL_FRONT.webp,5001-product-5001-mens-staple-tee-coal-front,https://notanother-nz.github.io/total-image-product-assets/assets/5001_MEN'S_STAPLE_TEE/webp/product/5001_MEN'S_STAPLE_TEE_COAL_FRONT.webp,mens-staple-tee,,7
Men's Staple Tee — 5001_MEN'S_STAPLE_TEE_GRANITE_FRONT.webp,5001-product-5001-mens-staple-tee-granite-front,https://notanother-nz.github.io/total-image-product-assets/assets/5001_MEN'S_STAPLE_TEE/webp/product/5001_MEN'S_STAPLE_TEE_GRANITE_FRONT.webp,mens-staple-tee,,8
Men's Staple Tee — 5001_MEN'S_STAPLE_TEE_LIGHT_GREY_FRONT.webp,5001-product-5001-mens-staple-tee-light-grey-front,https://notanother-nz.github.io/total-image-product-assets/assets/5001_MEN'S_STAPLE_TEE/webp/product/5001_MEN'S_STAPLE_TEE_LIGHT_GREY_FRONT.webp,mens-staple-tee,light-grey,9
Men's Staple Tee — 5001_MEN'S_STAPLE_TEE_WHITE_FRONT.webp,5001-product-5001-mens-staple-tee-white-front,https://notanother-nz.github.io/total-image-product-assets/assets/5001_MEN'S_STAPLE_TEE/webp/product/5001_MEN'S_STAPLE_TEE_WHITE_FRONT.webp,mens-staple-tee,white,10
Men's Staple Tee — 5001_MEN'S_STAPLE_TEE_BLACK_BACK.webp,5001-product-5001-mens-staple-tee-black-back,https://notanother-nz.github.io/total-image-product-assets/assets/5001_MEN'S_STAPLE_TEE/webp/product/5001_MEN'S_STAPLE_TEE_BLACK_BACK.webp,mens-staple-tee,black,11
Men's Staple Tee — 5001_MEN'S_STAPLE_TEE_CHARCOAL_BACK.webp,5001-product-5001-mens-staple-tee-charcoal-back,https://notanother-nz.github.io/total-image-product-assets/assets/5001_MEN'S_STAPLE_TEE/webp/product/5001_MEN'S_STAPLE_TEE_CHARCOAL_BACK.webp,mens-staple-tee,charcoal,12
Men's Staple Tee — 5001_MEN'S_STAPLE_TEE_COAL_BACK.webp,5001-product-5001-mens-staple-tee-coal-back,https://notanother-nz.github.io/total-image-product-assets/assets/5001_MEN'S_STAPLE_TEE/webp/product/5001_MEN'S_STAPLE_TEE_COAL_BACK.webp,mens-staple-tee,,13
Men's Staple Tee — 5001_MEN'S_STAPLE_TEE_GRANITE_BACK.webp,5001-product-5001-mens-staple-tee-granite-back,https://notanother-nz.github.io/total-image-product-assets/assets/5001_MEN'S_STAPLE_TEE/webp/product/5001_MEN'S_STAPLE_TEE_GRANITE_BACK.webp,mens-staple-tee,,14
Men's Staple Tee — 5001_MEN'S_STAPLE_TEE_LIGHT_GREY_BACK.webp,5001-product-5001-mens-staple-tee-light-grey-back,https://notanother-nz.github.io/total-image-product-assets/assets/5001_MEN'S_STAPLE_TEE/webp/product/5001_MEN'S_STAPLE_TEE_LIGHT_GREY_BACK.webp,mens-staple-tee,light-grey,15
Men's Staple Tee — 5001_MEN'S_STAPLE_TEE_WHITE_BACK.webp,5001-product-5001-mens-staple-tee-white-back,https://notanother-nz.github.io/total-image-product-assets/assets/5001_MEN'S_STAPLE_TEE/webp/product/5001_MEN'S_STAPLE_TEE_WHITE_BACK.webp,mens-staple-tee,white,16
Men's Staple Organic Tee — 5001G_MENS_STAPLE_ORGANIC_TEE_GREY_MARLE_HERO_FRONT.webp,5001g-model-5001g-mens-staple-organic-tee-grey-marle-hero-front,https://notanother-nz.github.io/total-image-product-assets/assets/5001G_MEN'S_STAPLE_ORGANIC_TEE/webp/model/5001G_MENS_STAPLE_ORGANIC_TEE_GREY_MARLE_HERO_FRONT.webp,mens-staple-organic-tee,grey-marle,1
Men's Staple Organic Tee — 5001G_MENS_STAPLE_ORGANIC_TEE_GREY_MARLE_HERO_BACK.webp,5001g-model-5001g-mens-staple-organic-tee-grey-marle-hero-back,https://notanother-nz.github.io/total-image-product-assets/assets/5001G_MEN'S_STAPLE_ORGANIC_TEE/webp/model/5001G_MENS_STAPLE_ORGANIC_TEE_GREY_MARLE_HERO_BACK.webp,mens-staple-organic-tee,grey-marle,2
Men's Staple Organic Tee — 5001G_MENS_STAPLE_ORGANIC_TEE_GREY_MARLE_HERO_CLOSEUP.webp,5001g-model-5001g-mens-staple-organic-tee-grey-marle-hero-closeup,https://notanother-nz.github.io/total-image-product-assets/assets/5001G_MEN'S_STAPLE_ORGANIC_TEE/webp/model/5001G_MENS_STAPLE_ORGANIC_TEE_GREY_MARLE_HERO_CLOSEUP.webp,mens-staple-organic-tee,grey-marle,3
Men's Staple Organic Tee — 5001G_MENS_STAPLE_ORGANIC_TEE_GREY_MARLE_HERO_SIDE_.webp,5001g-model-5001g-mens-staple-organic-tee-grey-marle-hero-side,https://notanother-nz.github.io/total-image-product-assets/assets/5001G_MEN'S_STAPLE_ORGANIC_TEE/webp/model/5001G_MENS_STAPLE_ORGANIC_TEE_GREY_MARLE_HERO_SIDE_.webp,mens-staple-organic-tee,grey-marle,4
Men's Staple Organic Tee — 5001G_MENS_STAPLE_ORGANIC_TEE_EUCALYPTUS_FRONT.webp,5001g-product-5001g-mens-staple-organic-tee-eucalyptus-front,https://notanother-nz.github.io/total-image-product-assets/assets/5001G_MEN'S_STAPLE_ORGANIC_TEE/webp/product/5001G_MENS_STAPLE_ORGANIC_TEE_EUCALYPTUS_FRONT.webp,mens-staple-organic-tee,,5
Men's Staple Organic Tee — 5001G_MENS_STAPLE_ORGANIC_TEE_GRANITE_FRONT.webp,5001g-product-5001g-mens-staple-organic-tee-granite-front,https://notanother-nz.github.io/total-image-product-assets/assets/5001G_MEN'S_STAPLE_ORGANIC_TEE/webp/product/5001G_MENS_STAPLE_ORGANIC_TEE_GRANITE_FRONT.webp,mens-staple-organic-tee,,6
Men's Staple Organic Tee — 5001G_MENS_STAPLE_ORGANIC_TEE_GREY_MARLE_FRONT.webp,5001g-product-5001g-mens-staple-organic-tee-grey-marle-front,https://notanother-nz.github.io/total-image-product-assets/assets/5001G_MEN'S_STAPLE_ORGANIC_TEE/webp/product/5001G_MENS_STAPLE_ORGANIC_TEE_GREY_MARLE_FRONT.webp,mens-staple-organic-tee,grey-marle,7
Men's Staple Organic Tee — 5001G_MENS_STAPLE_ORGANIC_TEE_NATURAL_FRONT.webp,5001g-product-5001g-mens-staple-organic-tee-natural-front,https://notanother-nz.github.io/total-image-product-assets/assets/5001G_MEN'S_STAPLE_ORGANIC_TEE/webp/product/5001G_MENS_STAPLE_ORGANIC_TEE_NATURAL_FRONT.webp,mens-staple-organic-tee,natural,8
Men's Staple Organic Tee — 5001G_MENS_STAPLE_ORGANIC_TEE_WALNUT_FRONT.webp,5001g-product-5001g-mens-staple-organic-tee-walnut-front,https://notanother-nz.github.io/total-image-product-assets/assets/5001G_MEN'S_STAPLE_ORGANIC_TEE/webp/product/5001G_MENS_STAPLE_ORGANIC_TEE_WALNUT_FRONT.webp,mens-staple-organic-tee,walnut,9
Men's Staple Organic Tee — 5001G_MENS_STAPLE_ORGANIC_TEE_WBLACK_FRONT.webp,5001g-product-5001g-mens-staple-organic-tee-wblack-front,https://notanother-nz.github.io/total-image-product-assets/assets/5001G_MEN'S_STAPLE_ORGANIC_TEE/webp/product/5001G_MENS_STAPLE_ORGANIC_TEE_WBLACK_FRONT.webp,mens-staple-organic-tee,,10
Men's Staple Organic Tee — 5001G_MENS_STAPLE_ORGANIC_TEE_WHITE_FRONT.webp,5001g-product-5001g-mens-staple-organic-tee-white-front,https://notanother-nz.github.io/total-image-product-assets/assets/5001G_MEN'S_STAPLE_ORGANIC_TEE/webp/product/5001G_MENS_STAPLE_ORGANIC_TEE_WHITE_FRONT.webp,mens-staple-organic-tee,white,11
Men's Staple Organic Tee — 5001G_MENS_STAPLE_ORGANIC_TEE_EUCALYPTUS_BACK.webp,5001g-product-5001g-mens-staple-organic-tee-eucalyptus-back,https://notanother-nz.github.io/total-image-product-assets/assets/5001G_MEN'S_STAPLE_ORGANIC_TEE/webp/product/5001G_MENS_STAPLE_ORGANIC_TEE_EUCALYPTUS_BACK.webp,mens-staple-organic-tee,,12
Men's Staple Organic Tee — 5001G_MENS_STAPLE_ORGANIC_TEE_GRANITE_BACK.webp,5001g-product-5001g-mens-staple-organic-tee-granite-back,https://notanother-nz.github.io/total-image-product-assets/assets/5001G_MEN'S_STAPLE_ORGANIC_TEE/webp/product/5001G_MENS_STAPLE_ORGANIC_TEE_GRANITE_BACK.webp,mens-staple-organic-tee,,13
Men's Staple Organic Tee — 5001G_MENS_STAPLE_ORGANIC_TEE_GREY_MARLE_BACK.webp,5001g-product-5001g-mens-staple-organic-tee-grey-marle-back,https://notanother-nz.github.io/total-image-product-assets/assets/5001G_MEN'S_STAPLE_ORGANIC_TEE/webp/product/5001G_MENS_STAPLE_ORGANIC_TEE_GREY_MARLE_BACK.webp,mens-staple-organic-tee,grey-marle,14
Men's Staple Organic Tee — 5001G_MENS_STAPLE_ORGANIC_TEE_NATURAL_BACK.webp,5001g-product-5001g-mens-staple-organic-tee-natural-back,https://notanother-nz.github.io/total-image-product-assets/assets/5001G_MEN'S_STAPLE_ORGANIC_TEE/webp/product/5001G_MENS_STAPLE_ORGANIC_TEE_NATURAL_BACK.webp,mens-staple-organic-tee,natural,15
Men's Staple Organic Tee — 5001G_MENS_STAPLE_ORGANIC_TEE_WALNUT_BACK.webp,5001g-product-5001g-mens-staple-organic-tee-walnut-back,https://notanother-nz.github.io/total-image-product-assets/assets/5001G_MEN'S_STAPLE_ORGANIC_TEE/webp/product/5001G_MENS_STAPLE_ORGANIC_TEE_WALNUT_BACK.webp,mens-staple-organic-tee,walnut,16
Men's Staple Organic Tee — 5001G_MENS_STAPLE_ORGANIC_TEE_WBLACK_BACK.webp,5001g-product-5001g-mens-staple-organic-tee-wblack-back,https://notanother-nz.github.io/total-image-product-assets/assets/5001G_MEN'S_STAPLE_ORGANIC_TEE/webp/product/5001G_MENS_STAPLE_ORGANIC_TEE_WBLACK_BACK.webp,mens-staple-organic-tee,,17
Men's Staple Organic Tee — 5001G_MENS_STAPLE_ORGANIC_TEE_WHITE_BACK.webp,5001g-product-5001g-mens-staple-organic-tee-white-back,https://notanother-nz.github.io/total-image-product-assets/assets/5001G_MEN'S_STAPLE_ORGANIC_TEE/webp/product/5001G_MENS_STAPLE_ORGANIC_TEE_WHITE_BACK.webp,mens-staple-organic-tee,white,18
Men's Classic Tee — 5026_MEN'S_CLASSIC_TEE_WHITE_HERO_FRONT.webp,5026-model-5026-mens-classic-tee-white-hero-front,https://notanother-nz.github.io/total-image-product-assets/assets/5026_MEN'S_CLASSIC_TEE/webp/model/5026_MEN'S_CLASSIC_TEE_WHITE_HERO_FRONT.webp,mens-classic-tee,white,1
Men's Classic Tee — 5026_MEN'S_CLASSIC_TEE_WHITE_HERO_BACK.webp,5026-model-5026-mens-classic-tee-white-hero-back,https://notanother-nz.github.io/total-image-product-assets/assets/5026_MEN'S_CLASSIC_TEE/webp/model/5026_MEN'S_CLASSIC_TEE_WHITE_HERO_BACK.webp,mens-classic-tee,white,2
Men's Classic Tee — 5026_MEN'S_CLASSIC_TEE_WHITE_HERO_CLOSEUP.webp,5026-model-5026-mens-classic-tee-white-hero-closeup,https://notanother-nz.github.io/total-image-product-assets/assets/5026_MEN'S_CLASSIC_TEE/webp/model/5026_MEN'S_CLASSIC_TEE_WHITE_HERO_CLOSEUP.webp,mens-classic-tee,white,3
Men's Classic Tee — 5026_MEN'S_CLASSIC_TEE_WHITE_HERO_SIDE.webp,5026-model-5026-mens-classic-tee-white-hero-side,https://notanother-nz.github.io/total-image-product-assets/assets/5026_MEN'S_CLASSIC_TEE/webp/model/5026_MEN'S_CLASSIC_TEE_WHITE_HERO_SIDE.webp,mens-classic-tee,white,4
Men's Classic Tee — 5026_MEN'S_CLASSIC_TEE_BLACK_FRONT.webp,5026-product-5026-mens-classic-tee-black-front,https://notanother-nz.github.io/total-image-product-assets/assets/5026_MEN'S_CLASSIC_TEE/webp/product/5026_MEN'S_CLASSIC_TEE_BLACK_FRONT.webp,mens-classic-tee,black,5
Men's Classic Tee — 5026_MEN'S_CLASSIC_TEE_COAL_FRONT.webp,5026-product-5026-mens-classic-tee-coal-front,https://notanother-nz.github.io/total-image-product-assets/assets/5026_MEN'S_CLASSIC_TEE/webp/product/5026_MEN'S_CLASSIC_TEE_COAL_FRONT.webp,mens-classic-tee,coal,6
Men's Classic Tee — 5026_MEN'S_CLASSIC_TEE_ECRU_FRONT.webp,5026-product-5026-mens-classic-tee-ecru-front,https://notanother-nz.github.io/total-image-product-assets/assets/5026_MEN'S_CLASSIC_TEE/webp/product/5026_MEN'S_CLASSIC_TEE_ECRU_FRONT.webp,mens-classic-tee,ecru,7
Men's Classic Tee — 5026_MEN'S_CLASSIC_TEE_NAVY_FRONT.webp,5026-product-5026-mens-classic-tee-navy-front,https://notanother-nz.github.io/total-image-product-assets/assets/5026_MEN'S_CLASSIC_TEE/webp/product/5026_MEN'S_CLASSIC_TEE_NAVY_FRONT.webp,mens-classic-tee,navy,8
Men's Classic Tee — 5026_MEN'S_CLASSIC_TEE_WHITE_FRONT.webp,5026-product-5026-mens-classic-tee-white-front,https://notanother-nz.github.io/total-image-product-assets/assets/5026_MEN'S_CLASSIC_TEE/webp/product/5026_MEN'S_CLASSIC_TEE_WHITE_FRONT.webp,mens-classic-tee,white,9
Men's Classic Tee — 5026_MEN'S_CLASSIC_TEE_BLACK_BACK.webp,5026-product-5026-mens-classic-tee-black-back,https://notanother-nz.github.io/total-image-product-assets/assets/5026_MEN'S_CLASSIC_TEE/webp/product/5026_MEN'S_CLASSIC_TEE_BLACK_BACK.webp,mens-classic-tee,black,10
Men's Classic Tee — 5026_MEN'S_CLASSIC_TEE_COAL_BACK.webp,5026-product-5026-mens-classic-tee-coal-back,https://notanother-nz.github.io/total-image-product-assets/assets/5026_MEN'S_CLASSIC_TEE/webp/product/5026_MEN'S_CLASSIC_TEE_COAL_BACK.webp,mens-classic-tee,coal,11
Men's Classic Tee — 5026_MEN'S_CLASSIC_TEE_ECRU_BACK.webp,5026-product-5026-mens-classic-tee-ecru-back,https://notanother-nz.github.io/total-image-product-assets/assets/5026_MEN'S_CLASSIC_TEE/webp/product/5026_MEN'S_CLASSIC_TEE_ECRU_BACK.webp,mens-classic-tee,ecru,12
Men's Classic Tee — 5026_MEN'S_CLASSIC_TEE_NAVY_BACK.webp,5026-product-5026-mens-classic-tee-navy-back,https://notanother-nz.github.io/total-image-product-assets/assets/5026_MEN'S_CLASSIC_TEE/webp/product/5026_MEN'S_CLASSIC_TEE_NAVY_BACK.webp,mens-classic-tee,navy,13
Men's Classic Tee — 5026_MEN'S_CLASSIC_TEE_WHITE_BACK.webp,5026-product-5026-mens-classic-tee-white-back,https://notanother-nz.github.io/total-image-product-assets/assets/5026_MEN'S_CLASSIC_TEE/webp/product/5026_MEN'S_CLASSIC_TEE_WHITE_BACK.webp,mens-classic-tee,white,14
Men's Plus Tee — 5038_MEN'S_PLUS_TEE_GREY_MARLE_HERO_FRONT.webp,5038-model-5038-mens-plus-tee-grey-marle-hero-front,https://notanother-nz.github.io/total-image-product-assets/assets/5038_MEN'S_PLUS_TEE/webp/model/5038_MEN'S_PLUS_TEE_GREY_MARLE_HERO_FRONT.webp,mens-plus-tee,grey-marle,1
Men's Plus Tee — 5038_MEN'S_PLUS_TEE_GREY_MARLE_HERO_BACK.webp,5038-model-5038-mens-plus-tee-grey-marle-hero-back,https://notanother-nz.github.io/total-image-product-assets/assets/5038_MEN'S_PLUS_TEE/webp/model/5038_MEN'S_PLUS_TEE_GREY_MARLE_HERO_BACK.webp,mens-plus-tee,grey-marle,2
Men's Plus Tee — 5038_MEN'S_PLUS_TEE_GREY_MARLE_HERO_CLOSEUP.webp,5038-model-5038-mens-plus-tee-grey-marle-hero-closeup,https://notanother-nz.github.io/total-image-product-assets/assets/5038_MEN'S_PLUS_TEE/webp/model/5038_MEN'S_PLUS_TEE_GREY_MARLE_HERO_CLOSEUP.webp,mens-plus-tee,grey-marle,3
Men's Plus Tee — 5038_MEN'S_PLUS_TEE_GREY_MARLE_HERO_SIDE.webp,5038-model-5038-mens-plus-tee-grey-marle-hero-side,https://notanother-nz.github.io/total-image-product-assets/assets/5038_MEN'S_PLUS_TEE/webp/model/5038_MEN'S_PLUS_TEE_GREY_MARLE_HERO_SIDE.webp,mens-plus-tee,grey-marle,4
Men's Plus Tee — 5038_MEN'S_PLUS_TEE_GREY_MARLE.webp,5038-product-5038-mens-plus-tee-grey-marle,https://notanother-nz.github.io/total-image-product-assets/assets/5038_MEN'S_PLUS_TEE/webp/product/5038_MEN'S_PLUS_TEE_GREY_MARLE.webp,mens-plus-tee,grey-marle,5
Men's Classic Stripe Tee — 5044_MEN'S_CLASSIC_STRIPE_TEE_BLACK_WHITE_HERO_FRONT.webp,5044-model-5044-mens-classic-stripe-tee-black-white-hero-front,https://notanother-nz.github.io/total-image-product-assets/assets/5044_MEN'S_CLASSIC_STRIPE_TEE/webp/model/5044_MEN'S_CLASSIC_STRIPE_TEE_BLACK_WHITE_HERO_FRONT.webp,mens-classic-stripe-tee,black-white,1
Men's Classic Stripe Tee — 5044_MEN'S_CLASSIC_STRIPE_TEE_BLACK_WHITE_HERO_BACK.webp,5044-model-5044-mens-classic-stripe-tee-black-white-hero-back,https://notanother-nz.github.io/total-image-product-assets/assets/5044_MEN'S_CLASSIC_STRIPE_TEE/webp/model/5044_MEN'S_CLASSIC_STRIPE_TEE_BLACK_WHITE_HERO_BACK.webp,mens-classic-stripe-tee,black-white,2
Men's Classic Stripe Tee — 5044_MEN'S_CLASSIC_STRIPE_TEE_BLACK_WHITE_HERO_CLOSEUP.webp,5044-model-5044-mens-classic-stripe-tee-black-white-hero-closeup,https://notanother-nz.github.io/total-image-product-assets/assets/5044_MEN'S_CLASSIC_STRIPE_TEE/webp/model/5044_MEN'S_CLASSIC_STRIPE_TEE_BLACK_WHITE_HERO_CLOSEUP.webp,mens-classic-stripe-tee,black-white,3
Men's Classic Stripe Tee — 5044_MEN'S_CLASSIC_STRIPE_TEE_BLACK_WHITE_HERO_SIDE.webp,5044-model-5044-mens-classic-stripe-tee-black-white-hero-side,https://notanother-nz.github.io/total-image-product-assets/assets/5044_MEN'S_CLASSIC_STRIPE_TEE/webp/model/5044_MEN'S_CLASSIC_STRIPE_TEE_BLACK_WHITE_HERO_SIDE.webp,mens-classic-stripe-tee,black-white,4
Men's Classic Stripe Tee — 5044_MEN'S_CLASSIC_STRIPE_TEE_BLACK_WHITE_FRONT.webp,5044-product-5044-mens-classic-stripe-tee-black-white-front,https://notanother-nz.github.io/total-image-product-assets/assets/5044_MEN'S_CLASSIC_STRIPE_TEE/webp/product/5044_MEN'S_CLASSIC_STRIPE_TEE_BLACK_WHITE_FRONT.webp,mens-classic-stripe-tee,black-white,5
Men's Classic Stripe Tee — 5044_MEN'S_CLASSIC_STRIPE_TEE_YELLOW_BLACK_FRONT.webp,5044-product-5044-mens-classic-stripe-tee-yellow-black-front,https://notanother-nz.github.io/total-image-product-assets/assets/5044_MEN'S_CLASSIC_STRIPE_TEE/webp/product/5044_MEN'S_CLASSIC_STRIPE_TEE_YELLOW_BLACK_FRONT.webp,mens-classic-stripe-tee,yellow-black,6
Men's Classic Stripe Tee — 5044_MEN'S_CLASSIC_STRIPE_TEE_BLACK_WHITE_BACK.webp,5044-product-5044-mens-classic-stripe-tee-black-white-back,https://notanother-nz.github.io/total-image-product-assets/assets/5044_MEN'S_CLASSIC_STRIPE_TEE/webp/product/5044_MEN'S_CLASSIC_STRIPE_TEE_BLACK_WHITE_BACK.webp,mens-classic-stripe-tee,black-white,7
Men's Classic Stripe Tee — 5044_MEN'S_CLASSIC_STRIPE_TEE_YELLOW_BLACK_BACK.webp,5044-product-5044-mens-classic-stripe-tee-yellow-black-back,https://notanother-nz.github.io/total-image-product-assets/assets/5044_MEN'S_CLASSIC_STRIPE_TEE/webp/product/5044_MEN'S_CLASSIC_STRIPE_TEE_YELLOW_BLACK_BACK.webp,mens-classic-stripe-tee,yellow-black,8
Men's Block Tee — 5050_BLOCK_TEE_BLACK_HERO_FRONT.webp,5050-model-5050-block-tee-black-hero-front,https://notanother-nz.github.io/total-image-product-assets/assets/5050_MENS_BLOCK_TEE/webp/model/5050_BLOCK_TEE_BLACK_HERO_FRONT.webp,mens-block-tee,black,1
Men's Block Tee — 5050_BLOCK_TEE_BLACK_HERO_BACK.webp,5050-model-5050-block-tee-black-hero-back,https://notanother-nz.github.io/total-image-product-assets/assets/5050_MENS_BLOCK_TEE/webp/model/5050_BLOCK_TEE_BLACK_HERO_BACK.webp,mens-block-tee,black,2
Men's Block Tee — 5050_BLOCK_TEE_BLACK_HERO_CLOSEUP.webp,5050-model-5050-block-tee-black-hero-closeup,https://notanother-nz.github.io/total-image-product-assets/assets/5050_MENS_BLOCK_TEE/webp/model/5050_BLOCK_TEE_BLACK_HERO_CLOSEUP.webp,mens-block-tee,black,3
Men's Block Tee — 5050_BLOCK_TEE_BLACK_HERO_SIDE.webp,5050-model-5050-block-tee-black-hero-side,https://notanother-nz.github.io/total-image-product-assets/assets/5050_MENS_BLOCK_TEE/webp/model/5050_BLOCK_TEE_BLACK_HERO_SIDE.webp,mens-block-tee,black,4
Men's Block Tee — 5050_BLOCK_TEE_BLACK_FRONT.webp,5050-product-5050-block-tee-black-front,https://notanother-nz.github.io/total-image-product-assets/assets/5050_MENS_BLOCK_TEE/webp/product/5050_BLOCK_TEE_BLACK_FRONT.webp,mens-block-tee,black,5
Men's Block Tee — 5050_BLOCK_TEE_ECRU_FRONT.webp,5050-product-5050-block-tee-ecru-front,https://notanother-nz.github.io/total-image-product-assets/assets/5050_MENS_BLOCK_TEE/webp/product/5050_BLOCK_TEE_ECRU_FRONT.webp,mens-block-tee,ecru,6
Men's Block Tee — 5050_BLOCK_TEE_FOREST_GREEN_FRONT.webp,5050-product-5050-block-tee-forest-green-front,https://notanother-nz.github.io/total-image-product-assets/assets/5050_MENS_BLOCK_TEE/webp/product/5050_BLOCK_TEE_FOREST_GREEN_FRONT.webp,mens-block-tee,forest-green,7
Men's Block Tee — 5050_BLOCK_TEE_KHAKI_FRONT.webp,5050-product-5050-block-tee-khaki-front,https://notanother-nz.github.io/total-image-product-assets/assets/5050_MENS_BLOCK_TEE/webp/product/5050_BLOCK_TEE_KHAKI_FRONT.webp,mens-block-tee,khaki,8
Men's Block Tee — 5050_BLOCK_TEE_NAVY_FRONT.webp,5050-product-5050-block-tee-navy-front,https://notanother-nz.github.io/total-image-product-assets/assets/5050_MENS_BLOCK_TEE/webp/product/5050_BLOCK_TEE_NAVY_FRONT.webp,mens-block-tee,navy,9
Men's Block Tee — 5050_BLOCK_TEE_RED_FRONT.webp,5050-product-5050-block-tee-red-front,https://notanother-nz.github.io/total-image-product-assets/assets/5050_MENS_BLOCK_TEE/webp/product/5050_BLOCK_TEE_RED_FRONT.webp,mens-block-tee,red,10
Men's Block Tee — 5050_BLOCK_TEE_WALNIT_FRONT.webp,5050-product-5050-block-tee-walnit-front,https://notanother-nz.github.io/total-image-product-assets/assets/5050_MENS_BLOCK_TEE/webp/product/5050_BLOCK_TEE_WALNIT_FRONT.webp,mens-block-tee,,11
Men's Block Tee — 5050_BLOCK_TEE_WHITE_FRONT.webp,5050-product-5050-block-tee-white-front,https://notanother-nz.github.io/total-image-product-assets/assets/5050_MENS_BLOCK_TEE/webp/product/5050_BLOCK_TEE_WHITE_FRONT.webp,mens-block-tee,white,12
Men's Block Tee — 5050_MENS_BLOCK_TEE_ARMY_FRONT.webp,5050-product-5050-mens-block-tee-army-front,https://notanother-nz.github.io/total-image-product-assets/assets/5050_MENS_BLOCK_TEE/webp/product/5050_MENS_BLOCK_TEE_ARMY_FRONT.webp,mens-block-tee,army,13
Men's Block Tee — 5050_MENS_BLOCK_TEE_BRIGHT_ROYAL_FRONT.webp,5050-product-5050-mens-block-tee-bright-royal-front,https://notanother-nz.github.io/total-image-product-assets/assets/5050_MENS_BLOCK_TEE/webp/product/5050_MENS_BLOCK_TEE_BRIGHT_ROYAL_FRONT.webp,mens-block-tee,bright-royal,14
Men's Block Tee — 5050_MENS_BLOCK_TEE_COAL_FRONT.webp,5050-product-5050-mens-block-tee-coal-front,https://notanother-nz.github.io/total-image-product-assets/assets/5050_MENS_BLOCK_TEE/webp/product/5050_MENS_BLOCK_TEE_COAL_FRONT.webp,mens-block-tee,coal,15
Men's Block Tee — 5050_BLOCK_TEE_BLACK_BACK.webp,5050-product-5050-block-tee-black-back,https://notanother-nz.github.io/total-image-product-assets/assets/5050_MENS_BLOCK_TEE/webp/product/5050_BLOCK_TEE_BLACK_BACK.webp,mens-block-tee,black,16
Men's Block Tee — 5050_BLOCK_TEE_ECRU_BACK.webp,5050-product-5050-block-tee-ecru-back,https://notanother-nz.github.io/total-image-product-assets/assets/5050_MENS_BLOCK_TEE/webp/product/5050_BLOCK_TEE_ECRU_BACK.webp,mens-block-tee,ecru,17
Men's Block Tee — 5050_BLOCK_TEE_FOREST_GREEN_BACK.webp,5050-product-5050-block-tee-forest-green-back,https://notanother-nz.github.io/total-image-product-assets/assets/5050_MENS_BLOCK_TEE/webp/product/5050_BLOCK_TEE_FOREST_GREEN_BACK.webp,mens-block-tee,forest-green,18
Men's Block Tee — 5050_BLOCK_TEE_KHAKI_BACK.webp,5050-product-5050-block-tee-khaki-back,https://notanother-nz.github.io/total-image-product-assets/assets/5050_MENS_BLOCK_TEE/webp/product/5050_BLOCK_TEE_KHAKI_BACK.webp,mens-block-tee,khaki,19
Men's Block Tee — 5050_BLOCK_TEE_NAVY_BACK.webp,5050-product-5050-block-tee-navy-back,https://notanother-nz.github.io/total-image-product-assets/assets/5050_MENS_BLOCK_TEE/webp/product/5050_BLOCK_TEE_NAVY_BACK.webp,mens-block-tee,navy,20
Men's Block Tee — 5050_BLOCK_TEE_RED_BACK.webp,5050-product-5050-block-tee-red-back,https://notanother-nz.github.io/total-image-product-assets/assets/5050_MENS_BLOCK_TEE/webp/product/5050_BLOCK_TEE_RED_BACK.webp,mens-block-tee,red,21
Men's Block Tee — 5050_BLOCK_TEE_WALNIT_BACK.webp,5050-product-5050-block-tee-walnit-back,https://notanother-nz.github.io/total-image-product-assets/assets/5050_MENS_BLOCK_TEE/webp/product/5050_BLOCK_TEE_WALNIT_BACK.webp,mens-block-tee,,22
Men's Block Tee — 5050_BLOCK_TEE_WHITE_BACK.webp,5050-product-5050-block-tee-white-back,https://notanother-nz.github.io/total-image-product-assets/assets/5050_MENS_BLOCK_TEE/webp/product/5050_BLOCK_TEE_WHITE_BACK.webp,mens-block-tee,white,23
Men's Block Tee — 5050_MENS_BLOCK_TEE_ARMY_BACK.webp,5050-product-5050-mens-block-tee-army-back,https://notanother-nz.github.io/total-image-product-assets/assets/5050_MENS_BLOCK_TEE/webp/product/5050_MENS_BLOCK_TEE_ARMY_BACK.webp,mens-block-tee,army,24
Men's Block Tee — 5050_MENS_BLOCK_TEE_BRIGHT_ROYAL_BACK.webp,5050-product-5050-mens-block-tee-bright-royal-back,https://notanother-nz.github.io/total-image-product-assets/assets/5050_MENS_BLOCK_TEE/webp/product/5050_MENS_BLOCK_TEE_BRIGHT_ROYAL_BACK.webp,mens-block-tee,bright-royal,25
Men's Block Tee — 5050_MENS_BLOCK_TEE_COAL_BACK.webp,5050-product-5050-mens-block-tee-coal-back,https://notanother-nz.github.io/total-image-product-assets/assets/5050_MENS_BLOCK_TEE/webp/product/5050_MENS_BLOCK_TEE_COAL_BACK.webp,mens-block-tee,coal,26
Men's Block Tee — 5050T_BLOCK_TEE_ECRU__46419.webp,5050-product-5050t-block-tee-ecru-46419,https://notanother-nz.github.io/total-image-product-assets/assets/5050_MENS_BLOCK_TEE/webp/product/5050T_BLOCK_TEE_ECRU__46419.webp,mens-block-tee,ecru,27
Men's State Tee — 5052_MEN'S_STATE_TEE_WHITE_HERO_FRONT.webp,5052-model-5052-mens-state-tee-white-hero-front,https://notanother-nz.github.io/total-image-product-assets/assets/5052_MEN'S_STATE_TEE/webp/model/5052_MEN'S_STATE_TEE_WHITE_HERO_FRONT.webp,mens-state-tee,white,1
Men's State Tee — 5052_MEN'S_STATE_TEE_WHITE_HERO_BACK.webp,5052-model-5052-mens-state-tee-white-hero-back,https://notanother-nz.github.io/total-image-product-assets/assets/5052_MEN'S_STATE_TEE/webp/model/5052_MEN'S_STATE_TEE_WHITE_HERO_BACK.webp,mens-state-tee,white,2
Men's State Tee — 5052_MEN'S_STATE_TEE_WHITE_HERO_CLOSEUP.webp,5052-model-5052-mens-state-tee-white-hero-closeup,https://notanother-nz.github.io/total-image-product-assets/assets/5052_MEN'S_STATE_TEE/webp/model/5052_MEN'S_STATE_TEE_WHITE_HERO_CLOSEUP.webp,mens-state-tee,white,3
Men's State Tee — 5052_MEN'S_STATE_TEE_WHITE_HERO_SIDE.webp,5052-model-5052-mens-state-tee-white-hero-side,https://notanother-nz.github.io/total-image-product-assets/assets/5052_MEN'S_STATE_TEE/webp/model/5052_MEN'S_STATE_TEE_WHITE_HERO_SIDE.webp,mens-state-tee,white,4
Men's State Tee — 5052_MEN'S_STATE_TEE_BLACK_FRONT.webp,5052-product-5052-mens-state-tee-black-front,https://notanother-nz.github.io/total-image-product-assets/assets/5052_MEN'S_STATE_TEE/webp/product/5052_MEN'S_STATE_TEE_BLACK_FRONT.webp,mens-state-tee,black,5
Men's State Tee — 5052_MEN'S_STATE_TEE_ECRU_FRONT.webp,5052-product-5052-mens-state-tee-ecru-front,https://notanother-nz.github.io/total-image-product-assets/assets/5052_MEN'S_STATE_TEE/webp/product/5052_MEN'S_STATE_TEE_ECRU_FRONT.webp,mens-state-tee,ecru,6
Men's State Tee — 5052_MEN'S_STATE_TEE_NAVY_FRONT.webp,5052-product-5052-mens-state-tee-navy-front,https://notanother-nz.github.io/total-image-product-assets/assets/5052_MEN'S_STATE_TEE/webp/product/5052_MEN'S_STATE_TEE_NAVY_FRONT.webp,mens-state-tee,navy,7
Men's State Tee — 5052_MEN'S_STATE_TEE_WHITE_FRONT.webp,5052-product-5052-mens-state-tee-white-front,https://notanother-nz.github.io/total-image-product-assets/assets/5052_MEN'S_STATE_TEE/webp/product/5052_MEN'S_STATE_TEE_WHITE_FRONT.webp,mens-state-tee,white,8
Men's State Tee — 5052_MEN'S_STATE_TEE_BLACK_BACK.webp,5052-product-5052-mens-state-tee-black-back,https://notanother-nz.github.io/total-image-product-assets/assets/5052_MEN'S_STATE_TEE/webp/product/5052_MEN'S_STATE_TEE_BLACK_BACK.webp,mens-state-tee,black,9
Men's State Tee — 5052_MEN'S_STATE_TEE_ECRU_BACK.webp,5052-product-5052-mens-state-tee-ecru-back,https://notanother-nz.github.io/total-image-product-assets/assets/5052_MEN'S_STATE_TEE/webp/product/5052_MEN'S_STATE_TEE_ECRU_BACK.webp,mens-state-tee,ecru,10
Men's State Tee — 5052_MEN'S_STATE_TEE_NAVY_BACK.webp,5052-product-5052-mens-state-tee-navy-back,https://notanother-nz.github.io/total-image-product-assets/assets/5052_MEN'S_STATE_TEE/webp/product/5052_MEN'S_STATE_TEE_NAVY_BACK.webp,mens-state-tee,navy,11
Men's State Tee — 5052_MEN'S_STATE_TEE_WHITE_BACK.webp,5052-product-5052-mens-state-tee-white-back,https://notanother-nz.github.io/total-image-product-assets/assets/5052_MEN'S_STATE_TEE/webp/product/5052_MEN'S_STATE_TEE_WHITE_BACK.webp,mens-state-tee,white,12
Men's Ringer Tee — 5053_MEN'S_RINGER_TEE_WHITE_BLACK_HERO_FRONT.webp,5053-model-5053-mens-ringer-tee-white-black-hero-front,https://notanother-nz.github.io/total-image-product-assets/assets/5053_MEN'S_RINGER_TEE/webp/model/5053_MEN'S_RINGER_TEE_WHITE_BLACK_HERO_FRONT.webp,mens-ringer-tee,white-black,1
Men's Ringer Tee — 5053_MEN'S_RINGER_TEE_WHITE_BLACK_HERO_BACK.webp,5053-model-5053-mens-ringer-tee-white-black-hero-back,https://notanother-nz.github.io/total-image-product-assets/assets/5053_MEN'S_RINGER_TEE/webp/model/5053_MEN'S_RINGER_TEE_WHITE_BLACK_HERO_BACK.webp,mens-ringer-tee,white-black,2
Men's Ringer Tee — 5053_MEN'S_RINGER_TEE_WHITE_BLACK_HERO_CLOSEUP.webp,5053-model-5053-mens-ringer-tee-white-black-hero-closeup,https://notanother-nz.github.io/total-image-product-assets/assets/5053_MEN'S_RINGER_TEE/webp/model/5053_MEN'S_RINGER_TEE_WHITE_BLACK_HERO_CLOSEUP.webp,mens-ringer-tee,white-black,3
Men's Ringer Tee — 5053_MEN'S_RINGER_TEE_WHITE_BLACK_HERO_SIDE.webp,5053-model-5053-mens-ringer-tee-white-black-hero-side,https://notanother-nz.github.io/total-image-product-assets/assets/5053_MEN'S_RINGER_TEE/webp/model/5053_MEN'S_RINGER_TEE_WHITE_BLACK_HERO_SIDE.webp,mens-ringer-tee,white-black,4
Men's Ringer Tee — 5053_MEN'S_RINGER_TEE_WHITE_BLACK_FRONT.webp,5053-product-5053-mens-ringer-tee-white-black-front,https://notanother-nz.github.io/total-image-product-assets/assets/5053_MEN'S_RINGER_TEE/webp/product/5053_MEN'S_RINGER_TEE_WHITE_BLACK_FRONT.webp,mens-ringer-tee,white-black,5
Men's Ringer Tee — 5053_MEN'S_RINGER_TEE_WHITE_NAVY_FRONT.webp,5053-product-5053-mens-ringer-tee-white-navy-front,https://notanother-nz.github.io/total-image-product-assets/assets/5053_MEN'S_RINGER_TEE/webp/product/5053_MEN'S_RINGER_TEE_WHITE_NAVY_FRONT.webp,mens-ringer-tee,white-navy,6
Men's Ringer Tee — 5053_MEN'S_RINGER_TEE_WHITE_RED_FRONT.webp,5053-product-5053-mens-ringer-tee-white-red-front,https://notanother-nz.github.io/total-image-product-assets/assets/5053_MEN'S_RINGER_TEE/webp/product/5053_MEN'S_RINGER_TEE_WHITE_RED_FRONT.webp,mens-ringer-tee,white-red,7
Men's Ringer Tee — 5053_MEN'S_RINGER_TEE_WHITE_BLACK_BACK.webp,5053-product-5053-mens-ringer-tee-white-black-back,https://notanother-nz.github.io/total-image-product-assets/assets/5053_MEN'S_RINGER_TEE/webp/product/5053_MEN'S_RINGER_TEE_WHITE_BLACK_BACK.webp,mens-ringer-tee,white-black,8
Men's Ringer Tee — 5053_MEN'S_RINGER_TEE_WHITE_RED_BACK.webp,5053-product-5053-mens-ringer-tee-white-red-back,https://notanother-nz.github.io/total-image-product-assets/assets/5053_MEN'S_RINGER_TEE/webp/product/5053_MEN'S_RINGER_TEE_WHITE_RED_BACK.webp,mens-ringer-tee,white-red,9
Men's Ringer Tee — 5053_RINGER_TEE_WHITE_BLACK_BACK__45664.webp,5053-product-5053-ringer-tee-white-black-back-45664,https://notanother-nz.github.io/total-image-product-assets/assets/5053_MEN'S_RINGER_TEE/webp/product/5053_RINGER_TEE_WHITE_BLACK_BACK__45664.webp,mens-ringer-tee,white-black,10
Classic L/S Tee — 5071_CLASSIC_LS_TEE_WHITE_HERO_FRONT.webp,5071-model-5071-classic-ls-tee-white-hero-front,https://notanother-nz.github.io/total-image-product-assets/assets/5071_CLASSIC_LS_TEE/webp/model/5071_CLASSIC_LS_TEE_WHITE_HERO_FRONT.webp,classic-l-s-tee,,1
Classic L/S Tee — 5071_CLASSIC_LS_TEE_WHITE_HERO_BACK.webp,5071-model-5071-classic-ls-tee-white-hero-back,https://notanother-nz.github.io/total-image-product-assets/assets/5071_CLASSIC_LS_TEE/webp/model/5071_CLASSIC_LS_TEE_WHITE_HERO_BACK.webp,classic-l-s-tee,,2
Classic L/S Tee — 5071_CLASSIC_LS_TEE_WHITE_HERO_SIDE.webp,5071-model-5071-classic-ls-tee-white-hero-side,https://notanother-nz.github.io/total-image-product-assets/assets/5071_CLASSIC_LS_TEE/webp/model/5071_CLASSIC_LS_TEE_WHITE_HERO_SIDE.webp,classic-l-s-tee,,3
Classic L/S Tee — 5071_CLASSIC_LS_TEE_WHITE_HERO_CLSOEUP.webp,5071-model-5071-classic-ls-tee-white-hero-clsoeup,https://notanother-nz.github.io/total-image-product-assets/assets/5071_CLASSIC_LS_TEE/webp/model/5071_CLASSIC_LS_TEE_WHITE_HERO_CLSOEUP.webp,classic-l-s-tee,,4
Classic L/S Tee — 5071_CLASSIC_LS_TEE_BLACK_FRONT.webp,5071-product-5071-classic-ls-tee-black-front,https://notanother-nz.github.io/total-image-product-assets/assets/5071_CLASSIC_LS_TEE/webp/product/5071_CLASSIC_LS_TEE_BLACK_FRONT.webp,classic-l-s-tee,black,5
Classic L/S Tee — 5071_CLASSIC_LS_TEE_ECRU_FRONT.webp,5071-product-5071-classic-ls-tee-ecru-front,https://notanother-nz.github.io/total-image-product-assets/assets/5071_CLASSIC_LS_TEE/webp/product/5071_CLASSIC_LS_TEE_ECRU_FRONT.webp,classic-l-s-tee,ecru,6
Classic L/S Tee — 5071_CLASSIC_LS_TEE_NAVY_FRONT.webp,5071-product-5071-classic-ls-tee-navy-front,https://notanother-nz.github.io/total-image-product-assets/assets/5071_CLASSIC_LS_TEE/webp/product/5071_CLASSIC_LS_TEE_NAVY_FRONT.webp,classic-l-s-tee,navy,7
Classic L/S Tee — 5071_CLASSIC_LS_TEE_WHITE_FRONT.webp,5071-product-5071-classic-ls-tee-white-front,https://notanother-nz.github.io/total-image-product-assets/assets/5071_CLASSIC_LS_TEE/webp/product/5071_CLASSIC_LS_TEE_WHITE_FRONT.webp,classic-l-s-tee,,8
Classic L/S Tee — 5071_CLASSIC_LS_TEE_WHITE_MARLE_FRONT.webp,5071-product-5071-classic-ls-tee-white-marle-front,https://notanother-nz.github.io/total-image-product-assets/assets/5071_CLASSIC_LS_TEE/webp/product/5071_CLASSIC_LS_TEE_WHITE_MARLE_FRONT.webp,classic-l-s-tee,white-marle,9
Classic L/S Tee — 5071_CLASSIC_LS_TEE_BLACK_BACK.webp,5071-product-5071-classic-ls-tee-black-back,https://notanother-nz.github.io/total-image-product-assets/assets/5071_CLASSIC_LS_TEE/webp/product/5071_CLASSIC_LS_TEE_BLACK_BACK.webp,classic-l-s-tee,black,10
Classic L/S Tee — 5071_CLASSIC_LS_TEE_ECRU_BACK.webp,5071-product-5071-classic-ls-tee-ecru-back,https://notanother-nz.github.io/total-image-product-assets/assets/5071_CLASSIC_LS_TEE/webp/product/5071_CLASSIC_LS_TEE_ECRU_BACK.webp,classic-l-s-tee,ecru,11
Classic L/S Tee — 5071_CLASSIC_LS_TEE_NAVY_BACK.webp,5071-product-5071-classic-ls-tee-navy-back,https://notanother-nz.github.io/total-image-product-assets/assets/5071_CLASSIC_LS_TEE/webp/product/5071_CLASSIC_LS_TEE_NAVY_BACK.webp,classic-l-s-tee,navy,12
Classic L/S Tee — 5071_CLASSIC_LS_TEE_WHITE_BACK.webp,5071-product-5071-classic-ls-tee-white-back,https://notanother-nz.github.io/total-image-product-assets/assets/5071_CLASSIC_LS_TEE/webp/product/5071_CLASSIC_LS_TEE_WHITE_BACK.webp,classic-l-s-tee,,13
Classic L/S Tee — 5071_CLASSIC_LS_TEE_WHITE_MARLE_BLACK.webp,5071-product-5071-classic-ls-tee-white-marle-black,https://notanother-nz.github.io/total-image-product-assets/assets/5071_CLASSIC_LS_TEE/webp/product/5071_CLASSIC_LS_TEE_WHITE_MARLE_BLACK.webp,classic-l-s-tee,white-marle,14
Urban Sports Backpack — 5198_URBAN_SPORTS_BACKPACK_BLACK.webp,5198-product-5198-urban-sports-backpack-black,https://notanother-nz.github.io/total-image-product-assets/assets/5198_URBAN_SPORTS_BACKPACK/webp/product/5198_URBAN_SPORTS_BACKPACK_BLACK.webp,urban-sports-backpack,black,1
Urban Sports Backpack — 5198_URBAN_SPORTS_BACKPACK_NAVY.webp,5198-product-5198-urban-sports-backpack-navy,https://notanother-nz.github.io/total-image-product-assets/assets/5198_URBAN_SPORTS_BACKPACK/webp/product/5198_URBAN_SPORTS_BACKPACK_NAVY.webp,urban-sports-backpack,navy,2
Urban Sports Backpack — 5198_URBAN_SPORTS_BACKPACK.webp,5198-product-5198-urban-sports-backpack,https://notanother-nz.github.io/total-image-product-assets/assets/5198_URBAN_SPORTS_BACKPACK/webp/product/5198_URBAN_SPORTS_BACKPACK.webp,urban-sports-backpack,,3
Waist Canvas Apron-Including Strap — 5ACW_WAIST_CANVAS_APRON_INCLUDING_STRAP__LATTE_FRONT.webp,5acw-model-5acw-waist-canvas-apron-including-strap-latte-front,https://notanother-nz.github.io/total-image-product-assets/assets/5ACW_WAIST%20CANVAS%20APRON-INCLUDING%20STRAP/webp/model/5ACW_WAIST_CANVAS_APRON_INCLUDING_STRAP__LATTE_FRONT.webp,waist-canvas-apron-including-strap,latte,1
Waist Canvas Apron-Including Strap — 5ACW_WAIST_CANVAS_APRON_INCLUDING_STRAP_BLACK_FRONT.webp,5acw-model-5acw-waist-canvas-apron-including-strap-black-front,https://notanother-nz.github.io/total-image-product-assets/assets/5ACW_WAIST%20CANVAS%20APRON-INCLUDING%20STRAP/webp/model/5ACW_WAIST_CANVAS_APRON_INCLUDING_STRAP_BLACK_FRONT.webp,waist-canvas-apron-including-strap,black,2
Waist Canvas Apron-Including Strap — 5ACW_WAIST_CANVAS_APRON_INCLUDING_STRAP__LATTE_BACK.webp,5acw-model-5acw-waist-canvas-apron-including-strap-latte-back,https://notanother-nz.github.io/total-image-product-assets/assets/5ACW_WAIST%20CANVAS%20APRON-INCLUDING%20STRAP/webp/model/5ACW_WAIST_CANVAS_APRON_INCLUDING_STRAP__LATTE_BACK.webp,waist-canvas-apron-including-strap,latte,3
Waist Canvas Apron-Including Strap — 5ACW_WAIST_CANVAS_APRON_INCLUDING_STRAP_BLACK_BACK.webp,5acw-model-5acw-waist-canvas-apron-including-strap-black-back,https://notanother-nz.github.io/total-image-product-assets/assets/5ACW_WAIST%20CANVAS%20APRON-INCLUDING%20STRAP/webp/model/5ACW_WAIST_CANVAS_APRON_INCLUDING_STRAP_BLACK_BACK.webp,waist-canvas-apron-including-strap,black,4
Waist Canvas Apron-Including Strap — 5ACW_WAIST_CANVAS_APRON_INCLUDING_STRAP__LATTE_SIDE.webp,5acw-model-5acw-waist-canvas-apron-including-strap-latte-side,https://notanother-nz.github.io/total-image-product-assets/assets/5ACW_WAIST%20CANVAS%20APRON-INCLUDING%20STRAP/webp/model/5ACW_WAIST_CANVAS_APRON_INCLUDING_STRAP__LATTE_SIDE.webp,waist-canvas-apron-including-strap,latte,5
Waist Canvas Apron-Including Strap — 5ACW_WAIST_CANVAS_APRON_INCLUDING_STRAP_BLACK_SIDE.webp,5acw-model-5acw-waist-canvas-apron-including-strap-black-side,https://notanother-nz.github.io/total-image-product-assets/assets/5ACW_WAIST%20CANVAS%20APRON-INCLUDING%20STRAP/webp/model/5ACW_WAIST_CANVAS_APRON_INCLUDING_STRAP_BLACK_SIDE.webp,waist-canvas-apron-including-strap,black,6
Waist Canvas Apron-Including Strap — 5ACW_WAIST CANVAS APRON-INCLUDING STRAP_BLACK_FRONT.webp,5acw-product-5acw-waist-canvas-apron-including-strap-black-front,https://notanother-nz.github.io/total-image-product-assets/assets/5ACW_WAIST%20CANVAS%20APRON-INCLUDING%20STRAP/webp/product/5ACW_WAIST%20CANVAS%20APRON-INCLUDING%20STRAP_BLACK_FRONT.webp,waist-canvas-apron-including-strap,black,7
Waist Canvas Apron-Including Strap — 5ACW_WAIST CANVAS APRON-INCLUDING STRAP_LATTE_FRONT.webp,5acw-product-5acw-waist-canvas-apron-including-strap-latte-front,https://notanother-nz.github.io/total-image-product-assets/assets/5ACW_WAIST%20CANVAS%20APRON-INCLUDING%20STRAP/webp/product/5ACW_WAIST%20CANVAS%20APRON-INCLUDING%20STRAP_LATTE_FRONT.webp,waist-canvas-apron-including-strap,latte,8
Waist Canvas Apron-Including Strap — 5ACW_WAIST CANVAS APRON-INCLUDING STRAP_BLACK_BACK.webp,5acw-product-5acw-waist-canvas-apron-including-strap-black-back,https://notanother-nz.github.io/total-image-product-assets/assets/5ACW_WAIST%20CANVAS%20APRON-INCLUDING%20STRAP/webp/product/5ACW_WAIST%20CANVAS%20APRON-INCLUDING%20STRAP_BLACK_BACK.webp,waist-canvas-apron-including-strap,black,9
Waist Canvas Apron-Including Strap — 5ACW_WAIST CANVAS APRON-INCLUDING STRAP_LATTE_BACK.webp,5acw-product-5acw-waist-canvas-apron-including-strap-latte-back,https://notanother-nz.github.io/total-image-product-assets/assets/5ACW_WAIST%20CANVAS%20APRON-INCLUDING%20STRAP/webp/product/5ACW_WAIST%20CANVAS%20APRON-INCLUDING%20STRAP_LATTE_BACK.webp,waist-canvas-apron-including-strap,latte,10
Chefs Cap — 5FC_CHEF'S_CAP_WHITE_HERO_FRONT.webp,5fc-model-5fc-chefs-cap-white-hero-front,https://notanother-nz.github.io/total-image-product-assets/assets/5FC_CHEF'S_CAP/webp/model/5FC_CHEF'S_CAP_WHITE_HERO_FRONT.webp,chefs-cap,white,1
Chefs Cap — 5FC_CHEF'S_CAP_WHITE_HERO_BACK.webp,5fc-model-5fc-chefs-cap-white-hero-back,https://notanother-nz.github.io/total-image-product-assets/assets/5FC_CHEF'S_CAP/webp/model/5FC_CHEF'S_CAP_WHITE_HERO_BACK.webp,chefs-cap,white,2
Chefs Cap — 5FC_CHEF'S_CAP_WHITE_HERO_SIDE.webp,5fc-model-5fc-chefs-cap-white-hero-side,https://notanother-nz.github.io/total-image-product-assets/assets/5FC_CHEF'S_CAP/webp/model/5FC_CHEF'S_CAP_WHITE_HERO_SIDE.webp,chefs-cap,white,3
Chefs Cap — 5FC_CHEF'S_CAP_BLACK_FRONT.webp,5fc-product-5fc-chefs-cap-black-front,https://notanother-nz.github.io/total-image-product-assets/assets/5FC_CHEF'S_CAP/webp/product/5FC_CHEF'S_CAP_BLACK_FRONT.webp,chefs-cap,black,4
Chefs Cap — 5FC_CHEF'S_CAP_CHECK_FRONT.webp,5fc-product-5fc-chefs-cap-check-front,https://notanother-nz.github.io/total-image-product-assets/assets/5FC_CHEF'S_CAP/webp/product/5FC_CHEF'S_CAP_CHECK_FRONT.webp,chefs-cap,check,5
Chefs Cap — 5FC_CHEF'S_CAP_WHITE_FRONT.webp,5fc-product-5fc-chefs-cap-white-front,https://notanother-nz.github.io/total-image-product-assets/assets/5FC_CHEF'S_CAP/webp/product/5FC_CHEF'S_CAP_WHITE_FRONT.webp,chefs-cap,white,6
Chefs Cap — 5FC_CHEF'S_CAP_BLACK_BACK.webp,5fc-product-5fc-chefs-cap-black-back,https://notanother-nz.github.io/total-image-product-assets/assets/5FC_CHEF'S_CAP/webp/product/5FC_CHEF'S_CAP_BLACK_BACK.webp,chefs-cap,black,7
Chefs Cap — 5FC_CHEF'S_CAP_CHECK_BACK.webp,5fc-product-5fc-chefs-cap-check-back,https://notanother-nz.github.io/total-image-product-assets/assets/5FC_CHEF'S_CAP/webp/product/5FC_CHEF'S_CAP_CHECK_BACK.webp,chefs-cap,check,8
Chefs Cap — 5FC_CHEF'S_CAP_WHITE_BACK.webp,5fc-product-5fc-chefs-cap-white-back,https://notanother-nz.github.io/total-image-product-assets/assets/5FC_CHEF'S_CAP/webp/product/5FC_CHEF'S_CAP_WHITE_BACK.webp,chefs-cap,white,9
Chefs Cap — 5FC_CHEF'S_CAP_BLACK_SIDE.webp,5fc-product-5fc-chefs-cap-black-side,https://notanother-nz.github.io/total-image-product-assets/assets/5FC_CHEF'S_CAP/webp/product/5FC_CHEF'S_CAP_BLACK_SIDE.webp,chefs-cap,black,10
Chefs Cap — 5FC_CHEF'S_CAP_CHECK_SIDE.webp,5fc-product-5fc-chefs-cap-check-side,https://notanother-nz.github.io/total-image-product-assets/assets/5FC_CHEF'S_CAP/webp/product/5FC_CHEF'S_CAP_CHECK_SIDE.webp,chefs-cap,check,11
Chefs Cap — 5FC_CHEF'S_CAP_WHITE_SIDE.webp,5fc-product-5fc-chefs-cap-white-side,https://notanother-nz.github.io/total-image-product-assets/assets/5FC_CHEF'S_CAP/webp/product/5FC_CHEF'S_CAP_WHITE_SIDE.webp,chefs-cap,white,12
Siena Women's Longline Jacket — 60717_SIENA_WOMENS_LONGLINE_JACKET_HERO_FRONT.webp,60717-model-60717-siena-womens-longline-jacket-hero-front,https://notanother-nz.github.io/total-image-product-assets/assets/60717_SIENA_WOMENS_LONGLINE_JACKET/webp/model/60717_SIENA_WOMENS_LONGLINE_JACKET_HERO_FRONT.webp,siena-womens-longline-jacket,,1
Siena Women's Longline Jacket — 60717_SIENA_WOMENS_LONGLINE_JACKET_HERO_BACK.webp,60717-model-60717-siena-womens-longline-jacket-hero-back,https://notanother-nz.github.io/total-image-product-assets/assets/60717_SIENA_WOMENS_LONGLINE_JACKET/webp/model/60717_SIENA_WOMENS_LONGLINE_JACKET_HERO_BACK.webp,siena-womens-longline-jacket,,2
Siena Women's Longline Jacket — 60717_SIENA_WOMENS_LONGLINE_JACKET_HERO_CLOSEUP.webp,60717-model-60717-siena-womens-longline-jacket-hero-closeup,https://notanother-nz.github.io/total-image-product-assets/assets/60717_SIENA_WOMENS_LONGLINE_JACKET/webp/model/60717_SIENA_WOMENS_LONGLINE_JACKET_HERO_CLOSEUP.webp,siena-womens-longline-jacket,,3
Siena Women's Longline Jacket — 60717_SIENA_WOMENS_LONGLINE_JACKET_HERO_SIDE.webp,60717-model-60717-siena-womens-longline-jacket-hero-side,https://notanother-nz.github.io/total-image-product-assets/assets/60717_SIENA_WOMENS_LONGLINE_JACKET/webp/model/60717_SIENA_WOMENS_LONGLINE_JACKET_HERO_SIDE.webp,siena-womens-longline-jacket,,4
Siena Women's Longline Jacket — 60717_SIENA_WOMENS_LONGLINE_JACKET_BLACK_FRONT_VIEW.webp,60717-product-60717-siena-womens-longline-jacket-black-front-view,https://notanother-nz.github.io/total-image-product-assets/assets/60717_SIENA_WOMENS_LONGLINE_JACKET/webp/product/60717_SIENA_WOMENS_LONGLINE_JACKET_BLACK_FRONT_VIEW.webp,siena-womens-longline-jacket,black,5
Siena Women's Longline Jacket — 60717_SIENA_WOMENS_LONGLINE_JACKET_MARINE_FRONT_VIEW.webp,60717-product-60717-siena-womens-longline-jacket-marine-front-view,https://notanother-nz.github.io/total-image-product-assets/assets/60717_SIENA_WOMENS_LONGLINE_JACKET/webp/product/60717_SIENA_WOMENS_LONGLINE_JACKET_MARINE_FRONT_VIEW.webp,siena-womens-longline-jacket,marine,6
Siena Women's Longline Jacket — 60717_SIENA_WOMENS_LONGLINE_JACKET_BLACK_BACK_VIEW.webp,60717-product-60717-siena-womens-longline-jacket-black-back-view,https://notanother-nz.github.io/total-image-product-assets/assets/60717_SIENA_WOMENS_LONGLINE_JACKET/webp/product/60717_SIENA_WOMENS_LONGLINE_JACKET_BLACK_BACK_VIEW.webp,siena-womens-longline-jacket,black,7
Siena Women's Longline Jacket — 60717_SIENA_WOMENS_LONGLINE_JACKET_MARINE_BACK_VIEW.webp,60717-product-60717-siena-womens-longline-jacket-marine-back-view,https://notanother-nz.github.io/total-image-product-assets/assets/60717_SIENA_WOMENS_LONGLINE_JACKET/webp/product/60717_SIENA_WOMENS_LONGLINE_JACKET_MARINE_BACK_VIEW.webp,siena-womens-longline-jacket,marine,8
Siena Women's Mid Length Jacket — 60719_SIENA_WOMEN'S_MID_LENGTH_JACKET_MARINE_HERO_FRONT.webp,60719-model-60719-siena-womens-mid-length-jacket-marine-hero-front,https://notanother-nz.github.io/total-image-product-assets/assets/60719_SIENA_WOMEN'S_MID_LENGTH_JACKET/webp/model/60719_SIENA_WOMEN'S_MID_LENGTH_JACKET_MARINE_HERO_FRONT.webp,siena-womens-mid-length-jacket,marine,1
Siena Women's Mid Length Jacket — 60719_Siena_Womens_Mid_Length_Jacket_Hero_Front.webp,60719-model-60719-siena-womens-mid-length-jacket-hero-front,https://notanother-nz.github.io/total-image-product-assets/assets/60719_SIENA_WOMEN'S_MID_LENGTH_JACKET/webp/model/60719_Siena_Womens_Mid_Length_Jacket_Hero_Front.webp,siena-womens-mid-length-jacket,,2
Siena Women's Mid Length Jacket — 60719_SIENA_WOMENS_MID_LENGTH_JACKET_MARINE_HERO_FRONT.webp,60719-model-60719-siena-womens-mid-length-jacket-marine-hero-front-2f568a5a,https://notanother-nz.github.io/total-image-product-assets/assets/60719_SIENA_WOMEN'S_MID_LENGTH_JACKET/webp/model/60719_SIENA_WOMENS_MID_LENGTH_JACKET_MARINE_HERO_FRONT.webp,siena-womens-mid-length-jacket,marine,3
Siena Women's Mid Length Jacket — 60719_SIENA_WOMEN'S_MID_LENGTH_JACKET_MARINE_HERO_BACK.webp,60719-model-60719-siena-womens-mid-length-jacket-marine-hero-back,https://notanother-nz.github.io/total-image-product-assets/assets/60719_SIENA_WOMEN'S_MID_LENGTH_JACKET/webp/model/60719_SIENA_WOMEN'S_MID_LENGTH_JACKET_MARINE_HERO_BACK.webp,siena-womens-mid-length-jacket,marine,4
Siena Women's Mid Length Jacket — 60719_Siena_Womens_Mid_Length_Jacket_Hero_Back.webp,60719-model-60719-siena-womens-mid-length-jacket-hero-back,https://notanother-nz.github.io/total-image-product-assets/assets/60719_SIENA_WOMEN'S_MID_LENGTH_JACKET/webp/model/60719_Siena_Womens_Mid_Length_Jacket_Hero_Back.webp,siena-womens-mid-length-jacket,,5
Siena Women's Mid Length Jacket — 60719_SIENA_WOMENS_MID_LENGTH_JACKET_MARINE_HERO_BACK.webp,60719-model-60719-siena-womens-mid-length-jacket-marine-hero-back-3a02aec6,https://notanother-nz.github.io/total-image-product-assets/assets/60719_SIENA_WOMEN'S_MID_LENGTH_JACKET/webp/model/60719_SIENA_WOMENS_MID_LENGTH_JACKET_MARINE_HERO_BACK.webp,siena-womens-mid-length-jacket,marine,6
Siena Women's Mid Length Jacket — 60719_SIENA_WOMEN'S_MID_LENGTH_JACKET_MARINE_HERO_CLOSEUP.webp,60719-model-60719-siena-womens-mid-length-jacket-marine-hero-closeup,https://notanother-nz.github.io/total-image-product-assets/assets/60719_SIENA_WOMEN'S_MID_LENGTH_JACKET/webp/model/60719_SIENA_WOMEN'S_MID_LENGTH_JACKET_MARINE_HERO_CLOSEUP.webp,siena-womens-mid-length-jacket,marine,7
Siena Women's Mid Length Jacket — 60719_Siena_Womens_Mid_Length_Jacket_Hero_CloseUp.webp,60719-model-60719-siena-womens-mid-length-jacket-hero-closeup,https://notanother-nz.github.io/total-image-product-assets/assets/60719_SIENA_WOMEN'S_MID_LENGTH_JACKET/webp/model/60719_Siena_Womens_Mid_Length_Jacket_Hero_CloseUp.webp,siena-womens-mid-length-jacket,,8
Siena Women's Mid Length Jacket — 60719_SIENA_WOMENS_MID_LENGTH_JACKET_MARINE_HERO_CLOSEUP.webp,60719-model-60719-siena-womens-mid-length-jacket-marine-hero-closeup-8172cb6a,https://notanother-nz.github.io/total-image-product-assets/assets/60719_SIENA_WOMEN'S_MID_LENGTH_JACKET/webp/model/60719_SIENA_WOMENS_MID_LENGTH_JACKET_MARINE_HERO_CLOSEUP.webp,siena-womens-mid-length-jacket,marine,9
Siena Women's Mid Length Jacket — 60719_SIENA_WOMEN'S_MID_LENGTH_JACKET_MARINE_HERO_SIDE.webp,60719-model-60719-siena-womens-mid-length-jacket-marine-hero-side,https://notanother-nz.github.io/total-image-product-assets/assets/60719_SIENA_WOMEN'S_MID_LENGTH_JACKET/webp/model/60719_SIENA_WOMEN'S_MID_LENGTH_JACKET_MARINE_HERO_SIDE.webp,siena-womens-mid-length-jacket,marine,10
Siena Women's Mid Length Jacket — 60719_Siena_Womens_Mid_Length_Jacket_Hero_Side.webp,60719-model-60719-siena-womens-mid-length-jacket-hero-side,https://notanother-nz.github.io/total-image-product-assets/assets/60719_SIENA_WOMEN'S_MID_LENGTH_JACKET/webp/model/60719_Siena_Womens_Mid_Length_Jacket_Hero_Side.webp,siena-womens-mid-length-jacket,,11
Siena Women's Mid Length Jacket — 60719_SIENA_WOMENS_MID_LENGTH_JACKET_MARINE_HERO_SIDE.webp,60719-model-60719-siena-womens-mid-length-jacket-marine-hero-side-569f5ea8,https://notanother-nz.github.io/total-image-product-assets/assets/60719_SIENA_WOMEN'S_MID_LENGTH_JACKET/webp/model/60719_SIENA_WOMENS_MID_LENGTH_JACKET_MARINE_HERO_SIDE.webp,siena-womens-mid-length-jacket,marine,12
Siena Women's Mid Length Jacket — 60719_SIENA_WOMEN'S_MID_LENGTH_JACKET_BLACK_FRONT.webp,60719-product-60719-siena-womens-mid-length-jacket-black-front,https://notanother-nz.github.io/total-image-product-assets/assets/60719_SIENA_WOMEN'S_MID_LENGTH_JACKET/webp/product/60719_SIENA_WOMEN'S_MID_LENGTH_JACKET_BLACK_FRONT.webp,siena-womens-mid-length-jacket,black,13
Siena Women's Mid Length Jacket — 60719_SIENA_WOMEN'S_MID_LENGTH_JACKET_MARINE_FRONT.webp,60719-product-60719-siena-womens-mid-length-jacket-marine-front,https://notanother-nz.github.io/total-image-product-assets/assets/60719_SIENA_WOMEN'S_MID_LENGTH_JACKET/webp/product/60719_SIENA_WOMEN'S_MID_LENGTH_JACKET_MARINE_FRONT.webp,siena-womens-mid-length-jacket,marine,14
Siena Women's Mid Length Jacket — 60719_SIENA_WOMEN'S_MID_LENGTH_JACKET_BLACK_BACK.webp,60719-product-60719-siena-womens-mid-length-jacket-black-back,https://notanother-nz.github.io/total-image-product-assets/assets/60719_SIENA_WOMEN'S_MID_LENGTH_JACKET/webp/product/60719_SIENA_WOMEN'S_MID_LENGTH_JACKET_BLACK_BACK.webp,siena-womens-mid-length-jacket,black,15
Siena Women's Mid Length Jacket — 60719_SIENA_WOMEN'S_MID_LENGTH_JACKET_MARINE_BACK.webp,60719-product-60719-siena-womens-mid-length-jacket-marine-back,https://notanother-nz.github.io/total-image-product-assets/assets/60719_SIENA_WOMEN'S_MID_LENGTH_JACKET/webp/product/60719_SIENA_WOMEN'S_MID_LENGTH_JACKET_MARINE_BACK.webp,siena-womens-mid-length-jacket,marine,16
Siena Women's Mid Length Jacket — 60719_Siena_Womens_Mid_Length_Jacket_Black_Back_View.webp,60719-product-60719-siena-womens-mid-length-jacket-black-back-view,https://notanother-nz.github.io/total-image-product-assets/assets/60719_SIENA_WOMEN'S_MID_LENGTH_JACKET/webp/product/60719_Siena_Womens_Mid_Length_Jacket_Black_Back_View.webp,siena-womens-mid-length-jacket,black,17
Siena Women's Mid Length Jacket — 60719_Siena_Womens_Mid_Length_Jacket_Marine_Back_View.webp,60719-product-60719-siena-womens-mid-length-jacket-marine-back-view,https://notanother-nz.github.io/total-image-product-assets/assets/60719_SIENA_WOMEN'S_MID_LENGTH_JACKET/webp/product/60719_Siena_Womens_Mid_Length_Jacket_Marine_Back_View.webp,siena-womens-mid-length-jacket,marine,18
Siena Women's Mid Length Jacket — 60719_Siena_Womens_Mid_Length_Jacket_Black_View.webp,60719-product-60719-siena-womens-mid-length-jacket-black-view,https://notanother-nz.github.io/total-image-product-assets/assets/60719_SIENA_WOMEN'S_MID_LENGTH_JACKET/webp/product/60719_Siena_Womens_Mid_Length_Jacket_Black_View.webp,siena-womens-mid-length-jacket,black,19
Siena Women's Mid Length Jacket — 60719_Siena_Womens_Mid_Length_Jacket_Marine_View.webp,60719-product-60719-siena-womens-mid-length-jacket-marine-view,https://notanother-nz.github.io/total-image-product-assets/assets/60719_SIENA_WOMEN'S_MID_LENGTH_JACKET/webp/product/60719_Siena_Womens_Mid_Length_Jacket_Marine_View.webp,siena-womens-mid-length-jacket,marine,20
Women's Tornado — 630797W_WOMENS_TORNADO_BLACK.webp,630797w-product-630797w-womens-tornado-black,https://notanother-nz.github.io/total-image-product-assets/assets/630797W_WOMENS_TORNADO/webp/product/630797W_WOMENS_TORNADO_BLACK.webp,womens-tornado,black,1
Women's Tornado — 630797W_WOMENS_TORNADO_STONE.webp,630797w-product-630797w-womens-tornado-stone,https://notanother-nz.github.io/total-image-product-assets/assets/630797W_WOMENS_TORNADO/webp/product/630797W_WOMENS_TORNADO_STONE.webp,womens-tornado,stone,2
Women's Tornado — 630797W_WOMENS_TORNADO_WHEAT.webp,630797w-product-630797w-womens-tornado-wheat,https://notanother-nz.github.io/total-image-product-assets/assets/630797W_WOMENS_TORNADO/webp/product/630797W_WOMENS_TORNADO_WHEAT.webp,womens-tornado,wheat,3
L/S 190g Shirt With 3m Tape — 6HDNL_LONG_SLEEVE_190G_SHIRT_WITH_3M_TAPE_HERO_FRONT.webp,6hdnl-model-6hdnl-long-sleeve-190g-shirt-with-3m-tape-hero-front,https://notanother-nz.github.io/total-image-product-assets/assets/6HDNL_LONG_SLEEVE_190G_SHIRT_WITH_3M_TAPE/webp/model/6HDNL_LONG_SLEEVE_190G_SHIRT_WITH_3M_TAPE_HERO_FRONT.webp,l-s-190g-shirt-with-3m-tape,,1
L/S 190g Shirt With 3m Tape — 6HDNL_LONG_SLEEVE_190G_SHIRT_WITH_3M_TAPE_HERO_BACK.webp,6hdnl-model-6hdnl-long-sleeve-190g-shirt-with-3m-tape-hero-back,https://notanother-nz.github.io/total-image-product-assets/assets/6HDNL_LONG_SLEEVE_190G_SHIRT_WITH_3M_TAPE/webp/model/6HDNL_LONG_SLEEVE_190G_SHIRT_WITH_3M_TAPE_HERO_BACK.webp,l-s-190g-shirt-with-3m-tape,,2
L/S 190g Shirt With 3m Tape — 6HDNL_LONG_SLEEVE_190G_SHIRT_WITH_3M_TAPE_HERO_CLOSEUP.webp,6hdnl-model-6hdnl-long-sleeve-190g-shirt-with-3m-tape-hero-closeup,https://notanother-nz.github.io/total-image-product-assets/assets/6HDNL_LONG_SLEEVE_190G_SHIRT_WITH_3M_TAPE/webp/model/6HDNL_LONG_SLEEVE_190G_SHIRT_WITH_3M_TAPE_HERO_CLOSEUP.webp,l-s-190g-shirt-with-3m-tape,,3
L/S 190g Shirt With 3m Tape — 6HDNL_LONG_SLEEVE_190G_SHIRT_WITH_3M_TAPE_HERO_SIDE.webp,6hdnl-model-6hdnl-long-sleeve-190g-shirt-with-3m-tape-hero-side,https://notanother-nz.github.io/total-image-product-assets/assets/6HDNL_LONG_SLEEVE_190G_SHIRT_WITH_3M_TAPE/webp/model/6HDNL_LONG_SLEEVE_190G_SHIRT_WITH_3M_TAPE_HERO_SIDE.webp,l-s-190g-shirt-with-3m-tape,,4
L/S 190g Shirt With 3m Tape — 6HDNL_LONG_SLEEVE_190G_SHIRT_WITH_3M_TAPE_NAVY_FRONT.webp,6hdnl-product-6hdnl-long-sleeve-190g-shirt-with-3m-tape-navy-front,https://notanother-nz.github.io/total-image-product-assets/assets/6HDNL_LONG_SLEEVE_190G_SHIRT_WITH_3M_TAPE/webp/product/6HDNL_LONG_SLEEVE_190G_SHIRT_WITH_3M_TAPE_NAVY_FRONT.webp,l-s-190g-shirt-with-3m-tape,navy,5
L/S 190g Shirt With 3m Tape — 6HDNL_LONG_SLEEVE_190G_SHIRT_WITH_3M_TAPE_ORANGE_FRONT.webp,6hdnl-product-6hdnl-long-sleeve-190g-shirt-with-3m-tape-orange-front,https://notanother-nz.github.io/total-image-product-assets/assets/6HDNL_LONG_SLEEVE_190G_SHIRT_WITH_3M_TAPE/webp/product/6HDNL_LONG_SLEEVE_190G_SHIRT_WITH_3M_TAPE_ORANGE_FRONT.webp,l-s-190g-shirt-with-3m-tape,orange,6
L/S 190g Shirt With 3m Tape — 6HDNL_LONG_SLEEVE_190G_SHIRT_WITH_3M_TAPE_NAVY_BACK.webp,6hdnl-product-6hdnl-long-sleeve-190g-shirt-with-3m-tape-navy-back,https://notanother-nz.github.io/total-image-product-assets/assets/6HDNL_LONG_SLEEVE_190G_SHIRT_WITH_3M_TAPE/webp/product/6HDNL_LONG_SLEEVE_190G_SHIRT_WITH_3M_TAPE_NAVY_BACK.webp,l-s-190g-shirt-with-3m-tape,navy,7
L/S 190g Shirt With 3m Tape — 6HDNL_LONG_SLEEVE_190G_SHIRT_WITH_3M_TAPE_ORANGE_BACK.webp,6hdnl-product-6hdnl-long-sleeve-190g-shirt-with-3m-tape-orange-back,https://notanother-nz.github.io/total-image-product-assets/assets/6HDNL_LONG_SLEEVE_190G_SHIRT_WITH_3M_TAPE/webp/product/6HDNL_LONG_SLEEVE_190G_SHIRT_WITH_3M_TAPE_ORANGE_BACK.webp,l-s-190g-shirt-with-3m-tape,orange,8
Fluro Vest — 6HFV_FLURO_VEST_HERO_FRONT.webp,6hfv-model-6hfv-fluro-vest-hero-front,https://notanother-nz.github.io/total-image-product-assets/assets/6HFV_FLURO_VEST/webp/model/6HFV_FLURO_VEST_HERO_FRONT.webp,fluro-vest,,1
Fluro Vest — 6HFV_FLURO_VEST_HERO_BACK.webp,6hfv-model-6hfv-fluro-vest-hero-back,https://notanother-nz.github.io/total-image-product-assets/assets/6HFV_FLURO_VEST/webp/model/6HFV_FLURO_VEST_HERO_BACK.webp,fluro-vest,,2
Fluro Vest — 6HFV_FLURO_VEST_HERO_CLOSEUP.webp,6hfv-model-6hfv-fluro-vest-hero-closeup,https://notanother-nz.github.io/total-image-product-assets/assets/6HFV_FLURO_VEST/webp/model/6HFV_FLURO_VEST_HERO_CLOSEUP.webp,fluro-vest,,3
Fluro Vest — 6HFV_FLURO_VEST_HERO_SIDE.webp,6hfv-model-6hfv-fluro-vest-hero-side,https://notanother-nz.github.io/total-image-product-assets/assets/6HFV_FLURO_VEST/webp/model/6HFV_FLURO_VEST_HERO_SIDE.webp,fluro-vest,,4
Fluro Vest — 6HFV_FLURO_VEST_AQUA_FRONT.webp,6hfv-product-6hfv-fluro-vest-aqua-front,https://notanother-nz.github.io/total-image-product-assets/assets/6HFV_FLURO_VEST/webp/product/6HFV_FLURO_VEST_AQUA_FRONT.webp,fluro-vest,aqua,5
Fluro Vest — 6HFV_FLURO_VEST_BLACK_FRONT.webp,6hfv-product-6hfv-fluro-vest-black-front,https://notanother-nz.github.io/total-image-product-assets/assets/6HFV_FLURO_VEST/webp/product/6HFV_FLURO_VEST_BLACK_FRONT.webp,fluro-vest,black,6
Fluro Vest — 6HFV_FLURO_VEST_HOT_PINK_FRONT.webp,6hfv-product-6hfv-fluro-vest-hot-pink-front,https://notanother-nz.github.io/total-image-product-assets/assets/6HFV_FLURO_VEST/webp/product/6HFV_FLURO_VEST_HOT_PINK_FRONT.webp,fluro-vest,hot-pink,7
Fluro Vest — 6HFV_FLURO_VEST_LIGHT_BLUE_FRONT.webp,6hfv-product-6hfv-fluro-vest-light-blue-front,https://notanother-nz.github.io/total-image-product-assets/assets/6HFV_FLURO_VEST/webp/product/6HFV_FLURO_VEST_LIGHT_BLUE_FRONT.webp,fluro-vest,light-blue,8
Fluro Vest — 6HFV_FLURO_VEST_PEA_GREEN_FRONT.webp,6hfv-product-6hfv-fluro-vest-pea-green-front,https://notanother-nz.github.io/total-image-product-assets/assets/6HFV_FLURO_VEST/webp/product/6HFV_FLURO_VEST_PEA_GREEN_FRONT.webp,fluro-vest,pea-green,9
Fluro Vest — 6HFV_FLURO_VEST_PURPLE_FRONT.webp,6hfv-product-6hfv-fluro-vest-purple-front,https://notanother-nz.github.io/total-image-product-assets/assets/6HFV_FLURO_VEST/webp/product/6HFV_FLURO_VEST_PURPLE_FRONT.webp,fluro-vest,purple,10
Fluro Vest — 6HFV_FLURO_VEST_RED_FRONT.webp,6hfv-product-6hfv-fluro-vest-red-front,https://notanother-nz.github.io/total-image-product-assets/assets/6HFV_FLURO_VEST/webp/product/6HFV_FLURO_VEST_RED_FRONT.webp,fluro-vest,red,11
Fluro Vest — 6HFV_FLURO_VEST_ROYAL_FRONT.webp,6hfv-product-6hfv-fluro-vest-royal-front,https://notanother-nz.github.io/total-image-product-assets/assets/6HFV_FLURO_VEST/webp/product/6HFV_FLURO_VEST_ROYAL_FRONT.webp,fluro-vest,royal,12
Fluro Vest — 6HFV_FLURO_VEST_WHITE_FRONT.webp,6hfv-product-6hfv-fluro-vest-white-front,https://notanother-nz.github.io/total-image-product-assets/assets/6HFV_FLURO_VEST/webp/product/6HFV_FLURO_VEST_WHITE_FRONT.webp,fluro-vest,white,13
Fluro Vest — 6HFV_FLURO_VEST_YELLOW_FRONT.webp,6hfv-product-6hfv-fluro-vest-yellow-front,https://notanother-nz.github.io/total-image-product-assets/assets/6HFV_FLURO_VEST/webp/product/6HFV_FLURO_VEST_YELLOW_FRONT.webp,fluro-vest,yellow,14
Fluro Vest — 6HFV_FLURO_VEST_AQUA_BACK.webp,6hfv-product-6hfv-fluro-vest-aqua-back,https://notanother-nz.github.io/total-image-product-assets/assets/6HFV_FLURO_VEST/webp/product/6HFV_FLURO_VEST_AQUA_BACK.webp,fluro-vest,aqua,15
Fluro Vest — 6HFV_FLURO_VEST_BLACK_BACK.webp,6hfv-product-6hfv-fluro-vest-black-back,https://notanother-nz.github.io/total-image-product-assets/assets/6HFV_FLURO_VEST/webp/product/6HFV_FLURO_VEST_BLACK_BACK.webp,fluro-vest,black,16
Fluro Vest — 6HFV_FLURO_VEST_HOT_PINK_BACK.webp,6hfv-product-6hfv-fluro-vest-hot-pink-back,https://notanother-nz.github.io/total-image-product-assets/assets/6HFV_FLURO_VEST/webp/product/6HFV_FLURO_VEST_HOT_PINK_BACK.webp,fluro-vest,hot-pink,17
Fluro Vest — 6HFV_FLURO_VEST_LIGHT_BLUE_BACK.webp,6hfv-product-6hfv-fluro-vest-light-blue-back,https://notanother-nz.github.io/total-image-product-assets/assets/6HFV_FLURO_VEST/webp/product/6HFV_FLURO_VEST_LIGHT_BLUE_BACK.webp,fluro-vest,light-blue,18
Fluro Vest — 6HFV_FLURO_VEST_PEA_GREEN_BACK.webp,6hfv-product-6hfv-fluro-vest-pea-green-back,https://notanother-nz.github.io/total-image-product-assets/assets/6HFV_FLURO_VEST/webp/product/6HFV_FLURO_VEST_PEA_GREEN_BACK.webp,fluro-vest,pea-green,19
Fluro Vest — 6HFV_FLURO_VEST_PURPLE_BACK.webp,6hfv-product-6hfv-fluro-vest-purple-back,https://notanother-nz.github.io/total-image-product-assets/assets/6HFV_FLURO_VEST/webp/product/6HFV_FLURO_VEST_PURPLE_BACK.webp,fluro-vest,purple,20
Fluro Vest — 6HFV_FLURO_VEST_RED_BACK.webp,6hfv-product-6hfv-fluro-vest-red-back,https://notanother-nz.github.io/total-image-product-assets/assets/6HFV_FLURO_VEST/webp/product/6HFV_FLURO_VEST_RED_BACK.webp,fluro-vest,red,21
Fluro Vest — 6HFV_FLURO_VEST_ROYAL_BACK.webp,6hfv-product-6hfv-fluro-vest-royal-back,https://notanother-nz.github.io/total-image-product-assets/assets/6HFV_FLURO_VEST/webp/product/6HFV_FLURO_VEST_ROYAL_BACK.webp,fluro-vest,royal,22
Fluro Vest — 6HFV_FLURO_VEST_WHITE_BACK.webp,6hfv-product-6hfv-fluro-vest-white-back,https://notanother-nz.github.io/total-image-product-assets/assets/6HFV_FLURO_VEST/webp/product/6HFV_FLURO_VEST_WHITE_BACK.webp,fluro-vest,white,23
Fluro Vest — 6HFV_FLURO_VEST_YELLOW_BACK.webp,6hfv-product-6hfv-fluro-vest-yellow-back,https://notanother-nz.github.io/total-image-product-assets/assets/6HFV_FLURO_VEST/webp/product/6HFV_FLURO_VEST_YELLOW_BACK.webp,fluro-vest,yellow,24
Hi Vis Safety Vest — 6HVSV_HI_VIS_SAFETY_VEST_HERO_FRONT.webp,6hvsv-model-6hvsv-hi-vis-safety-vest-hero-front,https://notanother-nz.github.io/total-image-product-assets/assets/6HVSV_HI_VIS_SAFETY_VEST/webp/model/6HVSV_HI_VIS_SAFETY_VEST_HERO_FRONT.webp,hi-vis-safety-vest,,1
Hi Vis Safety Vest — 6HVSV_HI_VIS_SAFETY_VEST_HERO_BACK.webp,6hvsv-model-6hvsv-hi-vis-safety-vest-hero-back,https://notanother-nz.github.io/total-image-product-assets/assets/6HVSV_HI_VIS_SAFETY_VEST/webp/model/6HVSV_HI_VIS_SAFETY_VEST_HERO_BACK.webp,hi-vis-safety-vest,,2
Hi Vis Safety Vest — 6HVSV_HI_VIS_SAFETY_VEST_HERO_CLOSEUP.webp,6hvsv-model-6hvsv-hi-vis-safety-vest-hero-closeup,https://notanother-nz.github.io/total-image-product-assets/assets/6HVSV_HI_VIS_SAFETY_VEST/webp/model/6HVSV_HI_VIS_SAFETY_VEST_HERO_CLOSEUP.webp,hi-vis-safety-vest,,3
Hi Vis Safety Vest — 6HVSV_HI_VIS_SAFETY_VEST_HERO_SIDE.webp,6hvsv-model-6hvsv-hi-vis-safety-vest-hero-side,https://notanother-nz.github.io/total-image-product-assets/assets/6HVSV_HI_VIS_SAFETY_VEST/webp/model/6HVSV_HI_VIS_SAFETY_VEST_HERO_SIDE.webp,hi-vis-safety-vest,,4
Hi Vis Safety Vest — 6HVSV_HI_VIS_SAFETY_VEST_LIME_FRONT.webp,6hvsv-product-6hvsv-hi-vis-safety-vest-lime-front,https://notanother-nz.github.io/total-image-product-assets/assets/6HVSV_HI_VIS_SAFETY_VEST/webp/product/6HVSV_HI_VIS_SAFETY_VEST_LIME_FRONT.webp,hi-vis-safety-vest,lime,5
Hi Vis Safety Vest — 6HVSV_HI_VIS_SAFETY_VEST_ORANGE_FRONT.webp,6hvsv-product-6hvsv-hi-vis-safety-vest-orange-front,https://notanother-nz.github.io/total-image-product-assets/assets/6HVSV_HI_VIS_SAFETY_VEST/webp/product/6HVSV_HI_VIS_SAFETY_VEST_ORANGE_FRONT.webp,hi-vis-safety-vest,orange,6
Hi Vis Safety Vest — 6HVSV_HI_VIS_SAFETY_VEST_PINK_FRONT.webp,6hvsv-product-6hvsv-hi-vis-safety-vest-pink-front,https://notanother-nz.github.io/total-image-product-assets/assets/6HVSV_HI_VIS_SAFETY_VEST/webp/product/6HVSV_HI_VIS_SAFETY_VEST_PINK_FRONT.webp,hi-vis-safety-vest,pink,7
Hi Vis Safety Vest — 6HVSV_HI_VIS_SAFETY_VEST_LIME_BACK.webp,6hvsv-product-6hvsv-hi-vis-safety-vest-lime-back,https://notanother-nz.github.io/total-image-product-assets/assets/6HVSV_HI_VIS_SAFETY_VEST/webp/product/6HVSV_HI_VIS_SAFETY_VEST_LIME_BACK.webp,hi-vis-safety-vest,lime,8
Hi Vis Safety Vest — 6HVSV_HI_VIS_SAFETY_VEST_ORANGE_BACK.webp,6hvsv-product-6hvsv-hi-vis-safety-vest-orange-back,https://notanother-nz.github.io/total-image-product-assets/assets/6HVSV_HI_VIS_SAFETY_VEST/webp/product/6HVSV_HI_VIS_SAFETY_VEST_ORANGE_BACK.webp,hi-vis-safety-vest,orange,9
Hi Vis Safety Vest — 6HVSV_HI_VIS_SAFETY_VEST_PINK_BACK.webp,6hvsv-product-6hvsv-hi-vis-safety-vest-pink-back,https://notanother-nz.github.io/total-image-product-assets/assets/6HVSV_HI_VIS_SAFETY_VEST/webp/product/6HVSV_HI_VIS_SAFETY_VEST_PINK_BACK.webp,hi-vis-safety-vest,pink,10
Mens Siena Slim Fit Flat Front Pant (Regular) — 70716R_Siena_Mens_Slim_Fit_Flat_Front_Pant_Hero_Front.webp,70716r-model-70716r-siena-mens-slim-fit-flat-front-pant-hero-front,https://notanother-nz.github.io/total-image-product-assets/assets/70716R_Siena_Mens_Slim_Fit_Flat_Front_Pant/webp/model/70716R_Siena_Mens_Slim_Fit_Flat_Front_Pant_Hero_Front.webp,mens-siena-slim-fit-flat-front-pant-regular,,1
Mens Siena Slim Fit Flat Front Pant (Regular) — 70716R_Siena_Mens_Slim_Fit_Flat_Front_Pant_Hero_Back.webp,70716r-model-70716r-siena-mens-slim-fit-flat-front-pant-hero-back,https://notanother-nz.github.io/total-image-product-assets/assets/70716R_Siena_Mens_Slim_Fit_Flat_Front_Pant/webp/model/70716R_Siena_Mens_Slim_Fit_Flat_Front_Pant_Hero_Back.webp,mens-siena-slim-fit-flat-front-pant-regular,,2
Mens Siena Slim Fit Flat Front Pant (Regular) — 70716R_Siena_Mens_Slim_Fit_Flat_Front_Pant_Hero_Closeup.webp,70716r-model-70716r-siena-mens-slim-fit-flat-front-pant-hero-closeup,https://notanother-nz.github.io/total-image-product-assets/assets/70716R_Siena_Mens_Slim_Fit_Flat_Front_Pant/webp/model/70716R_Siena_Mens_Slim_Fit_Flat_Front_Pant_Hero_Closeup.webp,mens-siena-slim-fit-flat-front-pant-regular,,3
Mens Siena Slim Fit Flat Front Pant (Regular) — 70716R_Siena_Mens_Slim_Fit_Flat_Front_Pant_Hero_Side.webp,70716r-model-70716r-siena-mens-slim-fit-flat-front-pant-hero-side,https://notanother-nz.github.io/total-image-product-assets/assets/70716R_Siena_Mens_Slim_Fit_Flat_Front_Pant/webp/model/70716R_Siena_Mens_Slim_Fit_Flat_Front_Pant_Hero_Side.webp,mens-siena-slim-fit-flat-front-pant-regular,,4
Mens Siena Slim Fit Flat Front Pant (Regular) — 70716R_Siena_Mens_Slim_Fit_Flat_Front_Pant_Black_Back_View.webp,70716r-product-70716r-siena-mens-slim-fit-flat-front-pant-black-back-view,https://notanother-nz.github.io/total-image-product-assets/assets/70716R_Siena_Mens_Slim_Fit_Flat_Front_Pant/webp/product/70716R_Siena_Mens_Slim_Fit_Flat_Front_Pant_Black_Back_View.webp,mens-siena-slim-fit-flat-front-pant-regular,black,5
Mens Siena Slim Fit Flat Front Pant (Regular) — 70716R_Siena_Mens_Slim_Fit_Flat_Front_Pant_Black_Front_View.webp,70716r-product-70716r-siena-mens-slim-fit-flat-front-pant-black-front-view,https://notanother-nz.github.io/total-image-product-assets/assets/70716R_Siena_Mens_Slim_Fit_Flat_Front_Pant/webp/product/70716R_Siena_Mens_Slim_Fit_Flat_Front_Pant_Black_Front_View.webp,mens-siena-slim-fit-flat-front-pant-regular,black,6
Mens Siena Slim Fit Flat Front Pant (Regular) — 70716R_Siena_Mens_Slim_Fit_Flat_Front_Pant_Marine_Back_View.webp,70716r-product-70716r-siena-mens-slim-fit-flat-front-pant-marine-back-view,https://notanother-nz.github.io/total-image-product-assets/assets/70716R_Siena_Mens_Slim_Fit_Flat_Front_Pant/webp/product/70716R_Siena_Mens_Slim_Fit_Flat_Front_Pant_Marine_Back_View.webp,mens-siena-slim-fit-flat-front-pant-regular,marine,7
Mens Siena Slim Fit Flat Front Pant (Regular) — 70716R_Siena_Mens_Slim_Fit_Flat_Front_Pant_Marine_Front_View.webp,70716r-product-70716r-siena-mens-slim-fit-flat-front-pant-marine-front-view,https://notanother-nz.github.io/total-image-product-assets/assets/70716R_Siena_Mens_Slim_Fit_Flat_Front_Pant/webp/product/70716R_Siena_Mens_Slim_Fit_Flat_Front_Pant_Marine_Front_View.webp,mens-siena-slim-fit-flat-front-pant-regular,marine,8
Nomad Dad Hat — 7100_NOMAD_DAD_BLACK_HAT_HERO_FRONT.webp,7100-model-7100-nomad-dad-black-hat-hero-front,https://notanother-nz.github.io/total-image-product-assets/assets/7100_NOMAD_DAD_HAT/webp/model/7100_NOMAD_DAD_BLACK_HAT_HERO_FRONT.webp,nomad-dad-hat,black,1
Nomad Dad Hat — 7100_NOMAD_DAD_BLACK_HAT.webp,7100-product-7100-nomad-dad-black-hat,https://notanother-nz.github.io/total-image-product-assets/assets/7100_NOMAD_DAD_HAT/webp/product/7100_NOMAD_DAD_BLACK_HAT.webp,nomad-dad-hat,black,2
Nomad Dad Hat — 7100_NOMAD_DAD_CHARCOAL_HAT.webp,7100-product-7100-nomad-dad-charcoal-hat,https://notanother-nz.github.io/total-image-product-assets/assets/7100_NOMAD_DAD_HAT/webp/product/7100_NOMAD_DAD_CHARCOAL_HAT.webp,nomad-dad-hat,charcoal,3
Nomad Dad Hat — 7100_NOMAD_DAD_HUNTERGREEN_HAT.webp,7100-product-7100-nomad-dad-huntergreen-hat,https://notanother-nz.github.io/total-image-product-assets/assets/7100_NOMAD_DAD_HAT/webp/product/7100_NOMAD_DAD_HUNTERGREEN_HAT.webp,nomad-dad-hat,hunter-green,4
Nomad Dad Hat — 7100_NOMAD_DAD_KHAKI_HAT.webp,7100-product-7100-nomad-dad-khaki-hat,https://notanother-nz.github.io/total-image-product-assets/assets/7100_NOMAD_DAD_HAT/webp/product/7100_NOMAD_DAD_KHAKI_HAT.webp,nomad-dad-hat,khaki,5
Nomad Dad Hat — 7100_NOMAD_DAD_NAVY_HAT.webp,7100-product-7100-nomad-dad-navy-hat,https://notanother-nz.github.io/total-image-product-assets/assets/7100_NOMAD_DAD_HAT/webp/product/7100_NOMAD_DAD_NAVY_HAT.webp,nomad-dad-hat,navy,6
Nomad Dad Hat — 7100_NOMAD_DAD_WHITE_HAT.webp,7100-product-7100-nomad-dad-white-hat,https://notanother-nz.github.io/total-image-product-assets/assets/7100_NOMAD_DAD_HAT/webp/product/7100_NOMAD_DAD_WHITE_HAT.webp,nomad-dad-hat,white,7
Men's Siena 2 Button Jacket — 80717_Siena_Mens_2_Button_Jacket_Hero_FRONT.webp,80717-model-80717-siena-mens-2-button-jacket-hero-front,https://notanother-nz.github.io/total-image-product-assets/assets/80717_Siena_Mens_2_Button_Jacket/webp/model/80717_Siena_Mens_2_Button_Jacket_Hero_FRONT.webp,mens-siena-2-button-jacket,,1
Men's Siena 2 Button Jacket — 80717_Siena_Mens_2_Button_Jacket_HERO_BACK.webp,80717-model-80717-siena-mens-2-button-jacket-hero-back,https://notanother-nz.github.io/total-image-product-assets/assets/80717_Siena_Mens_2_Button_Jacket/webp/model/80717_Siena_Mens_2_Button_Jacket_HERO_BACK.webp,mens-siena-2-button-jacket,,2
Men's Siena 2 Button Jacket — 80717_Siena_Mens_2_Button_Jacket_HERO_CLOSEUP.webp,80717-model-80717-siena-mens-2-button-jacket-hero-closeup,https://notanother-nz.github.io/total-image-product-assets/assets/80717_Siena_Mens_2_Button_Jacket/webp/model/80717_Siena_Mens_2_Button_Jacket_HERO_CLOSEUP.webp,mens-siena-2-button-jacket,,3
Men's Siena 2 Button Jacket — 80717_Siena_Mens_2_Button_Jacket_HERO_SIDE.webp,80717-model-80717-siena-mens-2-button-jacket-hero-side,https://notanother-nz.github.io/total-image-product-assets/assets/80717_Siena_Mens_2_Button_Jacket/webp/model/80717_Siena_Mens_2_Button_Jacket_HERO_SIDE.webp,mens-siena-2-button-jacket,,4
Men's Siena 2 Button Jacket — 80717_Siena_Mens_2_Button_Jacket_Black_BACK_View.webp,80717-product-80717-siena-mens-2-button-jacket-black-back-view,https://notanother-nz.github.io/total-image-product-assets/assets/80717_Siena_Mens_2_Button_Jacket/webp/product/80717_Siena_Mens_2_Button_Jacket_Black_BACK_View.webp,mens-siena-2-button-jacket,black,5
Men's Siena 2 Button Jacket — 80717_Siena_Mens_2_Button_Jacket_Marine_BACK_View.webp,80717-product-80717-siena-mens-2-button-jacket-marine-back-view,https://notanother-nz.github.io/total-image-product-assets/assets/80717_Siena_Mens_2_Button_Jacket/webp/product/80717_Siena_Mens_2_Button_Jacket_Marine_BACK_View.webp,mens-siena-2-button-jacket,marine,6
Men's Siena 2 Button Jacket — 80717_Siena_Mens_2_Button_Jacket_Black_View.webp,80717-product-80717-siena-mens-2-button-jacket-black-view,https://notanother-nz.github.io/total-image-product-assets/assets/80717_Siena_Mens_2_Button_Jacket/webp/product/80717_Siena_Mens_2_Button_Jacket_Black_View.webp,mens-siena-2-button-jacket,black,7
Men's Siena 2 Button Jacket — 80717_Siena_Mens_2_Button_Jacket_Marine_View.webp,80717-product-80717-siena-mens-2-button-jacket-marine-view,https://notanother-nz.github.io/total-image-product-assets/assets/80717_Siena_Mens_2_Button_Jacket/webp/product/80717_Siena_Mens_2_Button_Jacket_Marine_View.webp,mens-siena-2-button-jacket,marine,8
Bib Apron - A03 — A03_BIB APRON_BLACK_HERO_FRONT.webp,a03-model-a03-bib-apron-black-hero-front,https://notanother-nz.github.io/total-image-product-assets/assets/A03_BIB%20APRON/webp/model/A03_BIB%20APRON_BLACK_HERO_FRONT.webp,bib-apron-a03,black,1
Bib Apron - A03 — A03_BIB APRON_BLACK_HERO_BACK.webp,a03-model-a03-bib-apron-black-hero-back,https://notanother-nz.github.io/total-image-product-assets/assets/A03_BIB%20APRON/webp/model/A03_BIB%20APRON_BLACK_HERO_BACK.webp,bib-apron-a03,black,2
Bib Apron - A03 — A03_BIB APRON_BLACK_HERO_CLOSEUP.webp,a03-model-a03-bib-apron-black-hero-closeup,https://notanother-nz.github.io/total-image-product-assets/assets/A03_BIB%20APRON/webp/model/A03_BIB%20APRON_BLACK_HERO_CLOSEUP.webp,bib-apron-a03,black,3
Bib Apron - A03 — A03_BIB APRON_BLACK_HERO_SIDE.webp,a03-model-a03-bib-apron-black-hero-side,https://notanother-nz.github.io/total-image-product-assets/assets/A03_BIB%20APRON/webp/model/A03_BIB%20APRON_BLACK_HERO_SIDE.webp,bib-apron-a03,black,4
Bib Apron - A03 — A03_BIB APRON_AQUA_FRONT.webp,a03-product-a03-bib-apron-aqua-front,https://notanother-nz.github.io/total-image-product-assets/assets/A03_BIB%20APRON/webp/product/A03_BIB%20APRON_AQUA_FRONT.webp,bib-apron-a03,aqua,5
Bib Apron - A03 — A03_BIB APRON_BLACK_FRONT.webp,a03-product-a03-bib-apron-black-front,https://notanother-nz.github.io/total-image-product-assets/assets/A03_BIB%20APRON/webp/product/A03_BIB%20APRON_BLACK_FRONT.webp,bib-apron-a03,black,6
Bib Apron - A03 — A03_BIB APRON_BOTTLE_GREEN_FRONT.webp,a03-product-a03-bib-apron-bottle-green-front,https://notanother-nz.github.io/total-image-product-assets/assets/A03_BIB%20APRON/webp/product/A03_BIB%20APRON_BOTTLE_GREEN_FRONT.webp,bib-apron-a03,bottle-green,7
Bib Apron - A03 — A03_BIB APRON_BROWN_FRONT.webp,a03-product-a03-bib-apron-brown-front,https://notanother-nz.github.io/total-image-product-assets/assets/A03_BIB%20APRON/webp/product/A03_BIB%20APRON_BROWN_FRONT.webp,bib-apron-a03,brown,8
Bib Apron - A03 — A03_BIB APRON_CHARCOAL_FRONT.webp,a03-product-a03-bib-apron-charcoal-front,https://notanother-nz.github.io/total-image-product-assets/assets/A03_BIB%20APRON/webp/product/A03_BIB%20APRON_CHARCOAL_FRONT.webp,bib-apron-a03,charcoal,9
English Chef Apron — A100_ENGLISH_CHEF_APRON_BLACK_WHITE_CHALK_STRIPE_HERO_FRONT.webp,a100-model-a100-english-chef-apron-black-white-chalk-stripe-hero-front,https://notanother-nz.github.io/total-image-product-assets/assets/A100_ENGLISH%20CHEF%20APRON/webp/model/A100_ENGLISH_CHEF_APRON_BLACK_WHITE_CHALK_STRIPE_HERO_FRONT.webp,english-chef-apron,black-white,1
English Chef Apron — A100_ENGLISH_CHEF_APRON_BLACK_WHITE_CHALK_STRIPE_HERO_BACK.webp,a100-model-a100-english-chef-apron-black-white-chalk-stripe-hero-back,https://notanother-nz.github.io/total-image-product-assets/assets/A100_ENGLISH%20CHEF%20APRON/webp/model/A100_ENGLISH_CHEF_APRON_BLACK_WHITE_CHALK_STRIPE_HERO_BACK.webp,english-chef-apron,black-white,2
English Chef Apron — A100_ENGLISH_CHEF_APRON_BLACK_WHITE_CHALK_STRIPE_HERO_CLOSEUP.webp,a100-model-a100-english-chef-apron-black-white-chalk-stripe-hero-closeup,https://notanother-nz.github.io/total-image-product-assets/assets/A100_ENGLISH%20CHEF%20APRON/webp/model/A100_ENGLISH_CHEF_APRON_BLACK_WHITE_CHALK_STRIPE_HERO_CLOSEUP.webp,english-chef-apron,black-white,3
English Chef Apron — A100_ENGLISH_CHEF_APRON_BLACK_WHITE_CHALK_STRIPE_HERO_SIDE.webp,a100-model-a100-english-chef-apron-black-white-chalk-stripe-hero-side,https://notanother-nz.github.io/total-image-product-assets/assets/A100_ENGLISH%20CHEF%20APRON/webp/model/A100_ENGLISH_CHEF_APRON_BLACK_WHITE_CHALK_STRIPE_HERO_SIDE.webp,english-chef-apron,black-white,4
English Chef Apron — A100_ENGLISH_CHEF_APRON_BLACK_WHITE_CHALK_STRIPE_FRONT.webp,a100-product-a100-english-chef-apron-black-white-chalk-stripe-front,https://notanother-nz.github.io/total-image-product-assets/assets/A100_ENGLISH%20CHEF%20APRON/webp/product/A100_ENGLISH_CHEF_APRON_BLACK_WHITE_CHALK_STRIPE_FRONT.webp,english-chef-apron,black-white,5
English Chef Apron — A100_ENGLISH_CHEF_APRON_NAVY_WHITE_CHALK_STRIPE_FRONT.webp,a100-product-a100-english-chef-apron-navy-white-chalk-stripe-front,https://notanother-nz.github.io/total-image-product-assets/assets/A100_ENGLISH%20CHEF%20APRON/webp/product/A100_ENGLISH_CHEF_APRON_NAVY_WHITE_CHALK_STRIPE_FRONT.webp,english-chef-apron,navy-white,6
English Chef Apron — A100_ENGLISH_CHEF_APRON_BLACK_WHITE_CHALK_STRIPE_BACK.webp,a100-product-a100-english-chef-apron-black-white-chalk-stripe-back,https://notanother-nz.github.io/total-image-product-assets/assets/A100_ENGLISH%20CHEF%20APRON/webp/product/A100_ENGLISH_CHEF_APRON_BLACK_WHITE_CHALK_STRIPE_BACK.webp,english-chef-apron,black-white,7
English Chef Apron — A100_ENGLISH_CHEF_APRON_NAVY_WHITE_CHALK_STRIPE_BACK.webp,a100-product-a100-english-chef-apron-navy-white-chalk-stripe-back,https://notanother-nz.github.io/total-image-product-assets/assets/A100_ENGLISH%20CHEF%20APRON/webp/product/A100_ENGLISH_CHEF_APRON_NAVY_WHITE_CHALK_STRIPE_BACK.webp,english-chef-apron,navy-white,8
Dad Hat — A1000_DAD_HAT_BLACK_HERO_FRONT.webp,a1000-model-a1000-dad-hat-black-hero-front,https://notanother-nz.github.io/total-image-product-assets/assets/A1000_DAD_HAT/webp/model/A1000_DAD_HAT_BLACK_HERO_FRONT.webp,dad-hat,black,1
Dad Hat — A1000_DAD_HAT_KHAKI_HERO_FRONT.webp,a1000-model-a1000-dad-hat-khaki-hero-front,https://notanother-nz.github.io/total-image-product-assets/assets/A1000_DAD_HAT/webp/model/A1000_DAD_HAT_KHAKI_HERO_FRONT.webp,dad-hat,khaki,2
Dad Hat — A1000_DAD_HAT_NAVY_HERO_FRONT.webp,a1000-model-a1000-dad-hat-navy-hero-front,https://notanother-nz.github.io/total-image-product-assets/assets/A1000_DAD_HAT/webp/model/A1000_DAD_HAT_NAVY_HERO_FRONT.webp,dad-hat,navy,3
Dad Hat — A1000_DAD_HAT_BLACK_HERO_BACK.webp,a1000-model-a1000-dad-hat-black-hero-back,https://notanother-nz.github.io/total-image-product-assets/assets/A1000_DAD_HAT/webp/model/A1000_DAD_HAT_BLACK_HERO_BACK.webp,dad-hat,black,4
Dad Hat — A1000_DAD_HAT_KHAKI_HERO_BACK.webp,a1000-model-a1000-dad-hat-khaki-hero-back,https://notanother-nz.github.io/total-image-product-assets/assets/A1000_DAD_HAT/webp/model/A1000_DAD_HAT_KHAKI_HERO_BACK.webp,dad-hat,khaki,5
Dad Hat — A1000_DAD_HAT_NAVY_HERO_BACK.webp,a1000-model-a1000-dad-hat-navy-hero-back,https://notanother-nz.github.io/total-image-product-assets/assets/A1000_DAD_HAT/webp/model/A1000_DAD_HAT_NAVY_HERO_BACK.webp,dad-hat,navy,6
Dad Hat — A1000_DAD_HAT_BLACK_HERO_SIDE.webp,a1000-model-a1000-dad-hat-black-hero-side,https://notanother-nz.github.io/total-image-product-assets/assets/A1000_DAD_HAT/webp/model/A1000_DAD_HAT_BLACK_HERO_SIDE.webp,dad-hat,black,7
Dad Hat — A1000_DAD_HAT_KHAKI_HERO_SIDE.webp,a1000-model-a1000-dad-hat-khaki-hero-side,https://notanother-nz.github.io/total-image-product-assets/assets/A1000_DAD_HAT/webp/model/A1000_DAD_HAT_KHAKI_HERO_SIDE.webp,dad-hat,khaki,8
Dad Hat — A1000_DAD_HAT_NAVY_HERO_SIDE.webp,a1000-model-a1000-dad-hat-navy-hero-side,https://notanother-nz.github.io/total-image-product-assets/assets/A1000_DAD_HAT/webp/model/A1000_DAD_HAT_NAVY_HERO_SIDE.webp,dad-hat,navy,9
Dad Hat — A1000_DAD_HAT_BLACK_FRONT.webp,a1000-product-a1000-dad-hat-black-front,https://notanother-nz.github.io/total-image-product-assets/assets/A1000_DAD_HAT/webp/product/A1000_DAD_HAT_BLACK_FRONT.webp,dad-hat,black,10
Dad Hat — A1000_DAD_HAT_KHAKI_FRONT.webp,a1000-product-a1000-dad-hat-khaki-front,https://notanother-nz.github.io/total-image-product-assets/assets/A1000_DAD_HAT/webp/product/A1000_DAD_HAT_KHAKI_FRONT.webp,dad-hat,khaki,11
Dad Hat — A1000_DAD_HAT_NAVY_FRONT.webp,a1000-product-a1000-dad-hat-navy-front,https://notanother-nz.github.io/total-image-product-assets/assets/A1000_DAD_HAT/webp/product/A1000_DAD_HAT_NAVY_FRONT.webp,dad-hat,navy,12
Louie Apron — A27_LOUIE_APRON_BLACK_HERO_FRONT.webp,a27-model-a27-louie-apron-black-hero-front,https://notanother-nz.github.io/total-image-product-assets/assets/A27_LOUIE_APRON/webp/model/A27_LOUIE_APRON_BLACK_HERO_FRONT.webp,louie-apron,,1
Louie Apron — A27_LOUIE_APRON_BLACK_HERO_BACK.webp,a27-model-a27-louie-apron-black-hero-back,https://notanother-nz.github.io/total-image-product-assets/assets/A27_LOUIE_APRON/webp/model/A27_LOUIE_APRON_BLACK_HERO_BACK.webp,louie-apron,,2
Louie Apron — A27_LOUIE_APRON_BLACK_HERO_SIDE.webp,a27-model-a27-louie-apron-black-hero-side,https://notanother-nz.github.io/total-image-product-assets/assets/A27_LOUIE_APRON/webp/model/A27_LOUIE_APRON_BLACK_HERO_SIDE.webp,louie-apron,,3
Louie Apron — A27_LOUIE_APRON_STONEWASH_BLUE_FRONT.webp,a27-product-a27-louie-apron-stonewash-blue-front,https://notanother-nz.github.io/total-image-product-assets/assets/A27_LOUIE_APRON/webp/product/A27_LOUIE_APRON_STONEWASH_BLUE_FRONT.webp,louie-apron,stonewash-blue,4
Louie Apron — A27_LOUIE_APRON_STONEWASH_STONEWASH_BLACK_FRONT.webp,a27-product-a27-louie-apron-stonewash-stonewash-black-front,https://notanother-nz.github.io/total-image-product-assets/assets/A27_LOUIE_APRON/webp/product/A27_LOUIE_APRON_STONEWASH_STONEWASH_BLACK_FRONT.webp,louie-apron,stonewash-black,5
Louie Apron — A27_LOUIE_APRON_STONEWASH_BLUE_STRAP.webp,a27-product-a27-louie-apron-stonewash-blue-strap,https://notanother-nz.github.io/total-image-product-assets/assets/A27_LOUIE_APRON/webp/product/A27_LOUIE_APRON_STONEWASH_BLUE_STRAP.webp,louie-apron,stonewash-blue,6
Louie Apron — A27_LOUIE_APRON_STONEWASH_STONEWASH_BLACK_STRAP.webp,a27-product-a27-louie-apron-stonewash-stonewash-black-strap,https://notanother-nz.github.io/total-image-product-assets/assets/A27_LOUIE_APRON/webp/product/A27_LOUIE_APRON_STONEWASH_STONEWASH_BLACK_STRAP.webp,louie-apron,stonewash-black,7
Alfie Bib Apron — A30_ALFIE_BIB_APRON_HERO_FRONT.webp,a30-model-a30-alfie-bib-apron-hero-front,https://notanother-nz.github.io/total-image-product-assets/assets/A30_ALFIE_BIB_APRON/webp/model/A30_ALFIE_BIB_APRON_HERO_FRONT.webp,alfie-bib-apron,,1
Alfie Bib Apron — A30_ALFIE_BIB_APRON_HERO_BACK.webp,a30-model-a30-alfie-bib-apron-hero-back,https://notanother-nz.github.io/total-image-product-assets/assets/A30_ALFIE_BIB_APRON/webp/model/A30_ALFIE_BIB_APRON_HERO_BACK.webp,alfie-bib-apron,,2
Alfie Bib Apron — A30_ALFIE_BIB_APRON_HERO_CLOSEUP.webp,a30-model-a30-alfie-bib-apron-hero-closeup,https://notanother-nz.github.io/total-image-product-assets/assets/A30_ALFIE_BIB_APRON/webp/model/A30_ALFIE_BIB_APRON_HERO_CLOSEUP.webp,alfie-bib-apron,,3
Alfie Bib Apron — A30_ALFIE_BIB_APRON_HERO_SIDE.webp,a30-model-a30-alfie-bib-apron-hero-side,https://notanother-nz.github.io/total-image-product-assets/assets/A30_ALFIE_BIB_APRON/webp/model/A30_ALFIE_BIB_APRON_HERO_SIDE.webp,alfie-bib-apron,,4
Alfie Bib Apron — A30_ALFIE_BIB_APRON_BLACK.webp,a30-product-a30-alfie-bib-apron-black,https://notanother-nz.github.io/total-image-product-assets/assets/A30_ALFIE_BIB_APRON/webp/product/A30_ALFIE_BIB_APRON_BLACK.webp,alfie-bib-apron,black,5
Alfie Bib Apron — A30_ALFIE_BIB_APRON_GREY.webp,a30-product-a30-alfie-bib-apron-grey,https://notanother-nz.github.io/total-image-product-assets/assets/A30_ALFIE_BIB_APRON/webp/product/A30_ALFIE_BIB_APRON_GREY.webp,alfie-bib-apron,grey,6
Alfie Bib Apron — A30_ALFIE_BIB_APRON_KHAKI.webp,a30-product-a30-alfie-bib-apron-khaki,https://notanother-nz.github.io/total-image-product-assets/assets/A30_ALFIE_BIB_APRON/webp/product/A30_ALFIE_BIB_APRON_KHAKI.webp,alfie-bib-apron,khaki,7
Alfie Bib Apron — A30_ALFIE_BIB_APRON_NAVY.webp,a30-product-a30-alfie-bib-apron-navy,https://notanother-nz.github.io/total-image-product-assets/assets/A30_ALFIE_BIB_APRON/webp/product/A30_ALFIE_BIB_APRON_NAVY.webp,alfie-bib-apron,navy,8
Alfie Bib Apron — A30_ALFIE_BIB_APRON_WHITE.webp,a30-product-a30-alfie-bib-apron-white,https://notanother-nz.github.io/total-image-product-assets/assets/A30_ALFIE_BIB_APRON/webp/product/A30_ALFIE_BIB_APRON_WHITE.webp,alfie-bib-apron,white,9
Colby Waist Apron — A31_COLBY_WAIST_APRON_HERO_FRONT.webp,a31-model-a31-colby-waist-apron-hero-front,https://notanother-nz.github.io/total-image-product-assets/assets/A31_COLBY_WAIST_APRON/webp/model/A31_COLBY_WAIST_APRON_HERO_FRONT.webp,colby-waist-apron,,1
Colby Waist Apron — A31_COLBY_WAIST_APRON_HERO_BACK.webp,a31-model-a31-colby-waist-apron-hero-back,https://notanother-nz.github.io/total-image-product-assets/assets/A31_COLBY_WAIST_APRON/webp/model/A31_COLBY_WAIST_APRON_HERO_BACK.webp,colby-waist-apron,,2
Colby Waist Apron — A31_COLBY_WAIST_APRON_HERO_CLOSEUP.webp,a31-model-a31-colby-waist-apron-hero-closeup,https://notanother-nz.github.io/total-image-product-assets/assets/A31_COLBY_WAIST_APRON/webp/model/A31_COLBY_WAIST_APRON_HERO_CLOSEUP.webp,colby-waist-apron,,3
Colby Waist Apron — A31_COLBY_WAIST_APRON_HERO_SIDE.webp,a31-model-a31-colby-waist-apron-hero-side,https://notanother-nz.github.io/total-image-product-assets/assets/A31_COLBY_WAIST_APRON/webp/model/A31_COLBY_WAIST_APRON_HERO_SIDE.webp,colby-waist-apron,,4
Colby Waist Apron — A31_COLBY_WAIST_APRON_BLACK.webp,a31-product-a31-colby-waist-apron-black,https://notanother-nz.github.io/total-image-product-assets/assets/A31_COLBY_WAIST_APRON/webp/product/A31_COLBY_WAIST_APRON_BLACK.webp,colby-waist-apron,black,5
Colby Waist Apron — A31_COLBY_WAIST_APRON_GREY.webp,a31-product-a31-colby-waist-apron-grey,https://notanother-nz.github.io/total-image-product-assets/assets/A31_COLBY_WAIST_APRON/webp/product/A31_COLBY_WAIST_APRON_GREY.webp,colby-waist-apron,grey,6
Colby Waist Apron — A31_COLBY_WAIST_APRON_KHAKI.webp,a31-product-a31-colby-waist-apron-khaki,https://notanother-nz.github.io/total-image-product-assets/assets/A31_COLBY_WAIST_APRON/webp/product/A31_COLBY_WAIST_APRON_KHAKI.webp,colby-waist-apron,khaki,7
Colby Waist Apron — A31_COLBY_WAIST_APRON_NAVY.webp,a31-product-a31-colby-waist-apron-navy,https://notanother-nz.github.io/total-image-product-assets/assets/A31_COLBY_WAIST_APRON/webp/product/A31_COLBY_WAIST_APRON_NAVY.webp,colby-waist-apron,navy,8
Colby Waist Apron — A31_COLBY_WAIST_APRON_WHITE.webp,a31-product-a31-colby-waist-apron-white,https://notanother-nz.github.io/total-image-product-assets/assets/A31_COLBY_WAIST_APRON/webp/product/A31_COLBY_WAIST_APRON_WHITE.webp,colby-waist-apron,white,9
Capri Waist Apron — A33_CAPRI_WAIST_APRON_BLACK_HERO_FRONT.webp,a33-model-a33-capri-waist-apron-black-hero-front,https://notanother-nz.github.io/total-image-product-assets/assets/A33_CAPRI_WAIST_APRON/webp/model/A33_CAPRI_WAIST_APRON_BLACK_HERO_FRONT.webp,capri-waist-apron,black,1
Capri Waist Apron — A33_CAPRI_WAIST_APRON_GREY_HERO_FRONT.webp,a33-model-a33-capri-waist-apron-grey-hero-front,https://notanother-nz.github.io/total-image-product-assets/assets/A33_CAPRI_WAIST_APRON/webp/model/A33_CAPRI_WAIST_APRON_GREY_HERO_FRONT.webp,capri-waist-apron,grey,2
Capri Waist Apron — A33_CAPRI_WAIST_APRON_KHAKI_HERO_FRONT.webp,a33-model-a33-capri-waist-apron-khaki-hero-front,https://notanother-nz.github.io/total-image-product-assets/assets/A33_CAPRI_WAIST_APRON/webp/model/A33_CAPRI_WAIST_APRON_KHAKI_HERO_FRONT.webp,capri-waist-apron,khaki,3
Capri Waist Apron — A33_CAPRI_WAIST_APRON_NAVY_HERO_FRONT.webp,a33-model-a33-capri-waist-apron-navy-hero-front,https://notanother-nz.github.io/total-image-product-assets/assets/A33_CAPRI_WAIST_APRON/webp/model/A33_CAPRI_WAIST_APRON_NAVY_HERO_FRONT.webp,capri-waist-apron,navy,4
Capri Waist Apron — A33_CAPRI_WAIST_APRON_WHITE_HERO_FRONT.webp,a33-model-a33-capri-waist-apron-white-hero-front,https://notanother-nz.github.io/total-image-product-assets/assets/A33_CAPRI_WAIST_APRON/webp/model/A33_CAPRI_WAIST_APRON_WHITE_HERO_FRONT.webp,capri-waist-apron,white,5
Capri Waist Apron — A33_CAPRI_WAIST_APRON_BLACK_FRONT.webp,a33-product-a33-capri-waist-apron-black-front,https://notanother-nz.github.io/total-image-product-assets/assets/A33_CAPRI_WAIST_APRON/webp/product/A33_CAPRI_WAIST_APRON_BLACK_FRONT.webp,capri-waist-apron,black,6
Capri Waist Apron — A33_CAPRI_WAIST_APRON_GREY_FRONT.webp,a33-product-a33-capri-waist-apron-grey-front,https://notanother-nz.github.io/total-image-product-assets/assets/A33_CAPRI_WAIST_APRON/webp/product/A33_CAPRI_WAIST_APRON_GREY_FRONT.webp,capri-waist-apron,grey,7
Capri Waist Apron — A33_CAPRI_WAIST_APRON_KHAKI_FRONT.webp,a33-product-a33-capri-waist-apron-khaki-front,https://notanother-nz.github.io/total-image-product-assets/assets/A33_CAPRI_WAIST_APRON/webp/product/A33_CAPRI_WAIST_APRON_KHAKI_FRONT.webp,capri-waist-apron,khaki,8
Capri Waist Apron — A33_CAPRI_WAIST_APRON_NAVY_FRONT.webp,a33-product-a33-capri-waist-apron-navy-front,https://notanother-nz.github.io/total-image-product-assets/assets/A33_CAPRI_WAIST_APRON/webp/product/A33_CAPRI_WAIST_APRON_NAVY_FRONT.webp,capri-waist-apron,navy,9
Capri Waist Apron — A33_CAPRI_WAIST_APRON_WHITE_FRONT.webp,a33-product-a33-capri-waist-apron-white-front,https://notanother-nz.github.io/total-image-product-assets/assets/A33_CAPRI_WAIST_APRON/webp/product/A33_CAPRI_WAIST_APRON_WHITE_FRONT.webp,capri-waist-apron,white,10
Lockharte Bib Apron — AB802_LOCKHARTE_BIB_APRON_HERO_FRONT.webp,ab802-model-ab802-lockharte-bib-apron-hero-front,https://notanother-nz.github.io/total-image-product-assets/assets/AB802_LOCKHARTE_BIB_APRON/webp/model/AB802_LOCKHARTE_BIB_APRON_HERO_FRONT.webp,lockharte-bib-apron,,1
Lockharte Bib Apron — AB802_LOCKHARTE_BIB_APRON_HERO_BACK.webp,ab802-model-ab802-lockharte-bib-apron-hero-back,https://notanother-nz.github.io/total-image-product-assets/assets/AB802_LOCKHARTE_BIB_APRON/webp/model/AB802_LOCKHARTE_BIB_APRON_HERO_BACK.webp,lockharte-bib-apron,,2
Lockharte Bib Apron — AB802_LOCKHARTE_BIB_APRON_HERO_CLOSEUP.webp,ab802-model-ab802-lockharte-bib-apron-hero-closeup,https://notanother-nz.github.io/total-image-product-assets/assets/AB802_LOCKHARTE_BIB_APRON/webp/model/AB802_LOCKHARTE_BIB_APRON_HERO_CLOSEUP.webp,lockharte-bib-apron,,3
Lockharte Bib Apron — AB802_LOCKHARTE_BIB_APRON_HERO_SIDE.webp,ab802-model-ab802-lockharte-bib-apron-hero-side,https://notanother-nz.github.io/total-image-product-assets/assets/AB802_LOCKHARTE_BIB_APRON/webp/model/AB802_LOCKHARTE_BIB_APRON_HERO_SIDE.webp,lockharte-bib-apron,,4
Berkeley Chefs Bib Apron — ACS01_BERKELEY_CHEFS_BIB_APRON_BLACK_HERO_FRONT.webp,acs01-model-acs01-berkeley-chefs-bib-apron-black-hero-front,https://notanother-nz.github.io/total-image-product-assets/assets/ACS01_BERKELEY_CHEFS_BIB_APRON/webp/model/ACS01_BERKELEY_CHEFS_BIB_APRON_BLACK_HERO_FRONT.webp,berkeley-chefs-bib-apron,,1
Berkeley Chefs Bib Apron — ACS01_BERKELEY_CHEFS_BIB_APRON_BLACK_HERO_BACK.webp,acs01-model-acs01-berkeley-chefs-bib-apron-black-hero-back,https://notanother-nz.github.io/total-image-product-assets/assets/ACS01_BERKELEY_CHEFS_BIB_APRON/webp/model/ACS01_BERKELEY_CHEFS_BIB_APRON_BLACK_HERO_BACK.webp,berkeley-chefs-bib-apron,,2
Berkeley Chefs Bib Apron — ACS01_BERKELEY_CHEFS_BIB_APRON_BLACK_HERO_CLOSEUP.webp,acs01-model-acs01-berkeley-chefs-bib-apron-black-hero-closeup,https://notanother-nz.github.io/total-image-product-assets/assets/ACS01_BERKELEY_CHEFS_BIB_APRON/webp/model/ACS01_BERKELEY_CHEFS_BIB_APRON_BLACK_HERO_CLOSEUP.webp,berkeley-chefs-bib-apron,,3
Berkeley Chefs Bib Apron — ACS01_BERKELEY_CHEFS_BIB_APRON_BLACK_HERO_SIDE.webp,acs01-model-acs01-berkeley-chefs-bib-apron-black-hero-side,https://notanother-nz.github.io/total-image-product-assets/assets/ACS01_BERKELEY_CHEFS_BIB_APRON/webp/model/ACS01_BERKELEY_CHEFS_BIB_APRON_BLACK_HERO_SIDE.webp,berkeley-chefs-bib-apron,,4
Berkeley Chefs Bib Apron — ACS01_BERKELEY_ CHEFS_BIB_ APRON_JET_BLACK_FRONT.webp,acs01-product-acs01-berkeley-chefs-bib-apron-jet-black-front,https://notanother-nz.github.io/total-image-product-assets/assets/ACS01_BERKELEY_CHEFS_BIB_APRON/webp/product/ACS01_BERKELEY_%20CHEFS_BIB_%20APRON_JET_BLACK_FRONT.webp,berkeley-chefs-bib-apron,jet-black,5
Berkeley Chefs Bib Apron — ACS01_BERKELEY_ CHEFS_BIB_ APRON_MEDIUM_BLUE_FRONT.webp,acs01-product-acs01-berkeley-chefs-bib-apron-medium-blue-front,https://notanother-nz.github.io/total-image-product-assets/assets/ACS01_BERKELEY_CHEFS_BIB_APRON/webp/product/ACS01_BERKELEY_%20CHEFS_BIB_%20APRON_MEDIUM_BLUE_FRONT.webp,berkeley-chefs-bib-apron,medium-blue,6
Berkeley Chefs Bib Apron — ACS01_BERKELEY_CHEFS_BIB_ APRON_INDIGO_BLUE_FRONT.webp,acs01-product-acs01-berkeley-chefs-bib-apron-indigo-blue-front,https://notanother-nz.github.io/total-image-product-assets/assets/ACS01_BERKELEY_CHEFS_BIB_APRON/webp/product/ACS01_BERKELEY_CHEFS_BIB_%20APRON_INDIGO_BLUE_FRONT.webp,berkeley-chefs-bib-apron,indigo-blue,7
Berkeley Chefs Bib Apron — ACS01_BERKELEY_CHEFS_BIB_APRON_BLACK_FRONT.webp,acs01-product-acs01-berkeley-chefs-bib-apron-black-front,https://notanother-nz.github.io/total-image-product-assets/assets/ACS01_BERKELEY_CHEFS_BIB_APRON/webp/product/ACS01_BERKELEY_CHEFS_BIB_APRON_BLACK_FRONT.webp,berkeley-chefs-bib-apron,,8
Berkeley Chefs Bib Apron — ACS01_BERKELEY_ CHEFS_BIB_ APRON_JET_BLACK_BACK.webp,acs01-product-acs01-berkeley-chefs-bib-apron-jet-black-back,https://notanother-nz.github.io/total-image-product-assets/assets/ACS01_BERKELEY_CHEFS_BIB_APRON/webp/product/ACS01_BERKELEY_%20CHEFS_BIB_%20APRON_JET_BLACK_BACK.webp,berkeley-chefs-bib-apron,jet-black,9
Berkeley Chefs Bib Apron — ACS01_BERKELEY_CHEFS_BIB_ APRON_INDIGO_BLUE_BACK.webp,acs01-product-acs01-berkeley-chefs-bib-apron-indigo-blue-back,https://notanother-nz.github.io/total-image-product-assets/assets/ACS01_BERKELEY_CHEFS_BIB_APRON/webp/product/ACS01_BERKELEY_CHEFS_BIB_%20APRON_INDIGO_BLUE_BACK.webp,berkeley-chefs-bib-apron,indigo-blue,10
Berkeley Chefs Bib Apron — ACS01_BERKELEY_CHEFS_BIB_ APRON_MEDIUM_BLUE_BACK.webp,acs01-product-acs01-berkeley-chefs-bib-apron-medium-blue-back,https://notanother-nz.github.io/total-image-product-assets/assets/ACS01_BERKELEY_CHEFS_BIB_APRON/webp/product/ACS01_BERKELEY_CHEFS_BIB_%20APRON_MEDIUM_BLUE_BACK.webp,berkeley-chefs-bib-apron,medium-blue,11
Berkeley Chefs Bib Apron — ACS01_BERKELEY_CHEFS_BIB_APRON_BLACK_BACK.webp,acs01-product-acs01-berkeley-chefs-bib-apron-black-back,https://notanother-nz.github.io/total-image-product-assets/assets/ACS01_BERKELEY_CHEFS_BIB_APRON/webp/product/ACS01_BERKELEY_CHEFS_BIB_APRON_BLACK_BACK.webp,berkeley-chefs-bib-apron,,12
Berkeley Chefs Bib Apron — ACS01_BERKELEY_ CHEFS_BIB_ APRON_MEDIUM_BLUE_LEFT.webp,acs01-product-acs01-berkeley-chefs-bib-apron-medium-blue-left,https://notanother-nz.github.io/total-image-product-assets/assets/ACS01_BERKELEY_CHEFS_BIB_APRON/webp/product/ACS01_BERKELEY_%20CHEFS_BIB_%20APRON_MEDIUM_BLUE_LEFT.webp,berkeley-chefs-bib-apron,medium-blue,13
Berkeley Chefs Bib Apron — ACS01_BERKELEY_ CHEFS_BIB_ APRON_MEDIUM_BLUE_RIGHT.webp,acs01-product-acs01-berkeley-chefs-bib-apron-medium-blue-right,https://notanother-nz.github.io/total-image-product-assets/assets/ACS01_BERKELEY_CHEFS_BIB_APRON/webp/product/ACS01_BERKELEY_%20CHEFS_BIB_%20APRON_MEDIUM_BLUE_RIGHT.webp,berkeley-chefs-bib-apron,medium-blue,14
Berkeley Chefs Bib Apron — ACS01_BERKELEY_CHEFS_BIB_ APRON_BLACK_LEFT.webp,acs01-product-acs01-berkeley-chefs-bib-apron-black-left,https://notanother-nz.github.io/total-image-product-assets/assets/ACS01_BERKELEY_CHEFS_BIB_APRON/webp/product/ACS01_BERKELEY_CHEFS_BIB_%20APRON_BLACK_LEFT.webp,berkeley-chefs-bib-apron,,15
Berkeley Chefs Bib Apron — ACS01_BERKELEY_CHEFS_BIB_ APRON_BLACK_RIGHT.webp,acs01-product-acs01-berkeley-chefs-bib-apron-black-right,https://notanother-nz.github.io/total-image-product-assets/assets/ACS01_BERKELEY_CHEFS_BIB_APRON/webp/product/ACS01_BERKELEY_CHEFS_BIB_%20APRON_BLACK_RIGHT.webp,berkeley-chefs-bib-apron,,16
Berkeley Chefs Bib Apron — ACS01_BERKELEY_CHEFS_BIB_ APRON_INDIGO_BLUE_LEFT.webp,acs01-product-acs01-berkeley-chefs-bib-apron-indigo-blue-left,https://notanother-nz.github.io/total-image-product-assets/assets/ACS01_BERKELEY_CHEFS_BIB_APRON/webp/product/ACS01_BERKELEY_CHEFS_BIB_%20APRON_INDIGO_BLUE_LEFT.webp,berkeley-chefs-bib-apron,indigo-blue,17
Berkeley Chefs Bib Apron — ACS01_BERKELEY_CHEFS_BIB_ APRON_INDIGO_BLUE_RIGHT.webp,acs01-product-acs01-berkeley-chefs-bib-apron-indigo-blue-right,https://notanother-nz.github.io/total-image-product-assets/assets/ACS01_BERKELEY_CHEFS_BIB_APRON/webp/product/ACS01_BERKELEY_CHEFS_BIB_%20APRON_INDIGO_BLUE_RIGHT.webp,berkeley-chefs-bib-apron,indigo-blue,18
Berkeley Chefs Bib Apron — ACS01_BERKELEY_CHEFS_BIB_ APRON_JET_BLACK_LEFT.webp,acs01-product-acs01-berkeley-chefs-bib-apron-jet-black-left,https://notanother-nz.github.io/total-image-product-assets/assets/ACS01_BERKELEY_CHEFS_BIB_APRON/webp/product/ACS01_BERKELEY_CHEFS_BIB_%20APRON_JET_BLACK_LEFT.webp,berkeley-chefs-bib-apron,jet-black,19
Berkeley Chefs Bib Apron — ACS01_BERKELEY_CHEFS_BIB_ APRON_JET_BLACK_RIGHT.webp,acs01-product-acs01-berkeley-chefs-bib-apron-jet-black-right,https://notanother-nz.github.io/total-image-product-assets/assets/ACS01_BERKELEY_CHEFS_BIB_APRON/webp/product/ACS01_BERKELEY_CHEFS_BIB_%20APRON_JET_BLACK_RIGHT.webp,berkeley-chefs-bib-apron,jet-black,20
Pet/Cotton Sandwich Cap — AH126_PET_COTTON_SANDWICH_CAP_BLACK_WHITE_HERO_FRONT.webp,ah126-model-ah126-pet-cotton-sandwich-cap-black-white-hero-front,https://notanother-nz.github.io/total-image-product-assets/assets/AH126_PET_COTTON_SANDWICH_CAP/webp/model/AH126_PET_COTTON_SANDWICH_CAP_BLACK_WHITE_HERO_FRONT.webp,pet-cotton-sandwich-cap,black-white,1
Pet/Cotton Sandwich Cap — AH126_PET_COTTON_SANDWICH_CAP_BLACK_WHITE_HERO_BACK.webp,ah126-model-ah126-pet-cotton-sandwich-cap-black-white-hero-back,https://notanother-nz.github.io/total-image-product-assets/assets/AH126_PET_COTTON_SANDWICH_CAP/webp/model/AH126_PET_COTTON_SANDWICH_CAP_BLACK_WHITE_HERO_BACK.webp,pet-cotton-sandwich-cap,black-white,2
Pet/Cotton Sandwich Cap — AH126_PET_COTTON_SANDWICH_CAP_BLACK_WHITE_HERO_CLOSEUP.webp,ah126-model-ah126-pet-cotton-sandwich-cap-black-white-hero-closeup,https://notanother-nz.github.io/total-image-product-assets/assets/AH126_PET_COTTON_SANDWICH_CAP/webp/model/AH126_PET_COTTON_SANDWICH_CAP_BLACK_WHITE_HERO_CLOSEUP.webp,pet-cotton-sandwich-cap,black-white,3
Pet/Cotton Sandwich Cap — AH126_PET_COTTON_SANDWICH_CAP_BLACK_WHITE_HERO_SIDE.webp,ah126-model-ah126-pet-cotton-sandwich-cap-black-white-hero-side,https://notanother-nz.github.io/total-image-product-assets/assets/AH126_PET_COTTON_SANDWICH_CAP/webp/model/AH126_PET_COTTON_SANDWICH_CAP_BLACK_WHITE_HERO_SIDE.webp,pet-cotton-sandwich-cap,black-white,4
Pet/Cotton Sandwich Cap — AH126_PET_COTTON_SANDWICH_CAP_BLACK_WHITE_FRONT.webp,ah126-product-ah126-pet-cotton-sandwich-cap-black-white-front,https://notanother-nz.github.io/total-image-product-assets/assets/AH126_PET_COTTON_SANDWICH_CAP/webp/product/AH126_PET_COTTON_SANDWICH_CAP_BLACK_WHITE_FRONT.webp,pet-cotton-sandwich-cap,black-white,5
Pet/Cotton Sandwich Cap — AH126_PET_COTTON_SANDWICH_CAP_NAVY_WHITE_FRONT.webp,ah126-product-ah126-pet-cotton-sandwich-cap-navy-white-front,https://notanother-nz.github.io/total-image-product-assets/assets/AH126_PET_COTTON_SANDWICH_CAP/webp/product/AH126_PET_COTTON_SANDWICH_CAP_NAVY_WHITE_FRONT.webp,pet-cotton-sandwich-cap,navy-white,6
Pet/Cotton Sandwich Cap — AH126_PET_COTTON_SANDWICH_CAP_ROYAL_WHITE_FRONT.webp,ah126-product-ah126-pet-cotton-sandwich-cap-royal-white-front,https://notanother-nz.github.io/total-image-product-assets/assets/AH126_PET_COTTON_SANDWICH_CAP/webp/product/AH126_PET_COTTON_SANDWICH_CAP_ROYAL_WHITE_FRONT.webp,pet-cotton-sandwich-cap,royal-white,7
Pet/Cotton Sandwich Cap — AH126_PET_COTTON_SANDWICH_CAP_WHITE_NAVY_FRONT.webp,ah126-product-ah126-pet-cotton-sandwich-cap-white-navy-front,https://notanother-nz.github.io/total-image-product-assets/assets/AH126_PET_COTTON_SANDWICH_CAP/webp/product/AH126_PET_COTTON_SANDWICH_CAP_WHITE_NAVY_FRONT.webp,pet-cotton-sandwich-cap,white-navy,8
Organic Cotton Sandwich Cap — AH127_ORGANIC_COTTON_SANDWICH_CAP_BLACK_WHITE_HERO_FRONT.webp,ah127-model-ah127-organic-cotton-sandwich-cap-black-white-hero-front,https://notanother-nz.github.io/total-image-product-assets/assets/AH127_ORGANIC_COTTON_SANDWICH_CAP/webp/model/AH127_ORGANIC_COTTON_SANDWICH_CAP_BLACK_WHITE_HERO_FRONT.webp,organic-cotton-sandwich-cap,black-white,1
Organic Cotton Sandwich Cap — AH127_ORGANIC_COTTON_SANDWICH_CAP_NAVY_WHITE_HERO_FRONT.webp,ah127-model-ah127-organic-cotton-sandwich-cap-navy-white-hero-front,https://notanother-nz.github.io/total-image-product-assets/assets/AH127_ORGANIC_COTTON_SANDWICH_CAP/webp/model/AH127_ORGANIC_COTTON_SANDWICH_CAP_NAVY_WHITE_HERO_FRONT.webp,organic-cotton-sandwich-cap,navy-white,2
Organic Cotton Sandwich Cap — AH127_ORGANIC_COTTON_SANDWICH_CAP_WHITE_NAVY_HERO_FRONT.webp,ah127-model-ah127-organic-cotton-sandwich-cap-white-navy-hero-front,https://notanother-nz.github.io/total-image-product-assets/assets/AH127_ORGANIC_COTTON_SANDWICH_CAP/webp/model/AH127_ORGANIC_COTTON_SANDWICH_CAP_WHITE_NAVY_HERO_FRONT.webp,organic-cotton-sandwich-cap,white-navy,3
Organic Cotton Sandwich Cap — AH127_ORGANIC_COTTON_SANDWICH_CAP_BLACK_WHITE_FRONT.webp,ah127-product-ah127-organic-cotton-sandwich-cap-black-white-front,https://notanother-nz.github.io/total-image-product-assets/assets/AH127_ORGANIC_COTTON_SANDWICH_CAP/webp/product/AH127_ORGANIC_COTTON_SANDWICH_CAP_BLACK_WHITE_FRONT.webp,organic-cotton-sandwich-cap,black-white,4
Organic Cotton Sandwich Cap — AH127_ORGANIC_COTTON_SANDWICH_CAP_NAVY_WHITE_FRONT.webp,ah127-product-ah127-organic-cotton-sandwich-cap-navy-white-front,https://notanother-nz.github.io/total-image-product-assets/assets/AH127_ORGANIC_COTTON_SANDWICH_CAP/webp/product/AH127_ORGANIC_COTTON_SANDWICH_CAP_NAVY_WHITE_FRONT.webp,organic-cotton-sandwich-cap,navy-white,5
Organic Cotton Sandwich Cap — AH127_ORGANIC_COTTON_SANDWICH_CAP_WHITE_NAVY_FRONT.webp,ah127-product-ah127-organic-cotton-sandwich-cap-white-navy-front,https://notanother-nz.github.io/total-image-product-assets/assets/AH127_ORGANIC_COTTON_SANDWICH_CAP/webp/product/AH127_ORGANIC_COTTON_SANDWICH_CAP_WHITE_NAVY_FRONT.webp,organic-cotton-sandwich-cap,white-navy,6
Premium Rpet Cap — AH255_PREMIUM_RPET_CAP_NAVY_HERO_FRONT.webp,ah255-model-ah255-premium-rpet-cap-navy-hero-front,https://notanother-nz.github.io/total-image-product-assets/assets/AH255_PREMIUM_RPET_CAP/webp/model/AH255_PREMIUM_RPET_CAP_NAVY_HERO_FRONT.webp,premium-rpet-cap,navy,1
Premium Rpet Cap — AH255_PREMIUM_RPET_CAP_NAVY_HERO_BACK.webp,ah255-model-ah255-premium-rpet-cap-navy-hero-back,https://notanother-nz.github.io/total-image-product-assets/assets/AH255_PREMIUM_RPET_CAP/webp/model/AH255_PREMIUM_RPET_CAP_NAVY_HERO_BACK.webp,premium-rpet-cap,navy,2
Premium Rpet Cap — AH255_PREMIUM_RPET_CAP_BLACK_FRONT.webp,ah255-product-ah255-premium-rpet-cap-black-front,https://notanother-nz.github.io/total-image-product-assets/assets/AH255_PREMIUM_RPET_CAP/webp/product/AH255_PREMIUM_RPET_CAP_BLACK_FRONT.webp,premium-rpet-cap,black,3
Premium Rpet Cap — AH255_PREMIUM_RPET_CAP_NAVY_FRONT.webp,ah255-product-ah255-premium-rpet-cap-navy-front,https://notanother-nz.github.io/total-image-product-assets/assets/AH255_PREMIUM_RPET_CAP/webp/product/AH255_PREMIUM_RPET_CAP_NAVY_FRONT.webp,premium-rpet-cap,navy,4
Premium Rpet Cap — AH255_PREMIUM_RPET_CAP_WHITE_FRONT.webp,ah255-product-ah255-premium-rpet-cap-white-front,https://notanother-nz.github.io/total-image-product-assets/assets/AH255_PREMIUM_RPET_CAP/webp/product/AH255_PREMIUM_RPET_CAP_WHITE_FRONT.webp,premium-rpet-cap,white,5
Premium Rpet Bucket Hat — AH655_PREMIUM_RPET_BUCKET_HAT_BLACK_HERO_FRONT.webp,ah655-model-ah655-premium-rpet-bucket-hat-black-hero-front,https://notanother-nz.github.io/total-image-product-assets/assets/AH655_PREMIUM_RPET_BUCKET_HAT/webp/model/AH655_PREMIUM_RPET_BUCKET_HAT_BLACK_HERO_FRONT.webp,premium-rpet-bucket-hat,black,1
Premium Rpet Bucket Hat — AH655_PREMIUM_RPET_BUCKET_HAT_NAVY_HERO_FRONT.webp,ah655-model-ah655-premium-rpet-bucket-hat-navy-hero-front,https://notanother-nz.github.io/total-image-product-assets/assets/AH655_PREMIUM_RPET_BUCKET_HAT/webp/model/AH655_PREMIUM_RPET_BUCKET_HAT_NAVY_HERO_FRONT.webp,premium-rpet-bucket-hat,navy,2
Premium Rpet Bucket Hat — AH655_PREMIUM_RPET_BUCKET_HAT_BLACK_FRONT.webp,ah655-product-ah655-premium-rpet-bucket-hat-black-front,https://notanother-nz.github.io/total-image-product-assets/assets/AH655_PREMIUM_RPET_BUCKET_HAT/webp/product/AH655_PREMIUM_RPET_BUCKET_HAT_BLACK_FRONT.webp,premium-rpet-bucket-hat,black,3
Premium Rpet Bucket Hat — AH655_PREMIUM_RPET_BUCKET_HAT_NAVY_FRONT.webp,ah655-product-ah655-premium-rpet-bucket-hat-navy-front,https://notanother-nz.github.io/total-image-product-assets/assets/AH655_PREMIUM_RPET_BUCKET_HAT/webp/product/AH655_PREMIUM_RPET_BUCKET_HAT_NAVY_FRONT.webp,premium-rpet-bucket-hat,navy,4
Barley Apron — BA35_BARLEY_APRON_HERO_FRONT.webp,ba35-model-ba35-barley-apron-hero-front,https://notanother-nz.github.io/total-image-product-assets/assets/BA35_BARLEY_APRON/webp/model/BA35_BARLEY_APRON_HERO_FRONT.webp,barley-apron,,1
Barley Apron — BA35_BARLEY_APRON_HERO_BACK.webp,ba35-model-ba35-barley-apron-hero-back,https://notanother-nz.github.io/total-image-product-assets/assets/BA35_BARLEY_APRON/webp/model/BA35_BARLEY_APRON_HERO_BACK.webp,barley-apron,,2
Barley Apron — BA35_BARLEY_APRON_HERO_CLOSEUP.webp,ba35-model-ba35-barley-apron-hero-closeup,https://notanother-nz.github.io/total-image-product-assets/assets/BA35_BARLEY_APRON/webp/model/BA35_BARLEY_APRON_HERO_CLOSEUP.webp,barley-apron,,3
Barley Apron — BA35_BARLEY_APRON_HERO_SIDE.webp,ba35-model-ba35-barley-apron-hero-side,https://notanother-nz.github.io/total-image-product-assets/assets/BA35_BARLEY_APRON/webp/model/BA35_BARLEY_APRON_HERO_SIDE.webp,barley-apron,,4
Barley Apron — BA35_BARLEY_APRON_BLACK_FRONT.webp,ba35-product-ba35-barley-apron-black-front,https://notanother-nz.github.io/total-image-product-assets/assets/BA35_BARLEY_APRON/webp/product/BA35_BARLEY_APRON_BLACK_FRONT.webp,barley-apron,black,5
Barley Apron — BA35_BARLEY_APRON_CINNAMON_FRONT.webp,ba35-product-ba35-barley-apron-cinnamon-front,https://notanother-nz.github.io/total-image-product-assets/assets/BA35_BARLEY_APRON/webp/product/BA35_BARLEY_APRON_CINNAMON_FRONT.webp,barley-apron,cinnamon,6
Barley Apron — BA35_BARLEY_APRON_INK_FRONT.webp,ba35-product-ba35-barley-apron-ink-front,https://notanother-nz.github.io/total-image-product-assets/assets/BA35_BARLEY_APRON/webp/product/BA35_BARLEY_APRON_INK_FRONT.webp,barley-apron,ink,7
Barley Apron — BA35_BARLEY_APRON_OLIVE_FRONT.webp,ba35-product-ba35-barley-apron-olive-front,https://notanother-nz.github.io/total-image-product-assets/assets/BA35_BARLEY_APRON/webp/product/BA35_BARLEY_APRON_OLIVE_FRONT.webp,barley-apron,olive,8
Barley Apron — BA35_BARLEY_APRON_BLACK_BACK.webp,ba35-product-ba35-barley-apron-black-back,https://notanother-nz.github.io/total-image-product-assets/assets/BA35_BARLEY_APRON/webp/product/BA35_BARLEY_APRON_BLACK_BACK.webp,barley-apron,black,9
Barley Apron — BA35_BARLEY_APRON_CINNAMON_BACK.webp,ba35-product-ba35-barley-apron-cinnamon-back,https://notanother-nz.github.io/total-image-product-assets/assets/BA35_BARLEY_APRON/webp/product/BA35_BARLEY_APRON_CINNAMON_BACK.webp,barley-apron,cinnamon,10
Barley Apron — BA35_BARLEY_APRON_IN_BACK.webp,ba35-product-ba35-barley-apron-in-back,https://notanother-nz.github.io/total-image-product-assets/assets/BA35_BARLEY_APRON/webp/product/BA35_BARLEY_APRON_IN_BACK.webp,barley-apron,,11
Barley Apron — BA35_BARLEY_APRON_OLIVE_BACK.webp,ba35-product-ba35-barley-apron-olive-back,https://notanother-nz.github.io/total-image-product-assets/assets/BA35_BARLEY_APRON/webp/product/BA35_BARLEY_APRON_OLIVE_BACK.webp,barley-apron,olive,12
Clout Apron — BA40_CLOUT_APRON_BLACK__HERO_FRONT.webp,ba40-model-ba40-clout-apron-black-hero-front,https://notanother-nz.github.io/total-image-product-assets/assets/BA40_Clout%20Apron/webp/model/BA40_CLOUT_APRON_BLACK__HERO_FRONT.webp,clout-apron,black,1
Clout Apron — BA40_CLOUT_APRON_BLACK__HERO_BACK.webp,ba40-model-ba40-clout-apron-black-hero-back,https://notanother-nz.github.io/total-image-product-assets/assets/BA40_Clout%20Apron/webp/model/BA40_CLOUT_APRON_BLACK__HERO_BACK.webp,clout-apron,black,2
Clout Apron — BA40_CLOUT_APRON_BLACK__HERO_CLOSEUP.webp,ba40-model-ba40-clout-apron-black-hero-closeup,https://notanother-nz.github.io/total-image-product-assets/assets/BA40_Clout%20Apron/webp/model/BA40_CLOUT_APRON_BLACK__HERO_CLOSEUP.webp,clout-apron,black,3
Clout Apron — BA40_CLOUT_APRON_BLACK__HERO_SIDE.webp,ba40-model-ba40-clout-apron-black-hero-side,https://notanother-nz.github.io/total-image-product-assets/assets/BA40_Clout%20Apron/webp/model/BA40_CLOUT_APRON_BLACK__HERO_SIDE.webp,clout-apron,black,4
Clout Apron — BA40_CLOUT_APRON__BLUE_FRONT.webp,ba40-product-ba40-clout-apron-blue-front,https://notanother-nz.github.io/total-image-product-assets/assets/BA40_Clout%20Apron/webp/product/BA40_CLOUT_APRON__BLUE_FRONT.webp,clout-apron,,5
Clout Apron — BA40_CLOUT_APRON__DARKBLUE_FRONT.webp,ba40-product-ba40-clout-apron-darkblue-front,https://notanother-nz.github.io/total-image-product-assets/assets/BA40_Clout%20Apron/webp/product/BA40_CLOUT_APRON__DARKBLUE_FRONT.webp,clout-apron,dark-blue,6
Clout Apron — BA40_CLOUT_APRON_BLACK_FRONT.webp,ba40-product-ba40-clout-apron-black-front,https://notanother-nz.github.io/total-image-product-assets/assets/BA40_Clout%20Apron/webp/product/BA40_CLOUT_APRON_BLACK_FRONT.webp,clout-apron,black,7
Clout Apron — BA40_CLOUT_APRON__BLUE_BACK.webp,ba40-product-ba40-clout-apron-blue-back,https://notanother-nz.github.io/total-image-product-assets/assets/BA40_Clout%20Apron/webp/product/BA40_CLOUT_APRON__BLUE_BACK.webp,clout-apron,,8
Clout Apron — BA40_CLOUT_APRON__DARKBLUE_BACK.webp,ba40-product-ba40-clout-apron-darkblue-back,https://notanother-nz.github.io/total-image-product-assets/assets/BA40_Clout%20Apron/webp/product/BA40_CLOUT_APRON__DARKBLUE_BACK.webp,clout-apron,dark-blue,9
Clout Apron — BA40_CLOUT_APRON_BLACK_BACK.webp,ba40-product-ba40-clout-apron-black-back,https://notanother-nz.github.io/total-image-product-assets/assets/BA40_Clout%20Apron/webp/product/BA40_CLOUT_APRON_BLACK_BACK.webp,clout-apron,black,10
Urban 1/2 Waist Apron — BA54_URBAN_WAIST_APRON_HERO_FRONT.webp,ba54-model-ba54-urban-waist-apron-hero-front,https://notanother-nz.github.io/total-image-product-assets/assets/BA54_URBAN_WAIST_APRON/webp/model/BA54_URBAN_WAIST_APRON_HERO_FRONT.webp,urban-1-2-waist-apron,,1
Urban 1/2 Waist Apron — BA54_URBAN_WAIST_APRON_HERO_CLOSEUP.webp,ba54-model-ba54-urban-waist-apron-hero-closeup,https://notanother-nz.github.io/total-image-product-assets/assets/BA54_URBAN_WAIST_APRON/webp/model/BA54_URBAN_WAIST_APRON_HERO_CLOSEUP.webp,urban-1-2-waist-apron,,2
Urban 1/2 Waist Apron — BA54_URBAN_WAIST_APRON_HERO_SIDE.webp,ba54-model-ba54-urban-waist-apron-hero-side,https://notanother-nz.github.io/total-image-product-assets/assets/BA54_URBAN_WAIST_APRON/webp/model/BA54_URBAN_WAIST_APRON_HERO_SIDE.webp,urban-1-2-waist-apron,,3
Urban 1/2 Waist Apron — BA54_URBAN_WAIST_APRON_BLACK.webp,ba54-product-ba54-urban-waist-apron-black,https://notanother-nz.github.io/total-image-product-assets/assets/BA54_URBAN_WAIST_APRON/webp/product/BA54_URBAN_WAIST_APRON_BLACK.webp,urban-1-2-waist-apron,black,4
Urban 1/2 Waist Apron — BA54_URBAN_WAIST_APRON_DENIM.webp,ba54-product-ba54-urban-waist-apron-denim,https://notanother-nz.github.io/total-image-product-assets/assets/BA54_URBAN_WAIST_APRON/webp/product/BA54_URBAN_WAIST_APRON_DENIM.webp,urban-1-2-waist-apron,denim,5
Urban 1/2 Waist Apron — BA54_URBAN_WAIST_APRON_NATURAL.webp,ba54-product-ba54-urban-waist-apron-natural,https://notanother-nz.github.io/total-image-product-assets/assets/BA54_URBAN_WAIST_APRON/webp/product/BA54_URBAN_WAIST_APRON_NATURAL.webp,urban-1-2-waist-apron,natural,6
Urban 1/2 Waist Apron — BA54_URBAN_WAIST_APRON_SLATE.webp,ba54-product-ba54-urban-waist-apron-slate,https://notanother-nz.github.io/total-image-product-assets/assets/BA54_URBAN_WAIST_APRON/webp/product/BA54_URBAN_WAIST_APRON_SLATE.webp,urban-1-2-waist-apron,slate,7
Urban Bib Apron — BA55_URBAN_BIB_APRON_BLACK_HERO_FRONT.webp,ba55-model-ba55-urban-bib-apron-black-hero-front,https://notanother-nz.github.io/total-image-product-assets/assets/BA55_URBAN_BIB_APRON/webp/model/BA55_URBAN_BIB_APRON_BLACK_HERO_FRONT.webp,urban-bib-apron,black,1
Urban Bib Apron — BA55_URBAN_BIB_APRON_BLACK_HERO_BACK.webp,ba55-model-ba55-urban-bib-apron-black-hero-back,https://notanother-nz.github.io/total-image-product-assets/assets/BA55_URBAN_BIB_APRON/webp/model/BA55_URBAN_BIB_APRON_BLACK_HERO_BACK.webp,urban-bib-apron,black,2
Urban Bib Apron — BA55_URBAN_BIB_APRON_BLACK_HERO_CLOSEUP.webp,ba55-model-ba55-urban-bib-apron-black-hero-closeup,https://notanother-nz.github.io/total-image-product-assets/assets/BA55_URBAN_BIB_APRON/webp/model/BA55_URBAN_BIB_APRON_BLACK_HERO_CLOSEUP.webp,urban-bib-apron,black,3
Urban Bib Apron — BA55_URBAN_BIB_APRON_BLACK_HERO_SIDE.webp,ba55-model-ba55-urban-bib-apron-black-hero-side,https://notanother-nz.github.io/total-image-product-assets/assets/BA55_URBAN_BIB_APRON/webp/model/BA55_URBAN_BIB_APRON_BLACK_HERO_SIDE.webp,urban-bib-apron,black,4
Urban Bib Apron — BA55_URBAN BIB APRON_BLACK_FRONT.webp,ba55-product-ba55-urban-bib-apron-black-front,https://notanother-nz.github.io/total-image-product-assets/assets/BA55_URBAN_BIB_APRON/webp/product/BA55_URBAN%20BIB%20APRON_BLACK_FRONT.webp,urban-bib-apron,black,5
Urban Bib Apron — BA55_URBAN BIB APRON_DENIM_FRONT.webp,ba55-product-ba55-urban-bib-apron-denim-front,https://notanother-nz.github.io/total-image-product-assets/assets/BA55_URBAN_BIB_APRON/webp/product/BA55_URBAN%20BIB%20APRON_DENIM_FRONT.webp,urban-bib-apron,denim,6
Urban Bib Apron — BA55_URBAN BIB APRON_NATURAL_FRONT.webp,ba55-product-ba55-urban-bib-apron-natural-front,https://notanother-nz.github.io/total-image-product-assets/assets/BA55_URBAN_BIB_APRON/webp/product/BA55_URBAN%20BIB%20APRON_NATURAL_FRONT.webp,urban-bib-apron,natural,7
Urban Bib Apron — BA55_URBAN BIB APRON_SLATE_FRONT.webp,ba55-product-ba55-urban-bib-apron-slate-front,https://notanother-nz.github.io/total-image-product-assets/assets/BA55_URBAN_BIB_APRON/webp/product/BA55_URBAN%20BIB%20APRON_SLATE_FRONT.webp,urban-bib-apron,slate,8
Unisex Salt Bib Apron — BA75_UNISEX_SALT_BIB_APRON_CHARCOAL_WHITE_HERO_FRONT.webp,ba75-model-ba75-unisex-salt-bib-apron-charcoal-white-hero-front,https://notanother-nz.github.io/total-image-product-assets/assets/BA75_UNISEX_SALT_BIB_APRON/webp/model/BA75_UNISEX_SALT_BIB_APRON_CHARCOAL_WHITE_HERO_FRONT.webp,unisex-salt-bib-apron,charcoal-white,1
Unisex Salt Bib Apron — BA75_UNISEX_SALT_BIB_APRON_CHARCOAL_WHITE_FRONT.webp,ba75-product-ba75-unisex-salt-bib-apron-charcoal-white-front,https://notanother-nz.github.io/total-image-product-assets/assets/BA75_UNISEX_SALT_BIB_APRON/webp/product/BA75_UNISEX_SALT_BIB_APRON_CHARCOAL_WHITE_FRONT.webp,unisex-salt-bib-apron,charcoal-white,2
Short Waisted Apron — BA94_SHORT_WAISTED_APRON_BLACK_HERO_FRONT.webp,ba94-model-ba94-short-waisted-apron-black-hero-front,https://notanother-nz.github.io/total-image-product-assets/assets/BA94_SHORT_WAISTED_APRON/webp/model/BA94_SHORT_WAISTED_APRON_BLACK_HERO_FRONT.webp,short-waisted-apron,black,1
Short Waisted Apron — BA94_SHORT_WAISTED_APRON_BLACK_FRONT.webp,ba94-product-ba94-short-waisted-apron-black-front,https://notanother-nz.github.io/total-image-product-assets/assets/BA94_SHORT_WAISTED_APRON/webp/product/BA94_SHORT_WAISTED_APRON_BLACK_FRONT.webp,short-waisted-apron,black,2
Women's Slimline Belt — BB10929_SLIMLINE_WOMENS_BELT_HERO_FRONT.webp,bb10929-model-bb10929-slimline-womens-belt-hero-front,https://notanother-nz.github.io/total-image-product-assets/assets/BB10929_WOMEN'S_SLIMLINE_BELT/webp/model/BB10929_SLIMLINE_WOMENS_BELT_HERO_FRONT.webp,womens-slimline-belt,black,1
Women's Slimline Belt — BB10929_WOMEN'S_SLIMLINE_BELT_BLACK.webp,bb10929-model-bb10929-womens-slimline-belt-black,https://notanother-nz.github.io/total-image-product-assets/assets/BB10929_WOMEN'S_SLIMLINE_BELT/webp/model/BB10929_WOMEN'S_SLIMLINE_BELT_BLACK.webp,womens-slimline-belt,black,2
Women's Slimline Belt — BB10929_bProduct_Black_01_hjZHWaq.webp,bb10929-product-bb10929-bproduct-black-01-hjzhwaq,https://notanother-nz.github.io/total-image-product-assets/assets/BB10929_WOMEN'S_SLIMLINE_BELT/webp/product/BB10929_bProduct_Black_01_hjZHWaq.webp,womens-slimline-belt,black,3
Women's Slimline Belt — BB10929_SLIMLINE_WOMENS_BELT_BLACK_VIEW_2.webp,bb10929-product-bb10929-slimline-womens-belt-black-view-2,https://notanother-nz.github.io/total-image-product-assets/assets/BB10929_WOMEN'S_SLIMLINE_BELT/webp/product/BB10929_SLIMLINE_WOMENS_BELT_BLACK_VIEW_2.webp,womens-slimline-belt,black,4
Women's Slimline Belt — BB10929_SLIMLINE_WOMENS_BELT_BLACK_VIEW.webp,bb10929-product-bb10929-slimline-womens-belt-black-view,https://notanother-nz.github.io/total-image-product-assets/assets/BB10929_WOMEN'S_SLIMLINE_BELT/webp/product/BB10929_SLIMLINE_WOMENS_BELT_BLACK_VIEW.webp,womens-slimline-belt,black,5
Men's Standard Belt — BB248M_MENS_STANDARD_BELT.webp,bb248m-product-bb248m-mens-standard-belt,https://notanother-nz.github.io/total-image-product-assets/assets/BB248M_MENS_STANDARD_BELT/webp/product/BB248M_MENS_STANDARD_BELT.webp,mens-standard-belt,black,1
Women's Soft Stretch Pant — BB2606L_WOMEN'S_SOFT_STRETCH_PANT_HERO_FRONT.webp,bb2606l-model-bb2606l-womens-soft-stretch-pant-hero-front,https://notanother-nz.github.io/total-image-product-assets/assets/BB2606L_WOMEN'S_SOFT_STRETCH_PANT/webp/model/BB2606L_WOMEN'S_SOFT_STRETCH_PANT_HERO_FRONT.webp,womens-soft-stretch-pant,,1
Women's Soft Stretch Pant — BB2606L_WOMEN'S_SOFT_STRETCH_PANT_NAVY_HERO_FRONT.webp,bb2606l-model-bb2606l-womens-soft-stretch-pant-navy-hero-front,https://notanother-nz.github.io/total-image-product-assets/assets/BB2606L_WOMEN'S_SOFT_STRETCH_PANT/webp/model/BB2606L_WOMEN'S_SOFT_STRETCH_PANT_NAVY_HERO_FRONT.webp,womens-soft-stretch-pant,navy,2
Women's Soft Stretch Pant — BB2606L_WOMEN'S_SOFT_STRETCH_PANT_HERO_BACK.webp,bb2606l-model-bb2606l-womens-soft-stretch-pant-hero-back,https://notanother-nz.github.io/total-image-product-assets/assets/BB2606L_WOMEN'S_SOFT_STRETCH_PANT/webp/model/BB2606L_WOMEN'S_SOFT_STRETCH_PANT_HERO_BACK.webp,womens-soft-stretch-pant,,3
Women's Soft Stretch Pant — BB2606L_WOMEN'S_SOFT_STRETCH_PANT_NAVY_HERO_BACK.webp,bb2606l-model-bb2606l-womens-soft-stretch-pant-navy-hero-back,https://notanother-nz.github.io/total-image-product-assets/assets/BB2606L_WOMEN'S_SOFT_STRETCH_PANT/webp/model/BB2606L_WOMEN'S_SOFT_STRETCH_PANT_NAVY_HERO_BACK.webp,womens-soft-stretch-pant,navy,4
Women's Soft Stretch Pant — BB2606L_WOMEN'S_SOFT_STRETCH_PANT_HERO_CLOSEUP.webp,bb2606l-model-bb2606l-womens-soft-stretch-pant-hero-closeup,https://notanother-nz.github.io/total-image-product-assets/assets/BB2606L_WOMEN'S_SOFT_STRETCH_PANT/webp/model/BB2606L_WOMEN'S_SOFT_STRETCH_PANT_HERO_CLOSEUP.webp,womens-soft-stretch-pant,,5
Women's Soft Stretch Pant — BB2606L_WOMEN'S_SOFT_STRETCH_PANT_NAVY_HERO_CLOSEUP.webp,bb2606l-model-bb2606l-womens-soft-stretch-pant-navy-hero-closeup,https://notanother-nz.github.io/total-image-product-assets/assets/BB2606L_WOMEN'S_SOFT_STRETCH_PANT/webp/model/BB2606L_WOMEN'S_SOFT_STRETCH_PANT_NAVY_HERO_CLOSEUP.webp,womens-soft-stretch-pant,navy,6
Women's Soft Stretch Pant — BB2606L_WOMEN'S_SOFT_STRETCH_PANT_HERO_SIDE.webp,bb2606l-model-bb2606l-womens-soft-stretch-pant-hero-side,https://notanother-nz.github.io/total-image-product-assets/assets/BB2606L_WOMEN'S_SOFT_STRETCH_PANT/webp/model/BB2606L_WOMEN'S_SOFT_STRETCH_PANT_HERO_SIDE.webp,womens-soft-stretch-pant,,7
Women's Soft Stretch Pant — BB2606L_WOMEN'S_SOFT_STRETCH_PANT_NAVY_HERO_SIDE.webp,bb2606l-model-bb2606l-womens-soft-stretch-pant-navy-hero-side,https://notanother-nz.github.io/total-image-product-assets/assets/BB2606L_WOMEN'S_SOFT_STRETCH_PANT/webp/model/BB2606L_WOMEN'S_SOFT_STRETCH_PANT_NAVY_HERO_SIDE.webp,womens-soft-stretch-pant,navy,8
Women's Soft Stretch Pant — BB2606L_WOMEN'S_SOFT_STRETCH_PANT_BLACK_FRONT.webp,bb2606l-product-bb2606l-womens-soft-stretch-pant-black-front,https://notanother-nz.github.io/total-image-product-assets/assets/BB2606L_WOMEN'S_SOFT_STRETCH_PANT/webp/product/BB2606L_WOMEN'S_SOFT_STRETCH_PANT_BLACK_FRONT.webp,womens-soft-stretch-pant,black,9
Women's Soft Stretch Pant — BB2606L_WOMEN'S_SOFT_STRETCH_PANT_NAVY_FRONT.webp,bb2606l-product-bb2606l-womens-soft-stretch-pant-navy-front,https://notanother-nz.github.io/total-image-product-assets/assets/BB2606L_WOMEN'S_SOFT_STRETCH_PANT/webp/product/BB2606L_WOMEN'S_SOFT_STRETCH_PANT_NAVY_FRONT.webp,womens-soft-stretch-pant,navy,10
Women's Soft Stretch Pant — BB2606L_WOMEN'S_SOFT_STRETCH_PANT_BLACK_BACK.webp,bb2606l-product-bb2606l-womens-soft-stretch-pant-black-back,https://notanother-nz.github.io/total-image-product-assets/assets/BB2606L_WOMEN'S_SOFT_STRETCH_PANT/webp/product/BB2606L_WOMEN'S_SOFT_STRETCH_PANT_BLACK_BACK.webp,womens-soft-stretch-pant,black,11
Women's Soft Stretch Pant — BB2606L_WOMEN'S_SOFT_STRETCH_PANT_NAVY_BACK.webp,bb2606l-product-bb2606l-womens-soft-stretch-pant-navy-back,https://notanother-nz.github.io/total-image-product-assets/assets/BB2606L_WOMEN'S_SOFT_STRETCH_PANT/webp/product/BB2606L_WOMEN'S_SOFT_STRETCH_PANT_NAVY_BACK.webp,womens-soft-stretch-pant,navy,12
Womens Grace T-Shirt Midi Dress — BBS2605L_Womens_Grace_T-Shirt_Midi_Dress_Hero_Front.webp,bbs2605l-model-bbs2605l-womens-grace-t-shirt-midi-dress-hero-front,https://notanother-nz.github.io/total-image-product-assets/assets/BBS2605L_Womens_Grace_T-Shirt_Midi_Dress/webp/model/BBS2605L_Womens_Grace_T-Shirt_Midi_Dress_Hero_Front.webp,womens-grace-t-shirt-midi-dress,,1
Womens Grace T-Shirt Midi Dress — BBS2605L_Womens_Grace_T-Shirt_Midi_Dress_Hero_Back.webp,bbs2605l-model-bbs2605l-womens-grace-t-shirt-midi-dress-hero-back,https://notanother-nz.github.io/total-image-product-assets/assets/BBS2605L_Womens_Grace_T-Shirt_Midi_Dress/webp/model/BBS2605L_Womens_Grace_T-Shirt_Midi_Dress_Hero_Back.webp,womens-grace-t-shirt-midi-dress,,2
Womens Grace T-Shirt Midi Dress — BBS2605L_Womens_Grace_T-Shirt_Midi_Dress_Hero_Closeup.webp,bbs2605l-model-bbs2605l-womens-grace-t-shirt-midi-dress-hero-closeup,https://notanother-nz.github.io/total-image-product-assets/assets/BBS2605L_Womens_Grace_T-Shirt_Midi_Dress/webp/model/BBS2605L_Womens_Grace_T-Shirt_Midi_Dress_Hero_Closeup.webp,womens-grace-t-shirt-midi-dress,,3
Womens Grace T-Shirt Midi Dress — BBS2605L_Womens_Grace_T-Shirt_Midi_Dress_Hero_Side.webp,bbs2605l-model-bbs2605l-womens-grace-t-shirt-midi-dress-hero-side,https://notanother-nz.github.io/total-image-product-assets/assets/BBS2605L_Womens_Grace_T-Shirt_Midi_Dress/webp/model/BBS2605L_Womens_Grace_T-Shirt_Midi_Dress_Hero_Side.webp,womens-grace-t-shirt-midi-dress,,4
Womens Grace T-Shirt Midi Dress — BBS2605L_Womens_Grace_T-Shirt_Midi_Dress_Black_Front_View.webp,bbs2605l-product-bbs2605l-womens-grace-t-shirt-midi-dress-black-front-view,https://notanother-nz.github.io/total-image-product-assets/assets/BBS2605L_Womens_Grace_T-Shirt_Midi_Dress/webp/product/BBS2605L_Womens_Grace_T-Shirt_Midi_Dress_Black_Front_View.webp,womens-grace-t-shirt-midi-dress,black,5
Womens Grace T-Shirt Midi Dress — BBS2605L_Womens_Grace_T-Shirt_Midi_Dress_Navy_Front_View.webp,bbs2605l-product-bbs2605l-womens-grace-t-shirt-midi-dress-navy-front-view,https://notanother-nz.github.io/total-image-product-assets/assets/BBS2605L_Womens_Grace_T-Shirt_Midi_Dress/webp/product/BBS2605L_Womens_Grace_T-Shirt_Midi_Dress_Navy_Front_View.webp,womens-grace-t-shirt-midi-dress,navy,6
Womens Grace T-Shirt Midi Dress — BBS2605L_Womens_Grace_T-Shirt_Midi_Dress_Black_Back_View.webp,bbs2605l-product-bbs2605l-womens-grace-t-shirt-midi-dress-black-back-view,https://notanother-nz.github.io/total-image-product-assets/assets/BBS2605L_Womens_Grace_T-Shirt_Midi_Dress/webp/product/BBS2605L_Womens_Grace_T-Shirt_Midi_Dress_Black_Back_View.webp,womens-grace-t-shirt-midi-dress,black,7
Womens Grace T-Shirt Midi Dress — BBS2605L_Womens_Grace_T-Shirt_Midi_Dress_Navy_Back_View.webp,bbs2605l-product-bbs2605l-womens-grace-t-shirt-midi-dress-navy-back-view,https://notanother-nz.github.io/total-image-product-assets/assets/BBS2605L_Womens_Grace_T-Shirt_Midi_Dress/webp/product/BBS2605L_Womens_Grace_T-Shirt_Midi_Dress_Navy_Back_View.webp,womens-grace-t-shirt-midi-dress,navy,8
Springfield Chef Jacket — BCSZ009_SPRINGFIELD CHEF JACKET_GREY_HERO_FRONT.webp,bcsz009-model-bcsz009-springfield-chef-jacket-grey-hero-front,https://notanother-nz.github.io/total-image-product-assets/assets/BCSZ009_SPRINGFIELD%20CHEF%20JACKET/webp/model/BCSZ009_SPRINGFIELD%20CHEF%20JACKET_GREY_HERO_FRONT.webp,springfield-chef-jacket,grey,1
Springfield Chef Jacket — BCSZ009_SPRINGFIELD CHEF JACKET_GREY_HERO_BACK.webp,bcsz009-model-bcsz009-springfield-chef-jacket-grey-hero-back,https://notanother-nz.github.io/total-image-product-assets/assets/BCSZ009_SPRINGFIELD%20CHEF%20JACKET/webp/model/BCSZ009_SPRINGFIELD%20CHEF%20JACKET_GREY_HERO_BACK.webp,springfield-chef-jacket,grey,2
Springfield Chef Jacket — BCSZ009_SPRINGFIELD CHEF JACKET_GREY_HERO_CLOSEUP.webp,bcsz009-model-bcsz009-springfield-chef-jacket-grey-hero-closeup,https://notanother-nz.github.io/total-image-product-assets/assets/BCSZ009_SPRINGFIELD%20CHEF%20JACKET/webp/model/BCSZ009_SPRINGFIELD%20CHEF%20JACKET_GREY_HERO_CLOSEUP.webp,springfield-chef-jacket,grey,3
Springfield Chef Jacket — BCSZ009_SPRINGFIELD CHEF JACKET_GREY_HERO_SIDE.webp,bcsz009-model-bcsz009-springfield-chef-jacket-grey-hero-side,https://notanother-nz.github.io/total-image-product-assets/assets/BCSZ009_SPRINGFIELD%20CHEF%20JACKET/webp/model/BCSZ009_SPRINGFIELD%20CHEF%20JACKET_GREY_HERO_SIDE.webp,springfield-chef-jacket,grey,4
Springfield Chef Jacket — BCSZ009_SPRINGFIELD CHEF JACKET_BLACK_FRONT.webp,bcsz009-product-bcsz009-springfield-chef-jacket-black-front,https://notanother-nz.github.io/total-image-product-assets/assets/BCSZ009_SPRINGFIELD%20CHEF%20JACKET/webp/product/BCSZ009_SPRINGFIELD%20CHEF%20JACKET_BLACK_FRONT.webp,springfield-chef-jacket,black,5
Springfield Chef Jacket — BCSZ009_SPRINGFIELD CHEF JACKET_BRICK_FRONT.webp,bcsz009-product-bcsz009-springfield-chef-jacket-brick-front,https://notanother-nz.github.io/total-image-product-assets/assets/BCSZ009_SPRINGFIELD%20CHEF%20JACKET/webp/product/BCSZ009_SPRINGFIELD%20CHEF%20JACKET_BRICK_FRONT.webp,springfield-chef-jacket,brick,6
Springfield Chef Jacket — BCSZ009_SPRINGFIELD CHEF JACKET_GREY_FRONT.webp,bcsz009-product-bcsz009-springfield-chef-jacket-grey-front,https://notanother-nz.github.io/total-image-product-assets/assets/BCSZ009_SPRINGFIELD%20CHEF%20JACKET/webp/product/BCSZ009_SPRINGFIELD%20CHEF%20JACKET_GREY_FRONT.webp,springfield-chef-jacket,grey,7
Springfield Chef Jacket — BCSZ009_SPRINGFIELD CHEF JACKET_INK_BLUE_FRONT.webp,bcsz009-product-bcsz009-springfield-chef-jacket-ink-blue-front,https://notanother-nz.github.io/total-image-product-assets/assets/BCSZ009_SPRINGFIELD%20CHEF%20JACKET/webp/product/BCSZ009_SPRINGFIELD%20CHEF%20JACKET_INK_BLUE_FRONT.webp,springfield-chef-jacket,ink-blue,8
Springfield Chef Jacket — BCSZ009_SPRINGFIELD CHEF JACKET_MERLOT_FRONT.webp,bcsz009-product-bcsz009-springfield-chef-jacket-merlot-front,https://notanother-nz.github.io/total-image-product-assets/assets/BCSZ009_SPRINGFIELD%20CHEF%20JACKET/webp/product/BCSZ009_SPRINGFIELD%20CHEF%20JACKET_MERLOT_FRONT.webp,springfield-chef-jacket,,9
Springfield Chef Jacket — BCSZ009_SPRINGFIELD CHEF JACKET_BLACK_BACK.webp,bcsz009-product-bcsz009-springfield-chef-jacket-black-back,https://notanother-nz.github.io/total-image-product-assets/assets/BCSZ009_SPRINGFIELD%20CHEF%20JACKET/webp/product/BCSZ009_SPRINGFIELD%20CHEF%20JACKET_BLACK_BACK.webp,springfield-chef-jacket,black,10
Springfield Chef Jacket — BCSZ009_SPRINGFIELD CHEF JACKET_BRICK_BACK.webp,bcsz009-product-bcsz009-springfield-chef-jacket-brick-back,https://notanother-nz.github.io/total-image-product-assets/assets/BCSZ009_SPRINGFIELD%20CHEF%20JACKET/webp/product/BCSZ009_SPRINGFIELD%20CHEF%20JACKET_BRICK_BACK.webp,springfield-chef-jacket,brick,11
Springfield Chef Jacket — BCSZ009_SPRINGFIELD CHEF JACKET_GREY_BACK.webp,bcsz009-product-bcsz009-springfield-chef-jacket-grey-back,https://notanother-nz.github.io/total-image-product-assets/assets/BCSZ009_SPRINGFIELD%20CHEF%20JACKET/webp/product/BCSZ009_SPRINGFIELD%20CHEF%20JACKET_GREY_BACK.webp,springfield-chef-jacket,grey,12
Springfield Chef Jacket — BCSZ009_SPRINGFIELD CHEF JACKET_INK_BLUE_BACK.webp,bcsz009-product-bcsz009-springfield-chef-jacket-ink-blue-back,https://notanother-nz.github.io/total-image-product-assets/assets/BCSZ009_SPRINGFIELD%20CHEF%20JACKET/webp/product/BCSZ009_SPRINGFIELD%20CHEF%20JACKET_INK_BLUE_BACK.webp,springfield-chef-jacket,ink-blue,13
Springfield Chef Jacket — BCSZ009_SPRINGFIELD CHEF JACKET_MERLOT_BACK.webp,bcsz009-product-bcsz009-springfield-chef-jacket-merlot-back,https://notanother-nz.github.io/total-image-product-assets/assets/BCSZ009_SPRINGFIELD%20CHEF%20JACKET/webp/product/BCSZ009_SPRINGFIELD%20CHEF%20JACKET_MERLOT_BACK.webp,springfield-chef-jacket,,14
Women's Tailor Jacket — BJ2602L_TAILOR_WOMENS_JACKET_BLACK_HERO_FRONT.webp,bj2602l-model-bj2602l-tailor-womens-jacket-black-hero-front,https://notanother-nz.github.io/total-image-product-assets/assets/BJ2602L_WOMEN'S_TAILOR_JACKET/webp/model/BJ2602L_TAILOR_WOMENS_JACKET_BLACK_HERO_FRONT.webp,womens-tailor-jacket,black,1
Women's Tailor Jacket — BJ2602L_TAILOR_WOMENS_JACKET_NAVY_HERO_FRONT.webp,bj2602l-model-bj2602l-tailor-womens-jacket-navy-hero-front,https://notanother-nz.github.io/total-image-product-assets/assets/BJ2602L_WOMEN'S_TAILOR_JACKET/webp/model/BJ2602L_TAILOR_WOMENS_JACKET_NAVY_HERO_FRONT.webp,womens-tailor-jacket,navy,2
Women's Tailor Jacket — BJ2602L_WOMEN'S_TAILOR_JACKET_BLACK_HERO_FRONT.webp,bj2602l-model-bj2602l-womens-tailor-jacket-black-hero-front,https://notanother-nz.github.io/total-image-product-assets/assets/BJ2602L_WOMEN'S_TAILOR_JACKET/webp/model/BJ2602L_WOMEN'S_TAILOR_JACKET_BLACK_HERO_FRONT.webp,womens-tailor-jacket,black,3
Women's Tailor Jacket — BJ2602L_TAILOR_WOMENS_JACKET_BLACK_HERO_back.webp,bj2602l-model-bj2602l-tailor-womens-jacket-black-hero-back,https://notanother-nz.github.io/total-image-product-assets/assets/BJ2602L_WOMEN'S_TAILOR_JACKET/webp/model/BJ2602L_TAILOR_WOMENS_JACKET_BLACK_HERO_back.webp,womens-tailor-jacket,black,4
Women's Tailor Jacket — BJ2602L_TAILOR_WOMENS_JACKET_NAVY_HERO_BACK.webp,bj2602l-model-bj2602l-tailor-womens-jacket-navy-hero-back,https://notanother-nz.github.io/total-image-product-assets/assets/BJ2602L_WOMEN'S_TAILOR_JACKET/webp/model/BJ2602L_TAILOR_WOMENS_JACKET_NAVY_HERO_BACK.webp,womens-tailor-jacket,navy,5
Women's Tailor Jacket — BJ2602L_WOMEN'S_TAILOR_JACKET_BLACK_HERO_BACK.webp,bj2602l-model-bj2602l-womens-tailor-jacket-black-hero-back,https://notanother-nz.github.io/total-image-product-assets/assets/BJ2602L_WOMEN'S_TAILOR_JACKET/webp/model/BJ2602L_WOMEN'S_TAILOR_JACKET_BLACK_HERO_BACK.webp,womens-tailor-jacket,black,6
Women's Tailor Jacket — BJ2602L_TAILOR_WOMENS_JACKET_BLACK_HERO_CLOSEUP.webp,bj2602l-model-bj2602l-tailor-womens-jacket-black-hero-closeup,https://notanother-nz.github.io/total-image-product-assets/assets/BJ2602L_WOMEN'S_TAILOR_JACKET/webp/model/BJ2602L_TAILOR_WOMENS_JACKET_BLACK_HERO_CLOSEUP.webp,womens-tailor-jacket,black,7
Women's Tailor Jacket — BJ2602L_TAILOR_WOMENS_JACKET_NAVY_HERO_CLOSEUP.webp,bj2602l-model-bj2602l-tailor-womens-jacket-navy-hero-closeup,https://notanother-nz.github.io/total-image-product-assets/assets/BJ2602L_WOMEN'S_TAILOR_JACKET/webp/model/BJ2602L_TAILOR_WOMENS_JACKET_NAVY_HERO_CLOSEUP.webp,womens-tailor-jacket,navy,8
Women's Tailor Jacket — BJ2602L_WOMEN'S_TAILOR_JACKET_BLACK_HERO_CLOSEUP.webp,bj2602l-model-bj2602l-womens-tailor-jacket-black-hero-closeup,https://notanother-nz.github.io/total-image-product-assets/assets/BJ2602L_WOMEN'S_TAILOR_JACKET/webp/model/BJ2602L_WOMEN'S_TAILOR_JACKET_BLACK_HERO_CLOSEUP.webp,womens-tailor-jacket,black,9
Women's Tailor Jacket — BJ2602L_TAILOR_WOMENS_JACKET_BLACK_HERO_SIDE.webp,bj2602l-model-bj2602l-tailor-womens-jacket-black-hero-side,https://notanother-nz.github.io/total-image-product-assets/assets/BJ2602L_WOMEN'S_TAILOR_JACKET/webp/model/BJ2602L_TAILOR_WOMENS_JACKET_BLACK_HERO_SIDE.webp,womens-tailor-jacket,black,10
Women's Tailor Jacket — BJ2602L_TAILOR_WOMENS_JACKET_NAVY_HERO_SIDE.webp,bj2602l-model-bj2602l-tailor-womens-jacket-navy-hero-side,https://notanother-nz.github.io/total-image-product-assets/assets/BJ2602L_WOMEN'S_TAILOR_JACKET/webp/model/BJ2602L_TAILOR_WOMENS_JACKET_NAVY_HERO_SIDE.webp,womens-tailor-jacket,navy,11
Women's Tailor Jacket — BJ2602L_WOMEN'S_TAILOR_JACKET_BLACK_HERO_SIDE.webp,bj2602l-model-bj2602l-womens-tailor-jacket-black-hero-side,https://notanother-nz.github.io/total-image-product-assets/assets/BJ2602L_WOMEN'S_TAILOR_JACKET/webp/model/BJ2602L_WOMEN'S_TAILOR_JACKET_BLACK_HERO_SIDE.webp,womens-tailor-jacket,black,12
Women's Tailor Jacket — BJ2602L_TAILOR_WOMENS_JACKET_MODEL.webp,bj2602l-model-bj2602l-tailor-womens-jacket-model,https://notanother-nz.github.io/total-image-product-assets/assets/BJ2602L_WOMEN'S_TAILOR_JACKET/webp/model/BJ2602L_TAILOR_WOMENS_JACKET_MODEL.webp,womens-tailor-jacket,,13
Women's Tailor Jacket — BJ2602L_WOMEN'S_TAILOR_JACKET_BLACK_FRONT.webp,bj2602l-product-bj2602l-womens-tailor-jacket-black-front,https://notanother-nz.github.io/total-image-product-assets/assets/BJ2602L_WOMEN'S_TAILOR_JACKET/webp/product/BJ2602L_WOMEN'S_TAILOR_JACKET_BLACK_FRONT.webp,womens-tailor-jacket,black,14
Women's Tailor Jacket — BJ2602L_WOMEN'S_TAILOR_JACKET_NAVY_FRONT.webp,bj2602l-product-bj2602l-womens-tailor-jacket-navy-front,https://notanother-nz.github.io/total-image-product-assets/assets/BJ2602L_WOMEN'S_TAILOR_JACKET/webp/product/BJ2602L_WOMEN'S_TAILOR_JACKET_NAVY_FRONT.webp,womens-tailor-jacket,navy,15
Women's Tailor Jacket — BJ2602L_WOMEN'S_TAILOR_JACKET_BLACK_BACK.webp,bj2602l-product-bj2602l-womens-tailor-jacket-black-back,https://notanother-nz.github.io/total-image-product-assets/assets/BJ2602L_WOMEN'S_TAILOR_JACKET/webp/product/BJ2602L_WOMEN'S_TAILOR_JACKET_BLACK_BACK.webp,womens-tailor-jacket,black,16
Women's Tailor Jacket — BJ2602L_WOMEN'S_TAILOR_JACKET_NAVY_BACK.webp,bj2602l-product-bj2602l-womens-tailor-jacket-navy-back,https://notanother-nz.github.io/total-image-product-assets/assets/BJ2602L_WOMEN'S_TAILOR_JACKET/webp/product/BJ2602L_WOMEN'S_TAILOR_JACKET_NAVY_BACK.webp,womens-tailor-jacket,navy,17
Men's Tailor Jacket — BJ2602M_TAILOR_MENS_JACKET_HERO_FRONT.webp,bj2602m-model-bj2602m-tailor-mens-jacket-hero-front,https://notanother-nz.github.io/total-image-product-assets/assets/BJ2602M_TAILOR_MENS_JACKET/webp/model/BJ2602M_TAILOR_MENS_JACKET_HERO_FRONT.webp,mens-tailor-jacket,,1
Men's Tailor Jacket — BJ2602M_TAILOR_MENS_JACKET_HERO_BACK.webp,bj2602m-model-bj2602m-tailor-mens-jacket-hero-back,https://notanother-nz.github.io/total-image-product-assets/assets/BJ2602M_TAILOR_MENS_JACKET/webp/model/BJ2602M_TAILOR_MENS_JACKET_HERO_BACK.webp,mens-tailor-jacket,,2
Men's Tailor Jacket — BJ2602M_TAILOR_MENS_JACKET_HERO_CLOSEUP.webp,bj2602m-model-bj2602m-tailor-mens-jacket-hero-closeup,https://notanother-nz.github.io/total-image-product-assets/assets/BJ2602M_TAILOR_MENS_JACKET/webp/model/BJ2602M_TAILOR_MENS_JACKET_HERO_CLOSEUP.webp,mens-tailor-jacket,,3
Men's Tailor Jacket — BJ2602M_TAILOR_MENS_JACKET_HERO_SIDE.webp,bj2602m-model-bj2602m-tailor-mens-jacket-hero-side,https://notanother-nz.github.io/total-image-product-assets/assets/BJ2602M_TAILOR_MENS_JACKET/webp/model/BJ2602M_TAILOR_MENS_JACKET_HERO_SIDE.webp,mens-tailor-jacket,,4
Men's Tailor Jacket — BJ2602M_TAILOR_MENS_JACKET_BLACK_FRONT_VIEW.webp,bj2602m-product-bj2602m-tailor-mens-jacket-black-front-view,https://notanother-nz.github.io/total-image-product-assets/assets/BJ2602M_TAILOR_MENS_JACKET/webp/product/BJ2602M_TAILOR_MENS_JACKET_BLACK_FRONT_VIEW.webp,mens-tailor-jacket,black,5
Men's Tailor Jacket — BJ2602M_TAILOR_MENS_JACKET_NAVY_FRONT_VIEW.webp,bj2602m-product-bj2602m-tailor-mens-jacket-navy-front-view,https://notanother-nz.github.io/total-image-product-assets/assets/BJ2602M_TAILOR_MENS_JACKET/webp/product/BJ2602M_TAILOR_MENS_JACKET_NAVY_FRONT_VIEW.webp,mens-tailor-jacket,navy,6
Men's Tailor Jacket — BJ2602M_TAILOR_MENS_JACKET_BLACK_BACK_VIEW.webp,bj2602m-product-bj2602m-tailor-mens-jacket-black-back-view,https://notanother-nz.github.io/total-image-product-assets/assets/BJ2602M_TAILOR_MENS_JACKET/webp/product/BJ2602M_TAILOR_MENS_JACKET_BLACK_BACK_VIEW.webp,mens-tailor-jacket,black,7
Men's Tailor Jacket — BJ2602M_TAILOR_MENS_JACKET_NAVY_BACK_VIEW.webp,bj2602m-product-bj2602m-tailor-mens-jacket-navy-back-view,https://notanother-nz.github.io/total-image-product-assets/assets/BJ2602M_TAILOR_MENS_JACKET/webp/product/BJ2602M_TAILOR_MENS_JACKET_NAVY_BACK_VIEW.webp,mens-tailor-jacket,navy,8
Phoenix Women's Short Sleeve Polo — BP2610LS_PHOENIX_WOMENS_SHORT_SLEEVE_POLO_CHARCOAL_MARLE_HERO_FRONT.webp,bp2610ls-model-bp2610ls-phoenix-womens-short-sleeve-polo-charcoal-marle-hero-front,https://notanother-nz.github.io/total-image-product-assets/assets/BP2610LS_PHOENIX_WOMEN'S_SHORT_SLEEVE_POLO/webp/model/BP2610LS_PHOENIX_WOMENS_SHORT_SLEEVE_POLO_CHARCOAL_MARLE_HERO_FRONT.webp,phoenix-womens-short-sleeve-polo,charcoal-marle,1
Phoenix Women's Short Sleeve Polo — BP2610LS_PHOENIX_WOMENS_SHORT_SLEEVE_POLO_CHARCOAL_MARLE_HERO_BACK.webp,bp2610ls-model-bp2610ls-phoenix-womens-short-sleeve-polo-charcoal-marle-hero-back,https://notanother-nz.github.io/total-image-product-assets/assets/BP2610LS_PHOENIX_WOMEN'S_SHORT_SLEEVE_POLO/webp/model/BP2610LS_PHOENIX_WOMENS_SHORT_SLEEVE_POLO_CHARCOAL_MARLE_HERO_BACK.webp,phoenix-womens-short-sleeve-polo,charcoal-marle,2
Phoenix Women's Short Sleeve Polo — BP2610LS_PHOENIX_WOMENS_SHORT_SLEEVE_POLO_CHARCOAL_MARLE_HERO_CLOSEUP.webp,bp2610ls-model-bp2610ls-phoenix-womens-short-sleeve-polo-charcoal-marle-hero-closeup,https://notanother-nz.github.io/total-image-product-assets/assets/BP2610LS_PHOENIX_WOMEN'S_SHORT_SLEEVE_POLO/webp/model/BP2610LS_PHOENIX_WOMENS_SHORT_SLEEVE_POLO_CHARCOAL_MARLE_HERO_CLOSEUP.webp,phoenix-womens-short-sleeve-polo,charcoal-marle,3
Phoenix Women's Short Sleeve Polo — BP2610LS_PHOENIX_WOMENS_SHORT_SLEEVE_POLO_CHARCOAL_MARLE_HERO_SIDE.webp,bp2610ls-model-bp2610ls-phoenix-womens-short-sleeve-polo-charcoal-marle-hero-side,https://notanother-nz.github.io/total-image-product-assets/assets/BP2610LS_PHOENIX_WOMEN'S_SHORT_SLEEVE_POLO/webp/model/BP2610LS_PHOENIX_WOMENS_SHORT_SLEEVE_POLO_CHARCOAL_MARLE_HERO_SIDE.webp,phoenix-womens-short-sleeve-polo,charcoal-marle,4
Phoenix Women's Short Sleeve Polo — BP2610LS_PHOENIX_WOMEN'S_SHORT_SLEEVE_POLO_BLACK_FRONT.webp,bp2610ls-product-bp2610ls-phoenix-womens-short-sleeve-polo-black-front,https://notanother-nz.github.io/total-image-product-assets/assets/BP2610LS_PHOENIX_WOMEN'S_SHORT_SLEEVE_POLO/webp/product/BP2610LS_PHOENIX_WOMEN'S_SHORT_SLEEVE_POLO_BLACK_FRONT.webp,phoenix-womens-short-sleeve-polo,black,5
Phoenix Women's Short Sleeve Polo — BP2610LS_PHOENIX_WOMEN'S_SHORT_SLEEVE_POLO_CHARCOAL_MARLE_FRONT.webp,bp2610ls-product-bp2610ls-phoenix-womens-short-sleeve-polo-charcoal-marle-front,https://notanother-nz.github.io/total-image-product-assets/assets/BP2610LS_PHOENIX_WOMEN'S_SHORT_SLEEVE_POLO/webp/product/BP2610LS_PHOENIX_WOMEN'S_SHORT_SLEEVE_POLO_CHARCOAL_MARLE_FRONT.webp,phoenix-womens-short-sleeve-polo,charcoal-marle,6
Phoenix Women's Short Sleeve Polo — BP2610LS_PHOENIX_WOMEN'S_SHORT_SLEEVE_POLO_NAVY_FRONT.webp,bp2610ls-product-bp2610ls-phoenix-womens-short-sleeve-polo-navy-front,https://notanother-nz.github.io/total-image-product-assets/assets/BP2610LS_PHOENIX_WOMEN'S_SHORT_SLEEVE_POLO/webp/product/BP2610LS_PHOENIX_WOMEN'S_SHORT_SLEEVE_POLO_NAVY_FRONT.webp,phoenix-womens-short-sleeve-polo,navy,7
Phoenix Women's Short Sleeve Polo — BP2610LS_PHOENIX_WOMEN'S_SHORT_SLEEVE_POLO_OCEAN_MARLE_FRONT.webp,bp2610ls-product-bp2610ls-phoenix-womens-short-sleeve-polo-ocean-marle-front,https://notanother-nz.github.io/total-image-product-assets/assets/BP2610LS_PHOENIX_WOMEN'S_SHORT_SLEEVE_POLO/webp/product/BP2610LS_PHOENIX_WOMEN'S_SHORT_SLEEVE_POLO_OCEAN_MARLE_FRONT.webp,phoenix-womens-short-sleeve-polo,ocean-marle,8
Phoenix Women's Short Sleeve Polo — BP2610LS_PHOENIX_WOMEN'S_SHORT_SLEEVE_POLO_BLACK_BACK.webp,bp2610ls-product-bp2610ls-phoenix-womens-short-sleeve-polo-black-back,https://notanother-nz.github.io/total-image-product-assets/assets/BP2610LS_PHOENIX_WOMEN'S_SHORT_SLEEVE_POLO/webp/product/BP2610LS_PHOENIX_WOMEN'S_SHORT_SLEEVE_POLO_BLACK_BACK.webp,phoenix-womens-short-sleeve-polo,black,9
Phoenix Women's Short Sleeve Polo — BP2610LS_PHOENIX_WOMEN'S_SHORT_SLEEVE_POLO_CHARCOAL_MARLE_BACK.webp,bp2610ls-product-bp2610ls-phoenix-womens-short-sleeve-polo-charcoal-marle-back,https://notanother-nz.github.io/total-image-product-assets/assets/BP2610LS_PHOENIX_WOMEN'S_SHORT_SLEEVE_POLO/webp/product/BP2610LS_PHOENIX_WOMEN'S_SHORT_SLEEVE_POLO_CHARCOAL_MARLE_BACK.webp,phoenix-womens-short-sleeve-polo,charcoal-marle,10
Phoenix Women's Short Sleeve Polo — BP2610LS_PHOENIX_WOMEN'S_SHORT_SLEEVE_POLO_NAVY_BACK.webp,bp2610ls-product-bp2610ls-phoenix-womens-short-sleeve-polo-navy-back,https://notanother-nz.github.io/total-image-product-assets/assets/BP2610LS_PHOENIX_WOMEN'S_SHORT_SLEEVE_POLO/webp/product/BP2610LS_PHOENIX_WOMEN'S_SHORT_SLEEVE_POLO_NAVY_BACK.webp,phoenix-womens-short-sleeve-polo,navy,11
Phoenix Women's Short Sleeve Polo — BP2610LS_PHOENIX_WOMEN'S_SHORT_SLEEVE_POLO_OCEAN_MARLE_BACK.webp,bp2610ls-product-bp2610ls-phoenix-womens-short-sleeve-polo-ocean-marle-back,https://notanother-nz.github.io/total-image-product-assets/assets/BP2610LS_PHOENIX_WOMEN'S_SHORT_SLEEVE_POLO/webp/product/BP2610LS_PHOENIX_WOMEN'S_SHORT_SLEEVE_POLO_OCEAN_MARLE_BACK.webp,phoenix-womens-short-sleeve-polo,ocean-marle,12
Men's Phoenix Short Sleeve Polo — BP2610MS_MEN'S_PHOENIX_SHORT_SLEEVE_POLO_CHARCOAL_MARLE_HERO_FRONT.webp,bp2610ms-model-bp2610ms-mens-phoenix-short-sleeve-polo-charcoal-marle-hero-front,https://notanother-nz.github.io/total-image-product-assets/assets/BP2610MS_MEN'S_PHOENIX_SHORT_SLEEVE_POLO/webp/model/BP2610MS_MEN'S_PHOENIX_SHORT_SLEEVE_POLO_CHARCOAL_MARLE_HERO_FRONT.webp,mens-phoenix-short-sleeve-polo,charcoal-marle,1
Men's Phoenix Short Sleeve Polo — BP2610MS_MEN'S_PHOENIX_SHORT_SLEEVE_POLO_CHARCOAL_MARLE_HERO_BACK.webp,bp2610ms-model-bp2610ms-mens-phoenix-short-sleeve-polo-charcoal-marle-hero-back,https://notanother-nz.github.io/total-image-product-assets/assets/BP2610MS_MEN'S_PHOENIX_SHORT_SLEEVE_POLO/webp/model/BP2610MS_MEN'S_PHOENIX_SHORT_SLEEVE_POLO_CHARCOAL_MARLE_HERO_BACK.webp,mens-phoenix-short-sleeve-polo,charcoal-marle,2
Men's Phoenix Short Sleeve Polo — BP2610MS_MEN'S_PHOENIX_SHORT_SLEEVE_POLO_CHARCOAL_MARLE_HERO_CLOSEUP.webp,bp2610ms-model-bp2610ms-mens-phoenix-short-sleeve-polo-charcoal-marle-hero-closeup,https://notanother-nz.github.io/total-image-product-assets/assets/BP2610MS_MEN'S_PHOENIX_SHORT_SLEEVE_POLO/webp/model/BP2610MS_MEN'S_PHOENIX_SHORT_SLEEVE_POLO_CHARCOAL_MARLE_HERO_CLOSEUP.webp,mens-phoenix-short-sleeve-polo,charcoal-marle,3
Men's Phoenix Short Sleeve Polo — BP2610MS_MEN'S_PHOENIX_SHORT_SLEEVE_POLO_CHARCOAL_MARLE_HERO_SIDE.webp,bp2610ms-model-bp2610ms-mens-phoenix-short-sleeve-polo-charcoal-marle-hero-side,https://notanother-nz.github.io/total-image-product-assets/assets/BP2610MS_MEN'S_PHOENIX_SHORT_SLEEVE_POLO/webp/model/BP2610MS_MEN'S_PHOENIX_SHORT_SLEEVE_POLO_CHARCOAL_MARLE_HERO_SIDE.webp,mens-phoenix-short-sleeve-polo,charcoal-marle,4
Men's Phoenix Short Sleeve Polo — BP2610MS_MEN'S_PHOENIX_SHORT_SLEEVE_POLO_BLACK_FRONT.webp,bp2610ms-product-bp2610ms-mens-phoenix-short-sleeve-polo-black-front,https://notanother-nz.github.io/total-image-product-assets/assets/BP2610MS_MEN'S_PHOENIX_SHORT_SLEEVE_POLO/webp/product/BP2610MS_MEN'S_PHOENIX_SHORT_SLEEVE_POLO_BLACK_FRONT.webp,mens-phoenix-short-sleeve-polo,black,5
Men's Phoenix Short Sleeve Polo — BP2610MS_MEN'S_PHOENIX_SHORT_SLEEVE_POLO_CHARCOAL_MARLE_FRONT.webp,bp2610ms-product-bp2610ms-mens-phoenix-short-sleeve-polo-charcoal-marle-front,https://notanother-nz.github.io/total-image-product-assets/assets/BP2610MS_MEN'S_PHOENIX_SHORT_SLEEVE_POLO/webp/product/BP2610MS_MEN'S_PHOENIX_SHORT_SLEEVE_POLO_CHARCOAL_MARLE_FRONT.webp,mens-phoenix-short-sleeve-polo,charcoal-marle,6
Men's Phoenix Short Sleeve Polo — BP2610MS_MEN'S_PHOENIX_SHORT_SLEEVE_POLO_NAVY_FRONT.webp,bp2610ms-product-bp2610ms-mens-phoenix-short-sleeve-polo-navy-front,https://notanother-nz.github.io/total-image-product-assets/assets/BP2610MS_MEN'S_PHOENIX_SHORT_SLEEVE_POLO/webp/product/BP2610MS_MEN'S_PHOENIX_SHORT_SLEEVE_POLO_NAVY_FRONT.webp,mens-phoenix-short-sleeve-polo,navy,7
Men's Phoenix Short Sleeve Polo — BP2610MS_MEN'S_PHOENIX_SHORT_SLEEVE_POLO_OCEAN_MARLE_FRONT.webp,bp2610ms-product-bp2610ms-mens-phoenix-short-sleeve-polo-ocean-marle-front,https://notanother-nz.github.io/total-image-product-assets/assets/BP2610MS_MEN'S_PHOENIX_SHORT_SLEEVE_POLO/webp/product/BP2610MS_MEN'S_PHOENIX_SHORT_SLEEVE_POLO_OCEAN_MARLE_FRONT.webp,mens-phoenix-short-sleeve-polo,ocean-marle,8
Men's Phoenix Short Sleeve Polo — BP2610MS_MEN'S_PHOENIX_SHORT_SLEEVE_POLO_BLACK_BACK.webp,bp2610ms-product-bp2610ms-mens-phoenix-short-sleeve-polo-black-back,https://notanother-nz.github.io/total-image-product-assets/assets/BP2610MS_MEN'S_PHOENIX_SHORT_SLEEVE_POLO/webp/product/BP2610MS_MEN'S_PHOENIX_SHORT_SLEEVE_POLO_BLACK_BACK.webp,mens-phoenix-short-sleeve-polo,black,9
Men's Phoenix Short Sleeve Polo — BP2610MS_MEN'S_PHOENIX_SHORT_SLEEVE_POLO_CHARCOAL_MARLE_BACK.webp,bp2610ms-product-bp2610ms-mens-phoenix-short-sleeve-polo-charcoal-marle-back,https://notanother-nz.github.io/total-image-product-assets/assets/BP2610MS_MEN'S_PHOENIX_SHORT_SLEEVE_POLO/webp/product/BP2610MS_MEN'S_PHOENIX_SHORT_SLEEVE_POLO_CHARCOAL_MARLE_BACK.webp,mens-phoenix-short-sleeve-polo,charcoal-marle,10
Men's Phoenix Short Sleeve Polo — BP2610MS_MEN'S_PHOENIX_SHORT_SLEEVE_POLO_NAVY_BACK.webp,bp2610ms-product-bp2610ms-mens-phoenix-short-sleeve-polo-navy-back,https://notanother-nz.github.io/total-image-product-assets/assets/BP2610MS_MEN'S_PHOENIX_SHORT_SLEEVE_POLO/webp/product/BP2610MS_MEN'S_PHOENIX_SHORT_SLEEVE_POLO_NAVY_BACK.webp,mens-phoenix-short-sleeve-polo,navy,11
Men's Phoenix Short Sleeve Polo — BP2610MS_MEN'S_PHOENIX_SHORT_SLEEVE_POLO_OCEAN_MARLE_BACK.webp,bp2610ms-product-bp2610ms-mens-phoenix-short-sleeve-polo-ocean-marle-back,https://notanother-nz.github.io/total-image-product-assets/assets/BP2610MS_MEN'S_PHOENIX_SHORT_SLEEVE_POLO/webp/product/BP2610MS_MEN'S_PHOENIX_SHORT_SLEEVE_POLO_OCEAN_MARLE_BACK.webp,mens-phoenix-short-sleeve-polo,ocean-marle,12
Women's Venture Short Sleeve Polo — BP2616LS_WOMEN'S_VENTURE_SHORT_SLEEVE_POLO_DENIM_BLUE_HERO_FRONT.webp,bp2616ls-model-bp2616ls-womens-venture-short-sleeve-polo-denim-blue-hero-front,https://notanother-nz.github.io/total-image-product-assets/assets/BP2616LS_WOMEN'S_VENTURE_SHORT_SLEEVE_POLO/webp/model/BP2616LS_WOMEN'S_VENTURE_SHORT_SLEEVE_POLO_DENIM_BLUE_HERO_FRONT.webp,womens-venture-short-sleeve-polo,denim-blue,1
Women's Venture Short Sleeve Polo — BP2616LS_WOMEN'S_VENTURE_SHORT_SLEEVE_POLO_DENIM_BLUE_HERO_BACK.webp,bp2616ls-model-bp2616ls-womens-venture-short-sleeve-polo-denim-blue-hero-back,https://notanother-nz.github.io/total-image-product-assets/assets/BP2616LS_WOMEN'S_VENTURE_SHORT_SLEEVE_POLO/webp/model/BP2616LS_WOMEN'S_VENTURE_SHORT_SLEEVE_POLO_DENIM_BLUE_HERO_BACK.webp,womens-venture-short-sleeve-polo,denim-blue,2
Women's Venture Short Sleeve Polo — BP2616LS_WOMEN'S_VENTURE_SHORT_SLEEVE_POLO_DENIM_BLUE_HERO_SIDE.webp,bp2616ls-model-bp2616ls-womens-venture-short-sleeve-polo-denim-blue-hero-side,https://notanother-nz.github.io/total-image-product-assets/assets/BP2616LS_WOMEN'S_VENTURE_SHORT_SLEEVE_POLO/webp/model/BP2616LS_WOMEN'S_VENTURE_SHORT_SLEEVE_POLO_DENIM_BLUE_HERO_SIDE.webp,womens-venture-short-sleeve-polo,denim-blue,3
Women's Venture Short Sleeve Polo — BP2616LS_WOMEN'S_VENTURE_SHORT_SLEEVE_POLO_DENIM_BLUE_HERO_CLOSEUUP.webp,bp2616ls-model-bp2616ls-womens-venture-short-sleeve-polo-denim-blue-hero-closeuup,https://notanother-nz.github.io/total-image-product-assets/assets/BP2616LS_WOMEN'S_VENTURE_SHORT_SLEEVE_POLO/webp/model/BP2616LS_WOMEN'S_VENTURE_SHORT_SLEEVE_POLO_DENIM_BLUE_HERO_CLOSEUUP.webp,womens-venture-short-sleeve-polo,denim-blue,4
Women's Venture Short Sleeve Polo — BP2616LS_WOMEN'S_VENTURE_SHORT_SLEEVE_POLO_BLACK_FRONT.webp,bp2616ls-product-bp2616ls-womens-venture-short-sleeve-polo-black-front,https://notanother-nz.github.io/total-image-product-assets/assets/BP2616LS_WOMEN'S_VENTURE_SHORT_SLEEVE_POLO/webp/product/BP2616LS_WOMEN'S_VENTURE_SHORT_SLEEVE_POLO_BLACK_FRONT.webp,womens-venture-short-sleeve-polo,black,5
Women's Venture Short Sleeve Polo — BP2616LS_WOMEN'S_VENTURE_SHORT_SLEEVE_POLO_DENIM_BLUE_FRONT.webp,bp2616ls-product-bp2616ls-womens-venture-short-sleeve-polo-denim-blue-front,https://notanother-nz.github.io/total-image-product-assets/assets/BP2616LS_WOMEN'S_VENTURE_SHORT_SLEEVE_POLO/webp/product/BP2616LS_WOMEN'S_VENTURE_SHORT_SLEEVE_POLO_DENIM_BLUE_FRONT.webp,womens-venture-short-sleeve-polo,denim-blue,6
Women's Venture Short Sleeve Polo — BP2616LS_WOMEN'S_VENTURE_SHORT_SLEEVE_POLO_BLACK_BACK.webp,bp2616ls-product-bp2616ls-womens-venture-short-sleeve-polo-black-back,https://notanother-nz.github.io/total-image-product-assets/assets/BP2616LS_WOMEN'S_VENTURE_SHORT_SLEEVE_POLO/webp/product/BP2616LS_WOMEN'S_VENTURE_SHORT_SLEEVE_POLO_BLACK_BACK.webp,womens-venture-short-sleeve-polo,black,7
Women's Venture Short Sleeve Polo — BP2616LS_WOMEN'S_VENTURE_SHORT_SLEEVE_POLO_DENIM_BLUE_BACK.webp,bp2616ls-product-bp2616ls-womens-venture-short-sleeve-polo-denim-blue-back,https://notanother-nz.github.io/total-image-product-assets/assets/BP2616LS_WOMEN'S_VENTURE_SHORT_SLEEVE_POLO/webp/product/BP2616LS_WOMEN'S_VENTURE_SHORT_SLEEVE_POLO_DENIM_BLUE_BACK.webp,womens-venture-short-sleeve-polo,denim-blue,8
Men's Venture Short Sleeve Polo — BP2616MS_MEN'S_VENTURE_SHORT_SLEEVE_POLO_DENIM_BLUE_HERO_FRONT.webp,bp2616ms-model-bp2616ms-mens-venture-short-sleeve-polo-denim-blue-hero-front,https://notanother-nz.github.io/total-image-product-assets/assets/BP2616MS_MEN'S_VENTURE_SHORT_SLEEVE_POLO/webp/model/BP2616MS_MEN'S_VENTURE_SHORT_SLEEVE_POLO_DENIM_BLUE_HERO_FRONT.webp,mens-venture-short-sleeve-polo,denim-blue,1
Men's Venture Short Sleeve Polo — BP2616MS_MEN'S_VENTURE_SHORT_SLEEVE_POLO_DENIM_BLUE_HERO_BACK.webp,bp2616ms-model-bp2616ms-mens-venture-short-sleeve-polo-denim-blue-hero-back,https://notanother-nz.github.io/total-image-product-assets/assets/BP2616MS_MEN'S_VENTURE_SHORT_SLEEVE_POLO/webp/model/BP2616MS_MEN'S_VENTURE_SHORT_SLEEVE_POLO_DENIM_BLUE_HERO_BACK.webp,mens-venture-short-sleeve-polo,denim-blue,2
Men's Venture Short Sleeve Polo — BP2616MS_MEN'S_VENTURE_SHORT_SLEEVE_POLO_DENIM_BLUE_HERO_CLOSEUP.webp,bp2616ms-model-bp2616ms-mens-venture-short-sleeve-polo-denim-blue-hero-closeup,https://notanother-nz.github.io/total-image-product-assets/assets/BP2616MS_MEN'S_VENTURE_SHORT_SLEEVE_POLO/webp/model/BP2616MS_MEN'S_VENTURE_SHORT_SLEEVE_POLO_DENIM_BLUE_HERO_CLOSEUP.webp,mens-venture-short-sleeve-polo,denim-blue,3
Men's Venture Short Sleeve Polo — BP2616MS_MEN'S_VENTURE_SHORT_SLEEVE_POLO_DENIM_BLUE_HERO_SIDE.webp,bp2616ms-model-bp2616ms-mens-venture-short-sleeve-polo-denim-blue-hero-side,https://notanother-nz.github.io/total-image-product-assets/assets/BP2616MS_MEN'S_VENTURE_SHORT_SLEEVE_POLO/webp/model/BP2616MS_MEN'S_VENTURE_SHORT_SLEEVE_POLO_DENIM_BLUE_HERO_SIDE.webp,mens-venture-short-sleeve-polo,denim-blue,4
Men's Venture Short Sleeve Polo — BP2616MS_MEN'S_VENTURE_SHORT_SLEEVE_POLO_DENIM_BLACK_FRONT.webp,bp2616ms-product-bp2616ms-mens-venture-short-sleeve-polo-denim-black-front,https://notanother-nz.github.io/total-image-product-assets/assets/BP2616MS_MEN'S_VENTURE_SHORT_SLEEVE_POLO/webp/product/BP2616MS_MEN'S_VENTURE_SHORT_SLEEVE_POLO_DENIM_BLACK_FRONT.webp,mens-venture-short-sleeve-polo,black,5
Men's Venture Short Sleeve Polo — BP2616MS_MEN'S_VENTURE_SHORT_SLEEVE_POLO_DENIM_BLUE_FRONT.webp,bp2616ms-product-bp2616ms-mens-venture-short-sleeve-polo-denim-blue-front,https://notanother-nz.github.io/total-image-product-assets/assets/BP2616MS_MEN'S_VENTURE_SHORT_SLEEVE_POLO/webp/product/BP2616MS_MEN'S_VENTURE_SHORT_SLEEVE_POLO_DENIM_BLUE_FRONT.webp,mens-venture-short-sleeve-polo,denim-blue,6
Men's Venture Short Sleeve Polo — BP2616MS_MEN'S_VENTURE_SHORT_SLEEVE_POLO_DENIM_BLACK_BACK.webp,bp2616ms-product-bp2616ms-mens-venture-short-sleeve-polo-denim-black-back,https://notanother-nz.github.io/total-image-product-assets/assets/BP2616MS_MEN'S_VENTURE_SHORT_SLEEVE_POLO/webp/product/BP2616MS_MEN'S_VENTURE_SHORT_SLEEVE_POLO_DENIM_BLACK_BACK.webp,mens-venture-short-sleeve-polo,black,7
Men's Venture Short Sleeve Polo — BP2616MS_MEN'S_VENTURE_SHORT_SLEEVE_POLO_DENIM_BLUE_BACK.webp,bp2616ms-product-bp2616ms-mens-venture-short-sleeve-polo-denim-blue-back,https://notanother-nz.github.io/total-image-product-assets/assets/BP2616MS_MEN'S_VENTURE_SHORT_SLEEVE_POLO/webp/product/BP2616MS_MEN'S_VENTURE_SHORT_SLEEVE_POLO_DENIM_BLUE_BACK.webp,mens-venture-short-sleeve-polo,denim-blue,8
Stretch Cotton Drill Cargo Pants — BPC6008_STRETCH_COTTON_DRILL_CARGO_PANTS_HERO_FRONT.webp,bpc6008-model-bpc6008-stretch-cotton-drill-cargo-pants-hero-front,https://notanother-nz.github.io/total-image-product-assets/assets/BPC6008_STRETCH_COTTON_DRILL_CARGO_PANTS/webp/model/BPC6008_STRETCH_COTTON_DRILL_CARGO_PANTS_HERO_FRONT.webp,stretch-cotton-drill-cargo-pants,,1
Stretch Cotton Drill Cargo Pants — BPC6008_STRETCH_COTTON_DRILL_CARGO_PANTS_HERO_BACK.webp,bpc6008-model-bpc6008-stretch-cotton-drill-cargo-pants-hero-back,https://notanother-nz.github.io/total-image-product-assets/assets/BPC6008_STRETCH_COTTON_DRILL_CARGO_PANTS/webp/model/BPC6008_STRETCH_COTTON_DRILL_CARGO_PANTS_HERO_BACK.webp,stretch-cotton-drill-cargo-pants,,2
Stretch Cotton Drill Cargo Pants — BPC6008_STRETCH_COTTON_DRILL_CARGO_PANTS_HERO_CLOSEUP.webp,bpc6008-model-bpc6008-stretch-cotton-drill-cargo-pants-hero-closeup,https://notanother-nz.github.io/total-image-product-assets/assets/BPC6008_STRETCH_COTTON_DRILL_CARGO_PANTS/webp/model/BPC6008_STRETCH_COTTON_DRILL_CARGO_PANTS_HERO_CLOSEUP.webp,stretch-cotton-drill-cargo-pants,,3
Stretch Cotton Drill Cargo Pants — BPC6008_STRETCH_COTTON_DRILL_CARGO_PANTS_HERO_SIDE.webp,bpc6008-model-bpc6008-stretch-cotton-drill-cargo-pants-hero-side,https://notanother-nz.github.io/total-image-product-assets/assets/BPC6008_STRETCH_COTTON_DRILL_CARGO_PANTS/webp/model/BPC6008_STRETCH_COTTON_DRILL_CARGO_PANTS_HERO_SIDE.webp,stretch-cotton-drill-cargo-pants,,4
Stretch Cotton Drill Cargo Pants — BPC6008_STRETCH_COTTON_DRILL_CARGO_PANTS_BLACK_FRONT.webp,bpc6008-product-bpc6008-stretch-cotton-drill-cargo-pants-black-front,https://notanother-nz.github.io/total-image-product-assets/assets/BPC6008_STRETCH_COTTON_DRILL_CARGO_PANTS/webp/product/BPC6008_STRETCH_COTTON_DRILL_CARGO_PANTS_BLACK_FRONT.webp,stretch-cotton-drill-cargo-pants,black,5
Stretch Cotton Drill Cargo Pants — BPC6008_STRETCH_COTTON_DRILL_CARGO_PANTS_BOTTLE_FRONT.webp,bpc6008-product-bpc6008-stretch-cotton-drill-cargo-pants-bottle-front,https://notanother-nz.github.io/total-image-product-assets/assets/BPC6008_STRETCH_COTTON_DRILL_CARGO_PANTS/webp/product/BPC6008_STRETCH_COTTON_DRILL_CARGO_PANTS_BOTTLE_FRONT.webp,stretch-cotton-drill-cargo-pants,bottle,6
Stretch Cotton Drill Cargo Pants — BPC6008_STRETCH_COTTON_DRILL_CARGO_PANTS_CHARCOAL_FRONT.webp,bpc6008-product-bpc6008-stretch-cotton-drill-cargo-pants-charcoal-front,https://notanother-nz.github.io/total-image-product-assets/assets/BPC6008_STRETCH_COTTON_DRILL_CARGO_PANTS/webp/product/BPC6008_STRETCH_COTTON_DRILL_CARGO_PANTS_CHARCOAL_FRONT.webp,stretch-cotton-drill-cargo-pants,charcoal,7
Stretch Cotton Drill Cargo Pants — BPC6008_STRETCH_COTTON_DRILL_CARGO_PANTS_KHAKI_FRONT.webp,bpc6008-product-bpc6008-stretch-cotton-drill-cargo-pants-khaki-front,https://notanother-nz.github.io/total-image-product-assets/assets/BPC6008_STRETCH_COTTON_DRILL_CARGO_PANTS/webp/product/BPC6008_STRETCH_COTTON_DRILL_CARGO_PANTS_KHAKI_FRONT.webp,stretch-cotton-drill-cargo-pants,khaki,8
Stretch Cotton Drill Cargo Pants — BPC6008_STRETCH_COTTON_DRILL_CARGO_PANTS_NAVY_FRONT.webp,bpc6008-product-bpc6008-stretch-cotton-drill-cargo-pants-navy-front,https://notanother-nz.github.io/total-image-product-assets/assets/BPC6008_STRETCH_COTTON_DRILL_CARGO_PANTS/webp/product/BPC6008_STRETCH_COTTON_DRILL_CARGO_PANTS_NAVY_FRONT.webp,stretch-cotton-drill-cargo-pants,navy,9
Stretch Cotton Drill Cargo Pants — BPC6008_STRETCH_COTTON_DRILL_CARGO_PANTS_WHITE_FRONT.webp,bpc6008-product-bpc6008-stretch-cotton-drill-cargo-pants-white-front,https://notanother-nz.github.io/total-image-product-assets/assets/BPC6008_STRETCH_COTTON_DRILL_CARGO_PANTS/webp/product/BPC6008_STRETCH_COTTON_DRILL_CARGO_PANTS_WHITE_FRONT.webp,stretch-cotton-drill-cargo-pants,white,10
Stretch Cotton Drill Cargo Pants — BPC6008_STRETCH_COTTON_DRILL_CARGO_PANTS_BLACK_BACK.webp,bpc6008-product-bpc6008-stretch-cotton-drill-cargo-pants-black-back,https://notanother-nz.github.io/total-image-product-assets/assets/BPC6008_STRETCH_COTTON_DRILL_CARGO_PANTS/webp/product/BPC6008_STRETCH_COTTON_DRILL_CARGO_PANTS_BLACK_BACK.webp,stretch-cotton-drill-cargo-pants,black,11
Stretch Cotton Drill Cargo Pants — BPC6008_STRETCH_COTTON_DRILL_CARGO_PANTS_BOTTLE_BACK.webp,bpc6008-product-bpc6008-stretch-cotton-drill-cargo-pants-bottle-back,https://notanother-nz.github.io/total-image-product-assets/assets/BPC6008_STRETCH_COTTON_DRILL_CARGO_PANTS/webp/product/BPC6008_STRETCH_COTTON_DRILL_CARGO_PANTS_BOTTLE_BACK.webp,stretch-cotton-drill-cargo-pants,bottle,12
Stretch Cotton Drill Cargo Pants — BPC6008_STRETCH_COTTON_DRILL_CARGO_PANTS_CHARCOAL_BACK.webp,bpc6008-product-bpc6008-stretch-cotton-drill-cargo-pants-charcoal-back,https://notanother-nz.github.io/total-image-product-assets/assets/BPC6008_STRETCH_COTTON_DRILL_CARGO_PANTS/webp/product/BPC6008_STRETCH_COTTON_DRILL_CARGO_PANTS_CHARCOAL_BACK.webp,stretch-cotton-drill-cargo-pants,charcoal,13
Stretch Cotton Drill Cargo Pants — BPC6008_STRETCH_COTTON_DRILL_CARGO_PANTS_KHAKI_BACK.webp,bpc6008-product-bpc6008-stretch-cotton-drill-cargo-pants-khaki-back,https://notanother-nz.github.io/total-image-product-assets/assets/BPC6008_STRETCH_COTTON_DRILL_CARGO_PANTS/webp/product/BPC6008_STRETCH_COTTON_DRILL_CARGO_PANTS_KHAKI_BACK.webp,stretch-cotton-drill-cargo-pants,khaki,14
Stretch Cotton Drill Cargo Pants — BPC6008_STRETCH_COTTON_DRILL_CARGO_PANTS_NAVY_BACK.webp,bpc6008-product-bpc6008-stretch-cotton-drill-cargo-pants-navy-back,https://notanother-nz.github.io/total-image-product-assets/assets/BPC6008_STRETCH_COTTON_DRILL_CARGO_PANTS/webp/product/BPC6008_STRETCH_COTTON_DRILL_CARGO_PANTS_NAVY_BACK.webp,stretch-cotton-drill-cargo-pants,navy,15
Stretch Cotton Drill Cargo Pants — BPC6008_STRETCH_COTTON_DRILL_CARGO_PANTS_WHITE_BACK.webp,bpc6008-product-bpc6008-stretch-cotton-drill-cargo-pants-white-back,https://notanother-nz.github.io/total-image-product-assets/assets/BPC6008_STRETCH_COTTON_DRILL_CARGO_PANTS/webp/product/BPC6008_STRETCH_COTTON_DRILL_CARGO_PANTS_WHITE_BACK.webp,stretch-cotton-drill-cargo-pants,white,16
Recycle Taped Biomotion Cargo Work Pant — BPC6088T_RECYCLE_TAPED_BIOMOTION_CARGO_WORK_PANT_HERO_FRONT.webp,bpc6088t-model-bpc6088t-recycle-taped-biomotion-cargo-work-pant-hero-front,https://notanother-nz.github.io/total-image-product-assets/assets/BPC6088T_RECYCLE_TAPED_BIOMOTION_CARGO_WORK_PANT/webp/model/BPC6088T_RECYCLE_TAPED_BIOMOTION_CARGO_WORK_PANT_HERO_FRONT.webp,recycle-taped-biomotion-cargo-work-pant,navy,1
Recycle Taped Biomotion Cargo Work Pant — BPC6088T_RECYCLE_TAPED_BIOMOTION_CARGO_WORK_PANT_HERO_BACK.webp,bpc6088t-model-bpc6088t-recycle-taped-biomotion-cargo-work-pant-hero-back,https://notanother-nz.github.io/total-image-product-assets/assets/BPC6088T_RECYCLE_TAPED_BIOMOTION_CARGO_WORK_PANT/webp/model/BPC6088T_RECYCLE_TAPED_BIOMOTION_CARGO_WORK_PANT_HERO_BACK.webp,recycle-taped-biomotion-cargo-work-pant,navy,2
Recycle Taped Biomotion Cargo Work Pant — BPC6088T_RECYCLE_TAPED_BIOMOTION_CARGO_WORK_PANT_HERO_CLOSEUP.webp,bpc6088t-model-bpc6088t-recycle-taped-biomotion-cargo-work-pant-hero-closeup,https://notanother-nz.github.io/total-image-product-assets/assets/BPC6088T_RECYCLE_TAPED_BIOMOTION_CARGO_WORK_PANT/webp/model/BPC6088T_RECYCLE_TAPED_BIOMOTION_CARGO_WORK_PANT_HERO_CLOSEUP.webp,recycle-taped-biomotion-cargo-work-pant,navy,3
Recycle Taped Biomotion Cargo Work Pant — BPC6088T_RECYCLE_TAPED_BIOMOTION_CARGO_WORK_PANT_HERO_SIDE.webp,bpc6088t-model-bpc6088t-recycle-taped-biomotion-cargo-work-pant-hero-side,https://notanother-nz.github.io/total-image-product-assets/assets/BPC6088T_RECYCLE_TAPED_BIOMOTION_CARGO_WORK_PANT/webp/model/BPC6088T_RECYCLE_TAPED_BIOMOTION_CARGO_WORK_PANT_HERO_SIDE.webp,recycle-taped-biomotion-cargo-work-pant,navy,4
Recycle Taped Biomotion Cargo Work Pant — BPC6088T_RECYCLE_TAPED_BIOMOTION_CARGO_WORK_PANT_NAVY_FRONT.webp,bpc6088t-product-bpc6088t-recycle-taped-biomotion-cargo-work-pant-navy-front,https://notanother-nz.github.io/total-image-product-assets/assets/BPC6088T_RECYCLE_TAPED_BIOMOTION_CARGO_WORK_PANT/webp/product/BPC6088T_RECYCLE_TAPED_BIOMOTION_CARGO_WORK_PANT_NAVY_FRONT.webp,recycle-taped-biomotion-cargo-work-pant,navy,5
Recycle Taped Biomotion Cargo Work Pant — BPC6088T_RECYCLE_TAPED_BIOMOTION_CARGO_WORK_PANT_NAVY_BACK.webp,bpc6088t-product-bpc6088t-recycle-taped-biomotion-cargo-work-pant-navy-back,https://notanother-nz.github.io/total-image-product-assets/assets/BPC6088T_RECYCLE_TAPED_BIOMOTION_CARGO_WORK_PANT/webp/product/BPC6088T_RECYCLE_TAPED_BIOMOTION_CARGO_WORK_PANT_NAVY_BACK.webp,recycle-taped-biomotion-cargo-work-pant,navy,6
Flx And Move™ Taped Stretch Cargo Cuffed Pants — BPC6334T_FLX_AND_MOVE_TAPED_STRETCH_CARGO_CUFFED_PANTS_HERO_FRONT.webp,bpc6334t-model-bpc6334t-flx-and-move-taped-stretch-cargo-cuffed-pants-hero-front,https://notanother-nz.github.io/total-image-product-assets/assets/BPC6334T_FLX_AND_MOVE_TAPED_STRETCH_CARGO_CUFFED_PANTS/webp/model/BPC6334T_FLX_AND_MOVE_TAPED_STRETCH_CARGO_CUFFED_PANTS_HERO_FRONT.webp,flx-and-move-taped-stretch-cargo-cuffed-pants,navy,1
Flx And Move™ Taped Stretch Cargo Cuffed Pants — BPC6334T_FLX_AND_MOVE_TAPED_STRETCH_CARGO_CUFFED_PANTS_HERO_BACK.webp,bpc6334t-model-bpc6334t-flx-and-move-taped-stretch-cargo-cuffed-pants-hero-back,https://notanother-nz.github.io/total-image-product-assets/assets/BPC6334T_FLX_AND_MOVE_TAPED_STRETCH_CARGO_CUFFED_PANTS/webp/model/BPC6334T_FLX_AND_MOVE_TAPED_STRETCH_CARGO_CUFFED_PANTS_HERO_BACK.webp,flx-and-move-taped-stretch-cargo-cuffed-pants,navy,2
Flx And Move™ Taped Stretch Cargo Cuffed Pants — BPC6334T_FLX_AND_MOVE_TAPED_STRETCH_CARGO_CUFFED_PANTS_HERO_CLOSEUP.webp,bpc6334t-model-bpc6334t-flx-and-move-taped-stretch-cargo-cuffed-pants-hero-closeup,https://notanother-nz.github.io/total-image-product-assets/assets/BPC6334T_FLX_AND_MOVE_TAPED_STRETCH_CARGO_CUFFED_PANTS/webp/model/BPC6334T_FLX_AND_MOVE_TAPED_STRETCH_CARGO_CUFFED_PANTS_HERO_CLOSEUP.webp,flx-and-move-taped-stretch-cargo-cuffed-pants,navy,3
Flx And Move™ Taped Stretch Cargo Cuffed Pants — BPC6334T_FLX_AND_MOVE_TAPED_STRETCH_CARGO_CUFFED_PANTS_HERO_SIDE.webp,bpc6334t-model-bpc6334t-flx-and-move-taped-stretch-cargo-cuffed-pants-hero-side,https://notanother-nz.github.io/total-image-product-assets/assets/BPC6334T_FLX_AND_MOVE_TAPED_STRETCH_CARGO_CUFFED_PANTS/webp/model/BPC6334T_FLX_AND_MOVE_TAPED_STRETCH_CARGO_CUFFED_PANTS_HERO_SIDE.webp,flx-and-move-taped-stretch-cargo-cuffed-pants,navy,4
Flx And Move™ Taped Stretch Cargo Cuffed Pants — BPC6334T_FLX_AND_MOVE_TAPED_STRETCH_CARGO_CUFFED_PANTS_FRONT.webp,bpc6334t-product-bpc6334t-flx-and-move-taped-stretch-cargo-cuffed-pants-front,https://notanother-nz.github.io/total-image-product-assets/assets/BPC6334T_FLX_AND_MOVE_TAPED_STRETCH_CARGO_CUFFED_PANTS/webp/product/BPC6334T_FLX_AND_MOVE_TAPED_STRETCH_CARGO_CUFFED_PANTS_FRONT.webp,flx-and-move-taped-stretch-cargo-cuffed-pants,navy,5
Flx And Move™ Taped Stretch Cargo Cuffed Pants — BPC6334T_FLX_AND_MOVE_TAPED_STRETCH_CARGO_CUFFED_PANTS_BACK.webp,bpc6334t-product-bpc6334t-flx-and-move-taped-stretch-cargo-cuffed-pants-back,https://notanother-nz.github.io/total-image-product-assets/assets/BPC6334T_FLX_AND_MOVE_TAPED_STRETCH_CARGO_CUFFED_PANTS/webp/product/BPC6334T_FLX_AND_MOVE_TAPED_STRETCH_CARGO_CUFFED_PANTS_BACK.webp,flx-and-move-taped-stretch-cargo-cuffed-pants,navy,6
Bellroy Classic Daypack — BR1013_BELLROY_CLASSIC_DAYPACK.webp,br1013-product-br1013-bellroy-classic-daypack,https://notanother-nz.github.io/total-image-product-assets/assets/BR1013_BELLROY_CLASSIC_DAYPACK/webp/product/BR1013_BELLROY_CLASSIC_DAYPACK.webp,bellroy-classic-daypack,black,1
A Bright Future Essence Polo Shirt — BRIGHT_YARN_A_BRIGHT_FUTURE_ESSENCE_POLO_SHIRT_HERO_FRONT.webp,bright-yarn-model-bright-yarn-a-bright-future-essence-polo-shirt-hero-front,https://notanother-nz.github.io/total-image-product-assets/assets/BRIGHT_YARN_A_BRIGHT_FUTURE_ESSENCE_POLO_SHIRT/webp/model/BRIGHT_YARN_A_BRIGHT_FUTURE_ESSENCE_POLO_SHIRT_HERO_FRONT.webp,a-bright-future-essence-polo-shirt,pink,1
A Bright Future Essence Polo Shirt — BRIGHT_YARN_A_BRIGHT_FUTURE_ESSENCE_POLO_SHIRT_HERO_BACK.webp,bright-yarn-model-bright-yarn-a-bright-future-essence-polo-shirt-hero-back,https://notanother-nz.github.io/total-image-product-assets/assets/BRIGHT_YARN_A_BRIGHT_FUTURE_ESSENCE_POLO_SHIRT/webp/model/BRIGHT_YARN_A_BRIGHT_FUTURE_ESSENCE_POLO_SHIRT_HERO_BACK.webp,a-bright-future-essence-polo-shirt,pink,2
A Bright Future Essence Polo Shirt — BRIGHT_YARN_A_BRIGHT_FUTURE_ESSENCE_POLO_SHIRT_HERO_CLOSEUP.webp,bright-yarn-model-bright-yarn-a-bright-future-essence-polo-shirt-hero-closeup,https://notanother-nz.github.io/total-image-product-assets/assets/BRIGHT_YARN_A_BRIGHT_FUTURE_ESSENCE_POLO_SHIRT/webp/model/BRIGHT_YARN_A_BRIGHT_FUTURE_ESSENCE_POLO_SHIRT_HERO_CLOSEUP.webp,a-bright-future-essence-polo-shirt,pink,3
A Bright Future Essence Polo Shirt — BRIGHT_YARN_A_BRIGHT_FUTURE_ESSENCE_POLO_SHIRT_HERO_SIDE.webp,bright-yarn-model-bright-yarn-a-bright-future-essence-polo-shirt-hero-side,https://notanother-nz.github.io/total-image-product-assets/assets/BRIGHT_YARN_A_BRIGHT_FUTURE_ESSENCE_POLO_SHIRT/webp/model/BRIGHT_YARN_A_BRIGHT_FUTURE_ESSENCE_POLO_SHIRT_HERO_SIDE.webp,a-bright-future-essence-polo-shirt,pink,4
A Bright Future Essence Polo Shirt — BRIGHT_YARN_A_BRIGHT_FUTURE_ESSENCE_POLO_SHIRT_PINK_FRONT.webp,bright-yarn-product-bright-yarn-a-bright-future-essence-polo-shirt-pink-front,https://notanother-nz.github.io/total-image-product-assets/assets/BRIGHT_YARN_A_BRIGHT_FUTURE_ESSENCE_POLO_SHIRT/webp/product/BRIGHT_YARN_A_BRIGHT_FUTURE_ESSENCE_POLO_SHIRT_PINK_FRONT.webp,a-bright-future-essence-polo-shirt,pink,5
A Bright Future Essence Polo Shirt — BRIGHT_YARN_A_BRIGHT_FUTURE_ESSENCE_POLO_SHIRT_PINK_BACK.webp,bright-yarn-product-bright-yarn-a-bright-future-essence-polo-shirt-pink-back,https://notanother-nz.github.io/total-image-product-assets/assets/BRIGHT_YARN_A_BRIGHT_FUTURE_ESSENCE_POLO_SHIRT/webp/product/BRIGHT_YARN_A_BRIGHT_FUTURE_ESSENCE_POLO_SHIRT_PINK_BACK.webp,a-bright-future-essence-polo-shirt,pink,6
Unisex -A Bright Future Essence Polo Shirt — BRIGHT_YARN_UNISEX_A_BRIGHT_FUTURE_ESSENCE_POLO_SHIRT_HERO_FRONT.webp,bright-yarn-unisex-model-bright-yarn-unisex-a-bright-future-essence-polo-shirt-hero-front,https://notanother-nz.github.io/total-image-product-assets/assets/BRIGHT_YARN_UNISEX_A_BRIGHT_FUTURE_ESSENCE_POLO_SHIRT/webp/model/BRIGHT_YARN_UNISEX_A_BRIGHT_FUTURE_ESSENCE_POLO_SHIRT_HERO_FRONT.webp,unisex-a-bright-future-essence-polo-shirt,pink,1
Unisex -A Bright Future Essence Polo Shirt — BRIGHT_YARN_UNISEX_A_BRIGHT_FUTURE_ESSENCE_POLO_SHIRT_HERO_BACK.webp,bright-yarn-unisex-model-bright-yarn-unisex-a-bright-future-essence-polo-shirt-hero-back,https://notanother-nz.github.io/total-image-product-assets/assets/BRIGHT_YARN_UNISEX_A_BRIGHT_FUTURE_ESSENCE_POLO_SHIRT/webp/model/BRIGHT_YARN_UNISEX_A_BRIGHT_FUTURE_ESSENCE_POLO_SHIRT_HERO_BACK.webp,unisex-a-bright-future-essence-polo-shirt,pink,2
Unisex -A Bright Future Essence Polo Shirt — BRIGHT_YARN_UNISEX_A_BRIGHT_FUTURE_ESSENCE_POLO_SHIRT_HERO_CLOSEUP.webp,bright-yarn-unisex-model-bright-yarn-unisex-a-bright-future-essence-polo-shirt-hero-closeup,https://notanother-nz.github.io/total-image-product-assets/assets/BRIGHT_YARN_UNISEX_A_BRIGHT_FUTURE_ESSENCE_POLO_SHIRT/webp/model/BRIGHT_YARN_UNISEX_A_BRIGHT_FUTURE_ESSENCE_POLO_SHIRT_HERO_CLOSEUP.webp,unisex-a-bright-future-essence-polo-shirt,pink,3
Unisex -A Bright Future Essence Polo Shirt — BRIGHT_YARN_UNISEX_A_BRIGHT_FUTURE_ESSENCE_POLO_SHIRT_HERO_SIDE.webp,bright-yarn-unisex-model-bright-yarn-unisex-a-bright-future-essence-polo-shirt-hero-side,https://notanother-nz.github.io/total-image-product-assets/assets/BRIGHT_YARN_UNISEX_A_BRIGHT_FUTURE_ESSENCE_POLO_SHIRT/webp/model/BRIGHT_YARN_UNISEX_A_BRIGHT_FUTURE_ESSENCE_POLO_SHIRT_HERO_SIDE.webp,unisex-a-bright-future-essence-polo-shirt,pink,4
Unisex -A Bright Future Essence Polo Shirt — BRIGHT_YARN_UNISEX_A_BRIGHT_FUTURE_ESSENCE_POLO_SHIRT_PINK_FRONT.webp,bright-yarn-unisex-product-bright-yarn-unisex-a-bright-future-essence-polo-shirt-pink-front,https://notanother-nz.github.io/total-image-product-assets/assets/BRIGHT_YARN_UNISEX_A_BRIGHT_FUTURE_ESSENCE_POLO_SHIRT/webp/product/BRIGHT_YARN_UNISEX_A_BRIGHT_FUTURE_ESSENCE_POLO_SHIRT_PINK_FRONT.webp,unisex-a-bright-future-essence-polo-shirt,pink,5
Unisex -A Bright Future Essence Polo Shirt — BRIGHT_YARN_UNISEX_A_BRIGHT_FUTURE_ESSENCE_POLO_SHIRT_PINK_BACK.webp,bright-yarn-unisex-product-bright-yarn-unisex-a-bright-future-essence-polo-shirt-pink-back,https://notanother-nz.github.io/total-image-product-assets/assets/BRIGHT_YARN_UNISEX_A_BRIGHT_FUTURE_ESSENCE_POLO_SHIRT/webp/product/BRIGHT_YARN_UNISEX_A_BRIGHT_FUTURE_ESSENCE_POLO_SHIRT_PINK_BACK.webp,unisex-a-bright-future-essence-polo-shirt,pink,6
Lawson Ladies Chino Short — BS021L_LAWSON_LADIES_CHINO_SHORT_ASIAN_NAVY_HERO_FRONT.webp,bs021l-model-bs021l-lawson-ladies-chino-short-asian-navy-hero-front,https://notanother-nz.github.io/total-image-product-assets/assets/BS021L_LAWSON_LADIES_CHINO_SHORT/webp/model/BS021L_LAWSON_LADIES_CHINO_SHORT_ASIAN_NAVY_HERO_FRONT.webp,lawson-ladies-chino-short,navy,1
Lawson Ladies Chino Short — BS021L_LAWSON_LADIES_CHINO_SHORT_BLACK_HERO_FRONT.webp,bs021l-model-bs021l-lawson-ladies-chino-short-black-hero-front,https://notanother-nz.github.io/total-image-product-assets/assets/BS021L_LAWSON_LADIES_CHINO_SHORT/webp/model/BS021L_LAWSON_LADIES_CHINO_SHORT_BLACK_HERO_FRONT.webp,lawson-ladies-chino-short,black,2
Lawson Ladies Chino Short — BS021L_LAWSON_LADIES_CHINO_SHORT_BLACK_INDIGENOUS_HERO_FRONT.webp,bs021l-model-bs021l-lawson-ladies-chino-short-black-indigenous-hero-front,https://notanother-nz.github.io/total-image-product-assets/assets/BS021L_LAWSON_LADIES_CHINO_SHORT/webp/model/BS021L_LAWSON_LADIES_CHINO_SHORT_BLACK_INDIGENOUS_HERO_FRONT.webp,lawson-ladies-chino-short,black,3
Lawson Ladies Chino Short — BS021L_LAWSON_LADIES_CHINO_SHORT_NAVY_ASIAN_HERO_FRONT.webp,bs021l-model-bs021l-lawson-ladies-chino-short-navy-asian-hero-front,https://notanother-nz.github.io/total-image-product-assets/assets/BS021L_LAWSON_LADIES_CHINO_SHORT/webp/model/BS021L_LAWSON_LADIES_CHINO_SHORT_NAVY_ASIAN_HERO_FRONT.webp,lawson-ladies-chino-short,navy,4
Lawson Ladies Chino Short — BS021L_LAWSON_LADIES_CHINO_SHORT_NAVY_HERO_FRONT.webp,bs021l-model-bs021l-lawson-ladies-chino-short-navy-hero-front,https://notanother-nz.github.io/total-image-product-assets/assets/BS021L_LAWSON_LADIES_CHINO_SHORT/webp/model/BS021L_LAWSON_LADIES_CHINO_SHORT_NAVY_HERO_FRONT.webp,lawson-ladies-chino-short,navy,5
Lawson Ladies Chino Short — BS021L_LAWSON_LADIES_CHINO_SHORT_ASIAN_NAVY_HERO_BACK.webp,bs021l-model-bs021l-lawson-ladies-chino-short-asian-navy-hero-back,https://notanother-nz.github.io/total-image-product-assets/assets/BS021L_LAWSON_LADIES_CHINO_SHORT/webp/model/BS021L_LAWSON_LADIES_CHINO_SHORT_ASIAN_NAVY_HERO_BACK.webp,lawson-ladies-chino-short,navy,6
Lawson Ladies Chino Short — BS021L_LAWSON_LADIES_CHINO_SHORT_BLACK_HERO_BACK.webp,bs021l-model-bs021l-lawson-ladies-chino-short-black-hero-back,https://notanother-nz.github.io/total-image-product-assets/assets/BS021L_LAWSON_LADIES_CHINO_SHORT/webp/model/BS021L_LAWSON_LADIES_CHINO_SHORT_BLACK_HERO_BACK.webp,lawson-ladies-chino-short,black,7
Lawson Ladies Chino Short — BS021L_LAWSON_LADIES_CHINO_SHORT_BLACK_INDIGENOUS_HERO_BACK.webp,bs021l-model-bs021l-lawson-ladies-chino-short-black-indigenous-hero-back,https://notanother-nz.github.io/total-image-product-assets/assets/BS021L_LAWSON_LADIES_CHINO_SHORT/webp/model/BS021L_LAWSON_LADIES_CHINO_SHORT_BLACK_INDIGENOUS_HERO_BACK.webp,lawson-ladies-chino-short,black,8
Lawson Ladies Chino Short — BS021L_LAWSON_LADIES_CHINO_SHORT_NAVY_ASIAN_HERO_BACK.webp,bs021l-model-bs021l-lawson-ladies-chino-short-navy-asian-hero-back,https://notanother-nz.github.io/total-image-product-assets/assets/BS021L_LAWSON_LADIES_CHINO_SHORT/webp/model/BS021L_LAWSON_LADIES_CHINO_SHORT_NAVY_ASIAN_HERO_BACK.webp,lawson-ladies-chino-short,navy,9
Lawson Ladies Chino Short — BS021L_LAWSON_LADIES_CHINO_SHORT_NAVY_HERO_BACK.webp,bs021l-model-bs021l-lawson-ladies-chino-short-navy-hero-back,https://notanother-nz.github.io/total-image-product-assets/assets/BS021L_LAWSON_LADIES_CHINO_SHORT/webp/model/BS021L_LAWSON_LADIES_CHINO_SHORT_NAVY_HERO_BACK.webp,lawson-ladies-chino-short,navy,10
Lawson Ladies Chino Short — BS021L_LAWSON_LADIES_CHINO_SHORT_ASIAN_NAVY_HERO_CLOSEUP.webp,bs021l-model-bs021l-lawson-ladies-chino-short-asian-navy-hero-closeup,https://notanother-nz.github.io/total-image-product-assets/assets/BS021L_LAWSON_LADIES_CHINO_SHORT/webp/model/BS021L_LAWSON_LADIES_CHINO_SHORT_ASIAN_NAVY_HERO_CLOSEUP.webp,lawson-ladies-chino-short,navy,11
Lawson Ladies Chino Short — BS021L_LAWSON_LADIES_CHINO_SHORT_BLACK_HERO_CLOSEUP.webp,bs021l-model-bs021l-lawson-ladies-chino-short-black-hero-closeup,https://notanother-nz.github.io/total-image-product-assets/assets/BS021L_LAWSON_LADIES_CHINO_SHORT/webp/model/BS021L_LAWSON_LADIES_CHINO_SHORT_BLACK_HERO_CLOSEUP.webp,lawson-ladies-chino-short,black,12
Lawson Ladies Chino Short — BS021L_LAWSON_LADIES_CHINO_SHORT_BLACK_INDIGENOUS_HERO_CLOSEUP.webp,bs021l-model-bs021l-lawson-ladies-chino-short-black-indigenous-hero-closeup,https://notanother-nz.github.io/total-image-product-assets/assets/BS021L_LAWSON_LADIES_CHINO_SHORT/webp/model/BS021L_LAWSON_LADIES_CHINO_SHORT_BLACK_INDIGENOUS_HERO_CLOSEUP.webp,lawson-ladies-chino-short,black,13
Lawson Ladies Chino Short — BS021L_LAWSON_LADIES_CHINO_SHORT_NAVY_ASIAN_HERO_CLOSEUP.webp,bs021l-model-bs021l-lawson-ladies-chino-short-navy-asian-hero-closeup,https://notanother-nz.github.io/total-image-product-assets/assets/BS021L_LAWSON_LADIES_CHINO_SHORT/webp/model/BS021L_LAWSON_LADIES_CHINO_SHORT_NAVY_ASIAN_HERO_CLOSEUP.webp,lawson-ladies-chino-short,navy,14
Lawson Ladies Chino Short — BS021L_LAWSON_LADIES_CHINO_SHORT_NAVY_HERO_CLOSEUP.webp,bs021l-model-bs021l-lawson-ladies-chino-short-navy-hero-closeup,https://notanother-nz.github.io/total-image-product-assets/assets/BS021L_LAWSON_LADIES_CHINO_SHORT/webp/model/BS021L_LAWSON_LADIES_CHINO_SHORT_NAVY_HERO_CLOSEUP.webp,lawson-ladies-chino-short,navy,15
Lawson Ladies Chino Short — BS021L_LAWSON_LADIES_CHINO_SHORT_ASIAN_NAVY_HERO_SIDE.webp,bs021l-model-bs021l-lawson-ladies-chino-short-asian-navy-hero-side,https://notanother-nz.github.io/total-image-product-assets/assets/BS021L_LAWSON_LADIES_CHINO_SHORT/webp/model/BS021L_LAWSON_LADIES_CHINO_SHORT_ASIAN_NAVY_HERO_SIDE.webp,lawson-ladies-chino-short,navy,16
Lawson Ladies Chino Short — BS021L_LAWSON_LADIES_CHINO_SHORT_BLACK_HERO_SIDE.webp,bs021l-model-bs021l-lawson-ladies-chino-short-black-hero-side,https://notanother-nz.github.io/total-image-product-assets/assets/BS021L_LAWSON_LADIES_CHINO_SHORT/webp/model/BS021L_LAWSON_LADIES_CHINO_SHORT_BLACK_HERO_SIDE.webp,lawson-ladies-chino-short,black,17
Lawson Ladies Chino Short — BS021L_LAWSON_LADIES_CHINO_SHORT_BLACK_INDIGENOUS_HERO_SIDE.webp,bs021l-model-bs021l-lawson-ladies-chino-short-black-indigenous-hero-side,https://notanother-nz.github.io/total-image-product-assets/assets/BS021L_LAWSON_LADIES_CHINO_SHORT/webp/model/BS021L_LAWSON_LADIES_CHINO_SHORT_BLACK_INDIGENOUS_HERO_SIDE.webp,lawson-ladies-chino-short,black,18
Lawson Ladies Chino Short — BS021L_LAWSON_LADIES_CHINO_SHORT_NAVY_ASIAN_HERO_SIDE.webp,bs021l-model-bs021l-lawson-ladies-chino-short-navy-asian-hero-side,https://notanother-nz.github.io/total-image-product-assets/assets/BS021L_LAWSON_LADIES_CHINO_SHORT/webp/model/BS021L_LAWSON_LADIES_CHINO_SHORT_NAVY_ASIAN_HERO_SIDE.webp,lawson-ladies-chino-short,navy,19
Lawson Ladies Chino Short — BS021L_LAWSON_LADIES_CHINO_SHORT_NAVY_HERO_SIDE.webp,bs021l-model-bs021l-lawson-ladies-chino-short-navy-hero-side,https://notanother-nz.github.io/total-image-product-assets/assets/BS021L_LAWSON_LADIES_CHINO_SHORT/webp/model/BS021L_LAWSON_LADIES_CHINO_SHORT_NAVY_HERO_SIDE.webp,lawson-ladies-chino-short,navy,20
Lawson Ladies Chino Short — BS021L_LAWSON_LADIES_CHINO_SHORT_BLACK_FRONT.webp,bs021l-product-bs021l-lawson-ladies-chino-short-black-front,https://notanother-nz.github.io/total-image-product-assets/assets/BS021L_LAWSON_LADIES_CHINO_SHORT/webp/product/BS021L_LAWSON_LADIES_CHINO_SHORT_BLACK_FRONT.webp,lawson-ladies-chino-short,black,21
Lawson Ladies Chino Short — BS021L_LAWSON_LADIES_CHINO_SHORT_DARK_STONE_FRONT.webp,bs021l-product-bs021l-lawson-ladies-chino-short-dark-stone-front,https://notanother-nz.github.io/total-image-product-assets/assets/BS021L_LAWSON_LADIES_CHINO_SHORT/webp/product/BS021L_LAWSON_LADIES_CHINO_SHORT_DARK_STONE_FRONT.webp,lawson-ladies-chino-short,dark-stone,22
Lawson Ladies Chino Short — BS021L_LAWSON_LADIES_CHINO_SHORT_GREY_FRONT.webp,bs021l-product-bs021l-lawson-ladies-chino-short-grey-front,https://notanother-nz.github.io/total-image-product-assets/assets/BS021L_LAWSON_LADIES_CHINO_SHORT/webp/product/BS021L_LAWSON_LADIES_CHINO_SHORT_GREY_FRONT.webp,lawson-ladies-chino-short,grey,23
Lawson Ladies Chino Short — BS021L_LAWSON_LADIES_CHINO_SHORT_NAVY_FRONT.webp,bs021l-product-bs021l-lawson-ladies-chino-short-navy-front,https://notanother-nz.github.io/total-image-product-assets/assets/BS021L_LAWSON_LADIES_CHINO_SHORT/webp/product/BS021L_LAWSON_LADIES_CHINO_SHORT_NAVY_FRONT.webp,lawson-ladies-chino-short,navy,24
Lawson Ladies Chino Short — BS021L_LAWSON_LADIES_CHINO_SHORT_BLACK_BACK.webp,bs021l-product-bs021l-lawson-ladies-chino-short-black-back,https://notanother-nz.github.io/total-image-product-assets/assets/BS021L_LAWSON_LADIES_CHINO_SHORT/webp/product/BS021L_LAWSON_LADIES_CHINO_SHORT_BLACK_BACK.webp,lawson-ladies-chino-short,black,25
Lawson Ladies Chino Short — BS021L_LAWSON_LADIES_CHINO_SHORT_DARK_STONE_BACK.webp,bs021l-product-bs021l-lawson-ladies-chino-short-dark-stone-back,https://notanother-nz.github.io/total-image-product-assets/assets/BS021L_LAWSON_LADIES_CHINO_SHORT/webp/product/BS021L_LAWSON_LADIES_CHINO_SHORT_DARK_STONE_BACK.webp,lawson-ladies-chino-short,dark-stone,26
Lawson Ladies Chino Short — BS021L_LAWSON_LADIES_CHINO_SHORT_GREY_BACK.webp,bs021l-product-bs021l-lawson-ladies-chino-short-grey-back,https://notanother-nz.github.io/total-image-product-assets/assets/BS021L_LAWSON_LADIES_CHINO_SHORT/webp/product/BS021L_LAWSON_LADIES_CHINO_SHORT_GREY_BACK.webp,lawson-ladies-chino-short,grey,27
Lawson Ladies Chino Short — BS021L_LAWSON_LADIES_CHINO_SHORT_NAVY_BACK.webp,bs021l-product-bs021l-lawson-ladies-chino-short-navy-back,https://notanother-nz.github.io/total-image-product-assets/assets/BS021L_LAWSON_LADIES_CHINO_SHORT/webp/product/BS021L_LAWSON_LADIES_CHINO_SHORT_NAVY_BACK.webp,lawson-ladies-chino-short,navy,28
Lawson Ladies Chino Skirt — BS022L_LAWSON_LADIES_CHINO_SKIRT_GREY_HERO_FRONT.webp,bs022l-model-bs022l-lawson-ladies-chino-skirt-grey-hero-front,https://notanother-nz.github.io/total-image-product-assets/assets/BS022L_LAWSON_LADIES_CHINO_SKIRT/webp/model/BS022L_LAWSON_LADIES_CHINO_SKIRT_GREY_HERO_FRONT.webp,lawson-ladies-chino-skirt,grey,1
Lawson Ladies Chino Skirt — BS022L_LAWSON_LADIES_CHINO_SKIRT_GREY_HERO_BACK.webp,bs022l-model-bs022l-lawson-ladies-chino-skirt-grey-hero-back,https://notanother-nz.github.io/total-image-product-assets/assets/BS022L_LAWSON_LADIES_CHINO_SKIRT/webp/model/BS022L_LAWSON_LADIES_CHINO_SKIRT_GREY_HERO_BACK.webp,lawson-ladies-chino-skirt,grey,2
Lawson Ladies Chino Skirt — BS022L_LAWSON_LADIES_CHINO_SKIRT_GREY_HERO_CLOSEUP.webp,bs022l-model-bs022l-lawson-ladies-chino-skirt-grey-hero-closeup,https://notanother-nz.github.io/total-image-product-assets/assets/BS022L_LAWSON_LADIES_CHINO_SKIRT/webp/model/BS022L_LAWSON_LADIES_CHINO_SKIRT_GREY_HERO_CLOSEUP.webp,lawson-ladies-chino-skirt,grey,3
Lawson Ladies Chino Skirt — BS022L_LAWSON_LADIES_CHINO_SKIRT_GREY_HERO_SIDE.webp,bs022l-model-bs022l-lawson-ladies-chino-skirt-grey-hero-side,https://notanother-nz.github.io/total-image-product-assets/assets/BS022L_LAWSON_LADIES_CHINO_SKIRT/webp/model/BS022L_LAWSON_LADIES_CHINO_SKIRT_GREY_HERO_SIDE.webp,lawson-ladies-chino-skirt,grey,4
Lawson Ladies Chino Skirt — BS022L_LAWSON_LADIES_CHINO_SKIRT_BLACK_FRONT.webp,bs022l-product-bs022l-lawson-ladies-chino-skirt-black-front,https://notanother-nz.github.io/total-image-product-assets/assets/BS022L_LAWSON_LADIES_CHINO_SKIRT/webp/product/BS022L_LAWSON_LADIES_CHINO_SKIRT_BLACK_FRONT.webp,lawson-ladies-chino-skirt,black,5
Lawson Ladies Chino Skirt — BS022L_LAWSON_LADIES_CHINO_SKIRT_DARK_STONE_FRONT.webp,bs022l-product-bs022l-lawson-ladies-chino-skirt-dark-stone-front,https://notanother-nz.github.io/total-image-product-assets/assets/BS022L_LAWSON_LADIES_CHINO_SKIRT/webp/product/BS022L_LAWSON_LADIES_CHINO_SKIRT_DARK_STONE_FRONT.webp,lawson-ladies-chino-skirt,dark-stone,6
Lawson Ladies Chino Skirt — BS022L_LAWSON_LADIES_CHINO_SKIRT_GREY_FRONT.webp,bs022l-product-bs022l-lawson-ladies-chino-skirt-grey-front,https://notanother-nz.github.io/total-image-product-assets/assets/BS022L_LAWSON_LADIES_CHINO_SKIRT/webp/product/BS022L_LAWSON_LADIES_CHINO_SKIRT_GREY_FRONT.webp,lawson-ladies-chino-skirt,grey,7
Lawson Ladies Chino Skirt — BS022L_LAWSON_LADIES_CHINO_SKIRT_NAVY_FRONT.webp,bs022l-product-bs022l-lawson-ladies-chino-skirt-navy-front,https://notanother-nz.github.io/total-image-product-assets/assets/BS022L_LAWSON_LADIES_CHINO_SKIRT/webp/product/BS022L_LAWSON_LADIES_CHINO_SKIRT_NAVY_FRONT.webp,lawson-ladies-chino-skirt,navy,8
Lawson Ladies Chino Skirt — BS022L_LAWSON_LADIES_CHINO_SKIRT_BLACK_BACK.webp,bs022l-product-bs022l-lawson-ladies-chino-skirt-black-back,https://notanother-nz.github.io/total-image-product-assets/assets/BS022L_LAWSON_LADIES_CHINO_SKIRT/webp/product/BS022L_LAWSON_LADIES_CHINO_SKIRT_BLACK_BACK.webp,lawson-ladies-chino-skirt,black,9
Lawson Ladies Chino Skirt — BS022L_LAWSON_LADIES_CHINO_SKIRT_DARK_STONE_BACK.webp,bs022l-product-bs022l-lawson-ladies-chino-skirt-dark-stone-back,https://notanother-nz.github.io/total-image-product-assets/assets/BS022L_LAWSON_LADIES_CHINO_SKIRT/webp/product/BS022L_LAWSON_LADIES_CHINO_SKIRT_DARK_STONE_BACK.webp,lawson-ladies-chino-skirt,dark-stone,10
Lawson Ladies Chino Skirt — BS022L_LAWSON_LADIES_CHINO_SKIRT_GREY_BACK.webp,bs022l-product-bs022l-lawson-ladies-chino-skirt-grey-back,https://notanother-nz.github.io/total-image-product-assets/assets/BS022L_LAWSON_LADIES_CHINO_SKIRT/webp/product/BS022L_LAWSON_LADIES_CHINO_SKIRT_GREY_BACK.webp,lawson-ladies-chino-skirt,grey,11
Lawson Ladies Chino Skirt — BS022L_LAWSON_LADIES_CHINO_SKIRT_NAVY_BACK.webp,bs022l-product-bs022l-lawson-ladies-chino-skirt-navy-back,https://notanother-nz.github.io/total-image-product-assets/assets/BS022L_LAWSON_LADIES_CHINO_SKIRT/webp/product/BS022L_LAWSON_LADIES_CHINO_SKIRT_NAVY_BACK.webp,lawson-ladies-chino-skirt,navy,12
Ladies Bella Pant — BS125L_Bella_Womens_Pant_Hero_Front.webp,bs125l-model-bs125l-bella-womens-pant-hero-front,https://notanother-nz.github.io/total-image-product-assets/assets/BS125L_LADIES_BELLA_PANT/webp/model/BS125L_Bella_Womens_Pant_Hero_Front.webp,ladies-bella-pant,,1
Ladies Bella Pant — BS125L_LADIES_BELLA_PANT_NAVY__HERO_FRONT.webp,bs125l-model-bs125l-ladies-bella-pant-navy-hero-front,https://notanother-nz.github.io/total-image-product-assets/assets/BS125L_LADIES_BELLA_PANT/webp/model/BS125L_LADIES_BELLA_PANT_NAVY__HERO_FRONT.webp,ladies-bella-pant,navy,2
Ladies Bella Pant — BS125L_Bella_Womens_Pant_Hero_Back.webp,bs125l-model-bs125l-bella-womens-pant-hero-back,https://notanother-nz.github.io/total-image-product-assets/assets/BS125L_LADIES_BELLA_PANT/webp/model/BS125L_Bella_Womens_Pant_Hero_Back.webp,ladies-bella-pant,,3
Ladies Bella Pant — BS125L_LADIES_BELLA_PANT_NAVY__HERO_BACK.webp,bs125l-model-bs125l-ladies-bella-pant-navy-hero-back,https://notanother-nz.github.io/total-image-product-assets/assets/BS125L_LADIES_BELLA_PANT/webp/model/BS125L_LADIES_BELLA_PANT_NAVY__HERO_BACK.webp,ladies-bella-pant,navy,4
Ladies Bella Pant — BS125L_LADIES_BELLA_PANT_NAVY__HERO_CLOSEUP.webp,bs125l-model-bs125l-ladies-bella-pant-navy-hero-closeup,https://notanother-nz.github.io/total-image-product-assets/assets/BS125L_LADIES_BELLA_PANT/webp/model/BS125L_LADIES_BELLA_PANT_NAVY__HERO_CLOSEUP.webp,ladies-bella-pant,navy,5
Ladies Bella Pant — BS125L_Bella_Womens_Pant_Hero_Side.webp,bs125l-model-bs125l-bella-womens-pant-hero-side,https://notanother-nz.github.io/total-image-product-assets/assets/BS125L_LADIES_BELLA_PANT/webp/model/BS125L_Bella_Womens_Pant_Hero_Side.webp,ladies-bella-pant,,6
Ladies Bella Pant — BS125L_LADIES_BELLA_PANT_NAVY__HERO_SIDE.webp,bs125l-model-bs125l-ladies-bella-pant-navy-hero-side,https://notanother-nz.github.io/total-image-product-assets/assets/BS125L_LADIES_BELLA_PANT/webp/model/BS125L_LADIES_BELLA_PANT_NAVY__HERO_SIDE.webp,ladies-bella-pant,navy,7
Ladies Bella Pant — BS125L_LADIES_BELLA_PANT_NAVY_FRONT.webp,bs125l-product-bs125l-ladies-bella-pant-navy-front,https://notanother-nz.github.io/total-image-product-assets/assets/BS125L_LADIES_BELLA_PANT/webp/product/BS125L_LADIES_BELLA_PANT_NAVY_FRONT.webp,ladies-bella-pant,navy,8
Ladies Bella Pant — BS125L_Bella_Womens_Pant_Black_Back_View.webp,bs125l-product-bs125l-bella-womens-pant-black-back-view,https://notanother-nz.github.io/total-image-product-assets/assets/BS125L_LADIES_BELLA_PANT/webp/product/BS125L_Bella_Womens_Pant_Black_Back_View.webp,ladies-bella-pant,black,9
Ladies Bella Pant — BS125L_LADIES_BELLA_PANT_NAVY_BACK.webp,bs125l-product-bs125l-ladies-bella-pant-navy-back,https://notanother-nz.github.io/total-image-product-assets/assets/BS125L_LADIES_BELLA_PANT/webp/product/BS125L_LADIES_BELLA_PANT_NAVY_BACK.webp,ladies-bella-pant,navy,10
Ladies Bella Pant — BS125L_Bella_Womens_Pant_Black_View.webp,bs125l-product-bs125l-bella-womens-pant-black-view,https://notanother-nz.github.io/total-image-product-assets/assets/BS125L_LADIES_BELLA_PANT/webp/product/BS125L_Bella_Womens_Pant_Black_View.webp,ladies-bella-pant,black,11
Taped Hi Vis Cool Lightweight S/S Shirt — BS1896_TAPED_HI_VIS_COOL_LIGHTWEIGHT_SHORT_SLEEVE_SHIRT_HERO_FRONT.webp,bs1896-model-bs1896-taped-hi-vis-cool-lightweight-short-sleeve-shirt-hero-front,https://notanother-nz.github.io/total-image-product-assets/assets/BS1896_TAPED_HI_VIS_COOL_LIGHTWEIGHT_SHORT_SLEEVE_SHIRT/webp/model/BS1896_TAPED_HI_VIS_COOL_LIGHTWEIGHT_SHORT_SLEEVE_SHIRT_HERO_FRONT.webp,taped-hi-vis-cool-lightweight-s-s-shirt,,1
Taped Hi Vis Cool Lightweight S/S Shirt — BS1896_TAPED_HI_VIS_COOL_LIGHTWEIGHT_SHORT_SLEEVE_SHIRT_HERO_BACK.webp,bs1896-model-bs1896-taped-hi-vis-cool-lightweight-short-sleeve-shirt-hero-back,https://notanother-nz.github.io/total-image-product-assets/assets/BS1896_TAPED_HI_VIS_COOL_LIGHTWEIGHT_SHORT_SLEEVE_SHIRT/webp/model/BS1896_TAPED_HI_VIS_COOL_LIGHTWEIGHT_SHORT_SLEEVE_SHIRT_HERO_BACK.webp,taped-hi-vis-cool-lightweight-s-s-shirt,,2
Taped Hi Vis Cool Lightweight S/S Shirt — BS1896_TAPED_HI_VIS_COOL_LIGHTWEIGHT_SHORT_SLEEVE_SHIRT_HERO_CLOSEUP.webp,bs1896-model-bs1896-taped-hi-vis-cool-lightweight-short-sleeve-shirt-hero-closeup,https://notanother-nz.github.io/total-image-product-assets/assets/BS1896_TAPED_HI_VIS_COOL_LIGHTWEIGHT_SHORT_SLEEVE_SHIRT/webp/model/BS1896_TAPED_HI_VIS_COOL_LIGHTWEIGHT_SHORT_SLEEVE_SHIRT_HERO_CLOSEUP.webp,taped-hi-vis-cool-lightweight-s-s-shirt,,3
Taped Hi Vis Cool Lightweight S/S Shirt — BS1896_TAPED_HI_VIS_COOL_LIGHTWEIGHT_SHORT_SLEEVE_SHIRT_HERO_SIDE.webp,bs1896-model-bs1896-taped-hi-vis-cool-lightweight-short-sleeve-shirt-hero-side,https://notanother-nz.github.io/total-image-product-assets/assets/BS1896_TAPED_HI_VIS_COOL_LIGHTWEIGHT_SHORT_SLEEVE_SHIRT/webp/model/BS1896_TAPED_HI_VIS_COOL_LIGHTWEIGHT_SHORT_SLEEVE_SHIRT_HERO_SIDE.webp,taped-hi-vis-cool-lightweight-s-s-shirt,,4
Taped Hi Vis Cool Lightweight S/S Shirt — BS1896_TAPED_HI_VIS_COOL_LIGHTWEIGHT_SHORT_SLEEVE_SHIRT_ORANGE_NAVY_FRONT.webp,bs1896-product-bs1896-taped-hi-vis-cool-lightweight-short-sleeve-shirt-orange-navy-front,https://notanother-nz.github.io/total-image-product-assets/assets/BS1896_TAPED_HI_VIS_COOL_LIGHTWEIGHT_SHORT_SLEEVE_SHIRT/webp/product/BS1896_TAPED_HI_VIS_COOL_LIGHTWEIGHT_SHORT_SLEEVE_SHIRT_ORANGE_NAVY_FRONT.webp,taped-hi-vis-cool-lightweight-s-s-shirt,orange-navy,5
Taped Hi Vis Cool Lightweight S/S Shirt — BS1896_TAPED_HI_VIS_COOL_LIGHTWEIGHT_SHORT_SLEEVE_SHIRT_YELLOW_NAVY_FRONT.webp,bs1896-product-bs1896-taped-hi-vis-cool-lightweight-short-sleeve-shirt-yellow-navy-front,https://notanother-nz.github.io/total-image-product-assets/assets/BS1896_TAPED_HI_VIS_COOL_LIGHTWEIGHT_SHORT_SLEEVE_SHIRT/webp/product/BS1896_TAPED_HI_VIS_COOL_LIGHTWEIGHT_SHORT_SLEEVE_SHIRT_YELLOW_NAVY_FRONT.webp,taped-hi-vis-cool-lightweight-s-s-shirt,yellow-navy,6
Taped Hi Vis Cool Lightweight S/S Shirt — BS1896_TAPED_HI_VIS_COOL_LIGHTWEIGHT_SHORT_SLEEVE_SHIRT_ORANGE_NAVY_BACK.webp,bs1896-product-bs1896-taped-hi-vis-cool-lightweight-short-sleeve-shirt-orange-navy-back,https://notanother-nz.github.io/total-image-product-assets/assets/BS1896_TAPED_HI_VIS_COOL_LIGHTWEIGHT_SHORT_SLEEVE_SHIRT/webp/product/BS1896_TAPED_HI_VIS_COOL_LIGHTWEIGHT_SHORT_SLEEVE_SHIRT_ORANGE_NAVY_BACK.webp,taped-hi-vis-cool-lightweight-s-s-shirt,orange-navy,7
Taped Hi Vis Cool Lightweight S/S Shirt — BS1896_TAPED_HI_VIS_COOL_LIGHTWEIGHT_SHORT_SLEEVE_SHIRT_YELLOW_NAVY_BACK.webp,bs1896-product-bs1896-taped-hi-vis-cool-lightweight-short-sleeve-shirt-yellow-navy-back,https://notanother-nz.github.io/total-image-product-assets/assets/BS1896_TAPED_HI_VIS_COOL_LIGHTWEIGHT_SHORT_SLEEVE_SHIRT/webp/product/BS1896_TAPED_HI_VIS_COOL_LIGHTWEIGHT_SHORT_SLEEVE_SHIRT_YELLOW_NAVY_BACK.webp,taped-hi-vis-cool-lightweight-s-s-shirt,yellow-navy,8
Women's Venture Pant — BS423L_Women's Venture Pant_Black_HERO_FRONT.webp,bs423l-model-bs423l-womens-venture-pant-black-hero-front,https://notanother-nz.github.io/total-image-product-assets/assets/BS423L_WOMEN'S_VENTURE_PANT/webp/model/BS423L_Women's%20Venture%20Pant_Black_HERO_FRONT.webp,womens-venture-pant,black,1
Women's Venture Pant — BS423L_WOMEN'S_VENTURE_PANT_BLACK_ASIAN_HERO_FRONT.webp,bs423l-model-bs423l-womens-venture-pant-black-asian-hero-front,https://notanother-nz.github.io/total-image-product-assets/assets/BS423L_WOMEN'S_VENTURE_PANT/webp/model/BS423L_WOMEN'S_VENTURE_PANT_BLACK_ASIAN_HERO_FRONT.webp,womens-venture-pant,black,2
Women's Venture Pant — BS423L_WOMEN'S_VENTURE_PANT_BLACK_HERO_FRONT__jpg.webp,bs423l-model-bs423l-womens-venture-pant-black-hero-front-jpg,https://notanother-nz.github.io/total-image-product-assets/assets/BS423L_WOMEN'S_VENTURE_PANT/webp/model/BS423L_WOMEN'S_VENTURE_PANT_BLACK_HERO_FRONT__jpg.webp,womens-venture-pant,black,3
Women's Venture Pant — BS423L_WOMEN'S_VENTURE_PANT_BLACK_HERO_FRONT__png.webp,bs423l-model-bs423l-womens-venture-pant-black-hero-front-png,https://notanother-nz.github.io/total-image-product-assets/assets/BS423L_WOMEN'S_VENTURE_PANT/webp/model/BS423L_WOMEN'S_VENTURE_PANT_BLACK_HERO_FRONT__png.webp,womens-venture-pant,black,4
Women's Venture Pant — BS423L_WOMEN'S_VENTURE_PANT_BLACK_PLUS_SIZE_HERO_FRONT.webp,bs423l-model-bs423l-womens-venture-pant-black-plus-size-hero-front,https://notanother-nz.github.io/total-image-product-assets/assets/BS423L_WOMEN'S_VENTURE_PANT/webp/model/BS423L_WOMEN'S_VENTURE_PANT_BLACK_PLUS_SIZE_HERO_FRONT.webp,womens-venture-pant,black,5
Women's Venture Pant — WOMEN'S_VENTURE_PANT_BLACK_HERO_FRONT.webp,bs423l-model-womens-venture-pant-black-hero-front,https://notanother-nz.github.io/total-image-product-assets/assets/BS423L_WOMEN'S_VENTURE_PANT/webp/model/WOMEN'S_VENTURE_PANT_BLACK_HERO_FRONT.webp,womens-venture-pant,black,6
Women's Venture Pant — BS423L_Women's Venture Pant_Black_HERO_BACK.webp,bs423l-model-bs423l-womens-venture-pant-black-hero-back,https://notanother-nz.github.io/total-image-product-assets/assets/BS423L_WOMEN'S_VENTURE_PANT/webp/model/BS423L_Women's%20Venture%20Pant_Black_HERO_BACK.webp,womens-venture-pant,black,7
Women's Venture Pant — BS423L_WOMEN'S_VENTURE_PANT_BLACK_ASIAN_HERO_BACK.webp,bs423l-model-bs423l-womens-venture-pant-black-asian-hero-back,https://notanother-nz.github.io/total-image-product-assets/assets/BS423L_WOMEN'S_VENTURE_PANT/webp/model/BS423L_WOMEN'S_VENTURE_PANT_BLACK_ASIAN_HERO_BACK.webp,womens-venture-pant,black,8
Women's Venture Pant — BS423L_WOMEN'S_VENTURE_PANT_BLACK_HERO_BACK__jpg.webp,bs423l-model-bs423l-womens-venture-pant-black-hero-back-jpg,https://notanother-nz.github.io/total-image-product-assets/assets/BS423L_WOMEN'S_VENTURE_PANT/webp/model/BS423L_WOMEN'S_VENTURE_PANT_BLACK_HERO_BACK__jpg.webp,womens-venture-pant,black,9
Women's Venture Pant — BS423L_WOMEN'S_VENTURE_PANT_BLACK_HERO_BACK__png.webp,bs423l-model-bs423l-womens-venture-pant-black-hero-back-png,https://notanother-nz.github.io/total-image-product-assets/assets/BS423L_WOMEN'S_VENTURE_PANT/webp/model/BS423L_WOMEN'S_VENTURE_PANT_BLACK_HERO_BACK__png.webp,womens-venture-pant,black,10
Women's Venture Pant — BS423L_WOMEN'S_VENTURE_PANT_BLACK_PLUS_SIZE_HERO_BACK.webp,bs423l-model-bs423l-womens-venture-pant-black-plus-size-hero-back,https://notanother-nz.github.io/total-image-product-assets/assets/BS423L_WOMEN'S_VENTURE_PANT/webp/model/BS423L_WOMEN'S_VENTURE_PANT_BLACK_PLUS_SIZE_HERO_BACK.webp,womens-venture-pant,black,11
Women's Venture Pant — WOMEN'S_VENTURE_PANT_BLACK_HERO_BACK.webp,bs423l-model-womens-venture-pant-black-hero-back,https://notanother-nz.github.io/total-image-product-assets/assets/BS423L_WOMEN'S_VENTURE_PANT/webp/model/WOMEN'S_VENTURE_PANT_BLACK_HERO_BACK.webp,womens-venture-pant,black,12
Women's Venture Pant — BS423L_Women's Venture Pant_Black_HERO_CLOSEUP.webp,bs423l-model-bs423l-womens-venture-pant-black-hero-closeup,https://notanother-nz.github.io/total-image-product-assets/assets/BS423L_WOMEN'S_VENTURE_PANT/webp/model/BS423L_Women's%20Venture%20Pant_Black_HERO_CLOSEUP.webp,womens-venture-pant,black,13
Women's Venture Pant — BS423L_WOMEN'S_VENTURE_PANT_BLACK_ASIAN_HERO_CLOSEUP.webp,bs423l-model-bs423l-womens-venture-pant-black-asian-hero-closeup,https://notanother-nz.github.io/total-image-product-assets/assets/BS423L_WOMEN'S_VENTURE_PANT/webp/model/BS423L_WOMEN'S_VENTURE_PANT_BLACK_ASIAN_HERO_CLOSEUP.webp,womens-venture-pant,black,14
Women's Venture Pant — BS423L_WOMEN'S_VENTURE_PANT_BLACK_HERO_CLOSEUP__jpg.webp,bs423l-model-bs423l-womens-venture-pant-black-hero-closeup-jpg,https://notanother-nz.github.io/total-image-product-assets/assets/BS423L_WOMEN'S_VENTURE_PANT/webp/model/BS423L_WOMEN'S_VENTURE_PANT_BLACK_HERO_CLOSEUP__jpg.webp,womens-venture-pant,black,15
Women's Venture Pant — BS423L_WOMEN'S_VENTURE_PANT_BLACK_HERO_CLOSEUP__png.webp,bs423l-model-bs423l-womens-venture-pant-black-hero-closeup-png,https://notanother-nz.github.io/total-image-product-assets/assets/BS423L_WOMEN'S_VENTURE_PANT/webp/model/BS423L_WOMEN'S_VENTURE_PANT_BLACK_HERO_CLOSEUP__png.webp,womens-venture-pant,black,16
Women's Venture Pant — BS423L_WOMEN'S_VENTURE_PANT_BLACK_PLUS_SIZE_HERO_CLOSEUP.webp,bs423l-model-bs423l-womens-venture-pant-black-plus-size-hero-closeup,https://notanother-nz.github.io/total-image-product-assets/assets/BS423L_WOMEN'S_VENTURE_PANT/webp/model/BS423L_WOMEN'S_VENTURE_PANT_BLACK_PLUS_SIZE_HERO_CLOSEUP.webp,womens-venture-pant,black,17
Women's Venture Pant — WOMEN'S_VENTURE_PANT_BLACK_HERO_CLOSEUP.webp,bs423l-model-womens-venture-pant-black-hero-closeup,https://notanother-nz.github.io/total-image-product-assets/assets/BS423L_WOMEN'S_VENTURE_PANT/webp/model/WOMEN'S_VENTURE_PANT_BLACK_HERO_CLOSEUP.webp,womens-venture-pant,black,18
Women's Venture Pant — BS423L_Women's Venture Pant_Black_HERO_SIDE.webp,bs423l-model-bs423l-womens-venture-pant-black-hero-side,https://notanother-nz.github.io/total-image-product-assets/assets/BS423L_WOMEN'S_VENTURE_PANT/webp/model/BS423L_Women's%20Venture%20Pant_Black_HERO_SIDE.webp,womens-venture-pant,black,19
Women's Venture Pant — BS423L_WOMEN'S_VENTURE_PANT_BLACK_ASIAN_HERO_SIDE.webp,bs423l-model-bs423l-womens-venture-pant-black-asian-hero-side,https://notanother-nz.github.io/total-image-product-assets/assets/BS423L_WOMEN'S_VENTURE_PANT/webp/model/BS423L_WOMEN'S_VENTURE_PANT_BLACK_ASIAN_HERO_SIDE.webp,womens-venture-pant,black,20
Women's Venture Pant — BS423L_WOMEN'S_VENTURE_PANT_BLACK_HERO_SIDE__jpg.webp,bs423l-model-bs423l-womens-venture-pant-black-hero-side-jpg,https://notanother-nz.github.io/total-image-product-assets/assets/BS423L_WOMEN'S_VENTURE_PANT/webp/model/BS423L_WOMEN'S_VENTURE_PANT_BLACK_HERO_SIDE__jpg.webp,womens-venture-pant,black,21
Women's Venture Pant — BS423L_WOMEN'S_VENTURE_PANT_BLACK_HERO_SIDE__png.webp,bs423l-model-bs423l-womens-venture-pant-black-hero-side-png,https://notanother-nz.github.io/total-image-product-assets/assets/BS423L_WOMEN'S_VENTURE_PANT/webp/model/BS423L_WOMEN'S_VENTURE_PANT_BLACK_HERO_SIDE__png.webp,womens-venture-pant,black,22
Women's Venture Pant — BS423L_WOMEN'S_VENTURE_PANT_BLACK_PLUS_SIZE_HERO_SIDE.webp,bs423l-model-bs423l-womens-venture-pant-black-plus-size-hero-side,https://notanother-nz.github.io/total-image-product-assets/assets/BS423L_WOMEN'S_VENTURE_PANT/webp/model/BS423L_WOMEN'S_VENTURE_PANT_BLACK_PLUS_SIZE_HERO_SIDE.webp,womens-venture-pant,black,23
Women's Venture Pant — WOMEN'S_VENTURE_PANT_BLACK_HERO_SIDE.webp,bs423l-model-womens-venture-pant-black-hero-side,https://notanother-nz.github.io/total-image-product-assets/assets/BS423L_WOMEN'S_VENTURE_PANT/webp/model/WOMEN'S_VENTURE_PANT_BLACK_HERO_SIDE.webp,womens-venture-pant,black,24
Women's Venture Pant — BS423L_WOMEN'S_VENTURE_PANT_BLACK_FRONT.webp,bs423l-product-bs423l-womens-venture-pant-black-front,https://notanother-nz.github.io/total-image-product-assets/assets/BS423L_WOMEN'S_VENTURE_PANT/webp/product/BS423L_WOMEN'S_VENTURE_PANT_BLACK_FRONT.webp,womens-venture-pant,black,25
Women's Venture Pant — BS423L_WOMEN'S_VENTURE_PANT_BLACK_BACK.webp,bs423l-product-bs423l-womens-venture-pant-black-back,https://notanother-nz.github.io/total-image-product-assets/assets/BS423L_WOMEN'S_VENTURE_PANT/webp/product/BS423L_WOMEN'S_VENTURE_PANT_BLACK_BACK.webp,womens-venture-pant,black,26
Bisley Recycle X Taped Hi Vis Drill Shirt — BS6266XT_BISLEY_RECYCLE_X_TAPED_HI_VIS_DRILL_SHIRT_HERO_FRONT.webp,bs6266xt-model-bs6266xt-bisley-recycle-x-taped-hi-vis-drill-shirt-hero-front,https://notanother-nz.github.io/total-image-product-assets/assets/BS6266XT_BISLEY_RECYCLE_X_TAPED_HI_VIS_DRILL_SHIRT/webp/model/BS6266XT_BISLEY_RECYCLE_X_TAPED_HI_VIS_DRILL_SHIRT_HERO_FRONT.webp,bisley-recycle-x-taped-hi-vis-drill-shirt,orange,1
Bisley Recycle X Taped Hi Vis Drill Shirt — BS6266XT_BISLEY_RECYCLE_X_TAPED_HI_VIS_DRILL_SHIRT_HERO_BACK.webp,bs6266xt-model-bs6266xt-bisley-recycle-x-taped-hi-vis-drill-shirt-hero-back,https://notanother-nz.github.io/total-image-product-assets/assets/BS6266XT_BISLEY_RECYCLE_X_TAPED_HI_VIS_DRILL_SHIRT/webp/model/BS6266XT_BISLEY_RECYCLE_X_TAPED_HI_VIS_DRILL_SHIRT_HERO_BACK.webp,bisley-recycle-x-taped-hi-vis-drill-shirt,orange,2
Bisley Recycle X Taped Hi Vis Drill Shirt — BS6266XT_BISLEY_RECYCLE_X_TAPED_HI_VIS_DRILL_SHIRT_HERO_CLOSEUP.webp,bs6266xt-model-bs6266xt-bisley-recycle-x-taped-hi-vis-drill-shirt-hero-closeup,https://notanother-nz.github.io/total-image-product-assets/assets/BS6266XT_BISLEY_RECYCLE_X_TAPED_HI_VIS_DRILL_SHIRT/webp/model/BS6266XT_BISLEY_RECYCLE_X_TAPED_HI_VIS_DRILL_SHIRT_HERO_CLOSEUP.webp,bisley-recycle-x-taped-hi-vis-drill-shirt,orange,3
Bisley Recycle X Taped Hi Vis Drill Shirt — BS6266XT_BISLEY_RECYCLE_X_TAPED_HI_VIS_DRILL_SHIRT_HERO_SIDE.webp,bs6266xt-model-bs6266xt-bisley-recycle-x-taped-hi-vis-drill-shirt-hero-side,https://notanother-nz.github.io/total-image-product-assets/assets/BS6266XT_BISLEY_RECYCLE_X_TAPED_HI_VIS_DRILL_SHIRT/webp/model/BS6266XT_BISLEY_RECYCLE_X_TAPED_HI_VIS_DRILL_SHIRT_HERO_SIDE.webp,bisley-recycle-x-taped-hi-vis-drill-shirt,orange,4
Bisley Recycle X Taped Hi Vis Drill Shirt — BS6266XT_BISLEY_RECYCLE_X_TAPED_HI_VIS_DRILL_SHIRT_FRONT.webp,bs6266xt-product-bs6266xt-bisley-recycle-x-taped-hi-vis-drill-shirt-front,https://notanother-nz.github.io/total-image-product-assets/assets/BS6266XT_BISLEY_RECYCLE_X_TAPED_HI_VIS_DRILL_SHIRT/webp/product/BS6266XT_BISLEY_RECYCLE_X_TAPED_HI_VIS_DRILL_SHIRT_FRONT.webp,bisley-recycle-x-taped-hi-vis-drill-shirt,orange,5
