Image Name,Slug,Image,Product,Color,Sort Order
Unisex Sphere Jacket — J428U_SPHERE_UNISEX_JACKET_BLACK_HERO_FRONT.webp,j428u-model-j428u-sphere-unisex-jacket-black-hero-front,https://notanother-nz.github.io/total-image-product-assets/assets/J428U_UNISEX_SPHERE_JACKET/webp/model/J428U_SPHERE_UNISEX_JACKET_BLACK_HERO_FRONT.webp,unisex-sphere-jacket-j428u,black,1
Unisex Sphere Jacket — J428U_UNISEX_SPHERE_JACKET_BLACK_HERO_FRONT.webp,j428u-model-j428u-unisex-sphere-jacket-black-hero-front,https://notanother-nz.github.io/total-image-product-assets/assets/J428U_UNISEX_SPHERE_JACKET/webp/model/J428U_UNISEX_SPHERE_JACKET_BLACK_HERO_FRONT.webp,unisex-sphere-jacket-j428u,black,2
Unisex Sphere Jacket — J428U_SPHERE_UNISEX_JACKET_BLACK_HERO_BACK.webp,j428u-model-j428u-sphere-unisex-jacket-black-hero-back,https://notanother-nz.github.io/total-image-product-assets/assets/J428U_UNISEX_SPHERE_JACKET/webp/model/J428U_SPHERE_UNISEX_JACKET_BLACK_HERO_BACK.webp,unisex-sphere-jacket-j428u,black,3
Unisex Sphere Jacket — J428U_UNISEX_SPHERE_JACKET_BLACK_HERO_BACK.webp,j428u-model-j428u-unisex-sphere-jacket-black-hero-back,https://notanother-nz.github.io/total-image-product-assets/assets/J428U_UNISEX_SPHERE_JACKET/webp/model/J428U_UNISEX_SPHERE_JACKET_BLACK_HERO_BACK.webp,unisex-sphere-jacket-j428u,black,4
Unisex Sphere Jacket — J428U_SPHERE_UNISEX_JACKET_BLACK_HERO_CLOSEUP.webp,j428u-model-j428u-sphere-unisex-jacket-black-hero-closeup,https://notanother-nz.github.io/total-image-product-assets/assets/J428U_UNISEX_SPHERE_JACKET/webp/model/J428U_SPHERE_UNISEX_JACKET_BLACK_HERO_CLOSEUP.webp,unisex-sphere-jacket-j428u,black,5
Unisex Sphere Jacket — J428U_UNISEX_SPHERE_JACKET_BLACK_HERO_CLOSEUP.webp,j428u-model-j428u-unisex-sphere-jacket-black-hero-closeup,https://notanother-nz.github.io/total-image-product-assets/assets/J428U_UNISEX_SPHERE_JACKET/webp/model/J428U_UNISEX_SPHERE_JACKET_BLACK_HERO_CLOSEUP.webp,unisex-sphere-jacket-j428u,black,6
Unisex Sphere Jacket — J428U_SPHERE_UNISEX_JACKET_BLACK_HERO_SIDE.webp,j428u-model-j428u-sphere-unisex-jacket-black-hero-side,https://notanother-nz.github.io/total-image-product-assets/assets/J428U_UNISEX_SPHERE_JACKET/webp/model/J428U_SPHERE_UNISEX_JACKET_BLACK_HERO_SIDE.webp,unisex-sphere-jacket-j428u,black,7
Unisex Sphere Jacket — J428U_UNISEX_SPHERE_JACKET_BLACK_HERO_SIDE.webp,j428u-model-j428u-unisex-sphere-jacket-black-hero-side,https://notanother-nz.github.io/total-image-product-assets/assets/J428U_UNISEX_SPHERE_JACKET/webp/model/J428U_UNISEX_SPHERE_JACKET_BLACK_HERO_SIDE.webp,unisex-sphere-jacket-j428u,black,8
Unisex Sphere Jacket — J428U_UNISEX_SPHERE_JACKET_BLACK_FRONT.webp,j428u-product-j428u-unisex-sphere-jacket-black-front,https://notanother-nz.github.io/total-image-product-assets/assets/J428U_UNISEX_SPHERE_JACKET/webp/product/J428U_UNISEX_SPHERE_JACKET_BLACK_FRONT.webp,unisex-sphere-jacket-j428u,black,9
Unisex Sphere Jacket — J428U_UNISEX_SPHERE_JACKET_BLACK_BACK.webp,j428u-product-j428u-unisex-sphere-jacket-black-back,https://notanother-nz.github.io/total-image-product-assets/assets/J428U_UNISEX_SPHERE_JACKET/webp/product/J428U_UNISEX_SPHERE_JACKET_BLACK_BACK.webp,unisex-sphere-jacket-j428u,black,10
Men's Atlas Jacket — J502M_ATLAS_MENS_JACKET_NAVY_HERO_FRONT.webp,j502m-model-j502m-atlas-mens-jacket-navy-hero-front,https://notanother-nz.github.io/total-image-product-assets/assets/J502M_MEN'S_ATLAS_JACKET/webp/model/J502M_ATLAS_MENS_JACKET_NAVY_HERO_FRONT.webp,mens-atlas-jacket-j502m,navy,1
Men's Atlas Jacket — J502M_MEN'S_ATLAS_JACKET_BLACK_FRONT_HERO_BACK.webp,j502m-model-j502m-mens-atlas-jacket-black-front-hero-back,https://notanother-nz.github.io/total-image-product-assets/assets/J502M_MEN'S_ATLAS_JACKET/webp/model/J502M_MEN'S_ATLAS_JACKET_BLACK_FRONT_HERO_BACK.webp,mens-atlas-jacket-j502m,black,2
Men's Atlas Jacket — J502M_MEN'S_ATLAS_JACKET_BLACK_FRONT_HERO_CLOSEUP.webp,j502m-model-j502m-mens-atlas-jacket-black-front-hero-closeup,https://notanother-nz.github.io/total-image-product-assets/assets/J502M_MEN'S_ATLAS_JACKET/webp/model/J502M_MEN'S_ATLAS_JACKET_BLACK_FRONT_HERO_CLOSEUP.webp,mens-atlas-jacket-j502m,black,3
Men's Atlas Jacket — J502M_MEN'S_ATLAS_JACKET_BLACK_FRONT_HERO_FRONT.webp,j502m-model-j502m-mens-atlas-jacket-black-front-hero-front,https://notanother-nz.github.io/total-image-product-assets/assets/J502M_MEN'S_ATLAS_JACKET/webp/model/J502M_MEN'S_ATLAS_JACKET_BLACK_FRONT_HERO_FRONT.webp,mens-atlas-jacket-j502m,black,4
Men's Atlas Jacket — J502M_MEN'S_ATLAS_JACKET_BLACK_FRONT_HERO_SIDE.webp,j502m-model-j502m-mens-atlas-jacket-black-front-hero-side,https://notanother-nz.github.io/total-image-product-assets/assets/J502M_MEN'S_ATLAS_JACKET/webp/model/J502M_MEN'S_ATLAS_JACKET_BLACK_FRONT_HERO_SIDE.webp,mens-atlas-jacket-j502m,black,5
Men's Atlas Jacket — J502M_ATLAS_MENS_JACKET_NAVY_HERO_BACK.webp,j502m-model-j502m-atlas-mens-jacket-navy-hero-back,https://notanother-nz.github.io/total-image-product-assets/assets/J502M_MEN'S_ATLAS_JACKET/webp/model/J502M_ATLAS_MENS_JACKET_NAVY_HERO_BACK.webp,mens-atlas-jacket-j502m,navy,6
Men's Atlas Jacket — J502M_ATLAS_MENS_JACKET_NAVY_HERO_CLOSEUP.webp,j502m-model-j502m-atlas-mens-jacket-navy-hero-closeup,https://notanother-nz.github.io/total-image-product-assets/assets/J502M_MEN'S_ATLAS_JACKET/webp/model/J502M_ATLAS_MENS_JACKET_NAVY_HERO_CLOSEUP.webp,mens-atlas-jacket-j502m,navy,7
Men's Atlas Jacket — J502M_ATLAS_MENS_JACKET_NAVY_HERO_SIDE.webp,j502m-model-j502m-atlas-mens-jacket-navy-hero-side,https://notanother-nz.github.io/total-image-product-assets/assets/J502M_MEN'S_ATLAS_JACKET/webp/model/J502M_ATLAS_MENS_JACKET_NAVY_HERO_SIDE.webp,mens-atlas-jacket-j502m,navy,8
Men's Atlas Jacket — J502M_MEN'S_ATLAS_JACKET_BLACK_BACKHOOD.webp,j502m-model-j502m-mens-atlas-jacket-black-backhood,https://notanother-nz.github.io/total-image-product-assets/assets/J502M_MEN'S_ATLAS_JACKET/webp/model/J502M_MEN'S_ATLAS_JACKET_BLACK_BACKHOOD.webp,mens-atlas-jacket-j502m,black,9
Men's Atlas Jacket — J502M_MEN'S_ATLAS_JACKET_BLACK_FRONT.webp,j502m-product-j502m-mens-atlas-jacket-black-front,https://notanother-nz.github.io/total-image-product-assets/assets/J502M_MEN'S_ATLAS_JACKET/webp/product/J502M_MEN'S_ATLAS_JACKET_BLACK_FRONT.webp,mens-atlas-jacket-j502m,black,10
Men's Atlas Jacket — J502M_MEN'S_ATLAS_JACKET_NAVY_FRONT.webp,j502m-product-j502m-mens-atlas-jacket-navy-front,https://notanother-nz.github.io/total-image-product-assets/assets/J502M_MEN'S_ATLAS_JACKET/webp/product/J502M_MEN'S_ATLAS_JACKET_NAVY_FRONT.webp,mens-atlas-jacket-j502m,navy,11
Men's Atlas Jacket — J502M_MEN'S_ATLAS_JACKET_BLACK_BACK.webp,j502m-product-j502m-mens-atlas-jacket-black-back,https://notanother-nz.github.io/total-image-product-assets/assets/J502M_MEN'S_ATLAS_JACKET/webp/product/J502M_MEN'S_ATLAS_JACKET_BLACK_BACK.webp,mens-atlas-jacket-j502m,black,12
Men's Atlas Jacket — J502M_MEN'S_ATLAS_JACKET_NAVY_BACK.webp,j502m-product-j502m-mens-atlas-jacket-navy-back,https://notanother-nz.github.io/total-image-product-assets/assets/J502M_MEN'S_ATLAS_JACKET/webp/product/J502M_MEN'S_ATLAS_JACKET_NAVY_BACK.webp,mens-atlas-jacket-j502m,navy,13
Unisex Charger Jacket — J510M_CHARGER_UNISEX_JACKET_BLACK_FLUORO_ORANGE_GREY_AFRICAN_HERO_FRONT.webp,j510m-model-j510m-charger-unisex-jacket-black-fluoro-orange-grey-african-hero-front,https://notanother-nz.github.io/total-image-product-assets/assets/J510M_UNISEX_CHARGER_JACKET/webp/model/J510M_CHARGER_UNISEX_JACKET_BLACK_FLUORO_ORANGE_GREY_AFRICAN_HERO_FRONT.webp,unisex-charger-jacket-j510m,black-fluoro-orange-grey,1
Unisex Charger Jacket — J510M_UNISEX_CHARGER_JACKET_BLACK_FLUORO_ORANGE_GREY_HERO_FRONT.webp,j510m-model-j510m-unisex-charger-jacket-black-fluoro-orange-grey-hero-front,https://notanother-nz.github.io/total-image-product-assets/assets/J510M_UNISEX_CHARGER_JACKET/webp/model/J510M_UNISEX_CHARGER_JACKET_BLACK_FLUORO_ORANGE_GREY_HERO_FRONT.webp,unisex-charger-jacket-j510m,black-fluoro-orange-grey,2
Unisex Charger Jacket — J510M_UNISEX_CHARGER_JACKET_BLACK_FLUORO_ORANGE_GREY_PLUSE_HERO_FRONT.webp,j510m-model-j510m-unisex-charger-jacket-black-fluoro-orange-grey-pluse-hero-front,https://notanother-nz.github.io/total-image-product-assets/assets/J510M_UNISEX_CHARGER_JACKET/webp/model/J510M_UNISEX_CHARGER_JACKET_BLACK_FLUORO_ORANGE_GREY_PLUSE_HERO_FRONT.webp,unisex-charger-jacket-j510m,black-fluoro-orange-grey,3
Unisex Charger Jacket — J510M_UNISEX_CHARGER_JACKET_BLACK_FLUORO_ORANGE_GREY_PLUSE_MALE_HERO_FRONT.webp,j510m-model-j510m-unisex-charger-jacket-black-fluoro-orange-grey-pluse-male-hero-front,https://notanother-nz.github.io/total-image-product-assets/assets/J510M_UNISEX_CHARGER_JACKET/webp/model/J510M_UNISEX_CHARGER_JACKET_BLACK_FLUORO_ORANGE_GREY_PLUSE_MALE_HERO_FRONT.webp,unisex-charger-jacket-j510m,black-fluoro-orange-grey,4
Unisex Charger Jacket — J510M_CHARGER_UNISEX_JACKET_BLACK_FLUORO_ORANGE_GREY_AFRICAN_HERO_BACK.webp,j510m-model-j510m-charger-unisex-jacket-black-fluoro-orange-grey-african-hero-back,https://notanother-nz.github.io/total-image-product-assets/assets/J510M_UNISEX_CHARGER_JACKET/webp/model/J510M_CHARGER_UNISEX_JACKET_BLACK_FLUORO_ORANGE_GREY_AFRICAN_HERO_BACK.webp,unisex-charger-jacket-j510m,black-fluoro-orange-grey,5
Unisex Charger Jacket — J510M_UNISEX_CHARGER_JACKET_BLACK_FLUORO_ORANGE_GREY_HERO_BACK.webp,j510m-model-j510m-unisex-charger-jacket-black-fluoro-orange-grey-hero-back,https://notanother-nz.github.io/total-image-product-assets/assets/J510M_UNISEX_CHARGER_JACKET/webp/model/J510M_UNISEX_CHARGER_JACKET_BLACK_FLUORO_ORANGE_GREY_HERO_BACK.webp,unisex-charger-jacket-j510m,black-fluoro-orange-grey,6
Unisex Charger Jacket — J510M_UNISEX_CHARGER_JACKET_BLACK_FLUORO_ORANGE_GREY_PLUSE_HERO_BACK.webp,j510m-model-j510m-unisex-charger-jacket-black-fluoro-orange-grey-pluse-hero-back,https://notanother-nz.github.io/total-image-product-assets/assets/J510M_UNISEX_CHARGER_JACKET/webp/model/J510M_UNISEX_CHARGER_JACKET_BLACK_FLUORO_ORANGE_GREY_PLUSE_HERO_BACK.webp,unisex-charger-jacket-j510m,black-fluoro-orange-grey,7
Unisex Charger Jacket — J510M_UNISEX_CHARGER_JACKET_BLACK_FLUORO_ORANGE_GREY_PLUSE_MALE_HERO_BACK_CLOSEUP.webp,j510m-model-j510m-unisex-charger-jacket-black-fluoro-orange-grey-pluse-male-hero-back-closeup,https://notanother-nz.github.io/total-image-product-assets/assets/J510M_UNISEX_CHARGER_JACKET/webp/model/J510M_UNISEX_CHARGER_JACKET_BLACK_FLUORO_ORANGE_GREY_PLUSE_MALE_HERO_BACK_CLOSEUP.webp,unisex-charger-jacket-j510m,black-fluoro-orange-grey,8
Unisex Charger Jacket — J510M_UNISEX_CHARGER_JACKET_BLACK_FLUORO_ORANGE_GREY_PLUSE_MALE_HERO_BACK.webp,j510m-model-j510m-unisex-charger-jacket-black-fluoro-orange-grey-pluse-male-hero-back,https://notanother-nz.github.io/total-image-product-assets/assets/J510M_UNISEX_CHARGER_JACKET/webp/model/J510M_UNISEX_CHARGER_JACKET_BLACK_FLUORO_ORANGE_GREY_PLUSE_MALE_HERO_BACK.webp,unisex-charger-jacket-j510m,black-fluoro-orange-grey,9
Unisex Charger Jacket — J510M_CHARGER_UNISEX_JACKET_BLACK_FLUORO_ORANGE_GREY_AFRICAN_HERO_CLOSEUP.webp,j510m-model-j510m-charger-unisex-jacket-black-fluoro-orange-grey-african-hero-closeup,https://notanother-nz.github.io/total-image-product-assets/assets/J510M_UNISEX_CHARGER_JACKET/webp/model/J510M_CHARGER_UNISEX_JACKET_BLACK_FLUORO_ORANGE_GREY_AFRICAN_HERO_CLOSEUP.webp,unisex-charger-jacket-j510m,black-fluoro-orange-grey,10
Unisex Charger Jacket — J510M_UNISEX_CHARGER_JACKET_BLACK_FLUORO_ORANGE_GREY_HERO_CLOSEUP.webp,j510m-model-j510m-unisex-charger-jacket-black-fluoro-orange-grey-hero-closeup,https://notanother-nz.github.io/total-image-product-assets/assets/J510M_UNISEX_CHARGER_JACKET/webp/model/J510M_UNISEX_CHARGER_JACKET_BLACK_FLUORO_ORANGE_GREY_HERO_CLOSEUP.webp,unisex-charger-jacket-j510m,black-fluoro-orange-grey,11
Unisex Charger Jacket — J510M_UNISEX_CHARGER_JACKET_BLACK_FLUORO_ORANGE_GREY_PLUSE_HERO_CLOSEUP.webp,j510m-model-j510m-unisex-charger-jacket-black-fluoro-orange-grey-pluse-hero-closeup,https://notanother-nz.github.io/total-image-product-assets/assets/J510M_UNISEX_CHARGER_JACKET/webp/model/J510M_UNISEX_CHARGER_JACKET_BLACK_FLUORO_ORANGE_GREY_PLUSE_HERO_CLOSEUP.webp,unisex-charger-jacket-j510m,black-fluoro-orange-grey,12
Unisex Charger Jacket — J510M_CHARGER_UNISEX_JACKET_BLACK_FLUORO_ORANGE_GREY_AFRICAN_HERO_SIDE.webp,j510m-model-j510m-charger-unisex-jacket-black-fluoro-orange-grey-african-hero-side,https://notanother-nz.github.io/total-image-product-assets/assets/J510M_UNISEX_CHARGER_JACKET/webp/model/J510M_CHARGER_UNISEX_JACKET_BLACK_FLUORO_ORANGE_GREY_AFRICAN_HERO_SIDE.webp,unisex-charger-jacket-j510m,black-fluoro-orange-grey,13
Unisex Charger Jacket — J510M_UNISEX_CHARGER_JACKET_BLACK_FLUORO_ORANGE_GREY_HERO_SIDE.webp,j510m-model-j510m-unisex-charger-jacket-black-fluoro-orange-grey-hero-side,https://notanother-nz.github.io/total-image-product-assets/assets/J510M_UNISEX_CHARGER_JACKET/webp/model/J510M_UNISEX_CHARGER_JACKET_BLACK_FLUORO_ORANGE_GREY_HERO_SIDE.webp,unisex-charger-jacket-j510m,black-fluoro-orange-grey,14
Unisex Charger Jacket — J510M_UNISEX_CHARGER_JACKET_BLACK_FLUORO_ORANGE_GREY_PLUSE_HERO_SIDE.webp,j510m-model-j510m-unisex-charger-jacket-black-fluoro-orange-grey-pluse-hero-side,https://notanother-nz.github.io/total-image-product-assets/assets/J510M_UNISEX_CHARGER_JACKET/webp/model/J510M_UNISEX_CHARGER_JACKET_BLACK_FLUORO_ORANGE_GREY_PLUSE_HERO_SIDE.webp,unisex-charger-jacket-j510m,black-fluoro-orange-grey,15
Unisex Charger Jacket — J510M_UNISEX_CHARGER_JACKET_BLACK_FLUORO_ORANGE_GREY_PLUSE_MALE_HERO_SIDE.webp,j510m-model-j510m-unisex-charger-jacket-black-fluoro-orange-grey-pluse-male-hero-side,https://notanother-nz.github.io/total-image-product-assets/assets/J510M_UNISEX_CHARGER_JACKET/webp/model/J510M_UNISEX_CHARGER_JACKET_BLACK_FLUORO_ORANGE_GREY_PLUSE_MALE_HERO_SIDE.webp,unisex-charger-jacket-j510m,black-fluoro-orange-grey,16
Unisex Charger Jacket — J510M_UNISEX_CHARGER_JACKET_BLACK_FLUORO_ORANGE_GREY_FRONT.webp,j510m-product-j510m-unisex-charger-jacket-black-fluoro-orange-grey-front,https://notanother-nz.github.io/total-image-product-assets/assets/J510M_UNISEX_CHARGER_JACKET/webp/product/J510M_UNISEX_CHARGER_JACKET_BLACK_FLUORO_ORANGE_GREY_FRONT.webp,unisex-charger-jacket-j510m,black-fluoro-orange-grey,17
Unisex Charger Jacket — J510M_UNISEX_CHARGER_JACKET_BLACK_PURPLE_GREY_FRONT.webp,j510m-product-j510m-unisex-charger-jacket-black-purple-grey-front,https://notanother-nz.github.io/total-image-product-assets/assets/J510M_UNISEX_CHARGER_JACKET/webp/product/J510M_UNISEX_CHARGER_JACKET_BLACK_PURPLE_GREY_FRONT.webp,unisex-charger-jacket-j510m,black-purple-grey,18
Unisex Charger Jacket — J510M_UNISEX_CHARGER_JACKET_BLACK_RED_GREY_FRONT.webp,j510m-product-j510m-unisex-charger-jacket-black-red-grey-front,https://notanother-nz.github.io/total-image-product-assets/assets/J510M_UNISEX_CHARGER_JACKET/webp/product/J510M_UNISEX_CHARGER_JACKET_BLACK_RED_GREY_FRONT.webp,unisex-charger-jacket-j510m,black-red-grey,19
Unisex Charger Jacket — J510M_UNISEX_CHARGER_JACKET_BLACK_ROYAL_GREEN_FRONT.webp,j510m-product-j510m-unisex-charger-jacket-black-royal-green-front,https://notanother-nz.github.io/total-image-product-assets/assets/J510M_UNISEX_CHARGER_JACKET/webp/product/J510M_UNISEX_CHARGER_JACKET_BLACK_ROYAL_GREEN_FRONT.webp,unisex-charger-jacket-j510m,green,20
Unisex Charger Jacket — J510M_UNISEX_CHARGER_JACKET_BLACK_ROYAL_GREY_FRONT.webp,j510m-product-j510m-unisex-charger-jacket-black-royal-grey-front,https://notanother-nz.github.io/total-image-product-assets/assets/J510M_UNISEX_CHARGER_JACKET/webp/product/J510M_UNISEX_CHARGER_JACKET_BLACK_ROYAL_GREY_FRONT.webp,unisex-charger-jacket-j510m,black-royal-grey,21
Unisex Charger Jacket — J510M_UNISEX_CHARGER_JACKET_BLACK_FLUORO_ORANGE_GREY_BACK.webp,j510m-product-j510m-unisex-charger-jacket-black-fluoro-orange-grey-back,https://notanother-nz.github.io/total-image-product-assets/assets/J510M_UNISEX_CHARGER_JACKET/webp/product/J510M_UNISEX_CHARGER_JACKET_BLACK_FLUORO_ORANGE_GREY_BACK.webp,unisex-charger-jacket-j510m,black-fluoro-orange-grey,22
Unisex Charger Jacket — J510M_UNISEX_CHARGER_JACKET_BLACK_PURPLE_GREY_BACK.webp,j510m-product-j510m-unisex-charger-jacket-black-purple-grey-back,https://notanother-nz.github.io/total-image-product-assets/assets/J510M_UNISEX_CHARGER_JACKET/webp/product/J510M_UNISEX_CHARGER_JACKET_BLACK_PURPLE_GREY_BACK.webp,unisex-charger-jacket-j510m,black-purple-grey,23
Unisex Charger Jacket — J510M_UNISEX_CHARGER_JACKET_BLACK_RED_GREY_BACK.webp,j510m-product-j510m-unisex-charger-jacket-black-red-grey-back,https://notanother-nz.github.io/total-image-product-assets/assets/J510M_UNISEX_CHARGER_JACKET/webp/product/J510M_UNISEX_CHARGER_JACKET_BLACK_RED_GREY_BACK.webp,unisex-charger-jacket-j510m,black-red-grey,24
Unisex Charger Jacket — J510M_UNISEX_CHARGER_JACKET_BLACK_ROYAL_GREEN_BACK.webp,j510m-product-j510m-unisex-charger-jacket-black-royal-green-back,https://notanother-nz.github.io/total-image-product-assets/assets/J510M_UNISEX_CHARGER_JACKET/webp/product/J510M_UNISEX_CHARGER_JACKET_BLACK_ROYAL_GREEN_BACK.webp,unisex-charger-jacket-j510m,green,25
Unisex Charger Jacket — J510M_UNISEX_CHARGER_JACKET_BLACK_ROYAL_GREY_BACK.webp,j510m-product-j510m-unisex-charger-jacket-black-royal-grey-back,https://notanother-nz.github.io/total-image-product-assets/assets/J510M_UNISEX_CHARGER_JACKET/webp/product/J510M_UNISEX_CHARGER_JACKET_BLACK_ROYAL_GREY_BACK.webp,unisex-charger-jacket-j510m,black-royal-grey,26
Ladies Apex Lightweight Softshell Jacket — J740L_APEX_WOMENS_JACKET_NAVY_HERO_FRONT.webp,j740l-model-j740l-apex-womens-jacket-navy-hero-front,https://notanother-nz.github.io/total-image-product-assets/assets/J740L_LADIES_APEX_LIGHTWEIGHT_SOFTSHELL_JACKET/webp/model/J740L_APEX_WOMENS_JACKET_NAVY_HERO_FRONT.webp,ladies-apex-lightweight-softshell-jacket-j740l,navy,1
Ladies Apex Lightweight Softshell Jacket — J740L_LADIES_APEX_LIGHTWEIGHT_SOFTSHELL_JACKET_BLACK_HERO_FRONT.webp,j740l-model-j740l-ladies-apex-lightweight-softshell-jacket-black-hero-front,https://notanother-nz.github.io/total-image-product-assets/assets/J740L_LADIES_APEX_LIGHTWEIGHT_SOFTSHELL_JACKET/webp/model/J740L_LADIES_APEX_LIGHTWEIGHT_SOFTSHELL_JACKET_BLACK_HERO_FRONT.webp,ladies-apex-lightweight-softshell-jacket-j740l,black,2
Ladies Apex Lightweight Softshell Jacket — J740L_APEX_WOMENS_JACKET_NAVY_HERO_BACK.webp,j740l-model-j740l-apex-womens-jacket-navy-hero-back,https://notanother-nz.github.io/total-image-product-assets/assets/J740L_LADIES_APEX_LIGHTWEIGHT_SOFTSHELL_JACKET/webp/model/J740L_APEX_WOMENS_JACKET_NAVY_HERO_BACK.webp,ladies-apex-lightweight-softshell-jacket-j740l,navy,3
Ladies Apex Lightweight Softshell Jacket — J740L_LADIES_APEX_LIGHTWEIGHT_SOFTSHELL_JACKET_BLACK_HERO_BACK.webp,j740l-model-j740l-ladies-apex-lightweight-softshell-jacket-black-hero-back,https://notanother-nz.github.io/total-image-product-assets/assets/J740L_LADIES_APEX_LIGHTWEIGHT_SOFTSHELL_JACKET/webp/model/J740L_LADIES_APEX_LIGHTWEIGHT_SOFTSHELL_JACKET_BLACK_HERO_BACK.webp,ladies-apex-lightweight-softshell-jacket-j740l,black,4
Ladies Apex Lightweight Softshell Jacket — J740L_APEX_WOMENS_JACKET_NAVY_HERO_CLOSEUP.webp,j740l-model-j740l-apex-womens-jacket-navy-hero-closeup,https://notanother-nz.github.io/total-image-product-assets/assets/J740L_LADIES_APEX_LIGHTWEIGHT_SOFTSHELL_JACKET/webp/model/J740L_APEX_WOMENS_JACKET_NAVY_HERO_CLOSEUP.webp,ladies-apex-lightweight-softshell-jacket-j740l,navy,5
Ladies Apex Lightweight Softshell Jacket — J740L_LADIES_APEX_LIGHTWEIGHT_SOFTSHELL_JACKET_BLACK_HERO_CLOSEUP.webp,j740l-model-j740l-ladies-apex-lightweight-softshell-jacket-black-hero-closeup,https://notanother-nz.github.io/total-image-product-assets/assets/J740L_LADIES_APEX_LIGHTWEIGHT_SOFTSHELL_JACKET/webp/model/J740L_LADIES_APEX_LIGHTWEIGHT_SOFTSHELL_JACKET_BLACK_HERO_CLOSEUP.webp,ladies-apex-lightweight-softshell-jacket-j740l,black,6
Ladies Apex Lightweight Softshell Jacket — J740L_APEX_WOMENS_JACKET_NAVY_HERO_SIDE.webp,j740l-model-j740l-apex-womens-jacket-navy-hero-side,https://notanother-nz.github.io/total-image-product-assets/assets/J740L_LADIES_APEX_LIGHTWEIGHT_SOFTSHELL_JACKET/webp/model/J740L_APEX_WOMENS_JACKET_NAVY_HERO_SIDE.webp,ladies-apex-lightweight-softshell-jacket-j740l,navy,7
Ladies Apex Lightweight Softshell Jacket — J740L_LADIES_APEX_LIGHTWEIGHT_SOFTSHELL_JACKET_BLACK_HERO_SIDE.webp,j740l-model-j740l-ladies-apex-lightweight-softshell-jacket-black-hero-side,https://notanother-nz.github.io/total-image-product-assets/assets/J740L_LADIES_APEX_LIGHTWEIGHT_SOFTSHELL_JACKET/webp/model/J740L_LADIES_APEX_LIGHTWEIGHT_SOFTSHELL_JACKET_BLACK_HERO_SIDE.webp,ladies-apex-lightweight-softshell-jacket-j740l,black,8
Ladies Apex Lightweight Softshell Jacket — J740L_LADIES_APEX_LIGHTWEIGHT_SOFTSHELL_JACKET_BLACK_FRONT.webp,j740l-product-j740l-ladies-apex-lightweight-softshell-jacket-black-front,https://notanother-nz.github.io/total-image-product-assets/assets/J740L_LADIES_APEX_LIGHTWEIGHT_SOFTSHELL_JACKET/webp/product/J740L_LADIES_APEX_LIGHTWEIGHT_SOFTSHELL_JACKET_BLACK_FRONT.webp,ladies-apex-lightweight-softshell-jacket-j740l,black,9
Ladies Apex Lightweight Softshell Jacket — J740L_LADIES_APEX_LIGHTWEIGHT_SOFTSHELL_JACKET_GREY_FRONT.webp,j740l-product-j740l-ladies-apex-lightweight-softshell-jacket-grey-front,https://notanother-nz.github.io/total-image-product-assets/assets/J740L_LADIES_APEX_LIGHTWEIGHT_SOFTSHELL_JACKET/webp/product/J740L_LADIES_APEX_LIGHTWEIGHT_SOFTSHELL_JACKET_GREY_FRONT.webp,ladies-apex-lightweight-softshell-jacket-j740l,grey,10
Ladies Apex Lightweight Softshell Jacket — J740L_LADIES_APEX_LIGHTWEIGHT_SOFTSHELL_JACKET_NAVY_FRONT.webp,j740l-product-j740l-ladies-apex-lightweight-softshell-jacket-navy-front,https://notanother-nz.github.io/total-image-product-assets/assets/J740L_LADIES_APEX_LIGHTWEIGHT_SOFTSHELL_JACKET/webp/product/J740L_LADIES_APEX_LIGHTWEIGHT_SOFTSHELL_JACKET_NAVY_FRONT.webp,ladies-apex-lightweight-softshell-jacket-j740l,navy,11
Ladies Apex Lightweight Softshell Jacket — J740L_LADIES_APEX_LIGHTWEIGHT_SOFTSHELL_JACKET_BLACK_BACK.webp,j740l-product-j740l-ladies-apex-lightweight-softshell-jacket-black-back,https://notanother-nz.github.io/total-image-product-assets/assets/J740L_LADIES_APEX_LIGHTWEIGHT_SOFTSHELL_JACKET/webp/product/J740L_LADIES_APEX_LIGHTWEIGHT_SOFTSHELL_JACKET_BLACK_BACK.webp,ladies-apex-lightweight-softshell-jacket-j740l,black,12
Ladies Apex Lightweight Softshell Jacket — J740L_LADIES_APEX_LIGHTWEIGHT_SOFTSHELL_JACKET_GREY_BACK.webp,j740l-product-j740l-ladies-apex-lightweight-softshell-jacket-grey-back,https://notanother-nz.github.io/total-image-product-assets/assets/J740L_LADIES_APEX_LIGHTWEIGHT_SOFTSHELL_JACKET/webp/product/J740L_LADIES_APEX_LIGHTWEIGHT_SOFTSHELL_JACKET_GREY_BACK.webp,ladies-apex-lightweight-softshell-jacket-j740l,grey,13
Ladies Apex Lightweight Softshell Jacket — J740L_LADIES_APEX_LIGHTWEIGHT_SOFTSHELL_JACKET_NAVY_BACK.webp,j740l-product-j740l-ladies-apex-lightweight-softshell-jacket-navy-back,https://notanother-nz.github.io/total-image-product-assets/assets/J740L_LADIES_APEX_LIGHTWEIGHT_SOFTSHELL_JACKET/webp/product/J740L_LADIES_APEX_LIGHTWEIGHT_SOFTSHELL_JACKET_NAVY_BACK.webp,ladies-apex-lightweight-softshell-jacket-j740l,navy,14
Men's Apex Lightweight Softshell Jacket — J740M_MEN'S_APEX_LIGHTWEIGHT_SOFTSHELL_JACKET_BLACK_ASIAN_HERO_FRONT.webp,j740m-model-j740m-mens-apex-lightweight-softshell-jacket-black-asian-hero-front,https://notanother-nz.github.io/total-image-product-assets/assets/J740M_MEN'S_APEX_LIGHTWEIGHT_SOFTSHELL_JACKET/webp/model/J740M_MEN'S_APEX_LIGHTWEIGHT_SOFTSHELL_JACKET_BLACK_ASIAN_HERO_FRONT.webp,mens-apex-lightweight-softshell-jacket-j740m,black,1
Men's Apex Lightweight Softshell Jacket — J740M_MEN'S_APEX_LIGHTWEIGHT_SOFTSHELL_JACKET_NAVY_HERO_FRONT.webp,j740m-model-j740m-mens-apex-lightweight-softshell-jacket-navy-hero-front,https://notanother-nz.github.io/total-image-product-assets/assets/J740M_MEN'S_APEX_LIGHTWEIGHT_SOFTSHELL_JACKET/webp/model/J740M_MEN'S_APEX_LIGHTWEIGHT_SOFTSHELL_JACKET_NAVY_HERO_FRONT.webp,mens-apex-lightweight-softshell-jacket-j740m,navy,2
Men's Apex Lightweight Softshell Jacket — J740M_MEN'S_APEX_LIGHTWEIGHT_SOFTSHELL_JACKET_BLACK_ASIAN_HERO_BACK.webp,j740m-model-j740m-mens-apex-lightweight-softshell-jacket-black-asian-hero-back,https://notanother-nz.github.io/total-image-product-assets/assets/J740M_MEN'S_APEX_LIGHTWEIGHT_SOFTSHELL_JACKET/webp/model/J740M_MEN'S_APEX_LIGHTWEIGHT_SOFTSHELL_JACKET_BLACK_ASIAN_HERO_BACK.webp,mens-apex-lightweight-softshell-jacket-j740m,black,3
Men's Apex Lightweight Softshell Jacket — J740M_MEN'S_APEX_LIGHTWEIGHT_SOFTSHELL_JACKET_NAVY_HERO_BACK.webp,j740m-model-j740m-mens-apex-lightweight-softshell-jacket-navy-hero-back,https://notanother-nz.github.io/total-image-product-assets/assets/J740M_MEN'S_APEX_LIGHTWEIGHT_SOFTSHELL_JACKET/webp/model/J740M_MEN'S_APEX_LIGHTWEIGHT_SOFTSHELL_JACKET_NAVY_HERO_BACK.webp,mens-apex-lightweight-softshell-jacket-j740m,navy,4
Men's Apex Lightweight Softshell Jacket — J740M_MEN'S_APEX_LIGHTWEIGHT_SOFTSHELL_JACKET_BLACK_ASIAN_HERO_CLOSEUP.webp,j740m-model-j740m-mens-apex-lightweight-softshell-jacket-black-asian-hero-closeup,https://notanother-nz.github.io/total-image-product-assets/assets/J740M_MEN'S_APEX_LIGHTWEIGHT_SOFTSHELL_JACKET/webp/model/J740M_MEN'S_APEX_LIGHTWEIGHT_SOFTSHELL_JACKET_BLACK_ASIAN_HERO_CLOSEUP.webp,mens-apex-lightweight-softshell-jacket-j740m,black,5
Men's Apex Lightweight Softshell Jacket — J740M_MEN'S_APEX_LIGHTWEIGHT_SOFTSHELL_JACKET_NAVY_HERO_CLOSEUP.webp,j740m-model-j740m-mens-apex-lightweight-softshell-jacket-navy-hero-closeup,https://notanother-nz.github.io/total-image-product-assets/assets/J740M_MEN'S_APEX_LIGHTWEIGHT_SOFTSHELL_JACKET/webp/model/J740M_MEN'S_APEX_LIGHTWEIGHT_SOFTSHELL_JACKET_NAVY_HERO_CLOSEUP.webp,mens-apex-lightweight-softshell-jacket-j740m,navy,6
Men's Apex Lightweight Softshell Jacket — J740M_MEN'S_APEX_LIGHTWEIGHT_SOFTSHELL_JACKET_BLACK_ASIAN_HERO_SIDE.webp,j740m-model-j740m-mens-apex-lightweight-softshell-jacket-black-asian-hero-side,https://notanother-nz.github.io/total-image-product-assets/assets/J740M_MEN'S_APEX_LIGHTWEIGHT_SOFTSHELL_JACKET/webp/model/J740M_MEN'S_APEX_LIGHTWEIGHT_SOFTSHELL_JACKET_BLACK_ASIAN_HERO_SIDE.webp,mens-apex-lightweight-softshell-jacket-j740m,black,7
Men's Apex Lightweight Softshell Jacket — J740M_MEN'S_APEX_LIGHTWEIGHT_SOFTSHELL_JACKET_NAVY_HERO_SIDE.webp,j740m-model-j740m-mens-apex-lightweight-softshell-jacket-navy-hero-side,https://notanother-nz.github.io/total-image-product-assets/assets/J740M_MEN'S_APEX_LIGHTWEIGHT_SOFTSHELL_JACKET/webp/model/J740M_MEN'S_APEX_LIGHTWEIGHT_SOFTSHELL_JACKET_NAVY_HERO_SIDE.webp,mens-apex-lightweight-softshell-jacket-j740m,navy,8
Men's Apex Lightweight Softshell Jacket — J740M_MEN'S_APEX_LIGHTWEIGHT_SOFTSHELL_JACKET_BLACK_FRONT.webp,j740m-product-j740m-mens-apex-lightweight-softshell-jacket-black-front,https://notanother-nz.github.io/total-image-product-assets/assets/J740M_MEN'S_APEX_LIGHTWEIGHT_SOFTSHELL_JACKET/webp/product/J740M_MEN'S_APEX_LIGHTWEIGHT_SOFTSHELL_JACKET_BLACK_FRONT.webp,mens-apex-lightweight-softshell-jacket-j740m,black,9
Men's Apex Lightweight Softshell Jacket — J740M_MEN'S_APEX_LIGHTWEIGHT_SOFTSHELL_JACKET_GREY_FRONT.webp,j740m-product-j740m-mens-apex-lightweight-softshell-jacket-grey-front,https://notanother-nz.github.io/total-image-product-assets/assets/J740M_MEN'S_APEX_LIGHTWEIGHT_SOFTSHELL_JACKET/webp/product/J740M_MEN'S_APEX_LIGHTWEIGHT_SOFTSHELL_JACKET_GREY_FRONT.webp,mens-apex-lightweight-softshell-jacket-j740m,grey,10
Men's Apex Lightweight Softshell Jacket — J740M_MEN'S_APEX_LIGHTWEIGHT_SOFTSHELL_JACKET_NAVY_FRONT.webp,j740m-product-j740m-mens-apex-lightweight-softshell-jacket-navy-front,https://notanother-nz.github.io/total-image-product-assets/assets/J740M_MEN'S_APEX_LIGHTWEIGHT_SOFTSHELL_JACKET/webp/product/J740M_MEN'S_APEX_LIGHTWEIGHT_SOFTSHELL_JACKET_NAVY_FRONT.webp,mens-apex-lightweight-softshell-jacket-j740m,navy,11
Men's Apex Lightweight Softshell Jacket — J740M_MEN'S_APEX_LIGHTWEIGHT_SOFTSHELL_JACKET_BLACK_BACK.webp,j740m-product-j740m-mens-apex-lightweight-softshell-jacket-black-back,https://notanother-nz.github.io/total-image-product-assets/assets/J740M_MEN'S_APEX_LIGHTWEIGHT_SOFTSHELL_JACKET/webp/product/J740M_MEN'S_APEX_LIGHTWEIGHT_SOFTSHELL_JACKET_BLACK_BACK.webp,mens-apex-lightweight-softshell-jacket-j740m,black,12
Men's Apex Lightweight Softshell Jacket — J740M_MEN'S_APEX_LIGHTWEIGHT_SOFTSHELL_JACKET_GREY_BACK.webp,j740m-product-j740m-mens-apex-lightweight-softshell-jacket-grey-back,https://notanother-nz.github.io/total-image-product-assets/assets/J740M_MEN'S_APEX_LIGHTWEIGHT_SOFTSHELL_JACKET/webp/product/J740M_MEN'S_APEX_LIGHTWEIGHT_SOFTSHELL_JACKET_GREY_BACK.webp,mens-apex-lightweight-softshell-jacket-j740m,grey,13
Men's Apex Lightweight Softshell Jacket — J740M_MEN'S_APEX_LIGHTWEIGHT_SOFTSHELL_JACKET_NAVY_BACK.webp,j740m-product-j740m-mens-apex-lightweight-softshell-jacket-navy-back,https://notanother-nz.github.io/total-image-product-assets/assets/J740M_MEN'S_APEX_LIGHTWEIGHT_SOFTSHELL_JACKET/webp/product/J740M_MEN'S_APEX_LIGHTWEIGHT_SOFTSHELL_JACKET_NAVY_BACK.webp,mens-apex-lightweight-softshell-jacket-j740m,navy,14
Ladies Expedition Quilted Jacket — J750L_LADIES_EXPEDITION_QUILTED_JACKET_NAVY_HERO_FRONT.webp,j750l-model-j750l-ladies-expedition-quilted-jacket-navy-hero-front,https://notanother-nz.github.io/total-image-product-assets/assets/J750L_LADIES_EXPEDITION_QUILTED_JACKET/webp/model/J750L_LADIES_EXPEDITION_QUILTED_JACKET_NAVY_HERO_FRONT.webp,ladies-expedition-quilted-jacket-j750l,navy,1
Ladies Expedition Quilted Jacket — J750L_LADIES_EXPEDITION_QUILTED_JACKET_NAVY_HERO_BACK.webp,j750l-model-j750l-ladies-expedition-quilted-jacket-navy-hero-back,https://notanother-nz.github.io/total-image-product-assets/assets/J750L_LADIES_EXPEDITION_QUILTED_JACKET/webp/model/J750L_LADIES_EXPEDITION_QUILTED_JACKET_NAVY_HERO_BACK.webp,ladies-expedition-quilted-jacket-j750l,navy,2
Ladies Expedition Quilted Jacket — J750L_LADIES_EXPEDITION_QUILTED_JACKET_NAVY_HERO_CLOSEUP.webp,j750l-model-j750l-ladies-expedition-quilted-jacket-navy-hero-closeup,https://notanother-nz.github.io/total-image-product-assets/assets/J750L_LADIES_EXPEDITION_QUILTED_JACKET/webp/model/J750L_LADIES_EXPEDITION_QUILTED_JACKET_NAVY_HERO_CLOSEUP.webp,ladies-expedition-quilted-jacket-j750l,navy,3
Ladies Expedition Quilted Jacket — J750L_LADIES_EXPEDITION_QUILTED_JACKET_NAVY_HERO_SIDE.webp,j750l-model-j750l-ladies-expedition-quilted-jacket-navy-hero-side,https://notanother-nz.github.io/total-image-product-assets/assets/J750L_LADIES_EXPEDITION_QUILTED_JACKET/webp/model/J750L_LADIES_EXPEDITION_QUILTED_JACKET_NAVY_HERO_SIDE.webp,ladies-expedition-quilted-jacket-j750l,navy,4
Ladies Expedition Quilted Jacket — J750L_LADIES_EXPEDITION_QUILTED_JACKET_NAVY_FRONT.webp,j750l-product-j750l-ladies-expedition-quilted-jacket-navy-front,https://notanother-nz.github.io/total-image-product-assets/assets/J750L_LADIES_EXPEDITION_QUILTED_JACKET/webp/product/J750L_LADIES_EXPEDITION_QUILTED_JACKET_NAVY_FRONT.webp,ladies-expedition-quilted-jacket-j750l,navy,5
Ladies Expedition Quilted Jacket — J750L_LADIES_EXPEDITION_QUILTED_JACKET_NAVY_BACK.webp,j750l-product-j750l-ladies-expedition-quilted-jacket-navy-back,https://notanother-nz.github.io/total-image-product-assets/assets/J750L_LADIES_EXPEDITION_QUILTED_JACKET/webp/product/J750L_LADIES_EXPEDITION_QUILTED_JACKET_NAVY_BACK.webp,ladies-expedition-quilted-jacket-j750l,navy,6
Men's Expedition Quilted Jacket — J750M_EXPEDITION_MENS_JACKET_BLACK_HERO_FRONT.webp,j750m-model-j750m-expedition-mens-jacket-black-hero-front,https://notanother-nz.github.io/total-image-product-assets/assets/J750M_MEN'S_EXPEDITION_QUILTED_JACKET/webp/model/J750M_EXPEDITION_MENS_JACKET_BLACK_HERO_FRONT.webp,mens-expedition-quilted-jacket-j750m,black,1
Men's Expedition Quilted Jacket — MEN'S_EXPEDITION_QUILTED_JACKET_BLACK_HERO_FRONT.webp,j750m-model-mens-expedition-quilted-jacket-black-hero-front,https://notanother-nz.github.io/total-image-product-assets/assets/J750M_MEN'S_EXPEDITION_QUILTED_JACKET/webp/model/MEN'S_EXPEDITION_QUILTED_JACKET_BLACK_HERO_FRONT.webp,mens-expedition-quilted-jacket-j750m,black,2
Men's Expedition Quilted Jacket — J750M_EXPEDITION_MENS_JACKET_BLACK_HERO_BACK.webp,j750m-model-j750m-expedition-mens-jacket-black-hero-back,https://notanother-nz.github.io/total-image-product-assets/assets/J750M_MEN'S_EXPEDITION_QUILTED_JACKET/webp/model/J750M_EXPEDITION_MENS_JACKET_BLACK_HERO_BACK.webp,mens-expedition-quilted-jacket-j750m,black,3
Men's Expedition Quilted Jacket — MEN'S_EXPEDITION_QUILTED_JACKET_BLACK_HERO_BACK.webp,j750m-model-mens-expedition-quilted-jacket-black-hero-back,https://notanother-nz.github.io/total-image-product-assets/assets/J750M_MEN'S_EXPEDITION_QUILTED_JACKET/webp/model/MEN'S_EXPEDITION_QUILTED_JACKET_BLACK_HERO_BACK.webp,mens-expedition-quilted-jacket-j750m,black,4
Men's Expedition Quilted Jacket — J750M_EXPEDITION_MENS_JACKET_BLACK_HERO_CLOSEUP.webp,j750m-model-j750m-expedition-mens-jacket-black-hero-closeup,https://notanother-nz.github.io/total-image-product-assets/assets/J750M_MEN'S_EXPEDITION_QUILTED_JACKET/webp/model/J750M_EXPEDITION_MENS_JACKET_BLACK_HERO_CLOSEUP.webp,mens-expedition-quilted-jacket-j750m,black,5
Men's Expedition Quilted Jacket — MEN'S_EXPEDITION_QUILTED_JACKET_BLACK_HERO_CLOSEUP.webp,j750m-model-mens-expedition-quilted-jacket-black-hero-closeup,https://notanother-nz.github.io/total-image-product-assets/assets/J750M_MEN'S_EXPEDITION_QUILTED_JACKET/webp/model/MEN'S_EXPEDITION_QUILTED_JACKET_BLACK_HERO_CLOSEUP.webp,mens-expedition-quilted-jacket-j750m,black,6
Men's Expedition Quilted Jacket — J750M_EXPEDITION_MENS_JACKET_BLACK_HERO_SIDE.webp,j750m-model-j750m-expedition-mens-jacket-black-hero-side,https://notanother-nz.github.io/total-image-product-assets/assets/J750M_MEN'S_EXPEDITION_QUILTED_JACKET/webp/model/J750M_EXPEDITION_MENS_JACKET_BLACK_HERO_SIDE.webp,mens-expedition-quilted-jacket-j750m,black,7
Men's Expedition Quilted Jacket — MEN'S_EXPEDITION_QUILTED_JACKET_BLACK_HERO_SIDE.webp,j750m-model-mens-expedition-quilted-jacket-black-hero-side,https://notanother-nz.github.io/total-image-product-assets/assets/J750M_MEN'S_EXPEDITION_QUILTED_JACKET/webp/model/MEN'S_EXPEDITION_QUILTED_JACKET_BLACK_HERO_SIDE.webp,mens-expedition-quilted-jacket-j750m,black,8
Men's Expedition Quilted Jacket — J750M_EXPEDITION_MENS_JACKET_BLACK_FRONT.webp,j750m-product-j750m-expedition-mens-jacket-black-front,https://notanother-nz.github.io/total-image-product-assets/assets/J750M_MEN'S_EXPEDITION_QUILTED_JACKET/webp/product/J750M_EXPEDITION_MENS_JACKET_BLACK_FRONT.webp,mens-expedition-quilted-jacket-j750m,black,9
Men's Expedition Quilted Jacket — J750M_EXPEDITION_MENS_JACKET_NAVY_FRONT.webp,j750m-product-j750m-expedition-mens-jacket-navy-front,https://notanother-nz.github.io/total-image-product-assets/assets/J750M_MEN'S_EXPEDITION_QUILTED_JACKET/webp/product/J750M_EXPEDITION_MENS_JACKET_NAVY_FRONT.webp,mens-expedition-quilted-jacket-j750m,navy,10
Men's Expedition Quilted Jacket — J750M_EXPEDITION_MENS_JACKET_BLACK_BACK.webp,j750m-product-j750m-expedition-mens-jacket-black-back,https://notanother-nz.github.io/total-image-product-assets/assets/J750M_MEN'S_EXPEDITION_QUILTED_JACKET/webp/product/J750M_EXPEDITION_MENS_JACKET_BLACK_BACK.webp,mens-expedition-quilted-jacket-j750m,black,11
Men's Expedition Quilted Jacket — J750M_EXPEDITION_MENS_JACKET_NAVY_BACK.webp,j750m-product-j750m-expedition-mens-jacket-navy-back,https://notanother-nz.github.io/total-image-product-assets/assets/J750M_MEN'S_EXPEDITION_QUILTED_JACKET/webp/product/J750M_EXPEDITION_MENS_JACKET_NAVY_BACK.webp,mens-expedition-quilted-jacket-j750m,navy,12
Ladies Apex Vest — J830L_LADIES_APEX_VEST_NAVY_HERO_FRONT.webp,j830l-model-j830l-ladies-apex-vest-navy-hero-front,https://notanother-nz.github.io/total-image-product-assets/assets/J830L_LADIES_APEX_VEST/webp/model/J830L_LADIES_APEX_VEST_NAVY_HERO_FRONT.webp,ladies-apex-vest-j830l,navy,1
Ladies Apex Vest — J830L_LADIES_APEX_VEST_NAVY_HERO_BACK.webp,j830l-model-j830l-ladies-apex-vest-navy-hero-back,https://notanother-nz.github.io/total-image-product-assets/assets/J830L_LADIES_APEX_VEST/webp/model/J830L_LADIES_APEX_VEST_NAVY_HERO_BACK.webp,ladies-apex-vest-j830l,navy,2
Ladies Apex Vest — J830L_LADIES_APEX_VEST_NAVY_HERO_CLOSEUP.webp,j830l-model-j830l-ladies-apex-vest-navy-hero-closeup,https://notanother-nz.github.io/total-image-product-assets/assets/J830L_LADIES_APEX_VEST/webp/model/J830L_LADIES_APEX_VEST_NAVY_HERO_CLOSEUP.webp,ladies-apex-vest-j830l,navy,3
Ladies Apex Vest — J830L_LADIES_APEX_VEST_NAVY_HERO_SIDE.webp,j830l-model-j830l-ladies-apex-vest-navy-hero-side,https://notanother-nz.github.io/total-image-product-assets/assets/J830L_LADIES_APEX_VEST/webp/model/J830L_LADIES_APEX_VEST_NAVY_HERO_SIDE.webp,ladies-apex-vest-j830l,navy,4
Ladies Apex Vest — J830L_LADIES_APEX_VEST_BLACK_FRONT.webp,j830l-product-j830l-ladies-apex-vest-black-front,https://notanother-nz.github.io/total-image-product-assets/assets/J830L_LADIES_APEX_VEST/webp/product/J830L_LADIES_APEX_VEST_BLACK_FRONT.webp,ladies-apex-vest-j830l,black,5
Ladies Apex Vest — J830L_LADIES_APEX_VEST_GREY_FRONT.webp,j830l-product-j830l-ladies-apex-vest-grey-front,https://notanother-nz.github.io/total-image-product-assets/assets/J830L_LADIES_APEX_VEST/webp/product/J830L_LADIES_APEX_VEST_GREY_FRONT.webp,ladies-apex-vest-j830l,grey,6
Ladies Apex Vest — J830L_LADIES_APEX_VEST_NAVY_FRONT.webp,j830l-product-j830l-ladies-apex-vest-navy-front,https://notanother-nz.github.io/total-image-product-assets/assets/J830L_LADIES_APEX_VEST/webp/product/J830L_LADIES_APEX_VEST_NAVY_FRONT.webp,ladies-apex-vest-j830l,navy,7
Ladies Apex Vest — J830L_LADIES_APEX_VEST_BLACK_BACK.webp,j830l-product-j830l-ladies-apex-vest-black-back,https://notanother-nz.github.io/total-image-product-assets/assets/J830L_LADIES_APEX_VEST/webp/product/J830L_LADIES_APEX_VEST_BLACK_BACK.webp,ladies-apex-vest-j830l,black,8
Ladies Apex Vest — J830L_LADIES_APEX_VEST_GREY_BACK.webp,j830l-product-j830l-ladies-apex-vest-grey-back,https://notanother-nz.github.io/total-image-product-assets/assets/J830L_LADIES_APEX_VEST/webp/product/J830L_LADIES_APEX_VEST_GREY_BACK.webp,ladies-apex-vest-j830l,grey,9
Ladies Apex Vest — J830L_LADIES_APEX_VEST_NAVY_BACK.webp,j830l-product-j830l-ladies-apex-vest-navy-back,https://notanother-nz.github.io/total-image-product-assets/assets/J830L_LADIES_APEX_VEST/webp/product/J830L_LADIES_APEX_VEST_NAVY_BACK.webp,ladies-apex-vest-j830l,navy,10
Arches Women's Padded Jacket — JH130W_Arches_Womens_Padded_Jacket_Hero_Front.webp,jh130w-model-jh130w-arches-womens-padded-jacket-hero-front,https://notanother-nz.github.io/total-image-product-assets/assets/JH130W_Arches_Womens_Padded_Jacket/webp/model/JH130W_Arches_Womens_Padded_Jacket_Hero_Front.webp,arches-womens-padded-jacket,,1
Arches Women's Padded Jacket — JH130W_Arches_Womens_Padded_Jacket_Hero_Back.webp,jh130w-model-jh130w-arches-womens-padded-jacket-hero-back,https://notanother-nz.github.io/total-image-product-assets/assets/JH130W_Arches_Womens_Padded_Jacket/webp/model/JH130W_Arches_Womens_Padded_Jacket_Hero_Back.webp,arches-womens-padded-jacket,,2
Arches Women's Padded Jacket — JH130W_Arches_Womens_Padded_Jacket_Hero_CloseUp.webp,jh130w-model-jh130w-arches-womens-padded-jacket-hero-closeup,https://notanother-nz.github.io/total-image-product-assets/assets/JH130W_Arches_Womens_Padded_Jacket/webp/model/JH130W_Arches_Womens_Padded_Jacket_Hero_CloseUp.webp,arches-womens-padded-jacket,,3
Arches Women's Padded Jacket — JH130W_Arches_Womens_Padded_Jacket_Hero_Side.webp,jh130w-model-jh130w-arches-womens-padded-jacket-hero-side,https://notanother-nz.github.io/total-image-product-assets/assets/JH130W_Arches_Womens_Padded_Jacket/webp/model/JH130W_Arches_Womens_Padded_Jacket_Hero_Side.webp,arches-womens-padded-jacket,,4
Arches Women's Padded Jacket — JH130W_Arches_Womens_Padded_Jacket_Black_View.webp,jh130w-product-jh130w-arches-womens-padded-jacket-black-view,https://notanother-nz.github.io/total-image-product-assets/assets/JH130W_Arches_Womens_Padded_Jacket/webp/product/JH130W_Arches_Womens_Padded_Jacket_Black_View.webp,arches-womens-padded-jacket,black,5
Arches Women's Padded Jacket — JH130W_Arches_Womens_Padded_Jacket_Navy_View.webp,jh130w-product-jh130w-arches-womens-padded-jacket-navy-view,https://notanother-nz.github.io/total-image-product-assets/assets/JH130W_Arches_Womens_Padded_Jacket/webp/product/JH130W_Arches_Womens_Padded_Jacket_Navy_View.webp,arches-womens-padded-jacket,navy,6
Arches Men's Padded Vest — JH135_Arches_Mens_Padded_Vest_Hero_Front.webp,jh135-model-jh135-arches-mens-padded-vest-hero-front,https://notanother-nz.github.io/total-image-product-assets/assets/JH135_Arches_Mens_Padded_Vest/webp/model/JH135_Arches_Mens_Padded_Vest_Hero_Front.webp,arches-mens-padded-vest,,1
Arches Men's Padded Vest — JH135_Arches_Mens_Padded_Vest_Hero_Back.webp,jh135-model-jh135-arches-mens-padded-vest-hero-back,https://notanother-nz.github.io/total-image-product-assets/assets/JH135_Arches_Mens_Padded_Vest/webp/model/JH135_Arches_Mens_Padded_Vest_Hero_Back.webp,arches-mens-padded-vest,,2
Arches Men's Padded Vest — JH135_Arches_Mens_Padded_Vest_Hero_Closeup.webp,jh135-model-jh135-arches-mens-padded-vest-hero-closeup,https://notanother-nz.github.io/total-image-product-assets/assets/JH135_Arches_Mens_Padded_Vest/webp/model/JH135_Arches_Mens_Padded_Vest_Hero_Closeup.webp,arches-mens-padded-vest,,3
Arches Men's Padded Vest — JH135_Arches_Mens_Padded_Vest_Hero_Side.webp,jh135-model-jh135-arches-mens-padded-vest-hero-side,https://notanother-nz.github.io/total-image-product-assets/assets/JH135_Arches_Mens_Padded_Vest/webp/model/JH135_Arches_Mens_Padded_Vest_Hero_Side.webp,arches-mens-padded-vest,,4
Arches Men's Padded Vest — JH135_Arches_Mens_Padded_Vest_Black_View.webp,jh135-product-jh135-arches-mens-padded-vest-black-view,https://notanother-nz.github.io/total-image-product-assets/assets/JH135_Arches_Mens_Padded_Vest/webp/product/JH135_Arches_Mens_Padded_Vest_Black_View.webp,arches-mens-padded-vest,black,5
Arches Men's Padded Vest — JH135_Arches_Mens_Padded_Vest_Navy_View.webp,jh135-product-jh135-arches-mens-padded-vest-navy-view,https://notanother-nz.github.io/total-image-product-assets/assets/JH135_Arches_Mens_Padded_Vest/webp/product/JH135_Arches_Mens_Padded_Vest_Navy_View.webp,arches-mens-padded-vest,navy,6
MEN'S_SUSTAINABLE_SOFTSHELL_CORPORATE_JACKET — JK63_MEN'S_SUSTAINABLE_SOFTSHELL_CORPORATE_JACKET_BLACK_HERO_FRONT.webp,jk63-model-jk63-mens-sustainable-softshell-corporate-jacket-black-hero-front,https://notanother-nz.github.io/total-image-product-assets/assets/JK63_MEN'S_SUSTAINABLE_SOFTSHELL_CORPORATE_JACKET/webp/model/JK63_MEN'S_SUSTAINABLE_SOFTSHELL_CORPORATE_JACKET_BLACK_HERO_FRONT.webp,mens-sustainable-softshell-corporate-jacket-jk63,black,1
MEN'S_SUSTAINABLE_SOFTSHELL_CORPORATE_JACKET — JK63_MEN'S_SUSTAINABLE_SOFTSHELL_CORPORATE_JACKET_NAVY_HERO_FRONT.webp,jk63-model-jk63-mens-sustainable-softshell-corporate-jacket-navy-hero-front,https://notanother-nz.github.io/total-image-product-assets/assets/JK63_MEN'S_SUSTAINABLE_SOFTSHELL_CORPORATE_JACKET/webp/model/JK63_MEN'S_SUSTAINABLE_SOFTSHELL_CORPORATE_JACKET_NAVY_HERO_FRONT.webp,mens-sustainable-softshell-corporate-jacket-jk63,navy,2
MEN'S_SUSTAINABLE_SOFTSHELL_CORPORATE_JACKET — JK63_MEN'S_SUSTAINABLE_SOFTSHELL_CORPORATE_JACKET_BLACK_HERO_BACK.webp,jk63-model-jk63-mens-sustainable-softshell-corporate-jacket-black-hero-back,https://notanother-nz.github.io/total-image-product-assets/assets/JK63_MEN'S_SUSTAINABLE_SOFTSHELL_CORPORATE_JACKET/webp/model/JK63_MEN'S_SUSTAINABLE_SOFTSHELL_CORPORATE_JACKET_BLACK_HERO_BACK.webp,mens-sustainable-softshell-corporate-jacket-jk63,black,3
MEN'S_SUSTAINABLE_SOFTSHELL_CORPORATE_JACKET — JK63_MEN'S_SUSTAINABLE_SOFTSHELL_CORPORATE_JACKET_NAVY_HERO_BACK.webp,jk63-model-jk63-mens-sustainable-softshell-corporate-jacket-navy-hero-back,https://notanother-nz.github.io/total-image-product-assets/assets/JK63_MEN'S_SUSTAINABLE_SOFTSHELL_CORPORATE_JACKET/webp/model/JK63_MEN'S_SUSTAINABLE_SOFTSHELL_CORPORATE_JACKET_NAVY_HERO_BACK.webp,mens-sustainable-softshell-corporate-jacket-jk63,navy,4
MEN'S_SUSTAINABLE_SOFTSHELL_CORPORATE_JACKET — JK63_MEN'S_SUSTAINABLE_SOFTSHELL_CORPORATE_JACKET_BLACK_HERO_CLOSEUP.webp,jk63-model-jk63-mens-sustainable-softshell-corporate-jacket-black-hero-closeup,https://notanother-nz.github.io/total-image-product-assets/assets/JK63_MEN'S_SUSTAINABLE_SOFTSHELL_CORPORATE_JACKET/webp/model/JK63_MEN'S_SUSTAINABLE_SOFTSHELL_CORPORATE_JACKET_BLACK_HERO_CLOSEUP.webp,mens-sustainable-softshell-corporate-jacket-jk63,black,5
MEN'S_SUSTAINABLE_SOFTSHELL_CORPORATE_JACKET — JK63_MEN'S_SUSTAINABLE_SOFTSHELL_CORPORATE_JACKET_NAVY_HERO_CLOSEUP.webp,jk63-model-jk63-mens-sustainable-softshell-corporate-jacket-navy-hero-closeup,https://notanother-nz.github.io/total-image-product-assets/assets/JK63_MEN'S_SUSTAINABLE_SOFTSHELL_CORPORATE_JACKET/webp/model/JK63_MEN'S_SUSTAINABLE_SOFTSHELL_CORPORATE_JACKET_NAVY_HERO_CLOSEUP.webp,mens-sustainable-softshell-corporate-jacket-jk63,navy,6
MEN'S_SUSTAINABLE_SOFTSHELL_CORPORATE_JACKET — JK63_MEN'S_SUSTAINABLE_SOFTSHELL_CORPORATE_JACKET_BLACK_HERO_SIDE.webp,jk63-model-jk63-mens-sustainable-softshell-corporate-jacket-black-hero-side,https://notanother-nz.github.io/total-image-product-assets/assets/JK63_MEN'S_SUSTAINABLE_SOFTSHELL_CORPORATE_JACKET/webp/model/JK63_MEN'S_SUSTAINABLE_SOFTSHELL_CORPORATE_JACKET_BLACK_HERO_SIDE.webp,mens-sustainable-softshell-corporate-jacket-jk63,black,7
MEN'S_SUSTAINABLE_SOFTSHELL_CORPORATE_JACKET — JK63_MEN'S_SUSTAINABLE_SOFTSHELL_CORPORATE_JACKET_NAVY_HERO_SIDE.webp,jk63-model-jk63-mens-sustainable-softshell-corporate-jacket-navy-hero-side,https://notanother-nz.github.io/total-image-product-assets/assets/JK63_MEN'S_SUSTAINABLE_SOFTSHELL_CORPORATE_JACKET/webp/model/JK63_MEN'S_SUSTAINABLE_SOFTSHELL_CORPORATE_JACKET_NAVY_HERO_SIDE.webp,mens-sustainable-softshell-corporate-jacket-jk63,navy,8
MEN'S_SUSTAINABLE_SOFTSHELL_CORPORATE_JACKET — JK63_MEN'S_SUSTAINABLE_SOFTSHELL_CORPORATE_JACKET_BLACK_FRONT.webp,jk63-product-jk63-mens-sustainable-softshell-corporate-jacket-black-front,https://notanother-nz.github.io/total-image-product-assets/assets/JK63_MEN'S_SUSTAINABLE_SOFTSHELL_CORPORATE_JACKET/webp/product/JK63_MEN'S_SUSTAINABLE_SOFTSHELL_CORPORATE_JACKET_BLACK_FRONT.webp,mens-sustainable-softshell-corporate-jacket-jk63,black,9
MEN'S_SUSTAINABLE_SOFTSHELL_CORPORATE_JACKET — JK63_MEN'S_SUSTAINABLE_SOFTSHELL_CORPORATE_JACKET_NAVY_FRONT.webp,jk63-product-jk63-mens-sustainable-softshell-corporate-jacket-navy-front,https://notanother-nz.github.io/total-image-product-assets/assets/JK63_MEN'S_SUSTAINABLE_SOFTSHELL_CORPORATE_JACKET/webp/product/JK63_MEN'S_SUSTAINABLE_SOFTSHELL_CORPORATE_JACKET_NAVY_FRONT.webp,mens-sustainable-softshell-corporate-jacket-jk63,navy,10
MEN'S_SUSTAINABLE_SOFTSHELL_CORPORATE_JACKET — JK63_MEN'S_SUSTAINABLE_SOFTSHELL_CORPORATE_JACKET_BLACK_BACK.webp,jk63-product-jk63-mens-sustainable-softshell-corporate-jacket-black-back,https://notanother-nz.github.io/total-image-product-assets/assets/JK63_MEN'S_SUSTAINABLE_SOFTSHELL_CORPORATE_JACKET/webp/product/JK63_MEN'S_SUSTAINABLE_SOFTSHELL_CORPORATE_JACKET_BLACK_BACK.webp,mens-sustainable-softshell-corporate-jacket-jk63,black,11
MEN'S_SUSTAINABLE_SOFTSHELL_CORPORATE_JACKET — JK63_MEN'S_SUSTAINABLE_SOFTSHELL_CORPORATE_JACKET_NAVY_BACK.webp,jk63-product-jk63-mens-sustainable-softshell-corporate-jacket-navy-back,https://notanother-nz.github.io/total-image-product-assets/assets/JK63_MEN'S_SUSTAINABLE_SOFTSHELL_CORPORATE_JACKET/webp/product/JK63_MEN'S_SUSTAINABLE_SOFTSHELL_CORPORATE_JACKET_NAVY_BACK.webp,mens-sustainable-softshell-corporate-jacket-jk63,navy,12
Montreal Cool Vent Chef Jacket — JLCV_MONTREAL_COOL_VENT_CHEF_JACKET_WHITE_HERO_FRONT.webp,jlcv-model-jlcv-montreal-cool-vent-chef-jacket-white-hero-front,https://notanother-nz.github.io/total-image-product-assets/assets/JLCV_MONTREAL_COOL_VENT_CHEF_JACKET/webp/model/JLCV_MONTREAL_COOL_VENT_CHEF_JACKET_WHITE_HERO_FRONT.webp,montreal-cool-vent-chef-jacket-jlcv,white,1
Montreal Cool Vent Chef Jacket — JLCV_MONTREAL_COOL_VENT_CHEF_JACKET_WHITE_HERO_BACK.webp,jlcv-model-jlcv-montreal-cool-vent-chef-jacket-white-hero-back,https://notanother-nz.github.io/total-image-product-assets/assets/JLCV_MONTREAL_COOL_VENT_CHEF_JACKET/webp/model/JLCV_MONTREAL_COOL_VENT_CHEF_JACKET_WHITE_HERO_BACK.webp,montreal-cool-vent-chef-jacket-jlcv,white,2
Montreal Cool Vent Chef Jacket — JLCV_MONTREAL_COOL_VENT_CHEF_JACKET_WHITE_HERO_CLOSEUP.webp,jlcv-model-jlcv-montreal-cool-vent-chef-jacket-white-hero-closeup,https://notanother-nz.github.io/total-image-product-assets/assets/JLCV_MONTREAL_COOL_VENT_CHEF_JACKET/webp/model/JLCV_MONTREAL_COOL_VENT_CHEF_JACKET_WHITE_HERO_CLOSEUP.webp,montreal-cool-vent-chef-jacket-jlcv,white,3
Montreal Cool Vent Chef Jacket — JLCV_MONTREAL_COOL_VENT_CHEF_JACKET_WHITE_HERO_SIDE.webp,jlcv-model-jlcv-montreal-cool-vent-chef-jacket-white-hero-side,https://notanother-nz.github.io/total-image-product-assets/assets/JLCV_MONTREAL_COOL_VENT_CHEF_JACKET/webp/model/JLCV_MONTREAL_COOL_VENT_CHEF_JACKET_WHITE_HERO_SIDE.webp,montreal-cool-vent-chef-jacket-jlcv,white,4
Montreal Cool Vent Chef Jacket — JLCV_MONTREAL_COOL_VENT_CHEF_JACKET_BLACK_FRONT.webp,jlcv-product-jlcv-montreal-cool-vent-chef-jacket-black-front,https://notanother-nz.github.io/total-image-product-assets/assets/JLCV_MONTREAL_COOL_VENT_CHEF_JACKET/webp/product/JLCV_MONTREAL_COOL_VENT_CHEF_JACKET_BLACK_FRONT.webp,montreal-cool-vent-chef-jacket-jlcv,black,5
Montreal Cool Vent Chef Jacket — JLCV_MONTREAL_COOL_VENT_CHEF_JACKET_BLUE_FRONT.webp,jlcv-product-jlcv-montreal-cool-vent-chef-jacket-blue-front,https://notanother-nz.github.io/total-image-product-assets/assets/JLCV_MONTREAL_COOL_VENT_CHEF_JACKET/webp/product/JLCV_MONTREAL_COOL_VENT_CHEF_JACKET_BLUE_FRONT.webp,montreal-cool-vent-chef-jacket-jlcv,blue,6
Montreal Cool Vent Chef Jacket — JLCV_MONTREAL_COOL_VENT_CHEF_JACKET_GREY_FRONT.webp,jlcv-product-jlcv-montreal-cool-vent-chef-jacket-grey-front,https://notanother-nz.github.io/total-image-product-assets/assets/JLCV_MONTREAL_COOL_VENT_CHEF_JACKET/webp/product/JLCV_MONTREAL_COOL_VENT_CHEF_JACKET_GREY_FRONT.webp,montreal-cool-vent-chef-jacket-jlcv,grey,7
Montreal Cool Vent Chef Jacket — JLCV_MONTREAL_COOL_VENT_CHEF_JACKET_WHITE_FRONT.webp,jlcv-product-jlcv-montreal-cool-vent-chef-jacket-white-front,https://notanother-nz.github.io/total-image-product-assets/assets/JLCV_MONTREAL_COOL_VENT_CHEF_JACKET/webp/product/JLCV_MONTREAL_COOL_VENT_CHEF_JACKET_WHITE_FRONT.webp,montreal-cool-vent-chef-jacket-jlcv,white,8
Montreal Cool Vent Chef Jacket — JLCV_MONTREAL_COOL_VENT_CHEF_JACKET_BLACK_BACK.webp,jlcv-product-jlcv-montreal-cool-vent-chef-jacket-black-back,https://notanother-nz.github.io/total-image-product-assets/assets/JLCV_MONTREAL_COOL_VENT_CHEF_JACKET/webp/product/JLCV_MONTREAL_COOL_VENT_CHEF_JACKET_BLACK_BACK.webp,montreal-cool-vent-chef-jacket-jlcv,black,9
Montreal Cool Vent Chef Jacket — JLCV_MONTREAL_COOL_VENT_CHEF_JACKET_BLUE_BACK.webp,jlcv-product-jlcv-montreal-cool-vent-chef-jacket-blue-back,https://notanother-nz.github.io/total-image-product-assets/assets/JLCV_MONTREAL_COOL_VENT_CHEF_JACKET/webp/product/JLCV_MONTREAL_COOL_VENT_CHEF_JACKET_BLUE_BACK.webp,montreal-cool-vent-chef-jacket-jlcv,blue,10
Montreal Cool Vent Chef Jacket — JLCV_MONTREAL_COOL_VENT_CHEF_JACKET_GREY_BACK.webp,jlcv-product-jlcv-montreal-cool-vent-chef-jacket-grey-back,https://notanother-nz.github.io/total-image-product-assets/assets/JLCV_MONTREAL_COOL_VENT_CHEF_JACKET/webp/product/JLCV_MONTREAL_COOL_VENT_CHEF_JACKET_GREY_BACK.webp,montreal-cool-vent-chef-jacket-jlcv,grey,11
Montreal Cool Vent Chef Jacket — JLCV_MONTREAL_COOL_VENT_CHEF_JACKET_WHITE_BACK.webp,jlcv-product-jlcv-montreal-cool-vent-chef-jacket-white-back,https://notanother-nz.github.io/total-image-product-assets/assets/JLCV_MONTREAL_COOL_VENT_CHEF_JACKET/webp/product/JLCV_MONTREAL_COOL_VENT_CHEF_JACKET_WHITE_BACK.webp,montreal-cool-vent-chef-jacket-jlcv,white,12
Unisex - Knowledge Holders Black Bamboo (Simpson) Polo Shirt — KNOWLEDGE_YARN_UNISEX_KNOWLEDGE_HOLDERS_BLACK_BAMBOO_(SIMPSON)_POLO_SHIRT_HERO_FRONT.webp,knowledge-yarn-unisex-model-knowledge-yarn-unisex-knowledge-holders-black-bamboo-simpson-polo-shirt-hero-front,https://notanother-nz.github.io/total-image-product-assets/assets/KNOWLEDGE_YARN_UNISEX_KNOWLEDGE_HOLDERS_BLACK_BAMBOO_(SIMPSON)_POLO_SHIRT/webp/model/KNOWLEDGE_YARN_UNISEX_KNOWLEDGE_HOLDERS_BLACK_BAMBOO_(SIMPSON)_POLO_SHIRT_HERO_FRONT.webp,unisex-knowledge-holders-black-bamboo-simpson-polo-shirt-knowledge-yarn-unisex,black,1
Unisex - Knowledge Holders Black Bamboo (Simpson) Polo Shirt — KNOWLEDGE_YARN_UNISEX_KNOWLEDGE_HOLDERS_BLACK_BAMBOO_(SIMPSON)_POLO_SHIRT_HERO_BACK.webp,knowledge-yarn-unisex-model-knowledge-yarn-unisex-knowledge-holders-black-bamboo-simpson-polo-shirt-hero-back,https://notanother-nz.github.io/total-image-product-assets/assets/KNOWLEDGE_YARN_UNISEX_KNOWLEDGE_HOLDERS_BLACK_BAMBOO_(SIMPSON)_POLO_SHIRT/webp/model/KNOWLEDGE_YARN_UNISEX_KNOWLEDGE_HOLDERS_BLACK_BAMBOO_(SIMPSON)_POLO_SHIRT_HERO_BACK.webp,unisex-knowledge-holders-black-bamboo-simpson-polo-shirt-knowledge-yarn-unisex,black,2
Unisex - Knowledge Holders Black Bamboo (Simpson) Polo Shirt — KNOWLEDGE_YARN_UNISEX_KNOWLEDGE_HOLDERS_BLACK_BAMBOO_(SIMPSON)_POLO_SHIRT_HERO_CLOSEUP.webp,knowledge-yarn-unisex-model-knowledge-yarn-unisex-knowledge-holders-black-bamboo-simpson-polo-shirt-hero-closeup,https://notanother-nz.github.io/total-image-product-assets/assets/KNOWLEDGE_YARN_UNISEX_KNOWLEDGE_HOLDERS_BLACK_BAMBOO_(SIMPSON)_POLO_SHIRT/webp/model/KNOWLEDGE_YARN_UNISEX_KNOWLEDGE_HOLDERS_BLACK_BAMBOO_(SIMPSON)_POLO_SHIRT_HERO_CLOSEUP.webp,unisex-knowledge-holders-black-bamboo-simpson-polo-shirt-knowledge-yarn-unisex,black,3
Unisex - Knowledge Holders Black Bamboo (Simpson) Polo Shirt — KNOWLEDGE_YARN_UNISEX_KNOWLEDGE_HOLDERS_BLACK_BAMBOO_(SIMPSON)_POLO_SHIRT_HERO_SIDE.webp,knowledge-yarn-unisex-model-knowledge-yarn-unisex-knowledge-holders-black-bamboo-simpson-polo-shirt-hero-side,https://notanother-nz.github.io/total-image-product-assets/assets/KNOWLEDGE_YARN_UNISEX_KNOWLEDGE_HOLDERS_BLACK_BAMBOO_(SIMPSON)_POLO_SHIRT/webp/model/KNOWLEDGE_YARN_UNISEX_KNOWLEDGE_HOLDERS_BLACK_BAMBOO_(SIMPSON)_POLO_SHIRT_HERO_SIDE.webp,unisex-knowledge-holders-black-bamboo-simpson-polo-shirt-knowledge-yarn-unisex,black,4
Unisex - Knowledge Holders Black Bamboo (Simpson) Polo Shirt — KNOWLEDGE_YARN_UNISEX_KNOWLEDGE_HOLDERS_BLACK_BAMBOO_(SIMPSON)_POLO_SHIRT_BLACK_FRONT.webp,knowledge-yarn-unisex-product-knowledge-yarn-unisex-knowledge-holders-black-bamboo-simpson-polo-shirt-black-front,https://notanother-nz.github.io/total-image-product-assets/assets/KNOWLEDGE_YARN_UNISEX_KNOWLEDGE_HOLDERS_BLACK_BAMBOO_(SIMPSON)_POLO_SHIRT/webp/product/KNOWLEDGE_YARN_UNISEX_KNOWLEDGE_HOLDERS_BLACK_BAMBOO_(SIMPSON)_POLO_SHIRT_BLACK_FRONT.webp,unisex-knowledge-holders-black-bamboo-simpson-polo-shirt-knowledge-yarn-unisex,black,5
Unisex - Knowledge Holders Black Bamboo (Simpson) Polo Shirt — KNOWLEDGE_YARN_UNISEX_KNOWLEDGE_HOLDERS_BLACK_BAMBOO_(SIMPSON)_POLO_SHIRT_BLACK_BACK.webp,knowledge-yarn-unisex-product-knowledge-yarn-unisex-knowledge-holders-black-bamboo-simpson-polo-shirt-black-back,https://notanother-nz.github.io/total-image-product-assets/assets/KNOWLEDGE_YARN_UNISEX_KNOWLEDGE_HOLDERS_BLACK_BAMBOO_(SIMPSON)_POLO_SHIRT/webp/product/KNOWLEDGE_YARN_UNISEX_KNOWLEDGE_HOLDERS_BLACK_BAMBOO_(SIMPSON)_POLO_SHIRT_BLACK_BACK.webp,unisex-knowledge-holders-black-bamboo-simpson-polo-shirt-knowledge-yarn-unisex,black,6
Ladies Plain Oasis 3/4 Sleeve Shirt — LB3600_Womens_Oasis_3_4_Sleeve_Shirt_Hero_Front.webp,lb3600-model-lb3600-womens-oasis-3-4-sleeve-shirt-hero-front,https://notanother-nz.github.io/total-image-product-assets/assets/LB3600_Womens_Oasis_3_4_Sleeve_Shirt/webp/model/LB3600_Womens_Oasis_3_4_Sleeve_Shirt_Hero_Front.webp,ladies-plain-oasis-3-4-sleeve-shirt-lb3600,,1
Ladies Plain Oasis 3/4 Sleeve Shirt — LB3600_Womens_Oasis_3_4_Sleeve_Shirt_Hero_Back.webp,lb3600-model-lb3600-womens-oasis-3-4-sleeve-shirt-hero-back,https://notanother-nz.github.io/total-image-product-assets/assets/LB3600_Womens_Oasis_3_4_Sleeve_Shirt/webp/model/LB3600_Womens_Oasis_3_4_Sleeve_Shirt_Hero_Back.webp,ladies-plain-oasis-3-4-sleeve-shirt-lb3600,,2
Ladies Plain Oasis 3/4 Sleeve Shirt — LB3600_Womens_Oasis_3_4_Sleeve_Shirt_Hero_CloseUp.webp,lb3600-model-lb3600-womens-oasis-3-4-sleeve-shirt-hero-closeup,https://notanother-nz.github.io/total-image-product-assets/assets/LB3600_Womens_Oasis_3_4_Sleeve_Shirt/webp/model/LB3600_Womens_Oasis_3_4_Sleeve_Shirt_Hero_CloseUp.webp,ladies-plain-oasis-3-4-sleeve-shirt-lb3600,,3
Ladies Plain Oasis 3/4 Sleeve Shirt — LB3600_Womens_Oasis_3_4_Sleeve_Shirt_Hero_Side.webp,lb3600-model-lb3600-womens-oasis-3-4-sleeve-shirt-hero-side,https://notanother-nz.github.io/total-image-product-assets/assets/LB3600_Womens_Oasis_3_4_Sleeve_Shirt/webp/model/LB3600_Womens_Oasis_3_4_Sleeve_Shirt_Hero_Side.webp,ladies-plain-oasis-3-4-sleeve-shirt-lb3600,,4
Ladies Plain Oasis 3/4 Sleeve Shirt — LB3600_Womens_Oasis_3_4_Sleeve_Shirt_Charcoal_Back_View.webp,lb3600-product-lb3600-womens-oasis-3-4-sleeve-shirt-charcoal-back-view,https://notanother-nz.github.io/total-image-product-assets/assets/LB3600_Womens_Oasis_3_4_Sleeve_Shirt/webp/product/LB3600_Womens_Oasis_3_4_Sleeve_Shirt_Charcoal_Back_View.webp,ladies-plain-oasis-3-4-sleeve-shirt-lb3600,charcoal,5
Ladies Plain Oasis 3/4 Sleeve Shirt — LB3600_Womens_Oasis_3_4_Sleeve_Shirt_ElectricBlue_Back_View.webp,lb3600-product-lb3600-womens-oasis-3-4-sleeve-shirt-electricblue-back-view,https://notanother-nz.github.io/total-image-product-assets/assets/LB3600_Womens_Oasis_3_4_Sleeve_Shirt/webp/product/LB3600_Womens_Oasis_3_4_Sleeve_Shirt_ElectricBlue_Back_View.webp,ladies-plain-oasis-3-4-sleeve-shirt-lb3600,electric-blue,6
Ladies Plain Oasis 3/4 Sleeve Shirt — LB3600_Womens_Oasis_3_4_Sleeve_Shirt_Grape_Back_View.webp,lb3600-product-lb3600-womens-oasis-3-4-sleeve-shirt-grape-back-view,https://notanother-nz.github.io/total-image-product-assets/assets/LB3600_Womens_Oasis_3_4_Sleeve_Shirt/webp/product/LB3600_Womens_Oasis_3_4_Sleeve_Shirt_Grape_Back_View.webp,ladies-plain-oasis-3-4-sleeve-shirt-lb3600,grape,7
Ladies Plain Oasis 3/4 Sleeve Shirt — LB3600_Womens_Oasis_3_4_Sleeve_Shirt_Navy_Back_View.webp,lb3600-product-lb3600-womens-oasis-3-4-sleeve-shirt-navy-back-view,https://notanother-nz.github.io/total-image-product-assets/assets/LB3600_Womens_Oasis_3_4_Sleeve_Shirt/webp/product/LB3600_Womens_Oasis_3_4_Sleeve_Shirt_Navy_Back_View.webp,ladies-plain-oasis-3-4-sleeve-shirt-lb3600,navy,8
Ladies Plain Oasis 3/4 Sleeve Shirt — LB3600_Womens_Oasis_3_4_Sleeve_Shirt_Teal_Back_View.webp,lb3600-product-lb3600-womens-oasis-3-4-sleeve-shirt-teal-back-view,https://notanother-nz.github.io/total-image-product-assets/assets/LB3600_Womens_Oasis_3_4_Sleeve_Shirt/webp/product/LB3600_Womens_Oasis_3_4_Sleeve_Shirt_Teal_Back_View.webp,ladies-plain-oasis-3-4-sleeve-shirt-lb3600,teal,9
Ladies Plain Oasis 3/4 Sleeve Shirt — LB3600_Womens_Oasis_3_4_Sleeve_Shirt_White_Back_View.webp,lb3600-product-lb3600-womens-oasis-3-4-sleeve-shirt-white-back-view,https://notanother-nz.github.io/total-image-product-assets/assets/LB3600_Womens_Oasis_3_4_Sleeve_Shirt/webp/product/LB3600_Womens_Oasis_3_4_Sleeve_Shirt_White_Back_View.webp,ladies-plain-oasis-3-4-sleeve-shirt-lb3600,white,10
Ladies Plain Oasis 3/4 Sleeve Shirt — LB3600_Womens_Oasis_3_4_Sleeve_Shirt_Charcoal_View.webp,lb3600-product-lb3600-womens-oasis-3-4-sleeve-shirt-charcoal-view,https://notanother-nz.github.io/total-image-product-assets/assets/LB3600_Womens_Oasis_3_4_Sleeve_Shirt/webp/product/LB3600_Womens_Oasis_3_4_Sleeve_Shirt_Charcoal_View.webp,ladies-plain-oasis-3-4-sleeve-shirt-lb3600,charcoal,11
Ladies Plain Oasis 3/4 Sleeve Shirt — LB3600_Womens_Oasis_3_4_Sleeve_Shirt_ElectricBlue_View.webp,lb3600-product-lb3600-womens-oasis-3-4-sleeve-shirt-electricblue-view,https://notanother-nz.github.io/total-image-product-assets/assets/LB3600_Womens_Oasis_3_4_Sleeve_Shirt/webp/product/LB3600_Womens_Oasis_3_4_Sleeve_Shirt_ElectricBlue_View.webp,ladies-plain-oasis-3-4-sleeve-shirt-lb3600,electric-blue,12
Ladies Plain Oasis 3/4 Sleeve Shirt — LB3600_Womens_Oasis_3_4_Sleeve_Shirt_Grape_View.webp,lb3600-product-lb3600-womens-oasis-3-4-sleeve-shirt-grape-view,https://notanother-nz.github.io/total-image-product-assets/assets/LB3600_Womens_Oasis_3_4_Sleeve_Shirt/webp/product/LB3600_Womens_Oasis_3_4_Sleeve_Shirt_Grape_View.webp,ladies-plain-oasis-3-4-sleeve-shirt-lb3600,grape,13
Ladies Plain Oasis 3/4 Sleeve Shirt — LB3600_Womens_Oasis_3_4_Sleeve_Shirt_Navy_View.webp,lb3600-product-lb3600-womens-oasis-3-4-sleeve-shirt-navy-view,https://notanother-nz.github.io/total-image-product-assets/assets/LB3600_Womens_Oasis_3_4_Sleeve_Shirt/webp/product/LB3600_Womens_Oasis_3_4_Sleeve_Shirt_Navy_View.webp,ladies-plain-oasis-3-4-sleeve-shirt-lb3600,navy,14
Ladies Plain Oasis 3/4 Sleeve Shirt — LB3600_Womens_Oasis_3_4_Sleeve_Shirt_Teal_View.webp,lb3600-product-lb3600-womens-oasis-3-4-sleeve-shirt-teal-view,https://notanother-nz.github.io/total-image-product-assets/assets/LB3600_Womens_Oasis_3_4_Sleeve_Shirt/webp/product/LB3600_Womens_Oasis_3_4_Sleeve_Shirt_Teal_View.webp,ladies-plain-oasis-3-4-sleeve-shirt-lb3600,teal,15
Ladies Plain Oasis 3/4 Sleeve Shirt — LB3600_Womens_Oasis_3_4_Sleeve_Shirt_White_View.webp,lb3600-product-lb3600-womens-oasis-3-4-sleeve-shirt-white-view,https://notanother-nz.github.io/total-image-product-assets/assets/LB3600_Womens_Oasis_3_4_Sleeve_Shirt/webp/product/LB3600_Womens_Oasis_3_4_Sleeve_Shirt_White_View.webp,ladies-plain-oasis-3-4-sleeve-shirt-lb3600,white,16
Ladies Plain Oasis Short Sleeve Shirt — LB3601_LADIES_PLAIN_OASIS_SHORT_SLEEVE_SHIRT_WHITE_HERO_FRONT.webp,lb3601-model-lb3601-ladies-plain-oasis-short-sleeve-shirt-white-hero-front,https://notanother-nz.github.io/total-image-product-assets/assets/LB3601_LADIES_PLAIN_OASIS_SHORT_SLEEVE_SHIRT/webp/model/LB3601_LADIES_PLAIN_OASIS_SHORT_SLEEVE_SHIRT_WHITE_HERO_FRONT.webp,ladies-plain-oasis-short-sleeve-shirt-lb3601,white,1
Ladies Plain Oasis Short Sleeve Shirt — LB3601_Womens_Oasis_Short_Sleeve_Shirt_HERO_Front.webp,lb3601-model-lb3601-womens-oasis-short-sleeve-shirt-hero-front,https://notanother-nz.github.io/total-image-product-assets/assets/LB3601_LADIES_PLAIN_OASIS_SHORT_SLEEVE_SHIRT/webp/model/LB3601_Womens_Oasis_Short_Sleeve_Shirt_HERO_Front.webp,ladies-plain-oasis-short-sleeve-shirt-lb3601,,2
Ladies Plain Oasis Short Sleeve Shirt — LB3601_LADIES_PLAIN_OASIS_SHORT_SLEEVE_SHIRT_WHITE_HERO_BACK.webp,lb3601-model-lb3601-ladies-plain-oasis-short-sleeve-shirt-white-hero-back,https://notanother-nz.github.io/total-image-product-assets/assets/LB3601_LADIES_PLAIN_OASIS_SHORT_SLEEVE_SHIRT/webp/model/LB3601_LADIES_PLAIN_OASIS_SHORT_SLEEVE_SHIRT_WHITE_HERO_BACK.webp,ladies-plain-oasis-short-sleeve-shirt-lb3601,white,3
Ladies Plain Oasis Short Sleeve Shirt — LB3601_Womens_Oasis_Short_Sleeve_Shirt_HERO_Back.webp,lb3601-model-lb3601-womens-oasis-short-sleeve-shirt-hero-back,https://notanother-nz.github.io/total-image-product-assets/assets/LB3601_LADIES_PLAIN_OASIS_SHORT_SLEEVE_SHIRT/webp/model/LB3601_Womens_Oasis_Short_Sleeve_Shirt_HERO_Back.webp,ladies-plain-oasis-short-sleeve-shirt-lb3601,,4
Ladies Plain Oasis Short Sleeve Shirt — LB3601_LADIES_PLAIN_OASIS_SHORT_SLEEVE_SHIRT_WHITE_HERO_CLOSEUP.webp,lb3601-model-lb3601-ladies-plain-oasis-short-sleeve-shirt-white-hero-closeup,https://notanother-nz.github.io/total-image-product-assets/assets/LB3601_LADIES_PLAIN_OASIS_SHORT_SLEEVE_SHIRT/webp/model/LB3601_LADIES_PLAIN_OASIS_SHORT_SLEEVE_SHIRT_WHITE_HERO_CLOSEUP.webp,ladies-plain-oasis-short-sleeve-shirt-lb3601,white,5
Ladies Plain Oasis Short Sleeve Shirt — LB3601_Womens_Oasis_Short_Sleeve_Shirt_HERO_CloseUp.webp,lb3601-model-lb3601-womens-oasis-short-sleeve-shirt-hero-closeup,https://notanother-nz.github.io/total-image-product-assets/assets/LB3601_LADIES_PLAIN_OASIS_SHORT_SLEEVE_SHIRT/webp/model/LB3601_Womens_Oasis_Short_Sleeve_Shirt_HERO_CloseUp.webp,ladies-plain-oasis-short-sleeve-shirt-lb3601,,6
Ladies Plain Oasis Short Sleeve Shirt — LB3601_LADIES_PLAIN_OASIS_SHORT_SLEEVE_SHIRT_WHITE_HERO_SIDE.webp,lb3601-model-lb3601-ladies-plain-oasis-short-sleeve-shirt-white-hero-side,https://notanother-nz.github.io/total-image-product-assets/assets/LB3601_LADIES_PLAIN_OASIS_SHORT_SLEEVE_SHIRT/webp/model/LB3601_LADIES_PLAIN_OASIS_SHORT_SLEEVE_SHIRT_WHITE_HERO_SIDE.webp,ladies-plain-oasis-short-sleeve-shirt-lb3601,white,7
Ladies Plain Oasis Short Sleeve Shirt — LB3601_Womens_Oasis_Short_Sleeve_Shirt_HERO_Side.webp,lb3601-model-lb3601-womens-oasis-short-sleeve-shirt-hero-side,https://notanother-nz.github.io/total-image-product-assets/assets/LB3601_LADIES_PLAIN_OASIS_SHORT_SLEEVE_SHIRT/webp/model/LB3601_Womens_Oasis_Short_Sleeve_Shirt_HERO_Side.webp,ladies-plain-oasis-short-sleeve-shirt-lb3601,,8
Ladies Plain Oasis Short Sleeve Shirt — LB3601_LADIES_PLAIN_OASIS_SHORT_SLEEVE_SHIRT_BLACK_FRONT.webp,lb3601-product-lb3601-ladies-plain-oasis-short-sleeve-shirt-black-front,https://notanother-nz.github.io/total-image-product-assets/assets/LB3601_LADIES_PLAIN_OASIS_SHORT_SLEEVE_SHIRT/webp/product/LB3601_LADIES_PLAIN_OASIS_SHORT_SLEEVE_SHIRT_BLACK_FRONT.webp,ladies-plain-oasis-short-sleeve-shirt-lb3601,black,9
Ladies Plain Oasis Short Sleeve Shirt — LB3601_LADIES_PLAIN_OASIS_SHORT_SLEEVE_SHIRT_ELECTRIC_BLUE_FRONT.webp,lb3601-product-lb3601-ladies-plain-oasis-short-sleeve-shirt-electric-blue-front,https://notanother-nz.github.io/total-image-product-assets/assets/LB3601_LADIES_PLAIN_OASIS_SHORT_SLEEVE_SHIRT/webp/product/LB3601_LADIES_PLAIN_OASIS_SHORT_SLEEVE_SHIRT_ELECTRIC_BLUE_FRONT.webp,ladies-plain-oasis-short-sleeve-shirt-lb3601,electric-blue,10
Ladies Plain Oasis Short Sleeve Shirt — LB3601_LADIES_PLAIN_OASIS_SHORT_SLEEVE_SHIRT_GRAPE_FRONT.webp,lb3601-product-lb3601-ladies-plain-oasis-short-sleeve-shirt-grape-front,https://notanother-nz.github.io/total-image-product-assets/assets/LB3601_LADIES_PLAIN_OASIS_SHORT_SLEEVE_SHIRT/webp/product/LB3601_LADIES_PLAIN_OASIS_SHORT_SLEEVE_SHIRT_GRAPE_FRONT.webp,ladies-plain-oasis-short-sleeve-shirt-lb3601,grape,11
Ladies Plain Oasis Short Sleeve Shirt — LB3601_LADIES_PLAIN_OASIS_SHORT_SLEEVE_SHIRT_MID_BLUE_FRONT.webp,lb3601-product-lb3601-ladies-plain-oasis-short-sleeve-shirt-mid-blue-front,https://notanother-nz.github.io/total-image-product-assets/assets/LB3601_LADIES_PLAIN_OASIS_SHORT_SLEEVE_SHIRT/webp/product/LB3601_LADIES_PLAIN_OASIS_SHORT_SLEEVE_SHIRT_MID_BLUE_FRONT.webp,ladies-plain-oasis-short-sleeve-shirt-lb3601,mid-blue,12
Ladies Plain Oasis Short Sleeve Shirt — LB3601_LADIES_PLAIN_OASIS_SHORT_SLEEVE_SHIRT_TEAL_FRONT.webp,lb3601-product-lb3601-ladies-plain-oasis-short-sleeve-shirt-teal-front,https://notanother-nz.github.io/total-image-product-assets/assets/LB3601_LADIES_PLAIN_OASIS_SHORT_SLEEVE_SHIRT/webp/product/LB3601_LADIES_PLAIN_OASIS_SHORT_SLEEVE_SHIRT_TEAL_FRONT.webp,ladies-plain-oasis-short-sleeve-shirt-lb3601,teal,13
Ladies Plain Oasis Short Sleeve Shirt — LB3601_LADIES_PLAIN_OASIS_SHORT_SLEEVE_SHIRT_WHITE_FRONT.webp,lb3601-product-lb3601-ladies-plain-oasis-short-sleeve-shirt-white-front,https://notanother-nz.github.io/total-image-product-assets/assets/LB3601_LADIES_PLAIN_OASIS_SHORT_SLEEVE_SHIRT/webp/product/LB3601_LADIES_PLAIN_OASIS_SHORT_SLEEVE_SHIRT_WHITE_FRONT.webp,ladies-plain-oasis-short-sleeve-shirt-lb3601,white,14
Ladies Plain Oasis Short Sleeve Shirt — LB3601_LADIES_PLAIN_OASIS_SHORT_SLEEVE_SHIRT_BLACK_BACK.webp,lb3601-product-lb3601-ladies-plain-oasis-short-sleeve-shirt-black-back,https://notanother-nz.github.io/total-image-product-assets/assets/LB3601_LADIES_PLAIN_OASIS_SHORT_SLEEVE_SHIRT/webp/product/LB3601_LADIES_PLAIN_OASIS_SHORT_SLEEVE_SHIRT_BLACK_BACK.webp,ladies-plain-oasis-short-sleeve-shirt-lb3601,black,15
Ladies Plain Oasis Short Sleeve Shirt — LB3601_LADIES_PLAIN_OASIS_SHORT_SLEEVE_SHIRT_ELECTRIC_BLUE_BACK.webp,lb3601-product-lb3601-ladies-plain-oasis-short-sleeve-shirt-electric-blue-back,https://notanother-nz.github.io/total-image-product-assets/assets/LB3601_LADIES_PLAIN_OASIS_SHORT_SLEEVE_SHIRT/webp/product/LB3601_LADIES_PLAIN_OASIS_SHORT_SLEEVE_SHIRT_ELECTRIC_BLUE_BACK.webp,ladies-plain-oasis-short-sleeve-shirt-lb3601,electric-blue,16
Ladies Plain Oasis Short Sleeve Shirt — LB3601_LADIES_PLAIN_OASIS_SHORT_SLEEVE_SHIRT_GRAPE_BACK.webp,lb3601-product-lb3601-ladies-plain-oasis-short-sleeve-shirt-grape-back,https://notanother-nz.github.io/total-image-product-assets/assets/LB3601_LADIES_PLAIN_OASIS_SHORT_SLEEVE_SHIRT/webp/product/LB3601_LADIES_PLAIN_OASIS_SHORT_SLEEVE_SHIRT_GRAPE_BACK.webp,ladies-plain-oasis-short-sleeve-shirt-lb3601,grape,17
Ladies Plain Oasis Short Sleeve Shirt — LB3601_LADIES_PLAIN_OASIS_SHORT_SLEEVE_SHIRT_MID_BLUE_BACK.webp,lb3601-product-lb3601-ladies-plain-oasis-short-sleeve-shirt-mid-blue-back,https://notanother-nz.github.io/total-image-product-assets/assets/LB3601_LADIES_PLAIN_OASIS_SHORT_SLEEVE_SHIRT/webp/product/LB3601_LADIES_PLAIN_OASIS_SHORT_SLEEVE_SHIRT_MID_BLUE_BACK.webp,ladies-plain-oasis-short-sleeve-shirt-lb3601,mid-blue,18
Ladies Plain Oasis Short Sleeve Shirt — LB3601_LADIES_PLAIN_OASIS_SHORT_SLEEVE_SHIRT_TEAL_BACK.webp,lb3601-product-lb3601-ladies-plain-oasis-short-sleeve-shirt-teal-back,https://notanother-nz.github.io/total-image-product-assets/assets/LB3601_LADIES_PLAIN_OASIS_SHORT_SLEEVE_SHIRT/webp/product/LB3601_LADIES_PLAIN_OASIS_SHORT_SLEEVE_SHIRT_TEAL_BACK.webp,ladies-plain-oasis-short-sleeve-shirt-lb3601,teal,19
Ladies Plain Oasis Short Sleeve Shirt — LB3601_LADIES_PLAIN_OASIS_SHORT_SLEEVE_SHIRT_WHITE_BACK.webp,lb3601-product-lb3601-ladies-plain-oasis-short-sleeve-shirt-white-back,https://notanother-nz.github.io/total-image-product-assets/assets/LB3601_LADIES_PLAIN_OASIS_SHORT_SLEEVE_SHIRT/webp/product/LB3601_LADIES_PLAIN_OASIS_SHORT_SLEEVE_SHIRT_WHITE_BACK.webp,ladies-plain-oasis-short-sleeve-shirt-lb3601,white,20
Ladies Plain Oasis Short Sleeve Shirt — LB3601_Womens_Oasis_Short_Sleeve_Shirt_Black.webp,lb3601-product-lb3601-womens-oasis-short-sleeve-shirt-black,https://notanother-nz.github.io/total-image-product-assets/assets/LB3601_LADIES_PLAIN_OASIS_SHORT_SLEEVE_SHIRT/webp/product/LB3601_Womens_Oasis_Short_Sleeve_Shirt_Black.webp,ladies-plain-oasis-short-sleeve-shirt-lb3601,black,21
Ladies Plain Oasis Short Sleeve Shirt — LB3601_Womens_Oasis_Short_Sleeve_Shirt_Charcoal.webp,lb3601-product-lb3601-womens-oasis-short-sleeve-shirt-charcoal,https://notanother-nz.github.io/total-image-product-assets/assets/LB3601_LADIES_PLAIN_OASIS_SHORT_SLEEVE_SHIRT/webp/product/LB3601_Womens_Oasis_Short_Sleeve_Shirt_Charcoal.webp,ladies-plain-oasis-short-sleeve-shirt-lb3601,charcoal,22
Ladies Plain Oasis Short Sleeve Shirt — LB3601_Womens_Oasis_Short_Sleeve_Shirt_Cherry.webp,lb3601-product-lb3601-womens-oasis-short-sleeve-shirt-cherry,https://notanother-nz.github.io/total-image-product-assets/assets/LB3601_LADIES_PLAIN_OASIS_SHORT_SLEEVE_SHIRT/webp/product/LB3601_Womens_Oasis_Short_Sleeve_Shirt_Cherry.webp,ladies-plain-oasis-short-sleeve-shirt-lb3601,cherry,23
Ladies Plain Oasis Short Sleeve Shirt — LB3601_Womens_Oasis_Short_Sleeve_Shirt_ElectricBlue.webp,lb3601-product-lb3601-womens-oasis-short-sleeve-shirt-electricblue,https://notanother-nz.github.io/total-image-product-assets/assets/LB3601_LADIES_PLAIN_OASIS_SHORT_SLEEVE_SHIRT/webp/product/LB3601_Womens_Oasis_Short_Sleeve_Shirt_ElectricBlue.webp,ladies-plain-oasis-short-sleeve-shirt-lb3601,electric-blue,24
Ladies Plain Oasis Short Sleeve Shirt — LB3601_Womens_Oasis_Short_Sleeve_Shirt_Grape.webp,lb3601-product-lb3601-womens-oasis-short-sleeve-shirt-grape,https://notanother-nz.github.io/total-image-product-assets/assets/LB3601_LADIES_PLAIN_OASIS_SHORT_SLEEVE_SHIRT/webp/product/LB3601_Womens_Oasis_Short_Sleeve_Shirt_Grape.webp,ladies-plain-oasis-short-sleeve-shirt-lb3601,grape,25
Ladies Plain Oasis Short Sleeve Shirt — LB3601_Womens_Oasis_Short_Sleeve_Shirt_MidBlue.webp,lb3601-product-lb3601-womens-oasis-short-sleeve-shirt-midblue,https://notanother-nz.github.io/total-image-product-assets/assets/LB3601_LADIES_PLAIN_OASIS_SHORT_SLEEVE_SHIRT/webp/product/LB3601_Womens_Oasis_Short_Sleeve_Shirt_MidBlue.webp,ladies-plain-oasis-short-sleeve-shirt-lb3601,mid-blue,26
Ladies Plain Oasis Short Sleeve Shirt — LB3601_Womens_Oasis_Short_Sleeve_Shirt_Navy.webp,lb3601-product-lb3601-womens-oasis-short-sleeve-shirt-navy,https://notanother-nz.github.io/total-image-product-assets/assets/LB3601_LADIES_PLAIN_OASIS_SHORT_SLEEVE_SHIRT/webp/product/LB3601_Womens_Oasis_Short_Sleeve_Shirt_Navy.webp,ladies-plain-oasis-short-sleeve-shirt-lb3601,navy,27
Ladies Plain Oasis Short Sleeve Shirt — LB3601_Womens_Oasis_Short_Sleeve_Shirt_Teal.webp,lb3601-product-lb3601-womens-oasis-short-sleeve-shirt-teal,https://notanother-nz.github.io/total-image-product-assets/assets/LB3601_LADIES_PLAIN_OASIS_SHORT_SLEEVE_SHIRT/webp/product/LB3601_Womens_Oasis_Short_Sleeve_Shirt_Teal.webp,ladies-plain-oasis-short-sleeve-shirt-lb3601,teal,28
Ladies Plain Oasis Short Sleeve Shirt — LB3601_Womens_Oasis_Short_Sleeve_Shirt_White.webp,lb3601-product-lb3601-womens-oasis-short-sleeve-shirt-white,https://notanother-nz.github.io/total-image-product-assets/assets/LB3601_LADIES_PLAIN_OASIS_SHORT_SLEEVE_SHIRT/webp/product/LB3601_Womens_Oasis_Short_Sleeve_Shirt_White.webp,ladies-plain-oasis-short-sleeve-shirt-lb3601,white,29
Unisex - Legacy Polo Shirt — LEGACY_YARN_UNISEX_LEGACY_POLO_SHIRT_HERO_FRONT.webp,legacy-yarn-unisex-model-legacy-yarn-unisex-legacy-polo-shirt-hero-front,https://notanother-nz.github.io/total-image-product-assets/assets/LEGACY_YARN_UNISEX_LEGACY_POLO_SHIRT/webp/model/LEGACY_YARN_UNISEX_LEGACY_POLO_SHIRT_HERO_FRONT.webp,unisex-legacy-polo-shirt-legacy-yarn-unisex,multi-coloured,1
Unisex - Legacy Polo Shirt — LEGACY_YARN_UNISEX_LEGACY_POLO_SHIRT_HERO_BACK.webp,legacy-yarn-unisex-model-legacy-yarn-unisex-legacy-polo-shirt-hero-back,https://notanother-nz.github.io/total-image-product-assets/assets/LEGACY_YARN_UNISEX_LEGACY_POLO_SHIRT/webp/model/LEGACY_YARN_UNISEX_LEGACY_POLO_SHIRT_HERO_BACK.webp,unisex-legacy-polo-shirt-legacy-yarn-unisex,multi-coloured,2
Unisex - Legacy Polo Shirt — LEGACY_YARN_UNISEX_LEGACY_POLO_SHIRT_HERO_CLOSEUP.webp,legacy-yarn-unisex-model-legacy-yarn-unisex-legacy-polo-shirt-hero-closeup,https://notanother-nz.github.io/total-image-product-assets/assets/LEGACY_YARN_UNISEX_LEGACY_POLO_SHIRT/webp/model/LEGACY_YARN_UNISEX_LEGACY_POLO_SHIRT_HERO_CLOSEUP.webp,unisex-legacy-polo-shirt-legacy-yarn-unisex,multi-coloured,3
Unisex - Legacy Polo Shirt — LEGACY_YARN_UNISEX_LEGACY_POLO_SHIRT_HERO_SIDE.webp,legacy-yarn-unisex-model-legacy-yarn-unisex-legacy-polo-shirt-hero-side,https://notanother-nz.github.io/total-image-product-assets/assets/LEGACY_YARN_UNISEX_LEGACY_POLO_SHIRT/webp/model/LEGACY_YARN_UNISEX_LEGACY_POLO_SHIRT_HERO_SIDE.webp,unisex-legacy-polo-shirt-legacy-yarn-unisex,multi-coloured,4
Unisex - Legacy Polo Shirt — LEGACY_YARN_UNISEX_LEGACY_POLO_SHIRT_MULTI_COLOURED_FRONT.webp,legacy-yarn-unisex-product-legacy-yarn-unisex-legacy-polo-shirt-multi-coloured-front,https://notanother-nz.github.io/total-image-product-assets/assets/LEGACY_YARN_UNISEX_LEGACY_POLO_SHIRT/webp/product/LEGACY_YARN_UNISEX_LEGACY_POLO_SHIRT_MULTI_COLOURED_FRONT.webp,unisex-legacy-polo-shirt-legacy-yarn-unisex,multi-coloured,5
Unisex - Legacy Polo Shirt — LEGACY_YARN_UNISEX_LEGACY_POLO_SHIRT_MULTI_COLOURED_BACK.webp,legacy-yarn-unisex-product-legacy-yarn-unisex-legacy-polo-shirt-multi-coloured-back,https://notanother-nz.github.io/total-image-product-assets/assets/LEGACY_YARN_UNISEX_LEGACY_POLO_SHIRT/webp/product/LEGACY_YARN_UNISEX_LEGACY_POLO_SHIRT_MULTI_COLOURED_BACK.webp,unisex-legacy-polo-shirt-legacy-yarn-unisex,multi-coloured,6
Arc Eco Square Wireless Charger — LL0226_ARC_ECO_SQUARE_WIRELESS_CHARGER.webp,ll0226-product-ll0226-arc-eco-square-wireless-charger,https://notanother-nz.github.io/total-image-product-assets/assets/LL0226_ARC_ECO_SQUARE_WIRELESS_CHARGER/webp/product/LL0226_ARC_ECO_SQUARE_WIRELESS_CHARGER.webp,arc-eco-square-wireless-charger-ll0226,white,1
Vienna Coffee Cup / Silicone Lid — LL0427_VIENNA_COFFE_CUP_SILICONE_LID.webp,ll0427-product-ll0427-vienna-coffe-cup-silicone-lid,https://notanother-nz.github.io/total-image-product-assets/assets/LL0427_VIENNA_COFFE_CUP_SILICONE_LID/webp/product/LL0427_VIENNA_COFFE_CUP_SILICONE_LID.webp,vienna-coffee-cup-silicone-lid-ll0427,,1
Vienna Coffee Cup / Snap Lid / Cork Band — LL0461_VIENNA_COFFE_CUP_ALL_COLOR.webp,ll0461-product-ll0461-vienna-coffe-cup-all-color,https://notanother-nz.github.io/total-image-product-assets/assets/LL0461_VIENNA_COFFE_CUP/webp/product/LL0461_VIENNA_COFFE_CUP_ALL_COLOR.webp,vienna-coffee-cup-snap-lid-cork-band-ll0461,white,1
Vienna Coffee Cup / Snap Lid / Cork Band — LL0461_VIENNA_COFFE_CUP_WHITE.webp,ll0461-product-ll0461-vienna-coffe-cup-white,https://notanother-nz.github.io/total-image-product-assets/assets/LL0461_VIENNA_COFFE_CUP/webp/product/LL0461_VIENNA_COFFE_CUP_WHITE.webp,vienna-coffee-cup-snap-lid-cork-band-ll0461,white,2
Tourist A5 Notebook — LL0944_TOURIST_A5_NOTEBOOK.webp,ll0944-product-ll0944-tourist-a5-notebook,https://notanother-nz.github.io/total-image-product-assets/assets/LL0944_TOURIST_A5_NOTEBOOK/webp/product/LL0944_TOURIST_A5_NOTEBOOK.webp,tourist-a5-notebook-ll0944,brown,1
Stone Paper Notebook — LL9753_STONE_PAPER_NOTEBOOK.webp,ll9753-product-ll9753-stone-paper-notebook,https://notanother-nz.github.io/total-image-product-assets/assets/LL9753_STONE_PAPER_NOTEBOOK/webp/product/LL9753_STONE_PAPER_NOTEBOOK.webp,stone-paper-notebook-ll9753,brown,1
Amazon Bamboo Notebook — LL9757_AMAZON-BAMBOO_NOTEBOOK_BROWN.webp,ll9757-product-ll9757-amazon-bamboo-notebook-brown,https://notanother-nz.github.io/total-image-product-assets/assets/LL9757_AMAZONZ-BAMBOO_NOTEBOOK_BROWN/webp/product/LL9757_AMAZON-BAMBOO_NOTEBOOK_BROWN.webp,amazon-bamboo-notebook-ll9757,bamboo,1
Ladies Milano Vest — LV619L_LADIES_MILANO_VEST_NAVY_HERO_FRONT.webp,lv619l-model-lv619l-ladies-milano-vest-navy-hero-front,https://notanother-nz.github.io/total-image-product-assets/assets/LV619L_LADIES_MILANO_VEST/webp/model/LV619L_LADIES_MILANO_VEST_NAVY_HERO_FRONT.webp,ladies-milano-vest-lv619l,navy,1
Ladies Milano Vest — LV619L_LADIES_MILANO_VEST_NAVY_PLUS_HERO_FRONT.webp,lv619l-model-lv619l-ladies-milano-vest-navy-plus-hero-front,https://notanother-nz.github.io/total-image-product-assets/assets/LV619L_LADIES_MILANO_VEST/webp/model/LV619L_LADIES_MILANO_VEST_NAVY_PLUS_HERO_FRONT.webp,ladies-milano-vest-lv619l,navy,2
Ladies Milano Vest — LV619L_LADIES_MILANO_VEST_NAVY_HERO_BACK.webp,lv619l-model-lv619l-ladies-milano-vest-navy-hero-back,https://notanother-nz.github.io/total-image-product-assets/assets/LV619L_LADIES_MILANO_VEST/webp/model/LV619L_LADIES_MILANO_VEST_NAVY_HERO_BACK.webp,ladies-milano-vest-lv619l,navy,3
Ladies Milano Vest — LV619L_LADIES_MILANO_VEST_NAVY_PLUS_HERO_BACK.webp,lv619l-model-lv619l-ladies-milano-vest-navy-plus-hero-back,https://notanother-nz.github.io/total-image-product-assets/assets/LV619L_LADIES_MILANO_VEST/webp/model/LV619L_LADIES_MILANO_VEST_NAVY_PLUS_HERO_BACK.webp,ladies-milano-vest-lv619l,navy,4
Ladies Milano Vest — LV619L_LADIES_MILANO_VEST_NAVY_HERO_CLOSEUP.webp,lv619l-model-lv619l-ladies-milano-vest-navy-hero-closeup,https://notanother-nz.github.io/total-image-product-assets/assets/LV619L_LADIES_MILANO_VEST/webp/model/LV619L_LADIES_MILANO_VEST_NAVY_HERO_CLOSEUP.webp,ladies-milano-vest-lv619l,navy,5
Ladies Milano Vest — LV619L_LADIES_MILANO_VEST_NAVY_PLUS_HERO_CLOSEUP.webp,lv619l-model-lv619l-ladies-milano-vest-navy-plus-hero-closeup,https://notanother-nz.github.io/total-image-product-assets/assets/LV619L_LADIES_MILANO_VEST/webp/model/LV619L_LADIES_MILANO_VEST_NAVY_PLUS_HERO_CLOSEUP.webp,ladies-milano-vest-lv619l,navy,6
Ladies Milano Vest — LV619L_LADIES_MILANO_VEST_NAVY_HERO_SIDE.webp,lv619l-model-lv619l-ladies-milano-vest-navy-hero-side,https://notanother-nz.github.io/total-image-product-assets/assets/LV619L_LADIES_MILANO_VEST/webp/model/LV619L_LADIES_MILANO_VEST_NAVY_HERO_SIDE.webp,ladies-milano-vest-lv619l,navy,7
Ladies Milano Vest — LV619L_LADIES_MILANO_VEST_NAVY_PLUS_HERO_SIDE.webp,lv619l-model-lv619l-ladies-milano-vest-navy-plus-hero-side,https://notanother-nz.github.io/total-image-product-assets/assets/LV619L_LADIES_MILANO_VEST/webp/model/LV619L_LADIES_MILANO_VEST_NAVY_PLUS_HERO_SIDE.webp,ladies-milano-vest-lv619l,navy,8
Ladies Milano Vest — LV619L_LADIES_MILANO_VEST_BLACK_FRONT.webp,lv619l-product-lv619l-ladies-milano-vest-black-front,https://notanother-nz.github.io/total-image-product-assets/assets/LV619L_LADIES_MILANO_VEST/webp/product/LV619L_LADIES_MILANO_VEST_BLACK_FRONT.webp,ladies-milano-vest-lv619l,black,9
Ladies Milano Vest — LV619L_LADIES_MILANO_VEST_CHARCOAL_FRONT.webp,lv619l-product-lv619l-ladies-milano-vest-charcoal-front,https://notanother-nz.github.io/total-image-product-assets/assets/LV619L_LADIES_MILANO_VEST/webp/product/LV619L_LADIES_MILANO_VEST_CHARCOAL_FRONT.webp,ladies-milano-vest-lv619l,charcoal,10
Ladies Milano Vest — LV619L_LADIES_MILANO_VEST_NAVY_FRONT.webp,lv619l-product-lv619l-ladies-milano-vest-navy-front,https://notanother-nz.github.io/total-image-product-assets/assets/LV619L_LADIES_MILANO_VEST/webp/product/LV619L_LADIES_MILANO_VEST_NAVY_FRONT.webp,ladies-milano-vest-lv619l,navy,11
Ladies Milano Vest — LV619L_LADIES_MILANO_VEST_BLACK_BACK.webp,lv619l-product-lv619l-ladies-milano-vest-black-back,https://notanother-nz.github.io/total-image-product-assets/assets/LV619L_LADIES_MILANO_VEST/webp/product/LV619L_LADIES_MILANO_VEST_BLACK_BACK.webp,ladies-milano-vest-lv619l,black,12
Ladies Milano Vest — LV619L_LADIES_MILANO_VEST_CHARCOAL_BACK.webp,lv619l-product-lv619l-ladies-milano-vest-charcoal-back,https://notanother-nz.github.io/total-image-product-assets/assets/LV619L_LADIES_MILANO_VEST/webp/product/LV619L_LADIES_MILANO_VEST_CHARCOAL_BACK.webp,ladies-milano-vest-lv619l,charcoal,13
Ladies Milano Vest — LV619L_LADIES_MILANO_VEST_NAVY_BACK.webp,lv619l-product-lv619l-ladies-milano-vest-navy-back,https://notanother-nz.github.io/total-image-product-assets/assets/LV619L_LADIES_MILANO_VEST/webp/product/LV619L_LADIES_MILANO_VEST_NAVY_BACK.webp,ladies-milano-vest-lv619l,navy,14
Men's V-Neck Contrast Trim Scrub Top — M7650_MEN'S_V_NECK_CONTRAST_TRIM_SCRUB_TOP_HERO_FRONT.webp,m7650-model-m7650-mens-v-neck-contrast-trim-scrub-top-hero-front,https://notanother-nz.github.io/total-image-product-assets/assets/M7650_MEN'S_V_NECK_CONTRAST_TRIM_SCRUB_TOP/webp/model/M7650_MEN'S_V_NECK_CONTRAST_TRIM_SCRUB_TOP_HERO_FRONT.webp,mens-v-neck-contrast-trim-scrub-top-m7650,navy-navy,1
Men's V-Neck Contrast Trim Scrub Top — M7650_MENS_V_NECK_CONTRAST_TRIM_SCRUB_TOP_NAVY_HERO_FRONT.webp,m7650-model-m7650-mens-v-neck-contrast-trim-scrub-top-navy-hero-front,https://notanother-nz.github.io/total-image-product-assets/assets/M7650_MEN'S_V_NECK_CONTRAST_TRIM_SCRUB_TOP/webp/model/M7650_MENS_V_NECK_CONTRAST_TRIM_SCRUB_TOP_NAVY_HERO_FRONT.webp,mens-v-neck-contrast-trim-scrub-top-m7650,navy-navy,2
Men's V-Neck Contrast Trim Scrub Top — M7650_MEN'S_V_NECK_CONTRAST_TRIM_SCRUB_TOP_HERO_BACK.webp,m7650-model-m7650-mens-v-neck-contrast-trim-scrub-top-hero-back,https://notanother-nz.github.io/total-image-product-assets/assets/M7650_MEN'S_V_NECK_CONTRAST_TRIM_SCRUB_TOP/webp/model/M7650_MEN'S_V_NECK_CONTRAST_TRIM_SCRUB_TOP_HERO_BACK.webp,mens-v-neck-contrast-trim-scrub-top-m7650,navy-navy,3
Men's V-Neck Contrast Trim Scrub Top — M7650_MENS_V_NECK_CONTRAST_TRIM_SCRUB_TOP_NAVY_HERO_BACK.webp,m7650-model-m7650-mens-v-neck-contrast-trim-scrub-top-navy-hero-back,https://notanother-nz.github.io/total-image-product-assets/assets/M7650_MEN'S_V_NECK_CONTRAST_TRIM_SCRUB_TOP/webp/model/M7650_MENS_V_NECK_CONTRAST_TRIM_SCRUB_TOP_NAVY_HERO_BACK.webp,mens-v-neck-contrast-trim-scrub-top-m7650,navy-navy,4
Men's V-Neck Contrast Trim Scrub Top — M7650_MEN'S_V_NECK_CONTRAST_TRIM_SCRUB_TOP_HERO_CLOSEUP.webp,m7650-model-m7650-mens-v-neck-contrast-trim-scrub-top-hero-closeup,https://notanother-nz.github.io/total-image-product-assets/assets/M7650_MEN'S_V_NECK_CONTRAST_TRIM_SCRUB_TOP/webp/model/M7650_MEN'S_V_NECK_CONTRAST_TRIM_SCRUB_TOP_HERO_CLOSEUP.webp,mens-v-neck-contrast-trim-scrub-top-m7650,navy-navy,5
Men's V-Neck Contrast Trim Scrub Top — M7650_MENS_V_NECK_CONTRAST_TRIM_SCRUB_TOP_NAVY_HERO_CLOSEUP.webp,m7650-model-m7650-mens-v-neck-contrast-trim-scrub-top-navy-hero-closeup,https://notanother-nz.github.io/total-image-product-assets/assets/M7650_MEN'S_V_NECK_CONTRAST_TRIM_SCRUB_TOP/webp/model/M7650_MENS_V_NECK_CONTRAST_TRIM_SCRUB_TOP_NAVY_HERO_CLOSEUP.webp,mens-v-neck-contrast-trim-scrub-top-m7650,navy-navy,6
Men's V-Neck Contrast Trim Scrub Top — M7650_MEN'S_V_NECK_CONTRAST_TRIM_SCRUB_TOP_HERO_SIDE.webp,m7650-model-m7650-mens-v-neck-contrast-trim-scrub-top-hero-side,https://notanother-nz.github.io/total-image-product-assets/assets/M7650_MEN'S_V_NECK_CONTRAST_TRIM_SCRUB_TOP/webp/model/M7650_MEN'S_V_NECK_CONTRAST_TRIM_SCRUB_TOP_HERO_SIDE.webp,mens-v-neck-contrast-trim-scrub-top-m7650,navy-navy,7
Men's V-Neck Contrast Trim Scrub Top — M7650_MENS_V_NECK_CONTRAST_TRIM_SCRUB_TOP_NAVY_HERO_SIDE.webp,m7650-model-m7650-mens-v-neck-contrast-trim-scrub-top-navy-hero-side,https://notanother-nz.github.io/total-image-product-assets/assets/M7650_MEN'S_V_NECK_CONTRAST_TRIM_SCRUB_TOP/webp/model/M7650_MENS_V_NECK_CONTRAST_TRIM_SCRUB_TOP_NAVY_HERO_SIDE.webp,mens-v-neck-contrast-trim-scrub-top-m7650,navy-navy,8
Men's V-Neck Contrast Trim Scrub Top — M7650_MENS_V_NECK_CONTRAST_TRIM_SCRUB_TOP_NAVY_CLOSEUP.webp,m7650-model-m7650-mens-v-neck-contrast-trim-scrub-top-navy-closeup,https://notanother-nz.github.io/total-image-product-assets/assets/M7650_MEN'S_V_NECK_CONTRAST_TRIM_SCRUB_TOP/webp/model/M7650_MENS_V_NECK_CONTRAST_TRIM_SCRUB_TOP_NAVY_CLOSEUP.webp,mens-v-neck-contrast-trim-scrub-top-m7650,navy-navy,9
Men's V-Neck Contrast Trim Scrub Top — M7650_MEN'S_V_NECK_CONTRAST_TRIM_SCRUB_TOP_NAVY_NAVY_FRONT.webp,m7650-product-m7650-mens-v-neck-contrast-trim-scrub-top-navy-navy-front,https://notanother-nz.github.io/total-image-product-assets/assets/M7650_MEN'S_V_NECK_CONTRAST_TRIM_SCRUB_TOP/webp/product/M7650_MEN'S_V_NECK_CONTRAST_TRIM_SCRUB_TOP_NAVY_NAVY_FRONT.webp,mens-v-neck-contrast-trim-scrub-top-m7650,navy-navy,10
Men's V-Neck Contrast Trim Scrub Top — M7650_MEN'S_V_NECK_CONTRAST_TRIM_SCRUB_TOP_NAVY_NAVY_BACK.webp,m7650-product-m7650-mens-v-neck-contrast-trim-scrub-top-navy-navy-back,https://notanother-nz.github.io/total-image-product-assets/assets/M7650_MEN'S_V_NECK_CONTRAST_TRIM_SCRUB_TOP/webp/product/M7650_MEN'S_V_NECK_CONTRAST_TRIM_SCRUB_TOP_NAVY_NAVY_BACK.webp,mens-v-neck-contrast-trim-scrub-top-m7650,navy-navy,11
Ladies Scrub V-Neck Contrast Trim Top — M7660_LADIES_SCRUB_V-NECK_CONTRAST_TRIM_TOP_HERO_FRONT.webp,m7660-model-m7660-ladies-scrub-v-neck-contrast-trim-top-hero-front,https://notanother-nz.github.io/total-image-product-assets/assets/M7660_LADIES_SCRUB_V-NECK_CONTRAST_TRIM_TOP/webp/model/M7660_LADIES_SCRUB_V-NECK_CONTRAST_TRIM_TOP_HERO_FRONT.webp,ladies-scrub-v-neck-contrast-trim-top-m7660,navy-charcoal,1
Ladies Scrub V-Neck Contrast Trim Top — M7660_LADIES_SCRUB_V-NECK_CONTRAST_TRIM_TOP_HERO_BACK.webp,m7660-model-m7660-ladies-scrub-v-neck-contrast-trim-top-hero-back,https://notanother-nz.github.io/total-image-product-assets/assets/M7660_LADIES_SCRUB_V-NECK_CONTRAST_TRIM_TOP/webp/model/M7660_LADIES_SCRUB_V-NECK_CONTRAST_TRIM_TOP_HERO_BACK.webp,ladies-scrub-v-neck-contrast-trim-top-m7660,navy-charcoal,2
Ladies Scrub V-Neck Contrast Trim Top — M7660_LADIES_SCRUB_V-NECK_CONTRAST_TRIM_TOP_HERO_CLOSEUP.webp,m7660-model-m7660-ladies-scrub-v-neck-contrast-trim-top-hero-closeup,https://notanother-nz.github.io/total-image-product-assets/assets/M7660_LADIES_SCRUB_V-NECK_CONTRAST_TRIM_TOP/webp/model/M7660_LADIES_SCRUB_V-NECK_CONTRAST_TRIM_TOP_HERO_CLOSEUP.webp,ladies-scrub-v-neck-contrast-trim-top-m7660,navy-charcoal,3
Ladies Scrub V-Neck Contrast Trim Top — M7660_LADIES_SCRUB_V-NECK_CONTRAST_TRIM_TOP_HERO_SIDE.webp,m7660-model-m7660-ladies-scrub-v-neck-contrast-trim-top-hero-side,https://notanother-nz.github.io/total-image-product-assets/assets/M7660_LADIES_SCRUB_V-NECK_CONTRAST_TRIM_TOP/webp/model/M7660_LADIES_SCRUB_V-NECK_CONTRAST_TRIM_TOP_HERO_SIDE.webp,ladies-scrub-v-neck-contrast-trim-top-m7660,navy-charcoal,4
Ladies Scrub V-Neck Contrast Trim Top — M7660_LADIES_SCRUB_V-NECK_CONTRAST_TRIM_TOP_NAVY_CHARCOAL_FRONT.webp,m7660-product-m7660-ladies-scrub-v-neck-contrast-trim-top-navy-charcoal-front,https://notanother-nz.github.io/total-image-product-assets/assets/M7660_LADIES_SCRUB_V-NECK_CONTRAST_TRIM_TOP/webp/product/M7660_LADIES_SCRUB_V-NECK_CONTRAST_TRIM_TOP_NAVY_CHARCOAL_FRONT.webp,ladies-scrub-v-neck-contrast-trim-top-m7660,navy-charcoal,5
Ladies Scrub V-Neck Contrast Trim Top — M7660_LADIES_SCRUB_V-NECK_CONTRAST_TRIM_TOP_NAVY_CHARCOAL_BACK.webp,m7660-product-m7660-ladies-scrub-v-neck-contrast-trim-top-navy-charcoal-back,https://notanother-nz.github.io/total-image-product-assets/assets/M7660_LADIES_SCRUB_V-NECK_CONTRAST_TRIM_TOP/webp/product/M7660_LADIES_SCRUB_V-NECK_CONTRAST_TRIM_TOP_NAVY_CHARCOAL_BACK.webp,ladies-scrub-v-neck-contrast-trim-top-m7660,navy-charcoal,6
Men's Boston Chino — M9380_MEN'S_BOSTON_CHINO_BLACK_ASIAN_HERO_FRONT.webp,m9380-model-m9380-mens-boston-chino-black-asian-hero-front,https://notanother-nz.github.io/total-image-product-assets/assets/M9380_MEN'S_BOSTON_CHINO/webp/model/M9380_MEN'S_BOSTON_CHINO_BLACK_ASIAN_HERO_FRONT.webp,mens-boston-chino-m9380,black,1
Men's Boston Chino — M9380_MEN'S_BOSTON_CHINO_BLACK_HERO_FRONT.webp,m9380-model-m9380-mens-boston-chino-black-hero-front,https://notanother-nz.github.io/total-image-product-assets/assets/M9380_MEN'S_BOSTON_CHINO/webp/model/M9380_MEN'S_BOSTON_CHINO_BLACK_HERO_FRONT.webp,mens-boston-chino-m9380,black,2
Men's Boston Chino — M9380_MEN'S_BOSTON_CHINO_NAVY__HERO_FRONT.webp,m9380-model-m9380-mens-boston-chino-navy-hero-front,https://notanother-nz.github.io/total-image-product-assets/assets/M9380_MEN'S_BOSTON_CHINO/webp/model/M9380_MEN'S_BOSTON_CHINO_NAVY__HERO_FRONT.webp,mens-boston-chino-m9380,navy,3
Men's Boston Chino — M9380_MEN'S_BOSTON_CHINO_NAVY_CAUCASIAN_HERO_FRONT.webp,m9380-model-m9380-mens-boston-chino-navy-caucasian-hero-front,https://notanother-nz.github.io/total-image-product-assets/assets/M9380_MEN'S_BOSTON_CHINO/webp/model/M9380_MEN'S_BOSTON_CHINO_NAVY_CAUCASIAN_HERO_FRONT.webp,mens-boston-chino-m9380,navy,4
Men's Boston Chino — M9380_MEN'S_BOSTON_CHINO_BLACK_ASIAN_HERO_BACK.webp,m9380-model-m9380-mens-boston-chino-black-asian-hero-back,https://notanother-nz.github.io/total-image-product-assets/assets/M9380_MEN'S_BOSTON_CHINO/webp/model/M9380_MEN'S_BOSTON_CHINO_BLACK_ASIAN_HERO_BACK.webp,mens-boston-chino-m9380,black,5
Men's Boston Chino — M9380_MEN'S_BOSTON_CHINO_BLACK_HERO_BACK.webp,m9380-model-m9380-mens-boston-chino-black-hero-back,https://notanother-nz.github.io/total-image-product-assets/assets/M9380_MEN'S_BOSTON_CHINO/webp/model/M9380_MEN'S_BOSTON_CHINO_BLACK_HERO_BACK.webp,mens-boston-chino-m9380,black,6
Men's Boston Chino — M9380_MEN'S_BOSTON_CHINO_NAVY__HERO_BACK.webp,m9380-model-m9380-mens-boston-chino-navy-hero-back,https://notanother-nz.github.io/total-image-product-assets/assets/M9380_MEN'S_BOSTON_CHINO/webp/model/M9380_MEN'S_BOSTON_CHINO_NAVY__HERO_BACK.webp,mens-boston-chino-m9380,navy,7
Men's Boston Chino — M9380_MEN'S_BOSTON_CHINO_NAVY_CAUCASIAN_HERO_BACK.webp,m9380-model-m9380-mens-boston-chino-navy-caucasian-hero-back,https://notanother-nz.github.io/total-image-product-assets/assets/M9380_MEN'S_BOSTON_CHINO/webp/model/M9380_MEN'S_BOSTON_CHINO_NAVY_CAUCASIAN_HERO_BACK.webp,mens-boston-chino-m9380,navy,8
Men's Boston Chino — M9380_MEN'S_BOSTON_CHINO_BLACK_HERO_CLOSEUP.webp,m9380-model-m9380-mens-boston-chino-black-hero-closeup,https://notanother-nz.github.io/total-image-product-assets/assets/M9380_MEN'S_BOSTON_CHINO/webp/model/M9380_MEN'S_BOSTON_CHINO_BLACK_HERO_CLOSEUP.webp,mens-boston-chino-m9380,black,9
Men's Boston Chino — M9380_MEN'S_BOSTON_CHINO_NAVY__HERO_CLOSEUP.webp,m9380-model-m9380-mens-boston-chino-navy-hero-closeup,https://notanother-nz.github.io/total-image-product-assets/assets/M9380_MEN'S_BOSTON_CHINO/webp/model/M9380_MEN'S_BOSTON_CHINO_NAVY__HERO_CLOSEUP.webp,mens-boston-chino-m9380,navy,10
Men's Boston Chino — M9380_MEN'S_BOSTON_CHINO_NAVY_CAUCASIAN_HERO_CLOSEUP.webp,m9380-model-m9380-mens-boston-chino-navy-caucasian-hero-closeup,https://notanother-nz.github.io/total-image-product-assets/assets/M9380_MEN'S_BOSTON_CHINO/webp/model/M9380_MEN'S_BOSTON_CHINO_NAVY_CAUCASIAN_HERO_CLOSEUP.webp,mens-boston-chino-m9380,navy,11
Men's Boston Chino — M9380_MEN'S_BOSTON_CHINO_BLACK_ASIAN_HERO_SIDE.webp,m9380-model-m9380-mens-boston-chino-black-asian-hero-side,https://notanother-nz.github.io/total-image-product-assets/assets/M9380_MEN'S_BOSTON_CHINO/webp/model/M9380_MEN'S_BOSTON_CHINO_BLACK_ASIAN_HERO_SIDE.webp,mens-boston-chino-m9380,black,12
Men's Boston Chino — M9380_MEN'S_BOSTON_CHINO_BLACK_HERO_SIDE.webp,m9380-model-m9380-mens-boston-chino-black-hero-side,https://notanother-nz.github.io/total-image-product-assets/assets/M9380_MEN'S_BOSTON_CHINO/webp/model/M9380_MEN'S_BOSTON_CHINO_BLACK_HERO_SIDE.webp,mens-boston-chino-m9380,black,13
Men's Boston Chino — M9380_MEN'S_BOSTON_CHINO_NAVY__HERO_SIDE.webp,m9380-model-m9380-mens-boston-chino-navy-hero-side,https://notanother-nz.github.io/total-image-product-assets/assets/M9380_MEN'S_BOSTON_CHINO/webp/model/M9380_MEN'S_BOSTON_CHINO_NAVY__HERO_SIDE.webp,mens-boston-chino-m9380,navy,14
Men's Boston Chino — M9380_MEN'S_BOSTON_CHINO_NAVY_CAUCASIAN_HERO_SIDE.webp,m9380-model-m9380-mens-boston-chino-navy-caucasian-hero-side,https://notanother-nz.github.io/total-image-product-assets/assets/M9380_MEN'S_BOSTON_CHINO/webp/model/M9380_MEN'S_BOSTON_CHINO_NAVY_CAUCASIAN_HERO_SIDE.webp,mens-boston-chino-m9380,navy,15
Men's Boston Chino — M9380_MEN'S_BOSTON_CHINO_BLACK_ASIAN_HERO_CLOSUP.webp,m9380-model-m9380-mens-boston-chino-black-asian-hero-closup,https://notanother-nz.github.io/total-image-product-assets/assets/M9380_MEN'S_BOSTON_CHINO/webp/model/M9380_MEN'S_BOSTON_CHINO_BLACK_ASIAN_HERO_CLOSUP.webp,mens-boston-chino-m9380,black,16
Men's Boston Chino — M9380_MEN'S_BOSTON_CHINO_BLACK_FRONT.webp,m9380-product-m9380-mens-boston-chino-black-front,https://notanother-nz.github.io/total-image-product-assets/assets/M9380_MEN'S_BOSTON_CHINO/webp/product/M9380_MEN'S_BOSTON_CHINO_BLACK_FRONT.webp,mens-boston-chino-m9380,black,17
Men's Boston Chino — M9380_MEN'S_BOSTON_CHINO_DARK_GREY_FRONT.webp,m9380-product-m9380-mens-boston-chino-dark-grey-front,https://notanother-nz.github.io/total-image-product-assets/assets/M9380_MEN'S_BOSTON_CHINO/webp/product/M9380_MEN'S_BOSTON_CHINO_DARK_GREY_FRONT.webp,mens-boston-chino-m9380,dark-grey,18
Men's Boston Chino — M9380_MEN'S_BOSTON_CHINO_DARK_STONE_FRONT.webp,m9380-product-m9380-mens-boston-chino-dark-stone-front,https://notanother-nz.github.io/total-image-product-assets/assets/M9380_MEN'S_BOSTON_CHINO/webp/product/M9380_MEN'S_BOSTON_CHINO_DARK_STONE_FRONT.webp,mens-boston-chino-m9380,dark-stone,19
Men's Boston Chino — M9380_MEN'S_BOSTON_CHINO_DARK_TOFFEE_FRONT.webp,m9380-product-m9380-mens-boston-chino-dark-toffee-front,https://notanother-nz.github.io/total-image-product-assets/assets/M9380_MEN'S_BOSTON_CHINO/webp/product/M9380_MEN'S_BOSTON_CHINO_DARK_TOFFEE_FRONT.webp,mens-boston-chino-m9380,toffee,20
Men's Boston Chino — M9380_MEN'S_BOSTON_CHINO_NAVY_FRONT.webp,m9380-product-m9380-mens-boston-chino-navy-front,https://notanother-nz.github.io/total-image-product-assets/assets/M9380_MEN'S_BOSTON_CHINO/webp/product/M9380_MEN'S_BOSTON_CHINO_NAVY_FRONT.webp,mens-boston-chino-m9380,navy,21
Men's Boston Chino — M9380_MEN'S_BOSTON_CHINO_OLIVE_FRONT.webp,m9380-product-m9380-mens-boston-chino-olive-front,https://notanother-nz.github.io/total-image-product-assets/assets/M9380_MEN'S_BOSTON_CHINO/webp/product/M9380_MEN'S_BOSTON_CHINO_OLIVE_FRONT.webp,mens-boston-chino-m9380,olive,22
Men's Boston Chino — M9380_MEN'S_BOSTON_CHINO_BLACK_BACK.webp,m9380-product-m9380-mens-boston-chino-black-back,https://notanother-nz.github.io/total-image-product-assets/assets/M9380_MEN'S_BOSTON_CHINO/webp/product/M9380_MEN'S_BOSTON_CHINO_BLACK_BACK.webp,mens-boston-chino-m9380,black,23
Men's Boston Chino — M9380_MEN'S_BOSTON_CHINO_DARK_GREY_BACK.webp,m9380-product-m9380-mens-boston-chino-dark-grey-back,https://notanother-nz.github.io/total-image-product-assets/assets/M9380_MEN'S_BOSTON_CHINO/webp/product/M9380_MEN'S_BOSTON_CHINO_DARK_GREY_BACK.webp,mens-boston-chino-m9380,dark-grey,24
Men's Boston Chino — M9380_MEN'S_BOSTON_CHINO_DARK_STONE_BACK.webp,m9380-product-m9380-mens-boston-chino-dark-stone-back,https://notanother-nz.github.io/total-image-product-assets/assets/M9380_MEN'S_BOSTON_CHINO/webp/product/M9380_MEN'S_BOSTON_CHINO_DARK_STONE_BACK.webp,mens-boston-chino-m9380,dark-stone,25
Men's Boston Chino — M9380_MEN'S_BOSTON_CHINO_DARK_TOFFEE_BACK.webp,m9380-product-m9380-mens-boston-chino-dark-toffee-back,https://notanother-nz.github.io/total-image-product-assets/assets/M9380_MEN'S_BOSTON_CHINO/webp/product/M9380_MEN'S_BOSTON_CHINO_DARK_TOFFEE_BACK.webp,mens-boston-chino-m9380,toffee,26
Men's Boston Chino — M9380_MEN'S_BOSTON_CHINO_NAVY_BACK.webp,m9380-product-m9380-mens-boston-chino-navy-back,https://notanother-nz.github.io/total-image-product-assets/assets/M9380_MEN'S_BOSTON_CHINO/webp/product/M9380_MEN'S_BOSTON_CHINO_NAVY_BACK.webp,mens-boston-chino-m9380,navy,27
Men's Boston Chino — M9380_MEN'S_BOSTON_CHINO_OLIVE_BACK.webp,m9380-product-m9380-mens-boston-chino-olive-back,https://notanother-nz.github.io/total-image-product-assets/assets/M9380_MEN'S_BOSTON_CHINO/webp/product/M9380_MEN'S_BOSTON_CHINO_OLIVE_BACK.webp,mens-boston-chino-m9380,olive,28
Men's Stretch Slimfit Boston Chino Shorts — M9381_MEN'S_STRETCH_SLIMFIT_BOSTON_CHINO_SHORTS_NAVY_HERO_FRONT.webp,m9381-model-m9381-mens-stretch-slimfit-boston-chino-shorts-navy-hero-front,https://notanother-nz.github.io/total-image-product-assets/assets/M9381_MEN'S_STRETCH_SLIMFIT_BOSTON_CHINO_SHORTS/webp/model/M9381_MEN'S_STRETCH_SLIMFIT_BOSTON_CHINO_SHORTS_NAVY_HERO_FRONT.webp,mens-stretch-slimfit-boston-chino-shorts-m9381,navy,1
Men's Stretch Slimfit Boston Chino Shorts — M9381_MEN'S_STRETCH_SLIMFIT_BOSTON_CHINO_SHORTS_NAVY_HERO_BACK.webp,m9381-model-m9381-mens-stretch-slimfit-boston-chino-shorts-navy-hero-back,https://notanother-nz.github.io/total-image-product-assets/assets/M9381_MEN'S_STRETCH_SLIMFIT_BOSTON_CHINO_SHORTS/webp/model/M9381_MEN'S_STRETCH_SLIMFIT_BOSTON_CHINO_SHORTS_NAVY_HERO_BACK.webp,mens-stretch-slimfit-boston-chino-shorts-m9381,navy,2
Men's Stretch Slimfit Boston Chino Shorts — M9381_MEN'S_STRETCH_SLIMFIT_BOSTON_CHINO_SHORTS_NAVY_HERO_CLOSEUP.webp,m9381-model-m9381-mens-stretch-slimfit-boston-chino-shorts-navy-hero-closeup,https://notanother-nz.github.io/total-image-product-assets/assets/M9381_MEN'S_STRETCH_SLIMFIT_BOSTON_CHINO_SHORTS/webp/model/M9381_MEN'S_STRETCH_SLIMFIT_BOSTON_CHINO_SHORTS_NAVY_HERO_CLOSEUP.webp,mens-stretch-slimfit-boston-chino-shorts-m9381,navy,3
Men's Stretch Slimfit Boston Chino Shorts — M9381_MEN'S_STRETCH_SLIMFIT_BOSTON_CHINO_SHORTS_NAVY_HERO_SIDE.webp,m9381-model-m9381-mens-stretch-slimfit-boston-chino-shorts-navy-hero-side,https://notanother-nz.github.io/total-image-product-assets/assets/M9381_MEN'S_STRETCH_SLIMFIT_BOSTON_CHINO_SHORTS/webp/model/M9381_MEN'S_STRETCH_SLIMFIT_BOSTON_CHINO_SHORTS_NAVY_HERO_SIDE.webp,mens-stretch-slimfit-boston-chino-shorts-m9381,navy,4
Men's Stretch Slimfit Boston Chino Shorts — M9381_MEN'S_STRETCH_SLIMFIT_BOSTON_CHINO_SHORTS_BLACK_FRONT.webp,m9381-product-m9381-mens-stretch-slimfit-boston-chino-shorts-black-front,https://notanother-nz.github.io/total-image-product-assets/assets/M9381_MEN'S_STRETCH_SLIMFIT_BOSTON_CHINO_SHORTS/webp/product/M9381_MEN'S_STRETCH_SLIMFIT_BOSTON_CHINO_SHORTS_BLACK_FRONT.webp,mens-stretch-slimfit-boston-chino-shorts-m9381,black,5
Men's Stretch Slimfit Boston Chino Shorts — M9381_MEN'S_STRETCH_SLIMFIT_BOSTON_CHINO_SHORTS_DARK_GREY_FRONT.webp,m9381-product-m9381-mens-stretch-slimfit-boston-chino-shorts-dark-grey-front,https://notanother-nz.github.io/total-image-product-assets/assets/M9381_MEN'S_STRETCH_SLIMFIT_BOSTON_CHINO_SHORTS/webp/product/M9381_MEN'S_STRETCH_SLIMFIT_BOSTON_CHINO_SHORTS_DARK_GREY_FRONT.webp,mens-stretch-slimfit-boston-chino-shorts-m9381,dark-grey,6
Men's Stretch Slimfit Boston Chino Shorts — M9381_MEN'S_STRETCH_SLIMFIT_BOSTON_CHINO_SHORTS_NAVY_FRONT.webp,m9381-product-m9381-mens-stretch-slimfit-boston-chino-shorts-navy-front,https://notanother-nz.github.io/total-image-product-assets/assets/M9381_MEN'S_STRETCH_SLIMFIT_BOSTON_CHINO_SHORTS/webp/product/M9381_MEN'S_STRETCH_SLIMFIT_BOSTON_CHINO_SHORTS_NAVY_FRONT.webp,mens-stretch-slimfit-boston-chino-shorts-m9381,navy,7
Men's Stretch Slimfit Boston Chino Shorts — M9381_MEN'S_STRETCH_SLIMFIT_BOSTON_CHINO_SHORTS_STONE_FRONT.webp,m9381-product-m9381-mens-stretch-slimfit-boston-chino-shorts-stone-front,https://notanother-nz.github.io/total-image-product-assets/assets/M9381_MEN'S_STRETCH_SLIMFIT_BOSTON_CHINO_SHORTS/webp/product/M9381_MEN'S_STRETCH_SLIMFIT_BOSTON_CHINO_SHORTS_STONE_FRONT.webp,mens-stretch-slimfit-boston-chino-shorts-m9381,stone,8
Men's Stretch Slimfit Boston Chino Shorts — M9381_MEN'S_STRETCH_SLIMFIT_BOSTON_CHINO_SHORTS_BLACK_BACK.webp,m9381-product-m9381-mens-stretch-slimfit-boston-chino-shorts-black-back,https://notanother-nz.github.io/total-image-product-assets/assets/M9381_MEN'S_STRETCH_SLIMFIT_BOSTON_CHINO_SHORTS/webp/product/M9381_MEN'S_STRETCH_SLIMFIT_BOSTON_CHINO_SHORTS_BLACK_BACK.webp,mens-stretch-slimfit-boston-chino-shorts-m9381,black,9
Men's Stretch Slimfit Boston Chino Shorts — M9381_MEN'S_STRETCH_SLIMFIT_BOSTON_CHINO_SHORTS_DARK_GREY_BACK.webp,m9381-product-m9381-mens-stretch-slimfit-boston-chino-shorts-dark-grey-back,https://notanother-nz.github.io/total-image-product-assets/assets/M9381_MEN'S_STRETCH_SLIMFIT_BOSTON_CHINO_SHORTS/webp/product/M9381_MEN'S_STRETCH_SLIMFIT_BOSTON_CHINO_SHORTS_DARK_GREY_BACK.webp,mens-stretch-slimfit-boston-chino-shorts-m9381,dark-grey,10
Men's Stretch Slimfit Boston Chino Shorts — M9381_MEN'S_STRETCH_SLIMFIT_BOSTON_CHINO_SHORTS_NAVY_BACK.webp,m9381-product-m9381-mens-stretch-slimfit-boston-chino-shorts-navy-back,https://notanother-nz.github.io/total-image-product-assets/assets/M9381_MEN'S_STRETCH_SLIMFIT_BOSTON_CHINO_SHORTS/webp/product/M9381_MEN'S_STRETCH_SLIMFIT_BOSTON_CHINO_SHORTS_NAVY_BACK.webp,mens-stretch-slimfit-boston-chino-shorts-m9381,navy,11
Men's Stretch Slimfit Boston Chino Shorts — M9381_MEN'S_STRETCH_SLIMFIT_BOSTON_CHINO_SHORTS_STONE_BACK.webp,m9381-product-m9381-mens-stretch-slimfit-boston-chino-shorts-stone-back,https://notanother-nz.github.io/total-image-product-assets/assets/M9381_MEN'S_STRETCH_SLIMFIT_BOSTON_CHINO_SHORTS/webp/product/M9381_MEN'S_STRETCH_SLIMFIT_BOSTON_CHINO_SHORTS_STONE_BACK.webp,mens-stretch-slimfit-boston-chino-shorts-m9381,stone,12
Ladies Boston Chino — M9390_LADIES_BOSTON_CHINO_BLACK_HERO_FRONT.webp,m9390-model-m9390-ladies-boston-chino-black-hero-front,https://notanother-nz.github.io/total-image-product-assets/assets/M9390_LADIES_BOSTON_CHINO/webp/model/M9390_LADIES_BOSTON_CHINO_BLACK_HERO_FRONT.webp,ladies-boston-chino-m9390,black,1
Ladies Boston Chino — M9390_LADIES_BOSTON_CHINO_HERO_FRONT.webp,m9390-model-m9390-ladies-boston-chino-hero-front,https://notanother-nz.github.io/total-image-product-assets/assets/M9390_LADIES_BOSTON_CHINO/webp/model/M9390_LADIES_BOSTON_CHINO_HERO_FRONT.webp,ladies-boston-chino-m9390,,2
Ladies Boston Chino — M9390_LADIES_BOSTON_CHINO_NAVY_CAUCASIAN_HERO_FRONT.webp,m9390-model-m9390-ladies-boston-chino-navy-caucasian-hero-front,https://notanother-nz.github.io/total-image-product-assets/assets/M9390_LADIES_BOSTON_CHINO/webp/model/M9390_LADIES_BOSTON_CHINO_NAVY_CAUCASIAN_HERO_FRONT.webp,ladies-boston-chino-m9390,navy,3
Ladies Boston Chino — M9390_LADIES_BOSTON_CHINO_NAVY_HERO_FRONT.webp,m9390-model-m9390-ladies-boston-chino-navy-hero-front,https://notanother-nz.github.io/total-image-product-assets/assets/M9390_LADIES_BOSTON_CHINO/webp/model/M9390_LADIES_BOSTON_CHINO_NAVY_HERO_FRONT.webp,ladies-boston-chino-m9390,navy,4
Ladies Boston Chino — M9390_LADIES_BOSTON_CHINO_BLACK_HERO_BACK.webp,m9390-model-m9390-ladies-boston-chino-black-hero-back,https://notanother-nz.github.io/total-image-product-assets/assets/M9390_LADIES_BOSTON_CHINO/webp/model/M9390_LADIES_BOSTON_CHINO_BLACK_HERO_BACK.webp,ladies-boston-chino-m9390,black,5
Ladies Boston Chino — M9390_LADIES_BOSTON_CHINO_HERO_BACK.webp,m9390-model-m9390-ladies-boston-chino-hero-back,https://notanother-nz.github.io/total-image-product-assets/assets/M9390_LADIES_BOSTON_CHINO/webp/model/M9390_LADIES_BOSTON_CHINO_HERO_BACK.webp,ladies-boston-chino-m9390,,6
Ladies Boston Chino — M9390_LADIES_BOSTON_CHINO_NAVY_CAUCASIAN_HERO_BACK.webp,m9390-model-m9390-ladies-boston-chino-navy-caucasian-hero-back,https://notanother-nz.github.io/total-image-product-assets/assets/M9390_LADIES_BOSTON_CHINO/webp/model/M9390_LADIES_BOSTON_CHINO_NAVY_CAUCASIAN_HERO_BACK.webp,ladies-boston-chino-m9390,navy,7
Ladies Boston Chino — M9390_LADIES_BOSTON_CHINO_NAVY_HERO_BACK.webp,m9390-model-m9390-ladies-boston-chino-navy-hero-back,https://notanother-nz.github.io/total-image-product-assets/assets/M9390_LADIES_BOSTON_CHINO/webp/model/M9390_LADIES_BOSTON_CHINO_NAVY_HERO_BACK.webp,ladies-boston-chino-m9390,navy,8
Ladies Boston Chino — M9390_LADIES_BOSTON_CHINO_BLACK_HERO_CLOSEUP.webp,m9390-model-m9390-ladies-boston-chino-black-hero-closeup,https://notanother-nz.github.io/total-image-product-assets/assets/M9390_LADIES_BOSTON_CHINO/webp/model/M9390_LADIES_BOSTON_CHINO_BLACK_HERO_CLOSEUP.webp,ladies-boston-chino-m9390,black,9
Ladies Boston Chino — M9390_LADIES_BOSTON_CHINO_NAVY_CAUCASIAN_HERO_CLOSEUP.webp,m9390-model-m9390-ladies-boston-chino-navy-caucasian-hero-closeup,https://notanother-nz.github.io/total-image-product-assets/assets/M9390_LADIES_BOSTON_CHINO/webp/model/M9390_LADIES_BOSTON_CHINO_NAVY_CAUCASIAN_HERO_CLOSEUP.webp,ladies-boston-chino-m9390,navy,10
Ladies Boston Chino — M9390_LADIES_BOSTON_CHINO_NAVY_HERO_CLOSEUP.webp,m9390-model-m9390-ladies-boston-chino-navy-hero-closeup,https://notanother-nz.github.io/total-image-product-assets/assets/M9390_LADIES_BOSTON_CHINO/webp/model/M9390_LADIES_BOSTON_CHINO_NAVY_HERO_CLOSEUP.webp,ladies-boston-chino-m9390,navy,11
Ladies Boston Chino — M9390_LADIES_BOSTON_CHINO_BLACK_HERO_SIDE.webp,m9390-model-m9390-ladies-boston-chino-black-hero-side,https://notanother-nz.github.io/total-image-product-assets/assets/M9390_LADIES_BOSTON_CHINO/webp/model/M9390_LADIES_BOSTON_CHINO_BLACK_HERO_SIDE.webp,ladies-boston-chino-m9390,black,12
Ladies Boston Chino — M9390_LADIES_BOSTON_CHINO_HERO_SIDE.webp,m9390-model-m9390-ladies-boston-chino-hero-side,https://notanother-nz.github.io/total-image-product-assets/assets/M9390_LADIES_BOSTON_CHINO/webp/model/M9390_LADIES_BOSTON_CHINO_HERO_SIDE.webp,ladies-boston-chino-m9390,,13
Ladies Boston Chino — M9390_LADIES_BOSTON_CHINO_NAVY_CAUCASIAN_HERO_SIDE.webp,m9390-model-m9390-ladies-boston-chino-navy-caucasian-hero-side,https://notanother-nz.github.io/total-image-product-assets/assets/M9390_LADIES_BOSTON_CHINO/webp/model/M9390_LADIES_BOSTON_CHINO_NAVY_CAUCASIAN_HERO_SIDE.webp,ladies-boston-chino-m9390,navy,14
Ladies Boston Chino — M9390_LADIES_BOSTON_CHINO_NAVY_HERO_SIDE.webp,m9390-model-m9390-ladies-boston-chino-navy-hero-side,https://notanother-nz.github.io/total-image-product-assets/assets/M9390_LADIES_BOSTON_CHINO/webp/model/M9390_LADIES_BOSTON_CHINO_NAVY_HERO_SIDE.webp,ladies-boston-chino-m9390,navy,15
Ladies Boston Chino — M9390_LADIES_BOSTON_CHINO_NAVY_HERO_ABACK.webp,m9390-model-m9390-ladies-boston-chino-navy-hero-aback,https://notanother-nz.github.io/total-image-product-assets/assets/M9390_LADIES_BOSTON_CHINO/webp/model/M9390_LADIES_BOSTON_CHINO_NAVY_HERO_ABACK.webp,ladies-boston-chino-m9390,navy,16
Ladies Boston Chino — M9390_LADIES_BOSTON_CHINO_BLACK_FRONT.webp,m9390-product-m9390-ladies-boston-chino-black-front,https://notanother-nz.github.io/total-image-product-assets/assets/M9390_LADIES_BOSTON_CHINO/webp/product/M9390_LADIES_BOSTON_CHINO_BLACK_FRONT.webp,ladies-boston-chino-m9390,black,17
Ladies Boston Chino — M9390_LADIES_BOSTON_CHINO_DARKGREY_FRONT.webp,m9390-product-m9390-ladies-boston-chino-darkgrey-front,https://notanother-nz.github.io/total-image-product-assets/assets/M9390_LADIES_BOSTON_CHINO/webp/product/M9390_LADIES_BOSTON_CHINO_DARKGREY_FRONT.webp,ladies-boston-chino-m9390,dark-grey,18
Ladies Boston Chino — M9390_LADIES_BOSTON_CHINO_NAVY_FRONT.webp,m9390-product-m9390-ladies-boston-chino-navy-front,https://notanother-nz.github.io/total-image-product-assets/assets/M9390_LADIES_BOSTON_CHINO/webp/product/M9390_LADIES_BOSTON_CHINO_NAVY_FRONT.webp,ladies-boston-chino-m9390,navy,19
Ladies Boston Chino — M9390_LADIES_BOSTON_CHINO_OLIVE_FRONT.webp,m9390-product-m9390-ladies-boston-chino-olive-front,https://notanother-nz.github.io/total-image-product-assets/assets/M9390_LADIES_BOSTON_CHINO/webp/product/M9390_LADIES_BOSTON_CHINO_OLIVE_FRONT.webp,ladies-boston-chino-m9390,olive,20
Ladies Boston Chino — M9390_LADIES_BOSTON_CHINO_STONE_FRONT.webp,m9390-product-m9390-ladies-boston-chino-stone-front,https://notanother-nz.github.io/total-image-product-assets/assets/M9390_LADIES_BOSTON_CHINO/webp/product/M9390_LADIES_BOSTON_CHINO_STONE_FRONT.webp,ladies-boston-chino-m9390,stone,21
Ladies Boston Chino — M9390_LADIES_BOSTON_CHINO_TOFFEE_FRONT.webp,m9390-product-m9390-ladies-boston-chino-toffee-front,https://notanother-nz.github.io/total-image-product-assets/assets/M9390_LADIES_BOSTON_CHINO/webp/product/M9390_LADIES_BOSTON_CHINO_TOFFEE_FRONT.webp,ladies-boston-chino-m9390,toffee,22
Ladies Boston Chino — M9390_LADIES_BOSTON_CHINO_BLACK_BACK_VIEW.webp,m9390-product-m9390-ladies-boston-chino-black-back-view,https://notanother-nz.github.io/total-image-product-assets/assets/M9390_LADIES_BOSTON_CHINO/webp/product/M9390_LADIES_BOSTON_CHINO_BLACK_BACK_VIEW.webp,ladies-boston-chino-m9390,black,23
Ladies Boston Chino — M9390_LADIES_BOSTON_CHINO_BLACK_BACK.webp,m9390-product-m9390-ladies-boston-chino-black-back,https://notanother-nz.github.io/total-image-product-assets/assets/M9390_LADIES_BOSTON_CHINO/webp/product/M9390_LADIES_BOSTON_CHINO_BLACK_BACK.webp,ladies-boston-chino-m9390,black,24
Ladies Boston Chino — M9390_LADIES_BOSTON_CHINO_DARK_GREY_BACK_VIEW.webp,m9390-product-m9390-ladies-boston-chino-dark-grey-back-view,https://notanother-nz.github.io/total-image-product-assets/assets/M9390_LADIES_BOSTON_CHINO/webp/product/M9390_LADIES_BOSTON_CHINO_DARK_GREY_BACK_VIEW.webp,ladies-boston-chino-m9390,dark-grey,25
Ladies Boston Chino — M9390_LADIES_BOSTON_CHINO_DARKGREY_BACK.webp,m9390-product-m9390-ladies-boston-chino-darkgrey-back,https://notanother-nz.github.io/total-image-product-assets/assets/M9390_LADIES_BOSTON_CHINO/webp/product/M9390_LADIES_BOSTON_CHINO_DARKGREY_BACK.webp,ladies-boston-chino-m9390,dark-grey,26
Ladies Boston Chino — M9390_LADIES_BOSTON_CHINO_NAVY_BACK_VIEW.webp,m9390-product-m9390-ladies-boston-chino-navy-back-view,https://notanother-nz.github.io/total-image-product-assets/assets/M9390_LADIES_BOSTON_CHINO/webp/product/M9390_LADIES_BOSTON_CHINO_NAVY_BACK_VIEW.webp,ladies-boston-chino-m9390,navy,27
Ladies Boston Chino — M9390_LADIES_BOSTON_CHINO_NAVY_BACK.webp,m9390-product-m9390-ladies-boston-chino-navy-back,https://notanother-nz.github.io/total-image-product-assets/assets/M9390_LADIES_BOSTON_CHINO/webp/product/M9390_LADIES_BOSTON_CHINO_NAVY_BACK.webp,ladies-boston-chino-m9390,navy,28
Ladies Boston Chino — M9390_LADIES_BOSTON_CHINO_OLIVE_BACK_VIEW.webp,m9390-product-m9390-ladies-boston-chino-olive-back-view,https://notanother-nz.github.io/total-image-product-assets/assets/M9390_LADIES_BOSTON_CHINO/webp/product/M9390_LADIES_BOSTON_CHINO_OLIVE_BACK_VIEW.webp,ladies-boston-chino-m9390,olive,29
Ladies Boston Chino — M9390_LADIES_BOSTON_CHINO_OLIVE_BACK.webp,m9390-product-m9390-ladies-boston-chino-olive-back,https://notanother-nz.github.io/total-image-product-assets/assets/M9390_LADIES_BOSTON_CHINO/webp/product/M9390_LADIES_BOSTON_CHINO_OLIVE_BACK.webp,ladies-boston-chino-m9390,olive,30
Ladies Boston Chino — M9390_LADIES_BOSTON_CHINO_STONE_BACK_VIEW.webp,m9390-product-m9390-ladies-boston-chino-stone-back-view,https://notanother-nz.github.io/total-image-product-assets/assets/M9390_LADIES_BOSTON_CHINO/webp/product/M9390_LADIES_BOSTON_CHINO_STONE_BACK_VIEW.webp,ladies-boston-chino-m9390,stone,31
Ladies Boston Chino — M9390_LADIES_BOSTON_CHINO_STONE_BACK.webp,m9390-product-m9390-ladies-boston-chino-stone-back,https://notanother-nz.github.io/total-image-product-assets/assets/M9390_LADIES_BOSTON_CHINO/webp/product/M9390_LADIES_BOSTON_CHINO_STONE_BACK.webp,ladies-boston-chino-m9390,stone,32
Ladies Boston Chino — M9390_LADIES_BOSTON_CHINO_TOFFEE_BACK_VIEW.webp,m9390-product-m9390-ladies-boston-chino-toffee-back-view,https://notanother-nz.github.io/total-image-product-assets/assets/M9390_LADIES_BOSTON_CHINO/webp/product/M9390_LADIES_BOSTON_CHINO_TOFFEE_BACK_VIEW.webp,ladies-boston-chino-m9390,toffee,33
Ladies Boston Chino — M9390_LADIES_BOSTON_CHINO_TOFFEE_BACK.webp,m9390-product-m9390-ladies-boston-chino-toffee-back,https://notanother-nz.github.io/total-image-product-assets/assets/M9390_LADIES_BOSTON_CHINO/webp/product/M9390_LADIES_BOSTON_CHINO_TOFFEE_BACK.webp,ladies-boston-chino-m9390,toffee,34
Ladies Boston Chino — M9390_LADIES_BOSTON_CHINO_BLACK_VIEW.webp,m9390-product-m9390-ladies-boston-chino-black-view,https://notanother-nz.github.io/total-image-product-assets/assets/M9390_LADIES_BOSTON_CHINO/webp/product/M9390_LADIES_BOSTON_CHINO_BLACK_VIEW.webp,ladies-boston-chino-m9390,black,35
Ladies Boston Chino — M9390_LADIES_BOSTON_CHINO_DARK_GREY_VIEW.webp,m9390-product-m9390-ladies-boston-chino-dark-grey-view,https://notanother-nz.github.io/total-image-product-assets/assets/M9390_LADIES_BOSTON_CHINO/webp/product/M9390_LADIES_BOSTON_CHINO_DARK_GREY_VIEW.webp,ladies-boston-chino-m9390,dark-grey,36
Ladies Boston Chino — M9390_LADIES_BOSTON_CHINO_NAVY_VIEW.webp,m9390-product-m9390-ladies-boston-chino-navy-view,https://notanother-nz.github.io/total-image-product-assets/assets/M9390_LADIES_BOSTON_CHINO/webp/product/M9390_LADIES_BOSTON_CHINO_NAVY_VIEW.webp,ladies-boston-chino-m9390,navy,37
Ladies Boston Chino — M9390_LADIES_BOSTON_CHINO_OLIVE_VIEW.webp,m9390-product-m9390-ladies-boston-chino-olive-view,https://notanother-nz.github.io/total-image-product-assets/assets/M9390_LADIES_BOSTON_CHINO/webp/product/M9390_LADIES_BOSTON_CHINO_OLIVE_VIEW.webp,ladies-boston-chino-m9390,olive,38
Ladies Boston Chino — M9390_LADIES_BOSTON_CHINO_STONE_VIEW.webp,m9390-product-m9390-ladies-boston-chino-stone-view,https://notanother-nz.github.io/total-image-product-assets/assets/M9390_LADIES_BOSTON_CHINO/webp/product/M9390_LADIES_BOSTON_CHINO_STONE_VIEW.webp,ladies-boston-chino-m9390,stone,39
Ladies Boston Chino — M9390_LADIES_BOSTON_CHINO_TOFFEE_VIEW.webp,m9390-product-m9390-ladies-boston-chino-toffee-view,https://notanother-nz.github.io/total-image-product-assets/assets/M9390_LADIES_BOSTON_CHINO/webp/product/M9390_LADIES_BOSTON_CHINO_TOFFEE_VIEW.webp,ladies-boston-chino-m9390,toffee,40
Ladies Stretch Slimfit Boston Chino Shorts — M9391_LADIES_STRETCH_SLIMFIT_BOSTON_CHINO_SHORTS_BLACK_HERO_FRONT.webp,m9391-model-m9391-ladies-stretch-slimfit-boston-chino-shorts-black-hero-front,https://notanother-nz.github.io/total-image-product-assets/assets/M9391_LADIES_STRETCH_SLIMFIT_BOSTON_CHINO_SHORTS/webp/model/M9391_LADIES_STRETCH_SLIMFIT_BOSTON_CHINO_SHORTS_BLACK_HERO_FRONT.webp,ladies-stretch-slimfit-boston-chino-shorts-m9391,black,1
Ladies Stretch Slimfit Boston Chino Shorts — M9391_LADIES_STRETCH_SLIMFIT_BOSTON_CHINO_SHORTS_NAVY_CAUCASIAN_HERO_FRONT.webp,m9391-model-m9391-ladies-stretch-slimfit-boston-chino-shorts-navy-caucasian-hero-front,https://notanother-nz.github.io/total-image-product-assets/assets/M9391_LADIES_STRETCH_SLIMFIT_BOSTON_CHINO_SHORTS/webp/model/M9391_LADIES_STRETCH_SLIMFIT_BOSTON_CHINO_SHORTS_NAVY_CAUCASIAN_HERO_FRONT.webp,ladies-stretch-slimfit-boston-chino-shorts-m9391,navy,2
Ladies Stretch Slimfit Boston Chino Shorts — M9391_LADIES_STRETCH_SLIMFIT_BOSTON_CHINO_SHORTS_NAVY_HERO_FRONT.webp,m9391-model-m9391-ladies-stretch-slimfit-boston-chino-shorts-navy-hero-front,https://notanother-nz.github.io/total-image-product-assets/assets/M9391_LADIES_STRETCH_SLIMFIT_BOSTON_CHINO_SHORTS/webp/model/M9391_LADIES_STRETCH_SLIMFIT_BOSTON_CHINO_SHORTS_NAVY_HERO_FRONT.webp,ladies-stretch-slimfit-boston-chino-shorts-m9391,navy,3
Ladies Stretch Slimfit Boston Chino Shorts — M9391_LADIES_STRETCH_SLIMFIT_BOSTON_CHINO_SHORTS_NAVY_PLUS_HERO_FRONT.webp,m9391-model-m9391-ladies-stretch-slimfit-boston-chino-shorts-navy-plus-hero-front,https://notanother-nz.github.io/total-image-product-assets/assets/M9391_LADIES_STRETCH_SLIMFIT_BOSTON_CHINO_SHORTS/webp/model/M9391_LADIES_STRETCH_SLIMFIT_BOSTON_CHINO_SHORTS_NAVY_PLUS_HERO_FRONT.webp,ladies-stretch-slimfit-boston-chino-shorts-m9391,navy,4
Ladies Stretch Slimfit Boston Chino Shorts — M9391_LADIES_STRETCH_SLIMFIT_BOSTON_CHINO_SHORTS_BLACK_HERO_BACK.webp,m9391-model-m9391-ladies-stretch-slimfit-boston-chino-shorts-black-hero-back,https://notanother-nz.github.io/total-image-product-assets/assets/M9391_LADIES_STRETCH_SLIMFIT_BOSTON_CHINO_SHORTS/webp/model/M9391_LADIES_STRETCH_SLIMFIT_BOSTON_CHINO_SHORTS_BLACK_HERO_BACK.webp,ladies-stretch-slimfit-boston-chino-shorts-m9391,black,5
Ladies Stretch Slimfit Boston Chino Shorts — M9391_LADIES_STRETCH_SLIMFIT_BOSTON_CHINO_SHORTS_NAVY_CAUCASIAN_HERO_BACK.webp,m9391-model-m9391-ladies-stretch-slimfit-boston-chino-shorts-navy-caucasian-hero-back,https://notanother-nz.github.io/total-image-product-assets/assets/M9391_LADIES_STRETCH_SLIMFIT_BOSTON_CHINO_SHORTS/webp/model/M9391_LADIES_STRETCH_SLIMFIT_BOSTON_CHINO_SHORTS_NAVY_CAUCASIAN_HERO_BACK.webp,ladies-stretch-slimfit-boston-chino-shorts-m9391,navy,6
Ladies Stretch Slimfit Boston Chino Shorts — M9391_LADIES_STRETCH_SLIMFIT_BOSTON_CHINO_SHORTS_NAVY_HERO_BACK.webp,m9391-model-m9391-ladies-stretch-slimfit-boston-chino-shorts-navy-hero-back,https://notanother-nz.github.io/total-image-product-assets/assets/M9391_LADIES_STRETCH_SLIMFIT_BOSTON_CHINO_SHORTS/webp/model/M9391_LADIES_STRETCH_SLIMFIT_BOSTON_CHINO_SHORTS_NAVY_HERO_BACK.webp,ladies-stretch-slimfit-boston-chino-shorts-m9391,navy,7
Ladies Stretch Slimfit Boston Chino Shorts — M9391_LADIES_STRETCH_SLIMFIT_BOSTON_CHINO_SHORTS_NAVY_PLUS_HERO_BACK.webp,m9391-model-m9391-ladies-stretch-slimfit-boston-chino-shorts-navy-plus-hero-back,https://notanother-nz.github.io/total-image-product-assets/assets/M9391_LADIES_STRETCH_SLIMFIT_BOSTON_CHINO_SHORTS/webp/model/M9391_LADIES_STRETCH_SLIMFIT_BOSTON_CHINO_SHORTS_NAVY_PLUS_HERO_BACK.webp,ladies-stretch-slimfit-boston-chino-shorts-m9391,navy,8
Ladies Stretch Slimfit Boston Chino Shorts — M9391_LADIES_STRETCH_SLIMFIT_BOSTON_CHINO_SHORTS_BLACK_HERO_CLOSEUP.webp,m9391-model-m9391-ladies-stretch-slimfit-boston-chino-shorts-black-hero-closeup,https://notanother-nz.github.io/total-image-product-assets/assets/M9391_LADIES_STRETCH_SLIMFIT_BOSTON_CHINO_SHORTS/webp/model/M9391_LADIES_STRETCH_SLIMFIT_BOSTON_CHINO_SHORTS_BLACK_HERO_CLOSEUP.webp,ladies-stretch-slimfit-boston-chino-shorts-m9391,black,9
Ladies Stretch Slimfit Boston Chino Shorts — M9391_LADIES_STRETCH_SLIMFIT_BOSTON_CHINO_SHORTS_NAVY_HERO_CLOSEUP.webp,m9391-model-m9391-ladies-stretch-slimfit-boston-chino-shorts-navy-hero-closeup,https://notanother-nz.github.io/total-image-product-assets/assets/M9391_LADIES_STRETCH_SLIMFIT_BOSTON_CHINO_SHORTS/webp/model/M9391_LADIES_STRETCH_SLIMFIT_BOSTON_CHINO_SHORTS_NAVY_HERO_CLOSEUP.webp,ladies-stretch-slimfit-boston-chino-shorts-m9391,navy,10
Ladies Stretch Slimfit Boston Chino Shorts — M9391_LADIES_STRETCH_SLIMFIT_BOSTON_CHINO_SHORTS_NAVY_PLUS_HERO_CLOSEUP.webp,m9391-model-m9391-ladies-stretch-slimfit-boston-chino-shorts-navy-plus-hero-closeup,https://notanother-nz.github.io/total-image-product-assets/assets/M9391_LADIES_STRETCH_SLIMFIT_BOSTON_CHINO_SHORTS/webp/model/M9391_LADIES_STRETCH_SLIMFIT_BOSTON_CHINO_SHORTS_NAVY_PLUS_HERO_CLOSEUP.webp,ladies-stretch-slimfit-boston-chino-shorts-m9391,navy,11
Ladies Stretch Slimfit Boston Chino Shorts — M9391_LADIES_STRETCH_SLIMFIT_BOSTON_CHINO_SHORTS_BLACK_HERO_SIDE.webp,m9391-model-m9391-ladies-stretch-slimfit-boston-chino-shorts-black-hero-side,https://notanother-nz.github.io/total-image-product-assets/assets/M9391_LADIES_STRETCH_SLIMFIT_BOSTON_CHINO_SHORTS/webp/model/M9391_LADIES_STRETCH_SLIMFIT_BOSTON_CHINO_SHORTS_BLACK_HERO_SIDE.webp,ladies-stretch-slimfit-boston-chino-shorts-m9391,black,12
Ladies Stretch Slimfit Boston Chino Shorts — M9391_LADIES_STRETCH_SLIMFIT_BOSTON_CHINO_SHORTS_NAVY_CAUCASIAN_HERO_SIDE.webp,m9391-model-m9391-ladies-stretch-slimfit-boston-chino-shorts-navy-caucasian-hero-side,https://notanother-nz.github.io/total-image-product-assets/assets/M9391_LADIES_STRETCH_SLIMFIT_BOSTON_CHINO_SHORTS/webp/model/M9391_LADIES_STRETCH_SLIMFIT_BOSTON_CHINO_SHORTS_NAVY_CAUCASIAN_HERO_SIDE.webp,ladies-stretch-slimfit-boston-chino-shorts-m9391,navy,13
Ladies Stretch Slimfit Boston Chino Shorts — M9391_LADIES_STRETCH_SLIMFIT_BOSTON_CHINO_SHORTS_NAVY_HERO_SIDE.webp,m9391-model-m9391-ladies-stretch-slimfit-boston-chino-shorts-navy-hero-side,https://notanother-nz.github.io/total-image-product-assets/assets/M9391_LADIES_STRETCH_SLIMFIT_BOSTON_CHINO_SHORTS/webp/model/M9391_LADIES_STRETCH_SLIMFIT_BOSTON_CHINO_SHORTS_NAVY_HERO_SIDE.webp,ladies-stretch-slimfit-boston-chino-shorts-m9391,navy,14
Ladies Stretch Slimfit Boston Chino Shorts — M9391_LADIES_STRETCH_SLIMFIT_BOSTON_CHINO_SHORTS_NAVY_PLUS_HERO_SIDE.webp,m9391-model-m9391-ladies-stretch-slimfit-boston-chino-shorts-navy-plus-hero-side,https://notanother-nz.github.io/total-image-product-assets/assets/M9391_LADIES_STRETCH_SLIMFIT_BOSTON_CHINO_SHORTS/webp/model/M9391_LADIES_STRETCH_SLIMFIT_BOSTON_CHINO_SHORTS_NAVY_PLUS_HERO_SIDE.webp,ladies-stretch-slimfit-boston-chino-shorts-m9391,navy,15
Ladies Stretch Slimfit Boston Chino Shorts — M9391_LADIES_STRETCH_SLIMFIT_BOSTON_CHINO_SHORTS_NAVY_CAUCASIAN_HERO_CLOSUP.webp,m9391-model-m9391-ladies-stretch-slimfit-boston-chino-shorts-navy-caucasian-hero-closup,https://notanother-nz.github.io/total-image-product-assets/assets/M9391_LADIES_STRETCH_SLIMFIT_BOSTON_CHINO_SHORTS/webp/model/M9391_LADIES_STRETCH_SLIMFIT_BOSTON_CHINO_SHORTS_NAVY_CAUCASIAN_HERO_CLOSUP.webp,ladies-stretch-slimfit-boston-chino-shorts-m9391,navy,16
Ladies Stretch Slimfit Boston Chino Shorts — M9391_LADIES_STRETCH_SLIMFIT_BOSTON_CHINO_SHORTS_BLACK_FRONT.webp,m9391-product-m9391-ladies-stretch-slimfit-boston-chino-shorts-black-front,https://notanother-nz.github.io/total-image-product-assets/assets/M9391_LADIES_STRETCH_SLIMFIT_BOSTON_CHINO_SHORTS/webp/product/M9391_LADIES_STRETCH_SLIMFIT_BOSTON_CHINO_SHORTS_BLACK_FRONT.webp,ladies-stretch-slimfit-boston-chino-shorts-m9391,black,17
Ladies Stretch Slimfit Boston Chino Shorts — M9391_LADIES_STRETCH_SLIMFIT_BOSTON_CHINO_SHORTS_DARK_GREY_FRONT.webp,m9391-product-m9391-ladies-stretch-slimfit-boston-chino-shorts-dark-grey-front,https://notanother-nz.github.io/total-image-product-assets/assets/M9391_LADIES_STRETCH_SLIMFIT_BOSTON_CHINO_SHORTS/webp/product/M9391_LADIES_STRETCH_SLIMFIT_BOSTON_CHINO_SHORTS_DARK_GREY_FRONT.webp,ladies-stretch-slimfit-boston-chino-shorts-m9391,dark-grey,18
Ladies Stretch Slimfit Boston Chino Shorts — M9391_LADIES_STRETCH_SLIMFIT_BOSTON_CHINO_SHORTS_NAVY_FRONT.webp,m9391-product-m9391-ladies-stretch-slimfit-boston-chino-shorts-navy-front,https://notanother-nz.github.io/total-image-product-assets/assets/M9391_LADIES_STRETCH_SLIMFIT_BOSTON_CHINO_SHORTS/webp/product/M9391_LADIES_STRETCH_SLIMFIT_BOSTON_CHINO_SHORTS_NAVY_FRONT.webp,ladies-stretch-slimfit-boston-chino-shorts-m9391,navy,19
Ladies Stretch Slimfit Boston Chino Shorts — M9391_LADIES_STRETCH_SLIMFIT_BOSTON_CHINO_SHORTS_STONE_FRONT.webp,m9391-product-m9391-ladies-stretch-slimfit-boston-chino-shorts-stone-front,https://notanother-nz.github.io/total-image-product-assets/assets/M9391_LADIES_STRETCH_SLIMFIT_BOSTON_CHINO_SHORTS/webp/product/M9391_LADIES_STRETCH_SLIMFIT_BOSTON_CHINO_SHORTS_STONE_FRONT.webp,ladies-stretch-slimfit-boston-chino-shorts-m9391,stone,20
Ladies Stretch Slimfit Boston Chino Shorts — M9391_LADIES_STRETCH_SLIMFIT_BOSTON_CHINO_SHORTS_TOFFEE_FRONT.webp,m9391-product-m9391-ladies-stretch-slimfit-boston-chino-shorts-toffee-front,https://notanother-nz.github.io/total-image-product-assets/assets/M9391_LADIES_STRETCH_SLIMFIT_BOSTON_CHINO_SHORTS/webp/product/M9391_LADIES_STRETCH_SLIMFIT_BOSTON_CHINO_SHORTS_TOFFEE_FRONT.webp,ladies-stretch-slimfit-boston-chino-shorts-m9391,toffee,21
Ladies Stretch Slimfit Boston Chino Shorts — M9391_LADIES_STRETCH_SLIMFIT_BOSTON_CHINO_SHORTS_BLACK_BACK.webp,m9391-product-m9391-ladies-stretch-slimfit-boston-chino-shorts-black-back,https://notanother-nz.github.io/total-image-product-assets/assets/M9391_LADIES_STRETCH_SLIMFIT_BOSTON_CHINO_SHORTS/webp/product/M9391_LADIES_STRETCH_SLIMFIT_BOSTON_CHINO_SHORTS_BLACK_BACK.webp,ladies-stretch-slimfit-boston-chino-shorts-m9391,black,22
Ladies Stretch Slimfit Boston Chino Shorts — M9391_LADIES_STRETCH_SLIMFIT_BOSTON_CHINO_SHORTS_DARK_GREY_BACK.webp,m9391-product-m9391-ladies-stretch-slimfit-boston-chino-shorts-dark-grey-back,https://notanother-nz.github.io/total-image-product-assets/assets/M9391_LADIES_STRETCH_SLIMFIT_BOSTON_CHINO_SHORTS/webp/product/M9391_LADIES_STRETCH_SLIMFIT_BOSTON_CHINO_SHORTS_DARK_GREY_BACK.webp,ladies-stretch-slimfit-boston-chino-shorts-m9391,dark-grey,23
Ladies Stretch Slimfit Boston Chino Shorts — M9391_LADIES_STRETCH_SLIMFIT_BOSTON_CHINO_SHORTS_NAVY_BACK.webp,m9391-product-m9391-ladies-stretch-slimfit-boston-chino-shorts-navy-back,https://notanother-nz.github.io/total-image-product-assets/assets/M9391_LADIES_STRETCH_SLIMFIT_BOSTON_CHINO_SHORTS/webp/product/M9391_LADIES_STRETCH_SLIMFIT_BOSTON_CHINO_SHORTS_NAVY_BACK.webp,ladies-stretch-slimfit-boston-chino-shorts-m9391,navy,24
Ladies Stretch Slimfit Boston Chino Shorts — M9391_LADIES_STRETCH_SLIMFIT_BOSTON_CHINO_SHORTS_STONE_BACK.webp,m9391-product-m9391-ladies-stretch-slimfit-boston-chino-shorts-stone-back,https://notanother-nz.github.io/total-image-product-assets/assets/M9391_LADIES_STRETCH_SLIMFIT_BOSTON_CHINO_SHORTS/webp/product/M9391_LADIES_STRETCH_SLIMFIT_BOSTON_CHINO_SHORTS_STONE_BACK.webp,ladies-stretch-slimfit-boston-chino-shorts-m9391,stone,25
Ladies Stretch Slimfit Boston Chino Shorts — M9391_LADIES_STRETCH_SLIMFIT_BOSTON_CHINO_SHORTS_TOFFEE_BACK.webp,m9391-product-m9391-ladies-stretch-slimfit-boston-chino-shorts-toffee-back,https://notanother-nz.github.io/total-image-product-assets/assets/M9391_LADIES_STRETCH_SLIMFIT_BOSTON_CHINO_SHORTS/webp/product/M9391_LADIES_STRETCH_SLIMFIT_BOSTON_CHINO_SHORTS_TOFFEE_BACK.webp,ladies-stretch-slimfit-boston-chino-shorts-m9391,toffee,26
Standard Jeans MENS R Jean — MJ365_MENS_R_JEAN_HERO_FRONT.webp,mj365-model-mj365-mens-r-jean-hero-front,https://notanother-nz.github.io/total-image-product-assets/assets/MJ365_MENS_R_JEAN/webp/model/MJ365_MENS_R_JEAN_HERO_FRONT.webp,standard-jeans-mens-r-jean,,1
Standard Jeans MENS R Jean — MJ365_MENS_R_JEAN_HERO_CLOSEUP.webp,mj365-model-mj365-mens-r-jean-hero-closeup,https://notanother-nz.github.io/total-image-product-assets/assets/MJ365_MENS_R_JEAN/webp/model/MJ365_MENS_R_JEAN_HERO_CLOSEUP.webp,standard-jeans-mens-r-jean,,2
Standard Jeans MENS R Jean — MJ365_MENS_R_JEAN_HERO_SIDE.webp,mj365-model-mj365-mens-r-jean-hero-side,https://notanother-nz.github.io/total-image-product-assets/assets/MJ365_MENS_R_JEAN/webp/model/MJ365_MENS_R_JEAN_HERO_SIDE.webp,standard-jeans-mens-r-jean,,3
Standard Jeans MENS R Jean — MJ365_MENS_R_JEAN_BLACK_VIEW.webp,mj365-product-mj365-mens-r-jean-black-view,https://notanother-nz.github.io/total-image-product-assets/assets/MJ365_MENS_R_JEAN/webp/product/MJ365_MENS_R_JEAN_BLACK_VIEW.webp,standard-jeans-mens-r-jean,black,4
Standard Jeans MENS R Jean — MJ365_MENS_R_JEAN_NAVY_VIEW.webp,mj365-product-mj365-mens-r-jean-navy-view,https://notanother-nz.github.io/total-image-product-assets/assets/MJ365_MENS_R_JEAN/webp/product/MJ365_MENS_R_JEAN_NAVY_VIEW.webp,standard-jeans-mens-r-jean,navy,5
Unisex - Mountains White Bamboo (Simpson) Polo Shirt — MOUNTAINS_YARN_UNISEX_MOUNTAINS_WHITE_BAMBOO_(SIMPSON)_POLO_SHIRT_HERO_FRONT.webp,mountains-yarn-unisex-model-mountains-yarn-unisex-mountains-white-bamboo-simpson-polo-shirt-hero-front,https://notanother-nz.github.io/total-image-product-assets/assets/MOUNTAINS_YARN_UNISEX_MOUNTAINS_WHITE_BAMBOO_(SIMPSON)_POLO_SHIRT/webp/model/MOUNTAINS_YARN_UNISEX_MOUNTAINS_WHITE_BAMBOO_(SIMPSON)_POLO_SHIRT_HERO_FRONT.webp,unisex-mountains-white-bamboo-simpson-polo-shirt-mountains-yarn-unisex,white,1
Unisex - Mountains White Bamboo (Simpson) Polo Shirt — MOUNTAINS_YARN_UNISEX_MOUNTAINS_WHITE_BAMBOO_(SIMPSON)_POLO_SHIRT_HERO_BACK.webp,mountains-yarn-unisex-model-mountains-yarn-unisex-mountains-white-bamboo-simpson-polo-shirt-hero-back,https://notanother-nz.github.io/total-image-product-assets/assets/MOUNTAINS_YARN_UNISEX_MOUNTAINS_WHITE_BAMBOO_(SIMPSON)_POLO_SHIRT/webp/model/MOUNTAINS_YARN_UNISEX_MOUNTAINS_WHITE_BAMBOO_(SIMPSON)_POLO_SHIRT_HERO_BACK.webp,unisex-mountains-white-bamboo-simpson-polo-shirt-mountains-yarn-unisex,white,2
Unisex - Mountains White Bamboo (Simpson) Polo Shirt — MOUNTAINS_YARN_UNISEX_MOUNTAINS_WHITE_BAMBOO_(SIMPSON)_POLO_SHIRT_HERO_CLOSEUP.webp,mountains-yarn-unisex-model-mountains-yarn-unisex-mountains-white-bamboo-simpson-polo-shirt-hero-closeup,https://notanother-nz.github.io/total-image-product-assets/assets/MOUNTAINS_YARN_UNISEX_MOUNTAINS_WHITE_BAMBOO_(SIMPSON)_POLO_SHIRT/webp/model/MOUNTAINS_YARN_UNISEX_MOUNTAINS_WHITE_BAMBOO_(SIMPSON)_POLO_SHIRT_HERO_CLOSEUP.webp,unisex-mountains-white-bamboo-simpson-polo-shirt-mountains-yarn-unisex,white,3
Unisex - Mountains White Bamboo (Simpson) Polo Shirt — MOUNTAINS_YARN_UNISEX_MOUNTAINS_WHITE_BAMBOO_(SIMPSON)_POLO_SHIRT_HERO_SIDE.webp,mountains-yarn-unisex-model-mountains-yarn-unisex-mountains-white-bamboo-simpson-polo-shirt-hero-side,https://notanother-nz.github.io/total-image-product-assets/assets/MOUNTAINS_YARN_UNISEX_MOUNTAINS_WHITE_BAMBOO_(SIMPSON)_POLO_SHIRT/webp/model/MOUNTAINS_YARN_UNISEX_MOUNTAINS_WHITE_BAMBOO_(SIMPSON)_POLO_SHIRT_HERO_SIDE.webp,unisex-mountains-white-bamboo-simpson-polo-shirt-mountains-yarn-unisex,white,4
Unisex - Mountains White Bamboo (Simpson) Polo Shirt — MOUNTAINS_YARN_UNISEX_MOUNTAINS_WHITE_BAMBOO_(SIMPSON)_POLO_SHIRT_WHITE_FRONT.webp,mountains-yarn-unisex-product-mountains-yarn-unisex-mountains-white-bamboo-simpson-polo-shirt-white-front,https://notanother-nz.github.io/total-image-product-assets/assets/MOUNTAINS_YARN_UNISEX_MOUNTAINS_WHITE_BAMBOO_(SIMPSON)_POLO_SHIRT/webp/product/MOUNTAINS_YARN_UNISEX_MOUNTAINS_WHITE_BAMBOO_(SIMPSON)_POLO_SHIRT_WHITE_FRONT.webp,unisex-mountains-white-bamboo-simpson-polo-shirt-mountains-yarn-unisex,white,5
Unisex - Mountains White Bamboo (Simpson) Polo Shirt — MOUNTAINS_YARN_UNISEX_MOUNTAINS_WHITE_BAMBOO_(SIMPSON)_POLO_SHIRT_WHITE_BACK.webp,mountains-yarn-unisex-product-mountains-yarn-unisex-mountains-white-bamboo-simpson-polo-shirt-white-back,https://notanother-nz.github.io/total-image-product-assets/assets/MOUNTAINS_YARN_UNISEX_MOUNTAINS_WHITE_BAMBOO_(SIMPSON)_POLO_SHIRT/webp/product/MOUNTAINS_YARN_UNISEX_MOUNTAINS_WHITE_BAMBOO_(SIMPSON)_POLO_SHIRT_WHITE_BACK.webp,unisex-mountains-white-bamboo-simpson-polo-shirt-mountains-yarn-unisex,white,6
The Gravity 3+1 Metal Pen — P093_THE_GRAVITY_3+1_METAL_PEN.webp,p093-product-p093-the-gravity-3-1-metal-pen,https://notanother-nz.github.io/total-image-product-assets/assets/P093_THE_GRAVITY_3%2B1_METAL_PEN/webp/product/P093_THE_GRAVITY_3%2B1_METAL_PEN.webp,the-gravity-3-1-metal-pen-p093,,1
City Womens Short Sleeve Polo — P105MS_LADIES_CITY_POLO_WHITE_BACK_HERO_FRONT.webp,p105ls-model-p105ms-ladies-city-polo-white-back-hero-front,https://notanother-nz.github.io/total-image-product-assets/assets/P105MS_LADIES_CITY_POLO/webp/model/P105MS_LADIES_CITY_POLO_WHITE_BACK_HERO_FRONT.webp,city-womens-short-sleeve-polo,white,1
City Womens Short Sleeve Polo — P105MS_LADIES_CITY_POLO_WHITE_BACK_HERO_BACK.webp,p105ls-model-p105ms-ladies-city-polo-white-back-hero-back,https://notanother-nz.github.io/total-image-product-assets/assets/P105MS_LADIES_CITY_POLO/webp/model/P105MS_LADIES_CITY_POLO_WHITE_BACK_HERO_BACK.webp,city-womens-short-sleeve-polo,white,2
City Womens Short Sleeve Polo — P105MS_LADIES_CITY_POLO_WHITE_BACK_HERO_CLOSEUP.webp,p105ls-model-p105ms-ladies-city-polo-white-back-hero-closeup,https://notanother-nz.github.io/total-image-product-assets/assets/P105MS_LADIES_CITY_POLO/webp/model/P105MS_LADIES_CITY_POLO_WHITE_BACK_HERO_CLOSEUP.webp,city-womens-short-sleeve-polo,white,3
City Womens Short Sleeve Polo — P105MS_LADIES_CITY_POLO_WHITE_BACK_HERO_SIDE.webp,p105ls-model-p105ms-ladies-city-polo-white-back-hero-side,https://notanother-nz.github.io/total-image-product-assets/assets/P105MS_LADIES_CITY_POLO/webp/model/P105MS_LADIES_CITY_POLO_WHITE_BACK_HERO_SIDE.webp,city-womens-short-sleeve-polo,white,4
City Womens Short Sleeve Polo — P105MS_LADIES_CITY_POLO_BLACK_FRONT.webp,p105ls-product-p105ms-ladies-city-polo-black-front,https://notanother-nz.github.io/total-image-product-assets/assets/P105MS_LADIES_CITY_POLO/webp/product/P105MS_LADIES_CITY_POLO_BLACK_FRONT.webp,city-womens-short-sleeve-polo,black,5
City Womens Short Sleeve Polo — P105MS_LADIES_CITY_POLO_MINERAL_BLUE_FRONT.webp,p105ls-product-p105ms-ladies-city-polo-mineral-blue-front,https://notanother-nz.github.io/total-image-product-assets/assets/P105MS_LADIES_CITY_POLO/webp/product/P105MS_LADIES_CITY_POLO_MINERAL_BLUE_FRONT.webp,city-womens-short-sleeve-polo,mineral-blue,6
City Womens Short Sleeve Polo — P105MS_LADIES_CITY_POLO_NAVY_FRONT.webp,p105ls-product-p105ms-ladies-city-polo-navy-front,https://notanother-nz.github.io/total-image-product-assets/assets/P105MS_LADIES_CITY_POLO/webp/product/P105MS_LADIES_CITY_POLO_NAVY_FRONT.webp,city-womens-short-sleeve-polo,navy,7
City Womens Short Sleeve Polo — P105MS_LADIES_CITY_POLO_TEAL_FRONT.webp,p105ls-product-p105ms-ladies-city-polo-teal-front,https://notanother-nz.github.io/total-image-product-assets/assets/P105MS_LADIES_CITY_POLO/webp/product/P105MS_LADIES_CITY_POLO_TEAL_FRONT.webp,city-womens-short-sleeve-polo,teal,8
City Womens Short Sleeve Polo — P105MS_LADIES_CITY_POLO_WHITE_FRONT.webp,p105ls-product-p105ms-ladies-city-polo-white-front,https://notanother-nz.github.io/total-image-product-assets/assets/P105MS_LADIES_CITY_POLO/webp/product/P105MS_LADIES_CITY_POLO_WHITE_FRONT.webp,city-womens-short-sleeve-polo,white,9
City Womens Short Sleeve Polo — P105MS_LADIES_CITY_POLO_BLACK_BACK.webp,p105ls-product-p105ms-ladies-city-polo-black-back,https://notanother-nz.github.io/total-image-product-assets/assets/P105MS_LADIES_CITY_POLO/webp/product/P105MS_LADIES_CITY_POLO_BLACK_BACK.webp,city-womens-short-sleeve-polo,black,10
City Womens Short Sleeve Polo — P105MS_LADIES_CITY_POLO_MINERAL_BLUE_BACK.webp,p105ls-product-p105ms-ladies-city-polo-mineral-blue-back,https://notanother-nz.github.io/total-image-product-assets/assets/P105MS_LADIES_CITY_POLO/webp/product/P105MS_LADIES_CITY_POLO_MINERAL_BLUE_BACK.webp,city-womens-short-sleeve-polo,mineral-blue,11
City Womens Short Sleeve Polo — P105MS_LADIES_CITY_POLO_NAVY_BACK.webp,p105ls-product-p105ms-ladies-city-polo-navy-back,https://notanother-nz.github.io/total-image-product-assets/assets/P105MS_LADIES_CITY_POLO/webp/product/P105MS_LADIES_CITY_POLO_NAVY_BACK.webp,city-womens-short-sleeve-polo,navy,12
City Womens Short Sleeve Polo — P105MS_LADIES_CITY_POLO_TEAL_BACK.webp,p105ls-product-p105ms-ladies-city-polo-teal-back,https://notanother-nz.github.io/total-image-product-assets/assets/P105MS_LADIES_CITY_POLO/webp/product/P105MS_LADIES_CITY_POLO_TEAL_BACK.webp,city-womens-short-sleeve-polo,teal,13
City Womens Short Sleeve Polo — P105MS_LADIES_CITY_POLO_WHITE_BACK.webp,p105ls-product-p105ms-ladies-city-polo-white-back,https://notanother-nz.github.io/total-image-product-assets/assets/P105MS_LADIES_CITY_POLO/webp/product/P105MS_LADIES_CITY_POLO_WHITE_BACK.webp,city-womens-short-sleeve-polo,white,14
City Mens Short Sleeve Polo — P105MS_MENS_CITY_POLO_WHITE_HERO_FRONT.webp,p105ms-model-p105ms-mens-city-polo-white-hero-front,https://notanother-nz.github.io/total-image-product-assets/assets/P105MS_MENS_CITY_POLO/webp/model/P105MS_MENS_CITY_POLO_WHITE_HERO_FRONT.webp,city-mens-short-sleeve-polo,white,1
City Mens Short Sleeve Polo — P105MS_MENS_CITY_POLO_WHITE_HERO_HERO_FRONT.webp,p105ms-model-p105ms-mens-city-polo-white-hero-hero-front,https://notanother-nz.github.io/total-image-product-assets/assets/P105MS_MENS_CITY_POLO/webp/model/P105MS_MENS_CITY_POLO_WHITE_HERO_HERO_FRONT.webp,city-mens-short-sleeve-polo,white,2
City Mens Short Sleeve Polo — P105MS_MENS_CITY_POLO_WHITE_HERO_CLOSEUP.webp,p105ms-model-p105ms-mens-city-polo-white-hero-closeup,https://notanother-nz.github.io/total-image-product-assets/assets/P105MS_MENS_CITY_POLO/webp/model/P105MS_MENS_CITY_POLO_WHITE_HERO_CLOSEUP.webp,city-mens-short-sleeve-polo,white,3
City Mens Short Sleeve Polo — P105MS_MENS_CITY_POLO_WHITE_HERO_SIDE.webp,p105ms-model-p105ms-mens-city-polo-white-hero-side,https://notanother-nz.github.io/total-image-product-assets/assets/P105MS_MENS_CITY_POLO/webp/model/P105MS_MENS_CITY_POLO_WHITE_HERO_SIDE.webp,city-mens-short-sleeve-polo,white,4
City Mens Short Sleeve Polo — P105MS_MENS_CITY_POLO_BLACK_FRONT.webp,p105ms-product-p105ms-mens-city-polo-black-front,https://notanother-nz.github.io/total-image-product-assets/assets/P105MS_MENS_CITY_POLO/webp/product/P105MS_MENS_CITY_POLO_BLACK_FRONT.webp,city-mens-short-sleeve-polo,black,5
City Mens Short Sleeve Polo — P105MS_MENS_CITY_POLO_NAVY_FRONT.webp,p105ms-product-p105ms-mens-city-polo-navy-front,https://notanother-nz.github.io/total-image-product-assets/assets/P105MS_MENS_CITY_POLO/webp/product/P105MS_MENS_CITY_POLO_NAVY_FRONT.webp,city-mens-short-sleeve-polo,navy,6
City Mens Short Sleeve Polo — P105MS_MENS_CITY_POLO_WHITE_FRONT.webp,p105ms-product-p105ms-mens-city-polo-white-front,https://notanother-nz.github.io/total-image-product-assets/assets/P105MS_MENS_CITY_POLO/webp/product/P105MS_MENS_CITY_POLO_WHITE_FRONT.webp,city-mens-short-sleeve-polo,white,7
City Mens Short Sleeve Polo — P105MS_MENS_CITY_POLO_BLACK_BACK.webp,p105ms-product-p105ms-mens-city-polo-black-back,https://notanother-nz.github.io/total-image-product-assets/assets/P105MS_MENS_CITY_POLO/webp/product/P105MS_MENS_CITY_POLO_BLACK_BACK.webp,city-mens-short-sleeve-polo,black,8
City Mens Short Sleeve Polo — P105MS_MENS_CITY_POLO_NAVY_BACK.webp,p105ms-product-p105ms-mens-city-polo-navy-back,https://notanother-nz.github.io/total-image-product-assets/assets/P105MS_MENS_CITY_POLO/webp/product/P105MS_MENS_CITY_POLO_NAVY_BACK.webp,city-mens-short-sleeve-polo,navy,9
City Mens Short Sleeve Polo — P105MS_MENS_CITY_POLO_WHITE_BACK.webp,p105ms-product-p105ms-mens-city-polo-white-back,https://notanother-nz.github.io/total-image-product-assets/assets/P105MS_MENS_CITY_POLO/webp/product/P105MS_MENS_CITY_POLO_WHITE_BACK.webp,city-mens-short-sleeve-polo,white,10
Ladies Ice Polo — P112LS_Ice_Womens_Short_Sleeve_Polo_HERO_FRONT.webp,p112ls-model-p112ls-ice-womens-short-sleeve-polo-hero-front,https://notanother-nz.github.io/total-image-product-assets/assets/P112LS_Ice_Womens_Short_Sleeve_Polo/webp/model/P112LS_Ice_Womens_Short_Sleeve_Polo_HERO_FRONT.webp,ladies-ice-polo-p112ls,,1
Ladies Ice Polo — P112LS_Ice_Womens_Short_Sleeve_Polo_HERO_BACK.webp,p112ls-model-p112ls-ice-womens-short-sleeve-polo-hero-back,https://notanother-nz.github.io/total-image-product-assets/assets/P112LS_Ice_Womens_Short_Sleeve_Polo/webp/model/P112LS_Ice_Womens_Short_Sleeve_Polo_HERO_BACK.webp,ladies-ice-polo-p112ls,,2
Ladies Ice Polo — P112LS_Ice_Womens_Short_Sleeve_Polo_HERO_CLOSEUP.webp,p112ls-model-p112ls-ice-womens-short-sleeve-polo-hero-closeup,https://notanother-nz.github.io/total-image-product-assets/assets/P112LS_Ice_Womens_Short_Sleeve_Polo/webp/model/P112LS_Ice_Womens_Short_Sleeve_Polo_HERO_CLOSEUP.webp,ladies-ice-polo-p112ls,,3
Ladies Ice Polo — P112LS_Ice_Womens_Short_Sleeve_Polo_HERO_SIDE.webp,p112ls-model-p112ls-ice-womens-short-sleeve-polo-hero-side,https://notanother-nz.github.io/total-image-product-assets/assets/P112LS_Ice_Womens_Short_Sleeve_Polo/webp/model/P112LS_Ice_Womens_Short_Sleeve_Polo_HERO_SIDE.webp,ladies-ice-polo-p112ls,,4
Ladies Ice Polo — P112LS_Ice_Womens_Short_Sleeve_Polo_BLACK_FRONT_VIEW.webp,p112ls-product-p112ls-ice-womens-short-sleeve-polo-black-front-view,https://notanother-nz.github.io/total-image-product-assets/assets/P112LS_Ice_Womens_Short_Sleeve_Polo/webp/product/P112LS_Ice_Womens_Short_Sleeve_Polo_BLACK_FRONT_VIEW.webp,ladies-ice-polo-p112ls,black,5
Ladies Ice Polo — P112LS_Ice_Womens_Short_Sleeve_Polo_NAVY_FRONT_VIEW.webp,p112ls-product-p112ls-ice-womens-short-sleeve-polo-navy-front-view,https://notanother-nz.github.io/total-image-product-assets/assets/P112LS_Ice_Womens_Short_Sleeve_Polo/webp/product/P112LS_Ice_Womens_Short_Sleeve_Polo_NAVY_FRONT_VIEW.webp,ladies-ice-polo-p112ls,navy,6
Ladies Ice Polo — P112LS_Ice_Womens_Short_Sleeve_Polo_WHITE_FRONT_VIEW.webp,p112ls-product-p112ls-ice-womens-short-sleeve-polo-white-front-view,https://notanother-nz.github.io/total-image-product-assets/assets/P112LS_Ice_Womens_Short_Sleeve_Polo/webp/product/P112LS_Ice_Womens_Short_Sleeve_Polo_WHITE_FRONT_VIEW.webp,ladies-ice-polo-p112ls,white,7
Ladies Ice Polo — P112LS_Ice_Womens_Short_Sleeve_Polo_BLACK_BACK_VIEW.webp,p112ls-product-p112ls-ice-womens-short-sleeve-polo-black-back-view,https://notanother-nz.github.io/total-image-product-assets/assets/P112LS_Ice_Womens_Short_Sleeve_Polo/webp/product/P112LS_Ice_Womens_Short_Sleeve_Polo_BLACK_BACK_VIEW.webp,ladies-ice-polo-p112ls,black,8
Ladies Ice Polo — P112LS_Ice_Womens_Short_Sleeve_Polo_NAVY_BACK_VIEW.webp,p112ls-product-p112ls-ice-womens-short-sleeve-polo-navy-back-view,https://notanother-nz.github.io/total-image-product-assets/assets/P112LS_Ice_Womens_Short_Sleeve_Polo/webp/product/P112LS_Ice_Womens_Short_Sleeve_Polo_NAVY_BACK_VIEW.webp,ladies-ice-polo-p112ls,navy,9
Ladies Ice Polo — P112LS_Ice_Womens_Short_Sleeve_Polo_WHITE_BACK_VIEW.webp,p112ls-product-p112ls-ice-womens-short-sleeve-polo-white-back-view,https://notanother-nz.github.io/total-image-product-assets/assets/P112LS_Ice_Womens_Short_Sleeve_Polo/webp/product/P112LS_Ice_Womens_Short_Sleeve_Polo_WHITE_BACK_VIEW.webp,ladies-ice-polo-p112ls,white,10
Men's Ice Polo — P112MS_MEN'S_ICE_POLO_BLACK_HERO_FRONT.webp,p112ms-model-p112ms-mens-ice-polo-black-hero-front,https://notanother-nz.github.io/total-image-product-assets/assets/P112MS_MEN'S_ICE_POLO/webp/model/P112MS_MEN'S_ICE_POLO_BLACK_HERO_FRONT.webp,mens-ice-polo-p112ms,black,1
Men's Ice Polo — P112MS_MEN'S_ICE_POLO_BLACK_HERO_BACK.webp,p112ms-model-p112ms-mens-ice-polo-black-hero-back,https://notanother-nz.github.io/total-image-product-assets/assets/P112MS_MEN'S_ICE_POLO/webp/model/P112MS_MEN'S_ICE_POLO_BLACK_HERO_BACK.webp,mens-ice-polo-p112ms,black,2
Men's Ice Polo — P112MS_MEN'S_ICE_POLO_BLACK_HERO_CLOSEUP.webp,p112ms-model-p112ms-mens-ice-polo-black-hero-closeup,https://notanother-nz.github.io/total-image-product-assets/assets/P112MS_MEN'S_ICE_POLO/webp/model/P112MS_MEN'S_ICE_POLO_BLACK_HERO_CLOSEUP.webp,mens-ice-polo-p112ms,black,3
Men's Ice Polo — P112MS_MEN'S_ICE_POLO_BLACK_HERO_SIDE.webp,p112ms-model-p112ms-mens-ice-polo-black-hero-side,https://notanother-nz.github.io/total-image-product-assets/assets/P112MS_MEN'S_ICE_POLO/webp/model/P112MS_MEN'S_ICE_POLO_BLACK_HERO_SIDE.webp,mens-ice-polo-p112ms,black,4
Men's Ice Polo — P112MS_MEN'S_ICE_POLO_BLACK_FRONT.webp,p112ms-product-p112ms-mens-ice-polo-black-front,https://notanother-nz.github.io/total-image-product-assets/assets/P112MS_MEN'S_ICE_POLO/webp/product/P112MS_MEN'S_ICE_POLO_BLACK_FRONT.webp,mens-ice-polo-p112ms,black,5
Men's Ice Polo — P112MS_MEN'S_ICE_POLO_NAVY_FRONT.webp,p112ms-product-p112ms-mens-ice-polo-navy-front,https://notanother-nz.github.io/total-image-product-assets/assets/P112MS_MEN'S_ICE_POLO/webp/product/P112MS_MEN'S_ICE_POLO_NAVY_FRONT.webp,mens-ice-polo-p112ms,navy,6
Men's Ice Polo — P112MS_MEN'S_ICE_POLO_WHITE_FRONT.webp,p112ms-product-p112ms-mens-ice-polo-white-front,https://notanother-nz.github.io/total-image-product-assets/assets/P112MS_MEN'S_ICE_POLO/webp/product/P112MS_MEN'S_ICE_POLO_WHITE_FRONT.webp,mens-ice-polo-p112ms,white,7
Men's Ice Polo — P112MS_MEN'S_ICE_POLO_BLACK_BACK.webp,p112ms-product-p112ms-mens-ice-polo-black-back,https://notanother-nz.github.io/total-image-product-assets/assets/P112MS_MEN'S_ICE_POLO/webp/product/P112MS_MEN'S_ICE_POLO_BLACK_BACK.webp,mens-ice-polo-p112ms,black,8
Men's Ice Polo — P112MS_MEN'S_ICE_POLO_NAVY_BACK.webp,p112ms-product-p112ms-mens-ice-polo-navy-back,https://notanother-nz.github.io/total-image-product-assets/assets/P112MS_MEN'S_ICE_POLO/webp/product/P112MS_MEN'S_ICE_POLO_NAVY_BACK.webp,mens-ice-polo-p112ms,navy,9
Men's Ice Polo — P112MS_MEN'S_ICE_POLO_WHITE_BACK.webp,p112ms-product-p112ms-mens-ice-polo-white-back,https://notanother-nz.github.io/total-image-product-assets/assets/P112MS_MEN'S_ICE_POLO/webp/product/P112MS_MEN'S_ICE_POLO_WHITE_BACK.webp,mens-ice-polo-p112ms,white,10
Tirana Pen — P129_TIRANA_PEN_ALLCOLOUR.webp,p129-product-p129-tirana-pen-allcolour,https://notanother-nz.github.io/total-image-product-assets/assets/P129_TIRANA_PEN_ALLCOLOUR/webp/product/P129_TIRANA_PEN_ALLCOLOUR.webp,tirana-pen-p129,,1
The Heritage Wooden + Metal Ball Pen — P131_THE_HERITAGE_WOODEN + METAL_BALL PEN_BLACK.webp,p131-product-p131-the-heritage-wooden-metal-ball-pen-black,https://notanother-nz.github.io/total-image-product-assets/assets/P131_THE_HERITAGE_WOODEN%20%2B%20METAL_BALL%20PEN/webp/product/P131_THE_HERITAGE_WOODEN%20%2B%20METAL_BALL%20PEN_BLACK.webp,the-heritage-wooden-metal-ball-pen-p131,black,1
The Heritage Wooden + Metal Ball Pen — P131_THE_HERITAGE_WOODEN + METAL_BALL PEN_BROWN.webp,p131-product-p131-the-heritage-wooden-metal-ball-pen-brown,https://notanother-nz.github.io/total-image-product-assets/assets/P131_THE_HERITAGE_WOODEN%20%2B%20METAL_BALL%20PEN/webp/product/P131_THE_HERITAGE_WOODEN%20%2B%20METAL_BALL%20PEN_BROWN.webp,the-heritage-wooden-metal-ball-pen-p131,brown,2
Ladies Cambridge Polo — P227LS_LADIES_CAMBRIDGE_POLO_BLACK_RED_WHITE_HERO_FRONT.webp,p227ls-model-p227ls-ladies-cambridge-polo-black-red-white-hero-front,https://notanother-nz.github.io/total-image-product-assets/assets/P227LS_LADIES_CAMBRIDGE_POLO/webp/model/P227LS_LADIES_CAMBRIDGE_POLO_BLACK_RED_WHITE_HERO_FRONT.webp,ladies-cambridge-polo-p227ls,black-red-white,1
Ladies Cambridge Polo — P227LS_LADIES_CAMBRIDGE_POLO_BLACK_RED_WHITE_HERO_BACK.webp,p227ls-model-p227ls-ladies-cambridge-polo-black-red-white-hero-back,https://notanother-nz.github.io/total-image-product-assets/assets/P227LS_LADIES_CAMBRIDGE_POLO/webp/model/P227LS_LADIES_CAMBRIDGE_POLO_BLACK_RED_WHITE_HERO_BACK.webp,ladies-cambridge-polo-p227ls,black-red-white,2
Ladies Cambridge Polo — P227LS_LADIES_CAMBRIDGE_POLO_BLACK_RED_WHITE_HERO_CLOSEUP.webp,p227ls-model-p227ls-ladies-cambridge-polo-black-red-white-hero-closeup,https://notanother-nz.github.io/total-image-product-assets/assets/P227LS_LADIES_CAMBRIDGE_POLO/webp/model/P227LS_LADIES_CAMBRIDGE_POLO_BLACK_RED_WHITE_HERO_CLOSEUP.webp,ladies-cambridge-polo-p227ls,black-red-white,3
Ladies Cambridge Polo — P227LS_LADIES_CAMBRIDGE_POLO_BLACK_RED_WHITE_HERO_SIDE.webp,p227ls-model-p227ls-ladies-cambridge-polo-black-red-white-hero-side,https://notanother-nz.github.io/total-image-product-assets/assets/P227LS_LADIES_CAMBRIDGE_POLO/webp/model/P227LS_LADIES_CAMBRIDGE_POLO_BLACK_RED_WHITE_HERO_SIDE.webp,ladies-cambridge-polo-p227ls,black-red-white,4
Ladies Cambridge Polo — Model_Catalogue_Photo_output_1200x1600jpg_mEYl47Ys.webp,p227ls-model-model-catalogue-photo-output-1200x1600jpg-meyl47ys,https://notanother-nz.github.io/total-image-product-assets/assets/P227LS_LADIES_CAMBRIDGE_POLO/webp/model/Model_Catalogue_Photo_output_1200x1600jpg_mEYl47Ys.webp,ladies-cambridge-polo-p227ls,,5
Ladies Cambridge Polo — P227LS_LADIES_CAMBRIDGE_POLO_BLACK_RED_WHITE_FRONT.webp,p227ls-product-p227ls-ladies-cambridge-polo-black-red-white-front,https://notanother-nz.github.io/total-image-product-assets/assets/P227LS_LADIES_CAMBRIDGE_POLO/webp/product/P227LS_LADIES_CAMBRIDGE_POLO_BLACK_RED_WHITE_FRONT.webp,ladies-cambridge-polo-p227ls,black-red-white,6
Ladies Cambridge Polo — P227LS_LADIES_CAMBRIDGE_POLO_BLACK_WHITE_WHITE_FRONT.webp,p227ls-product-p227ls-ladies-cambridge-polo-black-white-white-front,https://notanother-nz.github.io/total-image-product-assets/assets/P227LS_LADIES_CAMBRIDGE_POLO/webp/product/P227LS_LADIES_CAMBRIDGE_POLO_BLACK_WHITE_WHITE_FRONT.webp,ladies-cambridge-polo-p227ls,black-white-white,7
Ladies Cambridge Polo — P227LS_LADIES_CAMBRIDGE_POLO_GREY_BLACK_WHITE_FRONT.webp,p227ls-product-p227ls-ladies-cambridge-polo-grey-black-white-front,https://notanother-nz.github.io/total-image-product-assets/assets/P227LS_LADIES_CAMBRIDGE_POLO/webp/product/P227LS_LADIES_CAMBRIDGE_POLO_GREY_BLACK_WHITE_FRONT.webp,ladies-cambridge-polo-p227ls,grey,8
Ladies Cambridge Polo — P227LS_LADIES_CAMBRIDGE_POLO_NAVY_RED_WHITE_FRONT.webp,p227ls-product-p227ls-ladies-cambridge-polo-navy-red-white-front,https://notanother-nz.github.io/total-image-product-assets/assets/P227LS_LADIES_CAMBRIDGE_POLO/webp/product/P227LS_LADIES_CAMBRIDGE_POLO_NAVY_RED_WHITE_FRONT.webp,ladies-cambridge-polo-p227ls,navy-red-white,9
Ladies Cambridge Polo — P227LS_LADIES_CAMBRIDGE_POLO_NAVY_WHITE_WHITE_FRONT.webp,p227ls-product-p227ls-ladies-cambridge-polo-navy-white-white-front,https://notanother-nz.github.io/total-image-product-assets/assets/P227LS_LADIES_CAMBRIDGE_POLO/webp/product/P227LS_LADIES_CAMBRIDGE_POLO_NAVY_WHITE_WHITE_FRONT.webp,ladies-cambridge-polo-p227ls,navy-white-white,10
Ladies Cambridge Polo — P227LS_LADIES_CAMBRIDGE_POLO_ROYAL_WHITE_WHITE_FRONT.webp,p227ls-product-p227ls-ladies-cambridge-polo-royal-white-white-front,https://notanother-nz.github.io/total-image-product-assets/assets/P227LS_LADIES_CAMBRIDGE_POLO/webp/product/P227LS_LADIES_CAMBRIDGE_POLO_ROYAL_WHITE_WHITE_FRONT.webp,ladies-cambridge-polo-p227ls,royal-white-white,11
Ladies Cambridge Polo — P227LS_LADIES_CAMBRIDGE_POLO_BLACK_RED_WHITE_BACK.webp,p227ls-product-p227ls-ladies-cambridge-polo-black-red-white-back,https://notanother-nz.github.io/total-image-product-assets/assets/P227LS_LADIES_CAMBRIDGE_POLO/webp/product/P227LS_LADIES_CAMBRIDGE_POLO_BLACK_RED_WHITE_BACK.webp,ladies-cambridge-polo-p227ls,black-red-white,12
Ladies Cambridge Polo — P227LS_LADIES_CAMBRIDGE_POLO_BLACK_WHITE_WHITE_BACK.webp,p227ls-product-p227ls-ladies-cambridge-polo-black-white-white-back,https://notanother-nz.github.io/total-image-product-assets/assets/P227LS_LADIES_CAMBRIDGE_POLO/webp/product/P227LS_LADIES_CAMBRIDGE_POLO_BLACK_WHITE_WHITE_BACK.webp,ladies-cambridge-polo-p227ls,black-white-white,13
Ladies Cambridge Polo — P227LS_LADIES_CAMBRIDGE_POLO_GREY_BLACK_BACK.webp,p227ls-product-p227ls-ladies-cambridge-polo-grey-black-back,https://notanother-nz.github.io/total-image-product-assets/assets/P227LS_LADIES_CAMBRIDGE_POLO/webp/product/P227LS_LADIES_CAMBRIDGE_POLO_GREY_BLACK_BACK.webp,ladies-cambridge-polo-p227ls,grey,14
Ladies Cambridge Polo — P227LS_LADIES_CAMBRIDGE_POLO_NAVY_RED_WHITE_BACK.webp,p227ls-product-p227ls-ladies-cambridge-polo-navy-red-white-back,https://notanother-nz.github.io/total-image-product-assets/assets/P227LS_LADIES_CAMBRIDGE_POLO/webp/product/P227LS_LADIES_CAMBRIDGE_POLO_NAVY_RED_WHITE_BACK.webp,ladies-cambridge-polo-p227ls,navy-red-white,15
Ladies Cambridge Polo — P227LS_LADIES_CAMBRIDGE_POLO_NAVY_WHITE_WHITE_BACK.webp,p227ls-product-p227ls-ladies-cambridge-polo-navy-white-white-back,https://notanother-nz.github.io/total-image-product-assets/assets/P227LS_LADIES_CAMBRIDGE_POLO/webp/product/P227LS_LADIES_CAMBRIDGE_POLO_NAVY_WHITE_WHITE_BACK.webp,ladies-cambridge-polo-p227ls,navy-white-white,16
Ladies Cambridge Polo — P227LS_LADIES_CAMBRIDGE_POLO_ROYAL_WHITE_WHITE_BACK.webp,p227ls-product-p227ls-ladies-cambridge-polo-royal-white-white-back,https://notanother-nz.github.io/total-image-product-assets/assets/P227LS_LADIES_CAMBRIDGE_POLO/webp/product/P227LS_LADIES_CAMBRIDGE_POLO_ROYAL_WHITE_WHITE_BACK.webp,ladies-cambridge-polo-p227ls,royal-white-white,17
Cambridge Men's Short Sleeve Polo — Garment_Catalogue_Images_1-ccKzti_resizedpng_GJujgpJq.webp,p227ms-model-garment-catalogue-images-1-cckzti-resizedpng-gjujgpjq,https://notanother-nz.github.io/total-image-product-assets/assets/P227MS_CAMBRIDGE_MEN'S_SHORT_SLEEVE_POLO/webp/model/Garment_Catalogue_Images_1-ccKzti_resizedpng_GJujgpJq.webp,cambridge-mens-short-sleeve-polo-p227ms,,1
Cambridge Men's Short Sleeve Polo — Garment_Catalogue_Images_ar0fhI7D_resizedpng_Vj2x7C7T.webp,p227ms-model-garment-catalogue-images-ar0fhi7d-resizedpng-vj2x7c7t,https://notanother-nz.github.io/total-image-product-assets/assets/P227MS_CAMBRIDGE_MEN'S_SHORT_SLEEVE_POLO/webp/model/Garment_Catalogue_Images_ar0fhI7D_resizedpng_Vj2x7C7T.webp,cambridge-mens-short-sleeve-polo-p227ms,,2
Cambridge Men's Short Sleeve Polo — Garment_Catalogue_Images_I5lis4JO_resizedpng_mdtqiwqr.webp,p227ms-model-garment-catalogue-images-i5lis4jo-resizedpng-mdtqiwqr,https://notanother-nz.github.io/total-image-product-assets/assets/P227MS_CAMBRIDGE_MEN'S_SHORT_SLEEVE_POLO/webp/model/Garment_Catalogue_Images_I5lis4JO_resizedpng_mdtqiwqr.webp,cambridge-mens-short-sleeve-polo-p227ms,,3
Cambridge Men's Short Sleeve Polo — Garment_Catalogue_Images_OiZng3zJ_resizedpng_FskLD-u5.webp,p227ms-model-garment-catalogue-images-oizng3zj-resizedpng-fskld-u5,https://notanother-nz.github.io/total-image-product-assets/assets/P227MS_CAMBRIDGE_MEN'S_SHORT_SLEEVE_POLO/webp/model/Garment_Catalogue_Images_OiZng3zJ_resizedpng_FskLD-u5.webp,cambridge-mens-short-sleeve-polo-p227ms,,4
Cambridge Men's Short Sleeve Polo — P227MS_CAMBRIDGE_MEN'S_SHORT_SLEEVE_POLO_BLACK_RED_WHITE_FRONT.webp,p227ms-product-p227ms-cambridge-mens-short-sleeve-polo-black-red-white-front,https://notanother-nz.github.io/total-image-product-assets/assets/P227MS_CAMBRIDGE_MEN'S_SHORT_SLEEVE_POLO/webp/product/P227MS_CAMBRIDGE_MEN'S_SHORT_SLEEVE_POLO_BLACK_RED_WHITE_FRONT.webp,cambridge-mens-short-sleeve-polo-p227ms,black-red-white,5
Cambridge Men's Short Sleeve Polo — P227MS_CAMBRIDGE_MEN'S_SHORT_SLEEVE_POLO_BLACK_WHITE_WHITE_FRONT.webp,p227ms-product-p227ms-cambridge-mens-short-sleeve-polo-black-white-white-front,https://notanother-nz.github.io/total-image-product-assets/assets/P227MS_CAMBRIDGE_MEN'S_SHORT_SLEEVE_POLO/webp/product/P227MS_CAMBRIDGE_MEN'S_SHORT_SLEEVE_POLO_BLACK_WHITE_WHITE_FRONT.webp,cambridge-mens-short-sleeve-polo-p227ms,black-white-white,6
Cambridge Men's Short Sleeve Polo — P227MS_CAMBRIDGE_MEN'S_SHORT_SLEEVE_POLO_NAVY_RED_WHITE_FRONT.webp,p227ms-product-p227ms-cambridge-mens-short-sleeve-polo-navy-red-white-front,https://notanother-nz.github.io/total-image-product-assets/assets/P227MS_CAMBRIDGE_MEN'S_SHORT_SLEEVE_POLO/webp/product/P227MS_CAMBRIDGE_MEN'S_SHORT_SLEEVE_POLO_NAVY_RED_WHITE_FRONT.webp,cambridge-mens-short-sleeve-polo-p227ms,navy-red-white,7
Cambridge Men's Short Sleeve Polo — P227MS_CAMBRIDGE_MEN'S_SHORT_SLEEVE_POLO_NAVY_WHITE_WHITE_FRONT.webp,p227ms-product-p227ms-cambridge-mens-short-sleeve-polo-navy-white-white-front,https://notanother-nz.github.io/total-image-product-assets/assets/P227MS_CAMBRIDGE_MEN'S_SHORT_SLEEVE_POLO/webp/product/P227MS_CAMBRIDGE_MEN'S_SHORT_SLEEVE_POLO_NAVY_WHITE_WHITE_FRONT.webp,cambridge-mens-short-sleeve-polo-p227ms,navy-white-white,8
Cambridge Men's Short Sleeve Polo — P227MS_CAMBRIDGE_MEN'S_SHORT_SLEEVE_POLO_ROYAL_WHITE_WHITE_FRONT.webp,p227ms-product-p227ms-cambridge-mens-short-sleeve-polo-royal-white-white-front,https://notanother-nz.github.io/total-image-product-assets/assets/P227MS_CAMBRIDGE_MEN'S_SHORT_SLEEVE_POLO/webp/product/P227MS_CAMBRIDGE_MEN'S_SHORT_SLEEVE_POLO_ROYAL_WHITE_WHITE_FRONT.webp,cambridge-mens-short-sleeve-polo-p227ms,royal-white-white,9
Cambridge Men's Short Sleeve Polo — P227MS_CAMBRIDGE_MEN'S_SHORT_SLEEVE_POLO_STEEL_GREY_BLACK_WHITE_FRONT.webp,p227ms-product-p227ms-cambridge-mens-short-sleeve-polo-steel-grey-black-white-front,https://notanother-nz.github.io/total-image-product-assets/assets/P227MS_CAMBRIDGE_MEN'S_SHORT_SLEEVE_POLO/webp/product/P227MS_CAMBRIDGE_MEN'S_SHORT_SLEEVE_POLO_STEEL_GREY_BLACK_WHITE_FRONT.webp,cambridge-mens-short-sleeve-polo-p227ms,steel-grey-black-white,10
Cambridge Men's Short Sleeve Polo — P227MS_CAMBRIDGE_MEN'S_SHORT_SLEEVE_POLO_BLACK_RED_WHITE_BACK.webp,p227ms-product-p227ms-cambridge-mens-short-sleeve-polo-black-red-white-back,https://notanother-nz.github.io/total-image-product-assets/assets/P227MS_CAMBRIDGE_MEN'S_SHORT_SLEEVE_POLO/webp/product/P227MS_CAMBRIDGE_MEN'S_SHORT_SLEEVE_POLO_BLACK_RED_WHITE_BACK.webp,cambridge-mens-short-sleeve-polo-p227ms,black-red-white,11
Cambridge Men's Short Sleeve Polo — P227MS_CAMBRIDGE_MEN'S_SHORT_SLEEVE_POLO_BLACK_WHITE_WHITE_BACK.webp,p227ms-product-p227ms-cambridge-mens-short-sleeve-polo-black-white-white-back,https://notanother-nz.github.io/total-image-product-assets/assets/P227MS_CAMBRIDGE_MEN'S_SHORT_SLEEVE_POLO/webp/product/P227MS_CAMBRIDGE_MEN'S_SHORT_SLEEVE_POLO_BLACK_WHITE_WHITE_BACK.webp,cambridge-mens-short-sleeve-polo-p227ms,black-white-white,12
Cambridge Men's Short Sleeve Polo — P227MS_CAMBRIDGE_MEN'S_SHORT_SLEEVE_POLO_NAVY_RED_WHITE_BACK.webp,p227ms-product-p227ms-cambridge-mens-short-sleeve-polo-navy-red-white-back,https://notanother-nz.github.io/total-image-product-assets/assets/P227MS_CAMBRIDGE_MEN'S_SHORT_SLEEVE_POLO/webp/product/P227MS_CAMBRIDGE_MEN'S_SHORT_SLEEVE_POLO_NAVY_RED_WHITE_BACK.webp,cambridge-mens-short-sleeve-polo-p227ms,navy-red-white,13
Cambridge Men's Short Sleeve Polo — P227MS_CAMBRIDGE_MEN'S_SHORT_SLEEVE_POLO_NAVY_WHITE_WHITE_BACK.webp,p227ms-product-p227ms-cambridge-mens-short-sleeve-polo-navy-white-white-back,https://notanother-nz.github.io/total-image-product-assets/assets/P227MS_CAMBRIDGE_MEN'S_SHORT_SLEEVE_POLO/webp/product/P227MS_CAMBRIDGE_MEN'S_SHORT_SLEEVE_POLO_NAVY_WHITE_WHITE_BACK.webp,cambridge-mens-short-sleeve-polo-p227ms,navy-white-white,14
Cambridge Men's Short Sleeve Polo — P227MS_CAMBRIDGE_MEN'S_SHORT_SLEEVE_POLO_ROYAL_WHITE_WHITE_BACK.webp,p227ms-product-p227ms-cambridge-mens-short-sleeve-polo-royal-white-white-back,https://notanother-nz.github.io/total-image-product-assets/assets/P227MS_CAMBRIDGE_MEN'S_SHORT_SLEEVE_POLO/webp/product/P227MS_CAMBRIDGE_MEN'S_SHORT_SLEEVE_POLO_ROYAL_WHITE_WHITE_BACK.webp,cambridge-mens-short-sleeve-polo-p227ms,royal-white-white,15
Cambridge Men's Short Sleeve Polo — P227MS_CAMBRIDGE_MEN'S_SHORT_SLEEVE_POLO_STEEL_GREY_BLACK_WHITE_BACK.webp,p227ms-product-p227ms-cambridge-mens-short-sleeve-polo-steel-grey-black-white-back,https://notanother-nz.github.io/total-image-product-assets/assets/P227MS_CAMBRIDGE_MEN'S_SHORT_SLEEVE_POLO/webp/product/P227MS_CAMBRIDGE_MEN'S_SHORT_SLEEVE_POLO_STEEL_GREY_BLACK_WHITE_BACK.webp,cambridge-mens-short-sleeve-polo-p227ms,steel-grey-black-white,16
Paper Pen — P381_PAPER_PEN_BLACK.webp,p381-product-p381-paper-pen-black,https://notanother-nz.github.io/total-image-product-assets/assets/P381_PAPER_PEN/webp/product/P381_PAPER_PEN_BLACK.webp,paper-pen-p381,black,1
Paper Pen — P381_PAPER_PEN_BLUE.webp,p381-product-p381-paper-pen-blue,https://notanother-nz.github.io/total-image-product-assets/assets/P381_PAPER_PEN/webp/product/P381_PAPER_PEN_BLUE.webp,paper-pen-p381,blue,2
Paper Pen — P381_PAPER_PEN_GREEN.webp,p381-product-p381-paper-pen-green,https://notanother-nz.github.io/total-image-product-assets/assets/P381_PAPER_PEN/webp/product/P381_PAPER_PEN_GREEN.webp,paper-pen-p381,green,3
Paper Pen — P381_PAPER_PEN_ORANGE.webp,p381-product-p381-paper-pen-orange,https://notanother-nz.github.io/total-image-product-assets/assets/P381_PAPER_PEN/webp/product/P381_PAPER_PEN_ORANGE.webp,paper-pen-p381,orange,4
Paper Pen — P381_PAPER_PEN_RED.webp,p381-product-p381-paper-pen-red,https://notanother-nz.github.io/total-image-product-assets/assets/P381_PAPER_PEN/webp/product/P381_PAPER_PEN_RED.webp,paper-pen-p381,red,5
Paper Pen — P381_PAPER_PEN_WHITE.webp,p381-product-p381-paper-pen-white,https://notanother-nz.github.io/total-image-product-assets/assets/P381_PAPER_PEN/webp/product/P381_PAPER_PEN_WHITE.webp,paper-pen-p381,white,6
Crew Ladies L/S Polo — P400LL_CREW_LADIES_LS_POLO_CHARCOAL_HERO_FRONT.webp,p400ll-model-p400ll-crew-ladies-ls-polo-charcoal-hero-front,https://notanother-nz.github.io/total-image-product-assets/assets/P400LL_CREW_LADIES_LS_POLO/webp/model/P400LL_CREW_LADIES_LS_POLO_CHARCOAL_HERO_FRONT.webp,crew-ladies-l-s-polo,charcoal,1
Crew Ladies L/S Polo — P400LL_CREW_LADIES_LS_POLO_CHARCOAL_HERO_BACK.webp,p400ll-model-p400ll-crew-ladies-ls-polo-charcoal-hero-back,https://notanother-nz.github.io/total-image-product-assets/assets/P400LL_CREW_LADIES_LS_POLO/webp/model/P400LL_CREW_LADIES_LS_POLO_CHARCOAL_HERO_BACK.webp,crew-ladies-l-s-polo,charcoal,2
Crew Ladies L/S Polo — P400LL_CREW_LADIES_LS_POLO_CHARCOAL_HERO_CLOSEUP.webp,p400ll-model-p400ll-crew-ladies-ls-polo-charcoal-hero-closeup,https://notanother-nz.github.io/total-image-product-assets/assets/P400LL_CREW_LADIES_LS_POLO/webp/model/P400LL_CREW_LADIES_LS_POLO_CHARCOAL_HERO_CLOSEUP.webp,crew-ladies-l-s-polo,charcoal,3
Crew Ladies L/S Polo — P400LL_CREW_LADIES_LS_POLO_CHARCOAL_HERO_SIDE.webp,p400ll-model-p400ll-crew-ladies-ls-polo-charcoal-hero-side,https://notanother-nz.github.io/total-image-product-assets/assets/P400LL_CREW_LADIES_LS_POLO/webp/model/P400LL_CREW_LADIES_LS_POLO_CHARCOAL_HERO_SIDE.webp,crew-ladies-l-s-polo,charcoal,4
Crew Ladies L/S Polo — P400LL_CREW_LADIES_LS_POLO_BLACK_FRONT.webp,p400ll-product-p400ll-crew-ladies-ls-polo-black-front,https://notanother-nz.github.io/total-image-product-assets/assets/P400LL_CREW_LADIES_LS_POLO/webp/product/P400LL_CREW_LADIES_LS_POLO_BLACK_FRONT.webp,crew-ladies-l-s-polo,black,5
Crew Ladies L/S Polo — P400LL_CREW_LADIES_LS_POLO_CHARCOAL_FRONT.webp,p400ll-product-p400ll-crew-ladies-ls-polo-charcoal-front,https://notanother-nz.github.io/total-image-product-assets/assets/P400LL_CREW_LADIES_LS_POLO/webp/product/P400LL_CREW_LADIES_LS_POLO_CHARCOAL_FRONT.webp,crew-ladies-l-s-polo,charcoal,6
Crew Ladies L/S Polo — P400LL_CREW_LADIES_LS_POLO_NAVY_FRONT.webp,p400ll-product-p400ll-crew-ladies-ls-polo-navy-front,https://notanother-nz.github.io/total-image-product-assets/assets/P400LL_CREW_LADIES_LS_POLO/webp/product/P400LL_CREW_LADIES_LS_POLO_NAVY_FRONT.webp,crew-ladies-l-s-polo,navy,7
Crew Ladies L/S Polo — P400LL_CREW_LADIES_LS_POLO_BLACK_BACK.webp,p400ll-product-p400ll-crew-ladies-ls-polo-black-back,https://notanother-nz.github.io/total-image-product-assets/assets/P400LL_CREW_LADIES_LS_POLO/webp/product/P400LL_CREW_LADIES_LS_POLO_BLACK_BACK.webp,crew-ladies-l-s-polo,black,8
Crew Ladies L/S Polo — P400LL_CREW_LADIES_LS_POLO_CHARCOAL_BACK.webp,p400ll-product-p400ll-crew-ladies-ls-polo-charcoal-back,https://notanother-nz.github.io/total-image-product-assets/assets/P400LL_CREW_LADIES_LS_POLO/webp/product/P400LL_CREW_LADIES_LS_POLO_CHARCOAL_BACK.webp,crew-ladies-l-s-polo,charcoal,9
Crew Ladies L/S Polo — P400LL_CREW_LADIES_LS_POLO_NAVY_BACK.webp,p400ll-product-p400ll-crew-ladies-ls-polo-navy-back,https://notanother-nz.github.io/total-image-product-assets/assets/P400LL_CREW_LADIES_LS_POLO/webp/product/P400LL_CREW_LADIES_LS_POLO_NAVY_BACK.webp,crew-ladies-l-s-polo,navy,10
Ladies Crew Polo — P400LS_LADIES_CREW_POLO_WHITE_HERO_FRONT.webp,p400ls-model-p400ls-ladies-crew-polo-white-hero-front,https://notanother-nz.github.io/total-image-product-assets/assets/P400LS_LADIES_CREW_POLO/webp/model/P400LS_LADIES_CREW_POLO_WHITE_HERO_FRONT.webp,ladies-crew-polo-p400ls,white,1
Ladies Crew Polo — P400LS_LADIES_CREW_POLO_WHITE_HERO_BACK.webp,p400ls-model-p400ls-ladies-crew-polo-white-hero-back,https://notanother-nz.github.io/total-image-product-assets/assets/P400LS_LADIES_CREW_POLO/webp/model/P400LS_LADIES_CREW_POLO_WHITE_HERO_BACK.webp,ladies-crew-polo-p400ls,white,2
Ladies Crew Polo — P400LS_LADIES_CREW_POLO_WHITE_HERO_CLOSEUP.webp,p400ls-model-p400ls-ladies-crew-polo-white-hero-closeup,https://notanother-nz.github.io/total-image-product-assets/assets/P400LS_LADIES_CREW_POLO/webp/model/P400LS_LADIES_CREW_POLO_WHITE_HERO_CLOSEUP.webp,ladies-crew-polo-p400ls,white,3
Ladies Crew Polo — P400LS_LADIES_CREW_POLO_WHITE_HERO_SIDE.webp,p400ls-model-p400ls-ladies-crew-polo-white-hero-side,https://notanother-nz.github.io/total-image-product-assets/assets/P400LS_LADIES_CREW_POLO/webp/model/P400LS_LADIES_CREW_POLO_WHITE_HERO_SIDE.webp,ladies-crew-polo-p400ls,white,4
Ladies Crew Polo — P400LS_LADIES_CREW_POLO_BLACK_FRONT.webp,p400ls-product-p400ls-ladies-crew-polo-black-front,https://notanother-nz.github.io/total-image-product-assets/assets/P400LS_LADIES_CREW_POLO/webp/product/P400LS_LADIES_CREW_POLO_BLACK_FRONT.webp,ladies-crew-polo-p400ls,black,5
Ladies Crew Polo — P400LS_LADIES_CREW_POLO_CYAN_FRONT.webp,p400ls-product-p400ls-ladies-crew-polo-cyan-front,https://notanother-nz.github.io/total-image-product-assets/assets/P400LS_LADIES_CREW_POLO/webp/product/P400LS_LADIES_CREW_POLO_CYAN_FRONT.webp,ladies-crew-polo-p400ls,cyan,6
Ladies Crew Polo — P400LS_LADIES_CREW_POLO_RED_FRONT.webp,p400ls-product-p400ls-ladies-crew-polo-red-front,https://notanother-nz.github.io/total-image-product-assets/assets/P400LS_LADIES_CREW_POLO/webp/product/P400LS_LADIES_CREW_POLO_RED_FRONT.webp,ladies-crew-polo-p400ls,red,7
Ladies Crew Polo — P400LS_LADIES_CREW_POLO_ROYAL_FRONT.webp,p400ls-product-p400ls-ladies-crew-polo-royal-front,https://notanother-nz.github.io/total-image-product-assets/assets/P400LS_LADIES_CREW_POLO/webp/product/P400LS_LADIES_CREW_POLO_ROYAL_FRONT.webp,ladies-crew-polo-p400ls,royal,8
Ladies Crew Polo — P400LS_LADIES_CREW_POLO_WHITE_FRONT.webp,p400ls-product-p400ls-ladies-crew-polo-white-front,https://notanother-nz.github.io/total-image-product-assets/assets/P400LS_LADIES_CREW_POLO/webp/product/P400LS_LADIES_CREW_POLO_WHITE_FRONT.webp,ladies-crew-polo-p400ls,white,9
Ladies Crew Polo — P400LS_LADIES_CREW_POLO_BLACK_BACK.webp,p400ls-product-p400ls-ladies-crew-polo-black-back,https://notanother-nz.github.io/total-image-product-assets/assets/P400LS_LADIES_CREW_POLO/webp/product/P400LS_LADIES_CREW_POLO_BLACK_BACK.webp,ladies-crew-polo-p400ls,black,10
Ladies Crew Polo — P400LS_LADIES_CREW_POLO_CYAN_BACK.webp,p400ls-product-p400ls-ladies-crew-polo-cyan-back,https://notanother-nz.github.io/total-image-product-assets/assets/P400LS_LADIES_CREW_POLO/webp/product/P400LS_LADIES_CREW_POLO_CYAN_BACK.webp,ladies-crew-polo-p400ls,cyan,11
Ladies Crew Polo — P400LS_LADIES_CREW_POLO_RED_BACK.webp,p400ls-product-p400ls-ladies-crew-polo-red-back,https://notanother-nz.github.io/total-image-product-assets/assets/P400LS_LADIES_CREW_POLO/webp/product/P400LS_LADIES_CREW_POLO_RED_BACK.webp,ladies-crew-polo-p400ls,red,12
Ladies Crew Polo — P400LS_LADIES_CREW_POLO_ROYAL_BACK.webp,p400ls-product-p400ls-ladies-crew-polo-royal-back,https://notanother-nz.github.io/total-image-product-assets/assets/P400LS_LADIES_CREW_POLO/webp/product/P400LS_LADIES_CREW_POLO_ROYAL_BACK.webp,ladies-crew-polo-p400ls,royal,13
Ladies Crew Polo — P400LS_LADIES_CREW_POLO_WHITE_BACK.webp,p400ls-product-p400ls-ladies-crew-polo-white-back,https://notanother-nz.github.io/total-image-product-assets/assets/P400LS_LADIES_CREW_POLO/webp/product/P400LS_LADIES_CREW_POLO_WHITE_BACK.webp,ladies-crew-polo-p400ls,white,14
Crew Men's L/S Polo — P400ML_CREW_MEN'S_LS_POLO_CHARCOAL_HERO_FRONT.webp,p400ml-model-p400ml-crew-mens-ls-polo-charcoal-hero-front,https://notanother-nz.github.io/total-image-product-assets/assets/P400ML_CREW_MEN'S_LS_POLO/webp/model/P400ML_CREW_MEN'S_LS_POLO_CHARCOAL_HERO_FRONT.webp,crew-mens-l-s-polo,charcoal,1
Crew Men's L/S Polo — P400ML_CREW_MEN'S_LS_POLO_CHARCOAL_HERO_BACK.webp,p400ml-model-p400ml-crew-mens-ls-polo-charcoal-hero-back,https://notanother-nz.github.io/total-image-product-assets/assets/P400ML_CREW_MEN'S_LS_POLO/webp/model/P400ML_CREW_MEN'S_LS_POLO_CHARCOAL_HERO_BACK.webp,crew-mens-l-s-polo,charcoal,2
Crew Men's L/S Polo — P400ML_CREW_MEN'S_LS_POLO_CHARCOAL_HERO_CLOSEUP.webp,p400ml-model-p400ml-crew-mens-ls-polo-charcoal-hero-closeup,https://notanother-nz.github.io/total-image-product-assets/assets/P400ML_CREW_MEN'S_LS_POLO/webp/model/P400ML_CREW_MEN'S_LS_POLO_CHARCOAL_HERO_CLOSEUP.webp,crew-mens-l-s-polo,charcoal,3
Crew Men's L/S Polo — P400ML_CREW_MEN'S_LS_POLO_CHARCOAL_HERO_SIDE.webp,p400ml-model-p400ml-crew-mens-ls-polo-charcoal-hero-side,https://notanother-nz.github.io/total-image-product-assets/assets/P400ML_CREW_MEN'S_LS_POLO/webp/model/P400ML_CREW_MEN'S_LS_POLO_CHARCOAL_HERO_SIDE.webp,crew-mens-l-s-polo,charcoal,4
Crew Men's L/S Polo — P400ML_CREW_MEN'S_LS_POLO_BLACK_FRONT.webp,p400ml-product-p400ml-crew-mens-ls-polo-black-front,https://notanother-nz.github.io/total-image-product-assets/assets/P400ML_CREW_MEN'S_LS_POLO/webp/product/P400ML_CREW_MEN'S_LS_POLO_BLACK_FRONT.webp,crew-mens-l-s-polo,black,5
Crew Men's L/S Polo — P400ML_CREW_MEN'S_LS_POLO_CHARCOAL_FRONT.webp,p400ml-product-p400ml-crew-mens-ls-polo-charcoal-front,https://notanother-nz.github.io/total-image-product-assets/assets/P400ML_CREW_MEN'S_LS_POLO/webp/product/P400ML_CREW_MEN'S_LS_POLO_CHARCOAL_FRONT.webp,crew-mens-l-s-polo,charcoal,6
Crew Men's L/S Polo — P400ML_CREW_MEN'S_LS_POLO_NAVY_FRONT.webp,p400ml-product-p400ml-crew-mens-ls-polo-navy-front,https://notanother-nz.github.io/total-image-product-assets/assets/P400ML_CREW_MEN'S_LS_POLO/webp/product/P400ML_CREW_MEN'S_LS_POLO_NAVY_FRONT.webp,crew-mens-l-s-polo,navy,7
Crew Men's L/S Polo — P400ML_CREW_MEN'S_LS_POLO_BLACK_BACK.webp,p400ml-product-p400ml-crew-mens-ls-polo-black-back,https://notanother-nz.github.io/total-image-product-assets/assets/P400ML_CREW_MEN'S_LS_POLO/webp/product/P400ML_CREW_MEN'S_LS_POLO_BLACK_BACK.webp,crew-mens-l-s-polo,black,8
Crew Men's L/S Polo — P400ML_CREW_MEN'S_LS_POLO_CHARCOAL_BACK.webp,p400ml-product-p400ml-crew-mens-ls-polo-charcoal-back,https://notanother-nz.github.io/total-image-product-assets/assets/P400ML_CREW_MEN'S_LS_POLO/webp/product/P400ML_CREW_MEN'S_LS_POLO_CHARCOAL_BACK.webp,crew-mens-l-s-polo,charcoal,9
Crew Men's L/S Polo — P400ML_CREW_MEN'S_LS_POLO_NAVY_BACK.webp,p400ml-product-p400ml-crew-mens-ls-polo-navy-back,https://notanother-nz.github.io/total-image-product-assets/assets/P400ML_CREW_MEN'S_LS_POLO/webp/product/P400ML_CREW_MEN'S_LS_POLO_NAVY_BACK.webp,crew-mens-l-s-polo,navy,10
Men's Crew Polo — P400MS_MEN'S_CREW_POLO_WHITE_HERO_FRONT.webp,p400ms-model-p400ms-mens-crew-polo-white-hero-front,https://notanother-nz.github.io/total-image-product-assets/assets/P400MS_MEN'S_CREW_POLO/webp/model/P400MS_MEN'S_CREW_POLO_WHITE_HERO_FRONT.webp,mens-crew-polo-p400ms,white,1
Men's Crew Polo — P400MS_MEN'S_CREW_POLO_WHITE_HERO_BACK.webp,p400ms-model-p400ms-mens-crew-polo-white-hero-back,https://notanother-nz.github.io/total-image-product-assets/assets/P400MS_MEN'S_CREW_POLO/webp/model/P400MS_MEN'S_CREW_POLO_WHITE_HERO_BACK.webp,mens-crew-polo-p400ms,white,2
Men's Crew Polo — P400MS_MEN'S_CREW_POLO_WHITE_HERO_CLOSEUP.webp,p400ms-model-p400ms-mens-crew-polo-white-hero-closeup,https://notanother-nz.github.io/total-image-product-assets/assets/P400MS_MEN'S_CREW_POLO/webp/model/P400MS_MEN'S_CREW_POLO_WHITE_HERO_CLOSEUP.webp,mens-crew-polo-p400ms,white,3
Men's Crew Polo — P400MS_MEN'S_CREW_POLO_WHITE_HERO_SIDE.webp,p400ms-model-p400ms-mens-crew-polo-white-hero-side,https://notanother-nz.github.io/total-image-product-assets/assets/P400MS_MEN'S_CREW_POLO/webp/model/P400MS_MEN'S_CREW_POLO_WHITE_HERO_SIDE.webp,mens-crew-polo-p400ms,white,4
Men's Crew Polo — P400MS_MEN'S_CREW_POLO_CHARCOAL_FRONT.webp,p400ms-product-p400ms-mens-crew-polo-charcoal-front,https://notanother-nz.github.io/total-image-product-assets/assets/P400MS_MEN'S_CREW_POLO/webp/product/P400MS_MEN'S_CREW_POLO_CHARCOAL_FRONT.webp,mens-crew-polo-p400ms,charcoal,5
Men's Crew Polo — P400MS_MEN'S_CREW_POLO_FOREST_FRONT.webp,p400ms-product-p400ms-mens-crew-polo-forest-front,https://notanother-nz.github.io/total-image-product-assets/assets/P400MS_MEN'S_CREW_POLO/webp/product/P400MS_MEN'S_CREW_POLO_FOREST_FRONT.webp,mens-crew-polo-p400ms,forest,6
Men's Crew Polo — P400MS_MEN'S_CREW_POLO_ORANGE_FRONT.webp,p400ms-product-p400ms-mens-crew-polo-orange-front,https://notanother-nz.github.io/total-image-product-assets/assets/P400MS_MEN'S_CREW_POLO/webp/product/P400MS_MEN'S_CREW_POLO_ORANGE_FRONT.webp,mens-crew-polo-p400ms,orange,7
Men's Crew Polo — P400MS_MEN'S_CREW_POLO_RED_FRONT.webp,p400ms-product-p400ms-mens-crew-polo-red-front,https://notanother-nz.github.io/total-image-product-assets/assets/P400MS_MEN'S_CREW_POLO/webp/product/P400MS_MEN'S_CREW_POLO_RED_FRONT.webp,mens-crew-polo-p400ms,red,8
Men's Crew Polo — P400MS_MEN'S_CREW_POLO_WHITE_FRONT.webp,p400ms-product-p400ms-mens-crew-polo-white-front,https://notanother-nz.github.io/total-image-product-assets/assets/P400MS_MEN'S_CREW_POLO/webp/product/P400MS_MEN'S_CREW_POLO_WHITE_FRONT.webp,mens-crew-polo-p400ms,white,9
Men's Crew Polo — P400MS_MEN'S_CREW_POLO_CHARCOAL_BACK.webp,p400ms-product-p400ms-mens-crew-polo-charcoal-back,https://notanother-nz.github.io/total-image-product-assets/assets/P400MS_MEN'S_CREW_POLO/webp/product/P400MS_MEN'S_CREW_POLO_CHARCOAL_BACK.webp,mens-crew-polo-p400ms,charcoal,10
Men's Crew Polo — P400MS_MEN'S_CREW_POLO_FOREST_BACK.webp,p400ms-product-p400ms-mens-crew-polo-forest-back,https://notanother-nz.github.io/total-image-product-assets/assets/P400MS_MEN'S_CREW_POLO/webp/product/P400MS_MEN'S_CREW_POLO_FOREST_BACK.webp,mens-crew-polo-p400ms,forest,11
Men's Crew Polo — P400MS_MEN'S_CREW_POLO_ORANGE_BACK.webp,p400ms-product-p400ms-mens-crew-polo-orange-back,https://notanother-nz.github.io/total-image-product-assets/assets/P400MS_MEN'S_CREW_POLO/webp/product/P400MS_MEN'S_CREW_POLO_ORANGE_BACK.webp,mens-crew-polo-p400ms,orange,12
Men's Crew Polo — P400MS_MEN'S_CREW_POLO_RED_BACK.webp,p400ms-product-p400ms-mens-crew-polo-red-back,https://notanother-nz.github.io/total-image-product-assets/assets/P400MS_MEN'S_CREW_POLO/webp/product/P400MS_MEN'S_CREW_POLO_RED_BACK.webp,mens-crew-polo-p400ms,red,13
Men's Crew Polo — P400MS_MEN'S_CREW_POLO_WHITE_BACK.webp,p400ms-product-p400ms-mens-crew-polo-white-back,https://notanother-nz.github.io/total-image-product-assets/assets/P400MS_MEN'S_CREW_POLO/webp/product/P400MS_MEN'S_CREW_POLO_WHITE_BACK.webp,mens-crew-polo-p400ms,white,14
Womens Lotus Short Sleeve Polo — P515LS_Lotus_Womens_Short_Sleeve_Polo_Hero_Front.webp,p515ls-model-p515ls-lotus-womens-short-sleeve-polo-hero-front,https://notanother-nz.github.io/total-image-product-assets/assets/P515LS_Lotus_Womens_Short_Sleeve_Polo/webp/model/P515LS_Lotus_Womens_Short_Sleeve_Polo_Hero_Front.webp,womens-lotus-short-sleeve-polo,,1
Womens Lotus Short Sleeve Polo — P515LS_Lotus_Womens_Short_Sleeve_Polo_Hero_Back.webp,p515ls-model-p515ls-lotus-womens-short-sleeve-polo-hero-back,https://notanother-nz.github.io/total-image-product-assets/assets/P515LS_Lotus_Womens_Short_Sleeve_Polo/webp/model/P515LS_Lotus_Womens_Short_Sleeve_Polo_Hero_Back.webp,womens-lotus-short-sleeve-polo,,2
Womens Lotus Short Sleeve Polo — P515LS_Lotus_Womens_Short_Sleeve_Polo_Hero_CloseUp.webp,p515ls-model-p515ls-lotus-womens-short-sleeve-polo-hero-closeup,https://notanother-nz.github.io/total-image-product-assets/assets/P515LS_Lotus_Womens_Short_Sleeve_Polo/webp/model/P515LS_Lotus_Womens_Short_Sleeve_Polo_Hero_CloseUp.webp,womens-lotus-short-sleeve-polo,,3
Womens Lotus Short Sleeve Polo — P515LS_Lotus_Womens_Short_Sleeve_Polo_Hero_Side.webp,p515ls-model-p515ls-lotus-womens-short-sleeve-polo-hero-side,https://notanother-nz.github.io/total-image-product-assets/assets/P515LS_Lotus_Womens_Short_Sleeve_Polo/webp/model/P515LS_Lotus_Womens_Short_Sleeve_Polo_Hero_Side.webp,womens-lotus-short-sleeve-polo,,4
Womens Lotus Short Sleeve Polo — P515LS_Lotus_Womens_Short_Sleeve_Polo_Black_Front_View.webp,p515ls-product-p515ls-lotus-womens-short-sleeve-polo-black-front-view,https://notanother-nz.github.io/total-image-product-assets/assets/P515LS_Lotus_Womens_Short_Sleeve_Polo/webp/product/P515LS_Lotus_Womens_Short_Sleeve_Polo_Black_Front_View.webp,womens-lotus-short-sleeve-polo,black,5
Womens Lotus Short Sleeve Polo — P515LS_Lotus_Womens_Short_Sleeve_Polo_Charcoal_Front_View.webp,p515ls-product-p515ls-lotus-womens-short-sleeve-polo-charcoal-front-view,https://notanother-nz.github.io/total-image-product-assets/assets/P515LS_Lotus_Womens_Short_Sleeve_Polo/webp/product/P515LS_Lotus_Womens_Short_Sleeve_Polo_Charcoal_Front_View.webp,womens-lotus-short-sleeve-polo,charcoal,6
Womens Lotus Short Sleeve Polo — P515LS_Lotus_Womens_Short_Sleeve_Polo_MineralBlue_Front_View.webp,p515ls-product-p515ls-lotus-womens-short-sleeve-polo-mineralblue-front-view,https://notanother-nz.github.io/total-image-product-assets/assets/P515LS_Lotus_Womens_Short_Sleeve_Polo/webp/product/P515LS_Lotus_Womens_Short_Sleeve_Polo_MineralBlue_Front_View.webp,womens-lotus-short-sleeve-polo,mineral-blue,7
Womens Lotus Short Sleeve Polo — P515LS_Lotus_Womens_Short_Sleeve_Polo_Navy_Front_View.webp,p515ls-product-p515ls-lotus-womens-short-sleeve-polo-navy-front-view,https://notanother-nz.github.io/total-image-product-assets/assets/P515LS_Lotus_Womens_Short_Sleeve_Polo/webp/product/P515LS_Lotus_Womens_Short_Sleeve_Polo_Navy_Front_View.webp,womens-lotus-short-sleeve-polo,navy,8
Womens Lotus Short Sleeve Polo — P515LS_Lotus_Womens_Short_Sleeve_Polo_Black_Back_View.webp,p515ls-product-p515ls-lotus-womens-short-sleeve-polo-black-back-view,https://notanother-nz.github.io/total-image-product-assets/assets/P515LS_Lotus_Womens_Short_Sleeve_Polo/webp/product/P515LS_Lotus_Womens_Short_Sleeve_Polo_Black_Back_View.webp,womens-lotus-short-sleeve-polo,black,9
Womens Lotus Short Sleeve Polo — P515LS_Lotus_Womens_Short_Sleeve_Polo_Charcoal_Back_View.webp,p515ls-product-p515ls-lotus-womens-short-sleeve-polo-charcoal-back-view,https://notanother-nz.github.io/total-image-product-assets/assets/P515LS_Lotus_Womens_Short_Sleeve_Polo/webp/product/P515LS_Lotus_Womens_Short_Sleeve_Polo_Charcoal_Back_View.webp,womens-lotus-short-sleeve-polo,charcoal,10
Womens Lotus Short Sleeve Polo — P515LS_Lotus_Womens_Short_Sleeve_Polo_MineralBlue_Back_View.webp,p515ls-product-p515ls-lotus-womens-short-sleeve-polo-mineralblue-back-view,https://notanother-nz.github.io/total-image-product-assets/assets/P515LS_Lotus_Womens_Short_Sleeve_Polo/webp/product/P515LS_Lotus_Womens_Short_Sleeve_Polo_MineralBlue_Back_View.webp,womens-lotus-short-sleeve-polo,mineral-blue,11
Womens Lotus Short Sleeve Polo — P515LS_Lotus_Womens_Short_Sleeve_Polo_Navy_Back_View.webp,p515ls-product-p515ls-lotus-womens-short-sleeve-polo-navy-back-view,https://notanother-nz.github.io/total-image-product-assets/assets/P515LS_Lotus_Womens_Short_Sleeve_Polo/webp/product/P515LS_Lotus_Womens_Short_Sleeve_Polo_Navy_Back_View.webp,womens-lotus-short-sleeve-polo,navy,12
Mens Lotus Short Sleeve Polo — P515MS_Lotus_Mens_Short_Sleeve_Polo_Hero_Front.webp,p515ms-model-p515ms-lotus-mens-short-sleeve-polo-hero-front,https://notanother-nz.github.io/total-image-product-assets/assets/P515MS_Lotus_Mens_Short_Sleeve_Polo/webp/model/P515MS_Lotus_Mens_Short_Sleeve_Polo_Hero_Front.webp,mens-lotus-short-sleeve-polo,,1
Mens Lotus Short Sleeve Polo — P515MS_Lotus_Mens_Short_Sleeve_Polo_Hero_Back.webp,p515ms-model-p515ms-lotus-mens-short-sleeve-polo-hero-back,https://notanother-nz.github.io/total-image-product-assets/assets/P515MS_Lotus_Mens_Short_Sleeve_Polo/webp/model/P515MS_Lotus_Mens_Short_Sleeve_Polo_Hero_Back.webp,mens-lotus-short-sleeve-polo,,2
Mens Lotus Short Sleeve Polo — P515MS_Lotus_Mens_Short_Sleeve_Polo_Hero_Closeup.webp,p515ms-model-p515ms-lotus-mens-short-sleeve-polo-hero-closeup,https://notanother-nz.github.io/total-image-product-assets/assets/P515MS_Lotus_Mens_Short_Sleeve_Polo/webp/model/P515MS_Lotus_Mens_Short_Sleeve_Polo_Hero_Closeup.webp,mens-lotus-short-sleeve-polo,,3
Mens Lotus Short Sleeve Polo — P515MS_Lotus_Mens_Short_Sleeve_Polo_Hero_Side.webp,p515ms-model-p515ms-lotus-mens-short-sleeve-polo-hero-side,https://notanother-nz.github.io/total-image-product-assets/assets/P515MS_Lotus_Mens_Short_Sleeve_Polo/webp/model/P515MS_Lotus_Mens_Short_Sleeve_Polo_Hero_Side.webp,mens-lotus-short-sleeve-polo,,4
Mens Lotus Short Sleeve Polo — P515MS_Lotus_Mens_Short_Sleeve_Polo_Black_Front_View.webp,p515ms-product-p515ms-lotus-mens-short-sleeve-polo-black-front-view,https://notanother-nz.github.io/total-image-product-assets/assets/P515MS_Lotus_Mens_Short_Sleeve_Polo/webp/product/P515MS_Lotus_Mens_Short_Sleeve_Polo_Black_Front_View.webp,mens-lotus-short-sleeve-polo,black,5
Mens Lotus Short Sleeve Polo — P515MS_Lotus_Mens_Short_Sleeve_Polo_Charcoal_Front_View.webp,p515ms-product-p515ms-lotus-mens-short-sleeve-polo-charcoal-front-view,https://notanother-nz.github.io/total-image-product-assets/assets/P515MS_Lotus_Mens_Short_Sleeve_Polo/webp/product/P515MS_Lotus_Mens_Short_Sleeve_Polo_Charcoal_Front_View.webp,mens-lotus-short-sleeve-polo,charcoal,6
Mens Lotus Short Sleeve Polo — P515MS_Lotus_Mens_Short_Sleeve_Polo_MineralBlue_Front_View.webp,p515ms-product-p515ms-lotus-mens-short-sleeve-polo-mineralblue-front-view,https://notanother-nz.github.io/total-image-product-assets/assets/P515MS_Lotus_Mens_Short_Sleeve_Polo/webp/product/P515MS_Lotus_Mens_Short_Sleeve_Polo_MineralBlue_Front_View.webp,mens-lotus-short-sleeve-polo,mineral-blue,7
Mens Lotus Short Sleeve Polo — P515MS_Lotus_Mens_Short_Sleeve_Polo_Navy_Front_View.webp,p515ms-product-p515ms-lotus-mens-short-sleeve-polo-navy-front-view,https://notanother-nz.github.io/total-image-product-assets/assets/P515MS_Lotus_Mens_Short_Sleeve_Polo/webp/product/P515MS_Lotus_Mens_Short_Sleeve_Polo_Navy_Front_View.webp,mens-lotus-short-sleeve-polo,navy,8
Mens Lotus Short Sleeve Polo — P515MS_Lotus_Mens_Short_Sleeve_Polo_Black_Back_View.webp,p515ms-product-p515ms-lotus-mens-short-sleeve-polo-black-back-view,https://notanother-nz.github.io/total-image-product-assets/assets/P515MS_Lotus_Mens_Short_Sleeve_Polo/webp/product/P515MS_Lotus_Mens_Short_Sleeve_Polo_Black_Back_View.webp,mens-lotus-short-sleeve-polo,black,9
Mens Lotus Short Sleeve Polo — P515MS_Lotus_Mens_Short_Sleeve_Polo_Charcoal_Back_View.webp,p515ms-product-p515ms-lotus-mens-short-sleeve-polo-charcoal-back-view,https://notanother-nz.github.io/total-image-product-assets/assets/P515MS_Lotus_Mens_Short_Sleeve_Polo/webp/product/P515MS_Lotus_Mens_Short_Sleeve_Polo_Charcoal_Back_View.webp,mens-lotus-short-sleeve-polo,charcoal,10
Mens Lotus Short Sleeve Polo — P515MS_Lotus_Mens_Short_Sleeve_Polo_MineralBlue_Back_View.webp,p515ms-product-p515ms-lotus-mens-short-sleeve-polo-mineralblue-back-view,https://notanother-nz.github.io/total-image-product-assets/assets/P515MS_Lotus_Mens_Short_Sleeve_Polo/webp/product/P515MS_Lotus_Mens_Short_Sleeve_Polo_MineralBlue_Back_View.webp,mens-lotus-short-sleeve-polo,mineral-blue,11
Mens Lotus Short Sleeve Polo — P515MS_Lotus_Mens_Short_Sleeve_Polo_Navy_Back_View.webp,p515ms-product-p515ms-lotus-mens-short-sleeve-polo-navy-back-view,https://notanother-nz.github.io/total-image-product-assets/assets/P515MS_Lotus_Mens_Short_Sleeve_Polo/webp/product/P515MS_Lotus_Mens_Short_Sleeve_Polo_Navy_Back_View.webp,mens-lotus-short-sleeve-polo,navy,12
Monarch Re-AL Ball Pen — P602_MONARCH_RE-AL_BALL_PEN_BLACK.webp,p602-product-p602-monarch-re-al-ball-pen-black,https://notanother-nz.github.io/total-image-product-assets/assets/P602_MONARCH_RE-AL_BALL_PEN/webp/product/P602_MONARCH_RE-AL_BALL_PEN_BLACK.webp,monarch-re-al-ball-pen-p602,black,1
Monarch Re-AL Ball Pen — P602_MONARCH_RE-AL_BALL_PEN_BLUE.webp,p602-product-p602-monarch-re-al-ball-pen-blue,https://notanother-nz.github.io/total-image-product-assets/assets/P602_MONARCH_RE-AL_BALL_PEN/webp/product/P602_MONARCH_RE-AL_BALL_PEN_BLUE.webp,monarch-re-al-ball-pen-p602,blue,2
Monarch Re-AL Ball Pen — P602_MONARCH_RE-AL_BALL_PEN_WHITE.webp,p602-product-p602-monarch-re-al-ball-pen-white,https://notanother-nz.github.io/total-image-product-assets/assets/P602_MONARCH_RE-AL_BALL_PEN/webp/product/P602_MONARCH_RE-AL_BALL_PEN_WHITE.webp,monarch-re-al-ball-pen-p602,white,3
SmartScribe Re-AL NFC Pen — P603_SmartScribe_Re-AL_NFC Pen_Black.webp,p603-product-p603-smartscribe-re-al-nfc-pen-black,https://notanother-nz.github.io/total-image-product-assets/assets/P603_SmartScribe_Re-AL_NFC%20Pen/webp/product/P603_SmartScribe_Re-AL_NFC%20Pen_Black.webp,smartscribe-re-al-nfc-pen-p603,black,1
SmartScribe Re-AL NFC Pen — P603_SmartScribe_Re-AL_NFC Pen_Red.webp,p603-product-p603-smartscribe-re-al-nfc-pen-red,https://notanother-nz.github.io/total-image-product-assets/assets/P603_SmartScribe_Re-AL_NFC%20Pen/webp/product/P603_SmartScribe_Re-AL_NFC%20Pen_Red.webp,smartscribe-re-al-nfc-pen-p603,red,2
SmartScribe Re-AL NFC Pen — P603_SmartScribe_Re-AL_NFC Pen.webp,p603-product-p603-smartscribe-re-al-nfc-pen,https://notanother-nz.github.io/total-image-product-assets/assets/P603_SmartScribe_Re-AL_NFC%20Pen/webp/product/P603_SmartScribe_Re-AL_NFC%20Pen.webp,smartscribe-re-al-nfc-pen-p603,,3
SmartScribe Re-AL NFC Pen — P603_SmartScribe_Re-AL_NFC_Blue.webp,p603-product-p603-smartscribe-re-al-nfc-blue,https://notanother-nz.github.io/total-image-product-assets/assets/P603_SmartScribe_Re-AL_NFC%20Pen/webp/product/P603_SmartScribe_Re-AL_NFC_Blue.webp,smartscribe-re-al-nfc-pen-p603,blue,4
Ladies Renegade Polo — P700LS_Renegade_Womens_Short_Sleeve_Polo_FRONT_VIEW.webp,p700ls-model-p700ls-renegade-womens-short-sleeve-polo-front-view,https://notanother-nz.github.io/total-image-product-assets/assets/P700LS_Renegade_Womens_Short_Sleeve_Polo/webp/model/P700LS_Renegade_Womens_Short_Sleeve_Polo_FRONT_VIEW.webp,ladies-renegade-polo-p700ls,,1
Ladies Renegade Polo — P700LS_Renegade_Womens_Short_Sleeve_Polo_BACK_VIEW.webp,p700ls-model-p700ls-renegade-womens-short-sleeve-polo-back-view,https://notanother-nz.github.io/total-image-product-assets/assets/P700LS_Renegade_Womens_Short_Sleeve_Polo/webp/model/P700LS_Renegade_Womens_Short_Sleeve_Polo_BACK_VIEW.webp,ladies-renegade-polo-p700ls,,2
Ladies Renegade Polo — P700LS_Renegade_Womens_Short_Sleeve_Polo_SIDE_VIEW.webp,p700ls-model-p700ls-renegade-womens-short-sleeve-polo-side-view,https://notanother-nz.github.io/total-image-product-assets/assets/P700LS_Renegade_Womens_Short_Sleeve_Polo/webp/model/P700LS_Renegade_Womens_Short_Sleeve_Polo_SIDE_VIEW.webp,ladies-renegade-polo-p700ls,,3
Ladies Renegade Polo — P700LS_Renegade_Womens_Short_Sleeve_Polo_CLOSEUP_VIEW.webp,p700ls-model-p700ls-renegade-womens-short-sleeve-polo-closeup-view,https://notanother-nz.github.io/total-image-product-assets/assets/P700LS_Renegade_Womens_Short_Sleeve_Polo/webp/model/P700LS_Renegade_Womens_Short_Sleeve_Polo_CLOSEUP_VIEW.webp,ladies-renegade-polo-p700ls,,4
Ladies Renegade Polo — P700LS_Renegade_Womens_Short_Sleeve_Polo_Black_Teal_Silver_BACK_VIEW.webp,p700ls-product-p700ls-renegade-womens-short-sleeve-polo-black-teal-silver-back-view,https://notanother-nz.github.io/total-image-product-assets/assets/P700LS_Renegade_Womens_Short_Sleeve_Polo/webp/product/P700LS_Renegade_Womens_Short_Sleeve_Polo_Black_Teal_Silver_BACK_VIEW.webp,ladies-renegade-polo-p700ls,black-teal-silver,5
Ladies Renegade Polo — P700LS_Renegade_Womens_Short_Sleeve_Polo_Navy_Red_Silver_BACK_VIEW.webp,p700ls-product-p700ls-renegade-womens-short-sleeve-polo-navy-red-silver-back-view,https://notanother-nz.github.io/total-image-product-assets/assets/P700LS_Renegade_Womens_Short_Sleeve_Polo/webp/product/P700LS_Renegade_Womens_Short_Sleeve_Polo_Navy_Red_Silver_BACK_VIEW.webp,ladies-renegade-polo-p700ls,navy-red-silver,6
Ladies Renegade Polo — P700LS_Renegade_Womens_Short_Sleeve_Polo_Navy_Sky_Silver_BACK_VIEW.webp,p700ls-product-p700ls-renegade-womens-short-sleeve-polo-navy-sky-silver-back-view,https://notanother-nz.github.io/total-image-product-assets/assets/P700LS_Renegade_Womens_Short_Sleeve_Polo/webp/product/P700LS_Renegade_Womens_Short_Sleeve_Polo_Navy_Sky_Silver_BACK_VIEW.webp,ladies-renegade-polo-p700ls,navy-sky-silver,7
Ladies Renegade Polo — P700LS_Renegade_Womens_Short_Sleeve_Polo_Navy_White_Silver_BACK_VIEW.webp,p700ls-product-p700ls-renegade-womens-short-sleeve-polo-navy-white-silver-back-view,https://notanother-nz.github.io/total-image-product-assets/assets/P700LS_Renegade_Womens_Short_Sleeve_Polo/webp/product/P700LS_Renegade_Womens_Short_Sleeve_Polo_Navy_White_Silver_BACK_VIEW.webp,ladies-renegade-polo-p700ls,navy-white-silver,8
Ladies Renegade Polo — P700LS_Renegade_Womens_Short_Sleeve_Polo_White_Black_Silver_BACK_VIEW.webp,p700ls-product-p700ls-renegade-womens-short-sleeve-polo-white-black-silver-back-view,https://notanother-nz.github.io/total-image-product-assets/assets/P700LS_Renegade_Womens_Short_Sleeve_Polo/webp/product/P700LS_Renegade_Womens_Short_Sleeve_Polo_White_Black_Silver_BACK_VIEW.webp,ladies-renegade-polo-p700ls,white-black-silver,9
Ladies Renegade Polo — P700LS_Renegade_Womens_Short_Sleeve_Polo_Black_Teal_Silver_VIEW.webp,p700ls-product-p700ls-renegade-womens-short-sleeve-polo-black-teal-silver-view,https://notanother-nz.github.io/total-image-product-assets/assets/P700LS_Renegade_Womens_Short_Sleeve_Polo/webp/product/P700LS_Renegade_Womens_Short_Sleeve_Polo_Black_Teal_Silver_VIEW.webp,ladies-renegade-polo-p700ls,black-teal-silver,10
Ladies Renegade Polo — P700LS_Renegade_Womens_Short_Sleeve_Polo_Black_White_Silver_VIEW (2).webp,p700ls-product-p700ls-renegade-womens-short-sleeve-polo-black-white-silver-view-2,https://notanother-nz.github.io/total-image-product-assets/assets/P700LS_Renegade_Womens_Short_Sleeve_Polo/webp/product/P700LS_Renegade_Womens_Short_Sleeve_Polo_Black_White_Silver_VIEW%20(2).webp,ladies-renegade-polo-p700ls,black-white-silver,11
Ladies Renegade Polo — P700LS_Renegade_Womens_Short_Sleeve_Polo_Black_White_Silver_VIEW.webp,p700ls-product-p700ls-renegade-womens-short-sleeve-polo-black-white-silver-view,https://notanother-nz.github.io/total-image-product-assets/assets/P700LS_Renegade_Womens_Short_Sleeve_Polo/webp/product/P700LS_Renegade_Womens_Short_Sleeve_Polo_Black_White_Silver_VIEW.webp,ladies-renegade-polo-p700ls,black-white-silver,12
Ladies Renegade Polo — P700LS_Renegade_Womens_Short_Sleeve_Polo_Grey_Fluoro Lime_Silver_VIEW (2).webp,p700ls-product-p700ls-renegade-womens-short-sleeve-polo-grey-fluoro-lime-silver-view-2,https://notanother-nz.github.io/total-image-product-assets/assets/P700LS_Renegade_Womens_Short_Sleeve_Polo/webp/product/P700LS_Renegade_Womens_Short_Sleeve_Polo_Grey_Fluoro%20Lime_Silver_VIEW%20(2).webp,ladies-renegade-polo-p700ls,grey-fluoro-lime-silver,13
Ladies Renegade Polo — P700LS_Renegade_Womens_Short_Sleeve_Polo_Grey_Fluoro Lime_Silver_VIEW.webp,p700ls-product-p700ls-renegade-womens-short-sleeve-polo-grey-fluoro-lime-silver-view,https://notanother-nz.github.io/total-image-product-assets/assets/P700LS_Renegade_Womens_Short_Sleeve_Polo/webp/product/P700LS_Renegade_Womens_Short_Sleeve_Polo_Grey_Fluoro%20Lime_Silver_VIEW.webp,ladies-renegade-polo-p700ls,grey-fluoro-lime-silver,14
Ladies Renegade Polo — P700LS_Renegade_Womens_Short_Sleeve_Polo_Navy_Red_Silver_VIEW.webp,p700ls-product-p700ls-renegade-womens-short-sleeve-polo-navy-red-silver-view,https://notanother-nz.github.io/total-image-product-assets/assets/P700LS_Renegade_Womens_Short_Sleeve_Polo/webp/product/P700LS_Renegade_Womens_Short_Sleeve_Polo_Navy_Red_Silver_VIEW.webp,ladies-renegade-polo-p700ls,navy-red-silver,15
Ladies Renegade Polo — P700LS_Renegade_Womens_Short_Sleeve_Polo_Navy_Sky_Silver_VIEW.webp,p700ls-product-p700ls-renegade-womens-short-sleeve-polo-navy-sky-silver-view,https://notanother-nz.github.io/total-image-product-assets/assets/P700LS_Renegade_Womens_Short_Sleeve_Polo/webp/product/P700LS_Renegade_Womens_Short_Sleeve_Polo_Navy_Sky_Silver_VIEW.webp,ladies-renegade-polo-p700ls,navy-sky-silver,16
Ladies Renegade Polo — P700LS_Renegade_Womens_Short_Sleeve_Polo_Navy_White_Silver_VIEW.webp,p700ls-product-p700ls-renegade-womens-short-sleeve-polo-navy-white-silver-view,https://notanother-nz.github.io/total-image-product-assets/assets/P700LS_Renegade_Womens_Short_Sleeve_Polo/webp/product/P700LS_Renegade_Womens_Short_Sleeve_Polo_Navy_White_Silver_VIEW.webp,ladies-renegade-polo-p700ls,navy-white-silver,17
Ladies Renegade Polo — P700LS_Renegade_Womens_Short_Sleeve_Polo_White_Black_Silver_VIEW.webp,p700ls-product-p700ls-renegade-womens-short-sleeve-polo-white-black-silver-view,https://notanother-nz.github.io/total-image-product-assets/assets/P700LS_Renegade_Womens_Short_Sleeve_Polo/webp/product/P700LS_Renegade_Womens_Short_Sleeve_Polo_White_Black_Silver_VIEW.webp,ladies-renegade-polo-p700ls,white-black-silver,18
RABS Mini Ballpoint Pen — P734_RABS_MINI_BALLPOINT_PEN_BLACK.webp,p734-product-p734-rabs-mini-ballpoint-pen-black,https://notanother-nz.github.io/total-image-product-assets/assets/P734_RABS_MINI_BALLPOINT_PEN/webp/product/P734_RABS_MINI_BALLPOINT_PEN_BLACK.webp,rabs-mini-ballpoint-pen-p734,black,1
RABS Mini Ballpoint Pen — P734_RABS_MINI_BALLPOINT_PEN_BLUE.webp,p734-product-p734-rabs-mini-ballpoint-pen-blue,https://notanother-nz.github.io/total-image-product-assets/assets/P734_RABS_MINI_BALLPOINT_PEN/webp/product/P734_RABS_MINI_BALLPOINT_PEN_BLUE.webp,rabs-mini-ballpoint-pen-p734,blue,2
RABS Mini Ballpoint Pen — P734_RABS_MINI_BALLPOINT_PEN_RED.webp,p734-product-p734-rabs-mini-ballpoint-pen-red,https://notanother-nz.github.io/total-image-product-assets/assets/P734_RABS_MINI_BALLPOINT_PEN/webp/product/P734_RABS_MINI_BALLPOINT_PEN_RED.webp,rabs-mini-ballpoint-pen-p734,red,3
RABS Mini Ballpoint Pen — P734_RABS_MINI_BALLPOINT_PEN_WHITE.webp,p734-product-p734-rabs-mini-ballpoint-pen-white,https://notanother-nz.github.io/total-image-product-assets/assets/P734_RABS_MINI_BALLPOINT_PEN/webp/product/P734_RABS_MINI_BALLPOINT_PEN_WHITE.webp,rabs-mini-ballpoint-pen-p734,white,4
Cambridge Colorful Gel Ink Pen — P740_CAMBRIDGE_COLOURFUL_GEL_INK_PEN_ALLCOLOUR.webp,p740-product-p740-cambridge-colourful-gel-ink-pen-allcolour,https://notanother-nz.github.io/total-image-product-assets/assets/P740_CAMBRIDGE_COLOURFUL_GEL_INK_PEN_ALLCOLOUR/webp/product/P740_CAMBRIDGE_COLOURFUL_GEL_INK_PEN_ALLCOLOUR.webp,cambridge-colorful-gel-ink-pen,,1
Ladies Sonar Polo — P901LS_LADIES_SONAR_POLO_BLACK_WHITE_HERO_FRONT.webp,p901ls-model-p901ls-ladies-sonar-polo-black-white-hero-front,https://notanother-nz.github.io/total-image-product-assets/assets/P901LS_LADIES_SONAR_POLO/webp/model/P901LS_LADIES_SONAR_POLO_BLACK_WHITE_HERO_FRONT.webp,ladies-sonar-polo-p901ls,black-white,1
Ladies Sonar Polo — P901LS_LADIES_SONAR_POLO_BLACK_WHITE_HERO_BACK.webp,p901ls-model-p901ls-ladies-sonar-polo-black-white-hero-back,https://notanother-nz.github.io/total-image-product-assets/assets/P901LS_LADIES_SONAR_POLO/webp/model/P901LS_LADIES_SONAR_POLO_BLACK_WHITE_HERO_BACK.webp,ladies-sonar-polo-p901ls,black-white,2
Ladies Sonar Polo — P901LS_LADIES_SONAR_POLO_BLACK_WHITE_HERO_CLOSEUP.webp,p901ls-model-p901ls-ladies-sonar-polo-black-white-hero-closeup,https://notanother-nz.github.io/total-image-product-assets/assets/P901LS_LADIES_SONAR_POLO/webp/model/P901LS_LADIES_SONAR_POLO_BLACK_WHITE_HERO_CLOSEUP.webp,ladies-sonar-polo-p901ls,black-white,3
Ladies Sonar Polo — P901LS_LADIES_SONAR_POLO_BLACK_WHITE_HERO_SIDE.webp,p901ls-model-p901ls-ladies-sonar-polo-black-white-hero-side,https://notanother-nz.github.io/total-image-product-assets/assets/P901LS_LADIES_SONAR_POLO/webp/model/P901LS_LADIES_SONAR_POLO_BLACK_WHITE_HERO_SIDE.webp,ladies-sonar-polo-p901ls,black-white,4
Ladies Sonar Polo — P901LS_LADIES_SONAR_POLO_BLACK_RED_FRONT.webp,p901ls-product-p901ls-ladies-sonar-polo-black-red-front,https://notanother-nz.github.io/total-image-product-assets/assets/P901LS_LADIES_SONAR_POLO/webp/product/P901LS_LADIES_SONAR_POLO_BLACK_RED_FRONT.webp,ladies-sonar-polo-p901ls,black-red,5
Ladies Sonar Polo — P901LS_LADIES_SONAR_POLO_BLACK_WHITE_FRONT.webp,p901ls-product-p901ls-ladies-sonar-polo-black-white-front,https://notanother-nz.github.io/total-image-product-assets/assets/P901LS_LADIES_SONAR_POLO/webp/product/P901LS_LADIES_SONAR_POLO_BLACK_WHITE_FRONT.webp,ladies-sonar-polo-p901ls,black-white,6
Ladies Sonar Polo — P901LS_LADIES_SONAR_POLO_NAVY_WHITE_FRONT.webp,p901ls-product-p901ls-ladies-sonar-polo-navy-white-front,https://notanother-nz.github.io/total-image-product-assets/assets/P901LS_LADIES_SONAR_POLO/webp/product/P901LS_LADIES_SONAR_POLO_NAVY_WHITE_FRONT.webp,ladies-sonar-polo-p901ls,navy-white,7
Ladies Sonar Polo — P901LS_LADIES_SONAR_POLO_BLACK_RED_BACK.webp,p901ls-product-p901ls-ladies-sonar-polo-black-red-back,https://notanother-nz.github.io/total-image-product-assets/assets/P901LS_LADIES_SONAR_POLO/webp/product/P901LS_LADIES_SONAR_POLO_BLACK_RED_BACK.webp,ladies-sonar-polo-p901ls,black-red,8
Ladies Sonar Polo — P901LS_LADIES_SONAR_POLO_BLACK_WHITE_BACK.webp,p901ls-product-p901ls-ladies-sonar-polo-black-white-back,https://notanother-nz.github.io/total-image-product-assets/assets/P901LS_LADIES_SONAR_POLO/webp/product/P901LS_LADIES_SONAR_POLO_BLACK_WHITE_BACK.webp,ladies-sonar-polo-p901ls,black-white,9
Ladies Sonar Polo — P901LS_LADIES_SONAR_POLO_NAVY_WHITE_BACK.webp,p901ls-product-p901ls-ladies-sonar-polo-navy-white-back,https://notanother-nz.github.io/total-image-product-assets/assets/P901LS_LADIES_SONAR_POLO/webp/product/P901LS_LADIES_SONAR_POLO_NAVY_WHITE_BACK.webp,ladies-sonar-polo-p901ls,navy-white,10
Men's Sonar Polo — P901MS_MEN'S_SONAR_POLO_BLACK_WHITE_HERO_FRONT.webp,p901ms-model-p901ms-mens-sonar-polo-black-white-hero-front,https://notanother-nz.github.io/total-image-product-assets/assets/P901MS_MEN'S_SONAR_POLO/webp/model/P901MS_MEN'S_SONAR_POLO_BLACK_WHITE_HERO_FRONT.webp,mens-sonar-polo-p901ms,black-white,1
Men's Sonar Polo — P901MS_MEN'S_SONAR_POLO_BLACK_WHITE_HERO_BACK.webp,p901ms-model-p901ms-mens-sonar-polo-black-white-hero-back,https://notanother-nz.github.io/total-image-product-assets/assets/P901MS_MEN'S_SONAR_POLO/webp/model/P901MS_MEN'S_SONAR_POLO_BLACK_WHITE_HERO_BACK.webp,mens-sonar-polo-p901ms,black-white,2
Men's Sonar Polo — P901MS_MEN'S_SONAR_POLO_BLACK_WHITE_HERO_CLOSEUP.webp,p901ms-model-p901ms-mens-sonar-polo-black-white-hero-closeup,https://notanother-nz.github.io/total-image-product-assets/assets/P901MS_MEN'S_SONAR_POLO/webp/model/P901MS_MEN'S_SONAR_POLO_BLACK_WHITE_HERO_CLOSEUP.webp,mens-sonar-polo-p901ms,black-white,3
Men's Sonar Polo — P901MS_MEN'S_SONAR_POLO_BLACK_WHITE_HERO_SIDE.webp,p901ms-model-p901ms-mens-sonar-polo-black-white-hero-side,https://notanother-nz.github.io/total-image-product-assets/assets/P901MS_MEN'S_SONAR_POLO/webp/model/P901MS_MEN'S_SONAR_POLO_BLACK_WHITE_HERO_SIDE.webp,mens-sonar-polo-p901ms,black-white,4
Men's Sonar Polo — P901MS_MEN'S_SONAR_POLO_BLACK_RED_FRONT.webp,p901ms-product-p901ms-mens-sonar-polo-black-red-front,https://notanother-nz.github.io/total-image-product-assets/assets/P901MS_MEN'S_SONAR_POLO/webp/product/P901MS_MEN'S_SONAR_POLO_BLACK_RED_FRONT.webp,mens-sonar-polo-p901ms,black-red,5
Men's Sonar Polo — P901MS_MEN'S_SONAR_POLO_BLACK_WHITE_FRONT.webp,p901ms-product-p901ms-mens-sonar-polo-black-white-front,https://notanother-nz.github.io/total-image-product-assets/assets/P901MS_MEN'S_SONAR_POLO/webp/product/P901MS_MEN'S_SONAR_POLO_BLACK_WHITE_FRONT.webp,mens-sonar-polo-p901ms,black-white,6
Men's Sonar Polo — P901MS_MEN'S_SONAR_POLO_NAVY_GOLD_FRONT.webp,p901ms-product-p901ms-mens-sonar-polo-navy-gold-front,https://notanother-nz.github.io/total-image-product-assets/assets/P901MS_MEN'S_SONAR_POLO/webp/product/P901MS_MEN'S_SONAR_POLO_NAVY_GOLD_FRONT.webp,mens-sonar-polo-p901ms,gold,7
Men's Sonar Polo — P901MS_MEN'S_SONAR_POLO_NAVY_SKY_FRONT.webp,p901ms-product-p901ms-mens-sonar-polo-navy-sky-front,https://notanother-nz.github.io/total-image-product-assets/assets/P901MS_MEN'S_SONAR_POLO/webp/product/P901MS_MEN'S_SONAR_POLO_NAVY_SKY_FRONT.webp,mens-sonar-polo-p901ms,navy,8
Men's Sonar Polo — P901MS_MEN'S_SONAR_POLO_BLACK_RED_BACK.webp,p901ms-product-p901ms-mens-sonar-polo-black-red-back,https://notanother-nz.github.io/total-image-product-assets/assets/P901MS_MEN'S_SONAR_POLO/webp/product/P901MS_MEN'S_SONAR_POLO_BLACK_RED_BACK.webp,mens-sonar-polo-p901ms,black-red,9
Men's Sonar Polo — P901MS_MEN'S_SONAR_POLO_BLACK_WHITE_BACK.webp,p901ms-product-p901ms-mens-sonar-polo-black-white-back,https://notanother-nz.github.io/total-image-product-assets/assets/P901MS_MEN'S_SONAR_POLO/webp/product/P901MS_MEN'S_SONAR_POLO_BLACK_WHITE_BACK.webp,mens-sonar-polo-p901ms,black-white,10
Men's Sonar Polo — P901MS_MEN'S_SONAR_POLO_NAVY_GOLD_BACK.webp,p901ms-product-p901ms-mens-sonar-polo-navy-gold-back,https://notanother-nz.github.io/total-image-product-assets/assets/P901MS_MEN'S_SONAR_POLO/webp/product/P901MS_MEN'S_SONAR_POLO_NAVY_GOLD_BACK.webp,mens-sonar-polo-p901ms,gold,11
Men's Sonar Polo — P901MS_MEN'S_SONAR_POLO_NAVY_SKY_BACK.webp,p901ms-product-p901ms-mens-sonar-polo-navy-sky-back,https://notanother-nz.github.io/total-image-product-assets/assets/P901MS_MEN'S_SONAR_POLO/webp/product/P901MS_MEN'S_SONAR_POLO_NAVY_SKY_BACK.webp,mens-sonar-polo-p901ms,navy,12
Ladies Plain Micro Fleece Jacket — PF631_LADIES_PLAIN_MICRO_FLEECE_JACKET_NAVY_HERO_FRONT.webp,pf631-model-pf631-ladies-plain-micro-fleece-jacket-navy-hero-front,https://notanother-nz.github.io/total-image-product-assets/assets/PF631_LADIES_PLAIN_MICRO_FLEECE_JACKET/webp/model/PF631_LADIES_PLAIN_MICRO_FLEECE_JACKET_NAVY_HERO_FRONT.webp,ladies-plain-micro-fleece-jacket-pf631,navy,1
Ladies Plain Micro Fleece Jacket — PF631_LADIES_PLAIN_MICRO_FLEECE_JACKET_NAVY_HERO_BACK.webp,pf631-model-pf631-ladies-plain-micro-fleece-jacket-navy-hero-back,https://notanother-nz.github.io/total-image-product-assets/assets/PF631_LADIES_PLAIN_MICRO_FLEECE_JACKET/webp/model/PF631_LADIES_PLAIN_MICRO_FLEECE_JACKET_NAVY_HERO_BACK.webp,ladies-plain-micro-fleece-jacket-pf631,navy,2
Ladies Plain Micro Fleece Jacket — PF631_LADIES_PLAIN_MICRO_FLEECE_JACKET_NAVY_HERO_SIDE.webp,pf631-model-pf631-ladies-plain-micro-fleece-jacket-navy-hero-side,https://notanother-nz.github.io/total-image-product-assets/assets/PF631_LADIES_PLAIN_MICRO_FLEECE_JACKET/webp/model/PF631_LADIES_PLAIN_MICRO_FLEECE_JACKET_NAVY_HERO_SIDE.webp,ladies-plain-micro-fleece-jacket-pf631,navy,3
Ladies Plain Micro Fleece Jacket — PF631_LADIES_PLAIN_MICRO_FLEECE_JACKET_NAVY_HERO_CLSOEUP.webp,pf631-model-pf631-ladies-plain-micro-fleece-jacket-navy-hero-clsoeup,https://notanother-nz.github.io/total-image-product-assets/assets/PF631_LADIES_PLAIN_MICRO_FLEECE_JACKET/webp/model/PF631_LADIES_PLAIN_MICRO_FLEECE_JACKET_NAVY_HERO_CLSOEUP.webp,ladies-plain-micro-fleece-jacket-pf631,navy,4
Ladies Plain Micro Fleece Jacket — PF631_LADIES_PLAIN_MICRO_FLEECE_JACKET_BLACK_FRONT.webp,pf631-product-pf631-ladies-plain-micro-fleece-jacket-black-front,https://notanother-nz.github.io/total-image-product-assets/assets/PF631_LADIES_PLAIN_MICRO_FLEECE_JACKET/webp/product/PF631_LADIES_PLAIN_MICRO_FLEECE_JACKET_BLACK_FRONT.webp,ladies-plain-micro-fleece-jacket-pf631,black,5
Ladies Plain Micro Fleece Jacket — PF631_LADIES_PLAIN_MICRO_FLEECE_JACKET_NAVY_FRONT.webp,pf631-product-pf631-ladies-plain-micro-fleece-jacket-navy-front,https://notanother-nz.github.io/total-image-product-assets/assets/PF631_LADIES_PLAIN_MICRO_FLEECE_JACKET/webp/product/PF631_LADIES_PLAIN_MICRO_FLEECE_JACKET_NAVY_FRONT.webp,ladies-plain-micro-fleece-jacket-pf631,navy,6
Ladies Plain Micro Fleece Jacket — PF631_LADIES_PLAIN_MICRO_FLEECE_JACKET_BLACK_BACK.webp,pf631-product-pf631-ladies-plain-micro-fleece-jacket-black-back,https://notanother-nz.github.io/total-image-product-assets/assets/PF631_LADIES_PLAIN_MICRO_FLEECE_JACKET/webp/product/PF631_LADIES_PLAIN_MICRO_FLEECE_JACKET_BLACK_BACK.webp,ladies-plain-micro-fleece-jacket-pf631,black,7
Ladies Plain Micro Fleece Jacket — PF631_LADIES_PLAIN_MICRO_FLEECE_JACKET_NAVY_BACK.webp,pf631-product-pf631-ladies-plain-micro-fleece-jacket-navy-back,https://notanother-nz.github.io/total-image-product-assets/assets/PF631_LADIES_PLAIN_MICRO_FLEECE_JACKET/webp/product/PF631_LADIES_PLAIN_MICRO_FLEECE_JACKET_NAVY_BACK.webp,ladies-plain-micro-fleece-jacket-pf631,navy,8
Ladies Plain Micro Fleece Vest — PF905_LADIES_PLAIN_MICRO_FLEECE_VEST_NAVY_HERO_FRONT.webp,pf905-model-pf905-ladies-plain-micro-fleece-vest-navy-hero-front,https://notanother-nz.github.io/total-image-product-assets/assets/PF905_LADIES_PLAIN_MICRO_FLEECE_VEST/webp/model/PF905_LADIES_PLAIN_MICRO_FLEECE_VEST_NAVY_HERO_FRONT.webp,ladies-plain-micro-fleece-vest-pf905,navy,1
Ladies Plain Micro Fleece Vest — PF905_LADIES_PLAIN_MICRO_FLEECE_VEST_NAVY_HERO_BACK.webp,pf905-model-pf905-ladies-plain-micro-fleece-vest-navy-hero-back,https://notanother-nz.github.io/total-image-product-assets/assets/PF905_LADIES_PLAIN_MICRO_FLEECE_VEST/webp/model/PF905_LADIES_PLAIN_MICRO_FLEECE_VEST_NAVY_HERO_BACK.webp,ladies-plain-micro-fleece-vest-pf905,navy,2
Ladies Plain Micro Fleece Vest — PF905_LADIES_PLAIN_MICRO_FLEECE_VEST_NAVY_HERO_CLOSEUP.webp,pf905-model-pf905-ladies-plain-micro-fleece-vest-navy-hero-closeup,https://notanother-nz.github.io/total-image-product-assets/assets/PF905_LADIES_PLAIN_MICRO_FLEECE_VEST/webp/model/PF905_LADIES_PLAIN_MICRO_FLEECE_VEST_NAVY_HERO_CLOSEUP.webp,ladies-plain-micro-fleece-vest-pf905,navy,3
Ladies Plain Micro Fleece Vest — PF905_LADIES_PLAIN_MICRO_FLEECE_VEST_NAVY_HERO_SIDE.webp,pf905-model-pf905-ladies-plain-micro-fleece-vest-navy-hero-side,https://notanother-nz.github.io/total-image-product-assets/assets/PF905_LADIES_PLAIN_MICRO_FLEECE_VEST/webp/model/PF905_LADIES_PLAIN_MICRO_FLEECE_VEST_NAVY_HERO_SIDE.webp,ladies-plain-micro-fleece-vest-pf905,navy,4
Ladies Plain Micro Fleece Vest — PF905_LADIES_PLAIN_MICRO_FLEECE_VEST_BLACK_FRONT.webp,pf905-product-pf905-ladies-plain-micro-fleece-vest-black-front,https://notanother-nz.github.io/total-image-product-assets/assets/PF905_LADIES_PLAIN_MICRO_FLEECE_VEST/webp/product/PF905_LADIES_PLAIN_MICRO_FLEECE_VEST_BLACK_FRONT.webp,ladies-plain-micro-fleece-vest-pf905,black,5
Ladies Plain Micro Fleece Vest — PF905_LADIES_PLAIN_MICRO_FLEECE_VEST_NAVY_FRONT.webp,pf905-product-pf905-ladies-plain-micro-fleece-vest-navy-front,https://notanother-nz.github.io/total-image-product-assets/assets/PF905_LADIES_PLAIN_MICRO_FLEECE_VEST/webp/product/PF905_LADIES_PLAIN_MICRO_FLEECE_VEST_NAVY_FRONT.webp,ladies-plain-micro-fleece-vest-pf905,navy,6
Ladies Plain Micro Fleece Vest — PF905_LADIES_PLAIN_MICRO_FLEECE_VEST_BLACK_BACK.webp,pf905-product-pf905-ladies-plain-micro-fleece-vest-black-back,https://notanother-nz.github.io/total-image-product-assets/assets/PF905_LADIES_PLAIN_MICRO_FLEECE_VEST/webp/product/PF905_LADIES_PLAIN_MICRO_FLEECE_VEST_BLACK_BACK.webp,ladies-plain-micro-fleece-vest-pf905,black,7
Ladies Plain Micro Fleece Vest — PF905_LADIES_PLAIN_MICRO_FLEECE_VEST_NAVY_BACK.webp,pf905-product-pf905-ladies-plain-micro-fleece-vest-navy-back,https://notanother-nz.github.io/total-image-product-assets/assets/PF905_LADIES_PLAIN_MICRO_FLEECE_VEST/webp/product/PF905_LADIES_PLAIN_MICRO_FLEECE_VEST_NAVY_BACK.webp,ladies-plain-micro-fleece-vest-pf905,navy,8
Ladies Bamboo Charcoal Short Sleeve Polo — PS60_LUCKY_BAMBOO_POLO_LADIES_HERO_FRONT.webp,ps60-model-ps60-lucky-bamboo-polo-ladies-hero-front,https://notanother-nz.github.io/total-image-product-assets/assets/PS60_LUCKY_BAMBOO_POLO_LADIES/webp/model/PS60_LUCKY_BAMBOO_POLO_LADIES_HERO_FRONT.webp,ladies-bamboo-charcoal-short-sleeve-polo,,1
Ladies Bamboo Charcoal Short Sleeve Polo — PS60_LUCKY_BAMBOO_POLO_LADIES_HERO_BACK.webp,ps60-model-ps60-lucky-bamboo-polo-ladies-hero-back,https://notanother-nz.github.io/total-image-product-assets/assets/PS60_LUCKY_BAMBOO_POLO_LADIES/webp/model/PS60_LUCKY_BAMBOO_POLO_LADIES_HERO_BACK.webp,ladies-bamboo-charcoal-short-sleeve-polo,,2
Ladies Bamboo Charcoal Short Sleeve Polo — PS60_LUCKY_BAMBOO_POLO_LADIES_HERO_CLOSEUP.webp,ps60-model-ps60-lucky-bamboo-polo-ladies-hero-closeup,https://notanother-nz.github.io/total-image-product-assets/assets/PS60_LUCKY_BAMBOO_POLO_LADIES/webp/model/PS60_LUCKY_BAMBOO_POLO_LADIES_HERO_CLOSEUP.webp,ladies-bamboo-charcoal-short-sleeve-polo,,3
Ladies Bamboo Charcoal Short Sleeve Polo — PS60_LUCKY_BAMBOO_POLO_LADIES_HERO_SIDE.webp,ps60-model-ps60-lucky-bamboo-polo-ladies-hero-side,https://notanother-nz.github.io/total-image-product-assets/assets/PS60_LUCKY_BAMBOO_POLO_LADIES/webp/model/PS60_LUCKY_BAMBOO_POLO_LADIES_HERO_SIDE.webp,ladies-bamboo-charcoal-short-sleeve-polo,,4
Ladies Bamboo Charcoal Short Sleeve Polo — PS60_LUCKY_BAMBOO_POLO_LADIES_AEGEANBLUE_FRONT_VIEW.webp,ps60-product-ps60-lucky-bamboo-polo-ladies-aegeanblue-front-view,https://notanother-nz.github.io/total-image-product-assets/assets/PS60_LUCKY_BAMBOO_POLO_LADIES/webp/product/PS60_LUCKY_BAMBOO_POLO_LADIES_AEGEANBLUE_FRONT_VIEW.webp,ladies-bamboo-charcoal-short-sleeve-polo,aegean-blue,5
Ladies Bamboo Charcoal Short Sleeve Polo — PS60_LUCKY_BAMBOO_POLO_LADIES_ARCTICBLUE_FRONT_VIEW.webp,ps60-product-ps60-lucky-bamboo-polo-ladies-arcticblue-front-view,https://notanother-nz.github.io/total-image-product-assets/assets/PS60_LUCKY_BAMBOO_POLO_LADIES/webp/product/PS60_LUCKY_BAMBOO_POLO_LADIES_ARCTICBLUE_FRONT_VIEW.webp,ladies-bamboo-charcoal-short-sleeve-polo,arctic-blue,6
Ladies Bamboo Charcoal Short Sleeve Polo — PS60_LUCKY_BAMBOO_POLO_LADIES_BLACK_FRONT_VIEW.webp,ps60-product-ps60-lucky-bamboo-polo-ladies-black-front-view,https://notanother-nz.github.io/total-image-product-assets/assets/PS60_LUCKY_BAMBOO_POLO_LADIES/webp/product/PS60_LUCKY_BAMBOO_POLO_LADIES_BLACK_FRONT_VIEW.webp,ladies-bamboo-charcoal-short-sleeve-polo,black,7
Ladies Bamboo Charcoal Short Sleeve Polo — PS60_LUCKY_BAMBOO_POLO_LADIES_COOLGREY_FRONT_VIEW.webp,ps60-product-ps60-lucky-bamboo-polo-ladies-coolgrey-front-view,https://notanother-nz.github.io/total-image-product-assets/assets/PS60_LUCKY_BAMBOO_POLO_LADIES/webp/product/PS60_LUCKY_BAMBOO_POLO_LADIES_COOLGREY_FRONT_VIEW.webp,ladies-bamboo-charcoal-short-sleeve-polo,cool-grey,8
Ladies Bamboo Charcoal Short Sleeve Polo — PS60_LUCKY_BAMBOO_POLO_LADIES_MINERALGREEN_FRONT_VIEW.webp,ps60-product-ps60-lucky-bamboo-polo-ladies-mineralgreen-front-view,https://notanother-nz.github.io/total-image-product-assets/assets/PS60_LUCKY_BAMBOO_POLO_LADIES/webp/product/PS60_LUCKY_BAMBOO_POLO_LADIES_MINERALGREEN_FRONT_VIEW.webp,ladies-bamboo-charcoal-short-sleeve-polo,mineral-green,9
Ladies Bamboo Charcoal Short Sleeve Polo — PS60_LUCKY_BAMBOO_POLO_LADIES_NAVY_FRONT_VIEW.webp,ps60-product-ps60-lucky-bamboo-polo-ladies-navy-front-view,https://notanother-nz.github.io/total-image-product-assets/assets/PS60_LUCKY_BAMBOO_POLO_LADIES/webp/product/PS60_LUCKY_BAMBOO_POLO_LADIES_NAVY_FRONT_VIEW.webp,ladies-bamboo-charcoal-short-sleeve-polo,navy,10
Ladies Bamboo Charcoal Short Sleeve Polo — PS60_LUCKY_BAMBOO_POLO_LADIES_OCEANBLUE_FRONT_VIEW.webp,ps60-product-ps60-lucky-bamboo-polo-ladies-oceanblue-front-view,https://notanother-nz.github.io/total-image-product-assets/assets/PS60_LUCKY_BAMBOO_POLO_LADIES/webp/product/PS60_LUCKY_BAMBOO_POLO_LADIES_OCEANBLUE_FRONT_VIEW.webp,ladies-bamboo-charcoal-short-sleeve-polo,ocean-blue,11
Ladies Bamboo Charcoal Short Sleeve Polo — PS60_LUCKY_BAMBOO_POLO_LADIES_RUBY_FRONT_VIEW.webp,ps60-product-ps60-lucky-bamboo-polo-ladies-ruby-front-view,https://notanother-nz.github.io/total-image-product-assets/assets/PS60_LUCKY_BAMBOO_POLO_LADIES/webp/product/PS60_LUCKY_BAMBOO_POLO_LADIES_RUBY_FRONT_VIEW.webp,ladies-bamboo-charcoal-short-sleeve-polo,ruby,12
Ladies Bamboo Charcoal Short Sleeve Polo — PS60_LUCKY_BAMBOO_POLO_LADIES_STORMGREY_FRONT_VIEW.webp,ps60-product-ps60-lucky-bamboo-polo-ladies-stormgrey-front-view,https://notanother-nz.github.io/total-image-product-assets/assets/PS60_LUCKY_BAMBOO_POLO_LADIES/webp/product/PS60_LUCKY_BAMBOO_POLO_LADIES_STORMGREY_FRONT_VIEW.webp,ladies-bamboo-charcoal-short-sleeve-polo,storm-grey,13
Ladies Bamboo Charcoal Short Sleeve Polo — PS60_LUCKY_BAMBOO_POLO_LADIES_TEAL_FRONT_VIEW.webp,ps60-product-ps60-lucky-bamboo-polo-ladies-teal-front-view,https://notanother-nz.github.io/total-image-product-assets/assets/PS60_LUCKY_BAMBOO_POLO_LADIES/webp/product/PS60_LUCKY_BAMBOO_POLO_LADIES_TEAL_FRONT_VIEW.webp,ladies-bamboo-charcoal-short-sleeve-polo,teal,14
Ladies Bamboo Charcoal Short Sleeve Polo — PS60_LUCKY_BAMBOO_POLO_LADIES_AEGEANBLUE_BACK_VIEW.webp,ps60-product-ps60-lucky-bamboo-polo-ladies-aegeanblue-back-view,https://notanother-nz.github.io/total-image-product-assets/assets/PS60_LUCKY_BAMBOO_POLO_LADIES/webp/product/PS60_LUCKY_BAMBOO_POLO_LADIES_AEGEANBLUE_BACK_VIEW.webp,ladies-bamboo-charcoal-short-sleeve-polo,aegean-blue,15
Ladies Bamboo Charcoal Short Sleeve Polo — PS60_LUCKY_BAMBOO_POLO_LADIES_ARCTICBLUE_BACK_VIEW.webp,ps60-product-ps60-lucky-bamboo-polo-ladies-arcticblue-back-view,https://notanother-nz.github.io/total-image-product-assets/assets/PS60_LUCKY_BAMBOO_POLO_LADIES/webp/product/PS60_LUCKY_BAMBOO_POLO_LADIES_ARCTICBLUE_BACK_VIEW.webp,ladies-bamboo-charcoal-short-sleeve-polo,arctic-blue,16
Ladies Bamboo Charcoal Short Sleeve Polo — PS60_LUCKY_BAMBOO_POLO_LADIES_BLACK_BACK_VIEW.webp,ps60-product-ps60-lucky-bamboo-polo-ladies-black-back-view,https://notanother-nz.github.io/total-image-product-assets/assets/PS60_LUCKY_BAMBOO_POLO_LADIES/webp/product/PS60_LUCKY_BAMBOO_POLO_LADIES_BLACK_BACK_VIEW.webp,ladies-bamboo-charcoal-short-sleeve-polo,black,17
Ladies Bamboo Charcoal Short Sleeve Polo — PS60_LUCKY_BAMBOO_POLO_LADIES_COOLGREY_BACK_VIEW.webp,ps60-product-ps60-lucky-bamboo-polo-ladies-coolgrey-back-view,https://notanother-nz.github.io/total-image-product-assets/assets/PS60_LUCKY_BAMBOO_POLO_LADIES/webp/product/PS60_LUCKY_BAMBOO_POLO_LADIES_COOLGREY_BACK_VIEW.webp,ladies-bamboo-charcoal-short-sleeve-polo,cool-grey,18
Ladies Bamboo Charcoal Short Sleeve Polo — PS60_LUCKY_BAMBOO_POLO_LADIES_MINERALGREEN_BACK_VIEW.webp,ps60-product-ps60-lucky-bamboo-polo-ladies-mineralgreen-back-view,https://notanother-nz.github.io/total-image-product-assets/assets/PS60_LUCKY_BAMBOO_POLO_LADIES/webp/product/PS60_LUCKY_BAMBOO_POLO_LADIES_MINERALGREEN_BACK_VIEW.webp,ladies-bamboo-charcoal-short-sleeve-polo,mineral-green,19
Ladies Bamboo Charcoal Short Sleeve Polo — PS60_LUCKY_BAMBOO_POLO_LADIES_NAVY_BACK_VIEW.webp,ps60-product-ps60-lucky-bamboo-polo-ladies-navy-back-view,https://notanother-nz.github.io/total-image-product-assets/assets/PS60_LUCKY_BAMBOO_POLO_LADIES/webp/product/PS60_LUCKY_BAMBOO_POLO_LADIES_NAVY_BACK_VIEW.webp,ladies-bamboo-charcoal-short-sleeve-polo,navy,20
Ladies Bamboo Charcoal Short Sleeve Polo — PS60_LUCKY_BAMBOO_POLO_LADIES_OCEANBLUE_BACK_VIEW.webp,ps60-product-ps60-lucky-bamboo-polo-ladies-oceanblue-back-view,https://notanother-nz.github.io/total-image-product-assets/assets/PS60_LUCKY_BAMBOO_POLO_LADIES/webp/product/PS60_LUCKY_BAMBOO_POLO_LADIES_OCEANBLUE_BACK_VIEW.webp,ladies-bamboo-charcoal-short-sleeve-polo,ocean-blue,21
Ladies Bamboo Charcoal Short Sleeve Polo — PS60_LUCKY_BAMBOO_POLO_LADIES_RUBY_BACK_VIEW.webp,ps60-product-ps60-lucky-bamboo-polo-ladies-ruby-back-view,https://notanother-nz.github.io/total-image-product-assets/assets/PS60_LUCKY_BAMBOO_POLO_LADIES/webp/product/PS60_LUCKY_BAMBOO_POLO_LADIES_RUBY_BACK_VIEW.webp,ladies-bamboo-charcoal-short-sleeve-polo,ruby,22
Ladies Bamboo Charcoal Short Sleeve Polo — PS60_LUCKY_BAMBOO_POLO_LADIES_STORMGREY_BACK_VIEW.webp,ps60-product-ps60-lucky-bamboo-polo-ladies-stormgrey-back-view,https://notanother-nz.github.io/total-image-product-assets/assets/PS60_LUCKY_BAMBOO_POLO_LADIES/webp/product/PS60_LUCKY_BAMBOO_POLO_LADIES_STORMGREY_BACK_VIEW.webp,ladies-bamboo-charcoal-short-sleeve-polo,storm-grey,23
Ladies Bamboo Charcoal Short Sleeve Polo — PS60_LUCKY_BAMBOO_POLO_LADIES_TEAL_BACK_VIEW.webp,ps60-product-ps60-lucky-bamboo-polo-ladies-teal-back-view,https://notanother-nz.github.io/total-image-product-assets/assets/PS60_LUCKY_BAMBOO_POLO_LADIES/webp/product/PS60_LUCKY_BAMBOO_POLO_LADIES_TEAL_BACK_VIEW.webp,ladies-bamboo-charcoal-short-sleeve-polo,teal,24
Men's Sustainable Poly/Cotton Corporate SS Polo — PS91_MEN'S_SUSTAINABLE_POLYCOTTON_CORPORATE_SS_POLO_WHITE_FRONT_HERO_BACK.webp,ps91-model-ps91-mens-sustainable-polycotton-corporate-ss-polo-white-front-hero-back,https://notanother-nz.github.io/total-image-product-assets/assets/PS91_MEN'S_SUSTAINABLE_POLYCOTTON_CORPORATE_SS_POLO/webp/model/PS91_MEN'S_SUSTAINABLE_POLYCOTTON_CORPORATE_SS_POLO_WHITE_FRONT_HERO_BACK.webp,mens-sustainable-poly-cotton-corporate-ss-polo-ps91,white,1
Men's Sustainable Poly/Cotton Corporate SS Polo — PS91_MEN'S_SUSTAINABLE_POLYCOTTON_CORPORATE_SS_POLO_WHITE_FRONT_HERO_CLOSEUP.webp,ps91-model-ps91-mens-sustainable-polycotton-corporate-ss-polo-white-front-hero-closeup,https://notanother-nz.github.io/total-image-product-assets/assets/PS91_MEN'S_SUSTAINABLE_POLYCOTTON_CORPORATE_SS_POLO/webp/model/PS91_MEN'S_SUSTAINABLE_POLYCOTTON_CORPORATE_SS_POLO_WHITE_FRONT_HERO_CLOSEUP.webp,mens-sustainable-poly-cotton-corporate-ss-polo-ps91,white,2
Men's Sustainable Poly/Cotton Corporate SS Polo — PS91_MEN'S_SUSTAINABLE_POLYCOTTON_CORPORATE_SS_POLO_WHITE_FRONT_HERO_FRONT.webp,ps91-model-ps91-mens-sustainable-polycotton-corporate-ss-polo-white-front-hero-front,https://notanother-nz.github.io/total-image-product-assets/assets/PS91_MEN'S_SUSTAINABLE_POLYCOTTON_CORPORATE_SS_POLO/webp/model/PS91_MEN'S_SUSTAINABLE_POLYCOTTON_CORPORATE_SS_POLO_WHITE_FRONT_HERO_FRONT.webp,mens-sustainable-poly-cotton-corporate-ss-polo-ps91,white,3
Men's Sustainable Poly/Cotton Corporate SS Polo — PS91_MEN'S_SUSTAINABLE_POLYCOTTON_CORPORATE_SS_POLO_WHITE_FRONT_HERO_SIDE.webp,ps91-model-ps91-mens-sustainable-polycotton-corporate-ss-polo-white-front-hero-side,https://notanother-nz.github.io/total-image-product-assets/assets/PS91_MEN'S_SUSTAINABLE_POLYCOTTON_CORPORATE_SS_POLO/webp/model/PS91_MEN'S_SUSTAINABLE_POLYCOTTON_CORPORATE_SS_POLO_WHITE_FRONT_HERO_SIDE.webp,mens-sustainable-poly-cotton-corporate-ss-polo-ps91,white,4
Men's Sustainable Poly/Cotton Corporate SS Polo — PS91_MEN'S_SUSTAINABLE_POLYCOTTON_CORPORATE_SS_POLO_ASH_FRONT.webp,ps91-product-ps91-mens-sustainable-polycotton-corporate-ss-polo-ash-front,https://notanother-nz.github.io/total-image-product-assets/assets/PS91_MEN'S_SUSTAINABLE_POLYCOTTON_CORPORATE_SS_POLO/webp/product/PS91_MEN'S_SUSTAINABLE_POLYCOTTON_CORPORATE_SS_POLO_ASH_FRONT.webp,mens-sustainable-poly-cotton-corporate-ss-polo-ps91,ash,5
Men's Sustainable Poly/Cotton Corporate SS Polo — PS91_MEN'S_SUSTAINABLE_POLYCOTTON_CORPORATE_SS_POLO_BLACK_FRONT.webp,ps91-product-ps91-mens-sustainable-polycotton-corporate-ss-polo-black-front,https://notanother-nz.github.io/total-image-product-assets/assets/PS91_MEN'S_SUSTAINABLE_POLYCOTTON_CORPORATE_SS_POLO/webp/product/PS91_MEN'S_SUSTAINABLE_POLYCOTTON_CORPORATE_SS_POLO_BLACK_FRONT.webp,mens-sustainable-poly-cotton-corporate-ss-polo-ps91,black,6
Men's Sustainable Poly/Cotton Corporate SS Polo — PS91_MEN'S_SUSTAINABLE_POLYCOTTON_CORPORATE_SS_POLO_HEAVY_CLOUD_FRONT.webp,ps91-product-ps91-mens-sustainable-polycotton-corporate-ss-polo-heavy-cloud-front,https://notanother-nz.github.io/total-image-product-assets/assets/PS91_MEN'S_SUSTAINABLE_POLYCOTTON_CORPORATE_SS_POLO/webp/product/PS91_MEN'S_SUSTAINABLE_POLYCOTTON_CORPORATE_SS_POLO_HEAVY_CLOUD_FRONT.webp,mens-sustainable-poly-cotton-corporate-ss-polo-ps91,heavy-cloud,7
Men's Sustainable Poly/Cotton Corporate SS Polo — PS91_MEN'S_SUSTAINABLE_POLYCOTTON_CORPORATE_SS_POLO_NAVY_FRONT.webp,ps91-product-ps91-mens-sustainable-polycotton-corporate-ss-polo-navy-front,https://notanother-nz.github.io/total-image-product-assets/assets/PS91_MEN'S_SUSTAINABLE_POLYCOTTON_CORPORATE_SS_POLO/webp/product/PS91_MEN'S_SUSTAINABLE_POLYCOTTON_CORPORATE_SS_POLO_NAVY_FRONT.webp,mens-sustainable-poly-cotton-corporate-ss-polo-ps91,navy,8
Men's Sustainable Poly/Cotton Corporate SS Polo — PS91_MEN'S_SUSTAINABLE_POLYCOTTON_CORPORATE_SS_POLO_TEAL_FRONT.webp,ps91-product-ps91-mens-sustainable-polycotton-corporate-ss-polo-teal-front,https://notanother-nz.github.io/total-image-product-assets/assets/PS91_MEN'S_SUSTAINABLE_POLYCOTTON_CORPORATE_SS_POLO/webp/product/PS91_MEN'S_SUSTAINABLE_POLYCOTTON_CORPORATE_SS_POLO_TEAL_FRONT.webp,mens-sustainable-poly-cotton-corporate-ss-polo-ps91,teal,9
Men's Sustainable Poly/Cotton Corporate SS Polo — PS91_MEN'S_SUSTAINABLE_POLYCOTTON_CORPORATE_SS_POLO_WHITE_FRONT.webp,ps91-product-ps91-mens-sustainable-polycotton-corporate-ss-polo-white-front,https://notanother-nz.github.io/total-image-product-assets/assets/PS91_MEN'S_SUSTAINABLE_POLYCOTTON_CORPORATE_SS_POLO/webp/product/PS91_MEN'S_SUSTAINABLE_POLYCOTTON_CORPORATE_SS_POLO_WHITE_FRONT.webp,mens-sustainable-poly-cotton-corporate-ss-polo-ps91,white,10
Men's Sustainable Poly/Cotton Corporate SS Polo — PS91_MEN'S_SUSTAINABLE_POLYCOTTON_CORPORATE_SS_POLO_ASH_BACK.webp,ps91-product-ps91-mens-sustainable-polycotton-corporate-ss-polo-ash-back,https://notanother-nz.github.io/total-image-product-assets/assets/PS91_MEN'S_SUSTAINABLE_POLYCOTTON_CORPORATE_SS_POLO/webp/product/PS91_MEN'S_SUSTAINABLE_POLYCOTTON_CORPORATE_SS_POLO_ASH_BACK.webp,mens-sustainable-poly-cotton-corporate-ss-polo-ps91,ash,11
Men's Sustainable Poly/Cotton Corporate SS Polo — PS91_MEN'S_SUSTAINABLE_POLYCOTTON_CORPORATE_SS_POLO_BLACK_BACK.webp,ps91-product-ps91-mens-sustainable-polycotton-corporate-ss-polo-black-back,https://notanother-nz.github.io/total-image-product-assets/assets/PS91_MEN'S_SUSTAINABLE_POLYCOTTON_CORPORATE_SS_POLO/webp/product/PS91_MEN'S_SUSTAINABLE_POLYCOTTON_CORPORATE_SS_POLO_BLACK_BACK.webp,mens-sustainable-poly-cotton-corporate-ss-polo-ps91,black,12
Men's Sustainable Poly/Cotton Corporate SS Polo — PS91_MEN'S_SUSTAINABLE_POLYCOTTON_CORPORATE_SS_POLO_HEAVY_CLOUD_BACK.webp,ps91-product-ps91-mens-sustainable-polycotton-corporate-ss-polo-heavy-cloud-back,https://notanother-nz.github.io/total-image-product-assets/assets/PS91_MEN'S_SUSTAINABLE_POLYCOTTON_CORPORATE_SS_POLO/webp/product/PS91_MEN'S_SUSTAINABLE_POLYCOTTON_CORPORATE_SS_POLO_HEAVY_CLOUD_BACK.webp,mens-sustainable-poly-cotton-corporate-ss-polo-ps91,heavy-cloud,13
Men's Sustainable Poly/Cotton Corporate SS Polo — PS91_MEN'S_SUSTAINABLE_POLYCOTTON_CORPORATE_SS_POLO_NAVY_BACK.webp,ps91-product-ps91-mens-sustainable-polycotton-corporate-ss-polo-navy-back,https://notanother-nz.github.io/total-image-product-assets/assets/PS91_MEN'S_SUSTAINABLE_POLYCOTTON_CORPORATE_SS_POLO/webp/product/PS91_MEN'S_SUSTAINABLE_POLYCOTTON_CORPORATE_SS_POLO_NAVY_BACK.webp,mens-sustainable-poly-cotton-corporate-ss-polo-ps91,navy,14
Men's Sustainable Poly/Cotton Corporate SS Polo — PS91_MEN'S_SUSTAINABLE_POLYCOTTON_CORPORATE_SS_POLO_TEAL_BACK.webp,ps91-product-ps91-mens-sustainable-polycotton-corporate-ss-polo-teal-back,https://notanother-nz.github.io/total-image-product-assets/assets/PS91_MEN'S_SUSTAINABLE_POLYCOTTON_CORPORATE_SS_POLO/webp/product/PS91_MEN'S_SUSTAINABLE_POLYCOTTON_CORPORATE_SS_POLO_TEAL_BACK.webp,mens-sustainable-poly-cotton-corporate-ss-polo-ps91,teal,15
Men's Sustainable Poly/Cotton Corporate SS Polo — PS91_MEN'S_SUSTAINABLE_POLYCOTTON_CORPORATE_SS_POLO_WHITE_BACK.webp,ps91-product-ps91-mens-sustainable-polycotton-corporate-ss-polo-white-back,https://notanother-nz.github.io/total-image-product-assets/assets/PS91_MEN'S_SUSTAINABLE_POLYCOTTON_CORPORATE_SS_POLO/webp/product/PS91_MEN'S_SUSTAINABLE_POLYCOTTON_CORPORATE_SS_POLO_WHITE_BACK.webp,mens-sustainable-poly-cotton-corporate-ss-polo-ps91,white,16
Ladies Sustainable Poly/Cotton Corporate SS Polo — PS92_LADIES_SUSTAINABLE_POLY_COTTON_CORPORATE_SS_POLO_WHITE_HERO_FRONT.webp,ps92-model-ps92-ladies-sustainable-poly-cotton-corporate-ss-polo-white-hero-front,https://notanother-nz.github.io/total-image-product-assets/assets/PS92_LADIES_SUSTAINABLE_POLY_COTTON_CORPORATE_SS_POLO/webp/model/PS92_LADIES_SUSTAINABLE_POLY_COTTON_CORPORATE_SS_POLO_WHITE_HERO_FRONT.webp,ladies-sustainable-poly-cotton-corporate-ss-polo-ps92,white,1
Ladies Sustainable Poly/Cotton Corporate SS Polo — PS92_LADIES_SUSTAINABLE_POLY_COTTON_CORPORATE_SS_POLO_WHITE_HERO_BACK.webp,ps92-model-ps92-ladies-sustainable-poly-cotton-corporate-ss-polo-white-hero-back,https://notanother-nz.github.io/total-image-product-assets/assets/PS92_LADIES_SUSTAINABLE_POLY_COTTON_CORPORATE_SS_POLO/webp/model/PS92_LADIES_SUSTAINABLE_POLY_COTTON_CORPORATE_SS_POLO_WHITE_HERO_BACK.webp,ladies-sustainable-poly-cotton-corporate-ss-polo-ps92,white,2
Ladies Sustainable Poly/Cotton Corporate SS Polo — PS92_LADIES_SUSTAINABLE_POLY_COTTON_CORPORATE_SS_POLO_WHITE_HERO_CLOSEUP.webp,ps92-model-ps92-ladies-sustainable-poly-cotton-corporate-ss-polo-white-hero-closeup,https://notanother-nz.github.io/total-image-product-assets/assets/PS92_LADIES_SUSTAINABLE_POLY_COTTON_CORPORATE_SS_POLO/webp/model/PS92_LADIES_SUSTAINABLE_POLY_COTTON_CORPORATE_SS_POLO_WHITE_HERO_CLOSEUP.webp,ladies-sustainable-poly-cotton-corporate-ss-polo-ps92,white,3
Ladies Sustainable Poly/Cotton Corporate SS Polo — PS92_LADIES_SUSTAINABLE_POLY_COTTON_CORPORATE_SS_POLO_WHITE_HERO_SIDE.webp,ps92-model-ps92-ladies-sustainable-poly-cotton-corporate-ss-polo-white-hero-side,https://notanother-nz.github.io/total-image-product-assets/assets/PS92_LADIES_SUSTAINABLE_POLY_COTTON_CORPORATE_SS_POLO/webp/model/PS92_LADIES_SUSTAINABLE_POLY_COTTON_CORPORATE_SS_POLO_WHITE_HERO_SIDE.webp,ladies-sustainable-poly-cotton-corporate-ss-polo-ps92,white,4
Ladies Sustainable Poly/Cotton Corporate SS Polo — PS92_LADIES_SUSTAINABLE_POLY_COTTON_CORPORATE_SS_POLO_ASH_FRONT.webp,ps92-product-ps92-ladies-sustainable-poly-cotton-corporate-ss-polo-ash-front,https://notanother-nz.github.io/total-image-product-assets/assets/PS92_LADIES_SUSTAINABLE_POLY_COTTON_CORPORATE_SS_POLO/webp/product/PS92_LADIES_SUSTAINABLE_POLY_COTTON_CORPORATE_SS_POLO_ASH_FRONT.webp,ladies-sustainable-poly-cotton-corporate-ss-polo-ps92,ash,5
Ladies Sustainable Poly/Cotton Corporate SS Polo — PS92_LADIES_SUSTAINABLE_POLY_COTTON_CORPORATE_SS_POLO_BLACK_FRONT.webp,ps92-product-ps92-ladies-sustainable-poly-cotton-corporate-ss-polo-black-front,https://notanother-nz.github.io/total-image-product-assets/assets/PS92_LADIES_SUSTAINABLE_POLY_COTTON_CORPORATE_SS_POLO/webp/product/PS92_LADIES_SUSTAINABLE_POLY_COTTON_CORPORATE_SS_POLO_BLACK_FRONT.webp,ladies-sustainable-poly-cotton-corporate-ss-polo-ps92,black,6
Ladies Sustainable Poly/Cotton Corporate SS Polo — PS92_LADIES_SUSTAINABLE_POLY_COTTON_CORPORATE_SS_POLO_HEAVY_CLOUDD_FRONT.webp,ps92-product-ps92-ladies-sustainable-poly-cotton-corporate-ss-polo-heavy-cloudd-front,https://notanother-nz.github.io/total-image-product-assets/assets/PS92_LADIES_SUSTAINABLE_POLY_COTTON_CORPORATE_SS_POLO/webp/product/PS92_LADIES_SUSTAINABLE_POLY_COTTON_CORPORATE_SS_POLO_HEAVY_CLOUDD_FRONT.webp,ladies-sustainable-poly-cotton-corporate-ss-polo-ps92,,7
Ladies Sustainable Poly/Cotton Corporate SS Polo — PS92_LADIES_SUSTAINABLE_POLY_COTTON_CORPORATE_SS_POLO_NAVY_FRONT.webp,ps92-product-ps92-ladies-sustainable-poly-cotton-corporate-ss-polo-navy-front,https://notanother-nz.github.io/total-image-product-assets/assets/PS92_LADIES_SUSTAINABLE_POLY_COTTON_CORPORATE_SS_POLO/webp/product/PS92_LADIES_SUSTAINABLE_POLY_COTTON_CORPORATE_SS_POLO_NAVY_FRONT.webp,ladies-sustainable-poly-cotton-corporate-ss-polo-ps92,navy,8
Ladies Sustainable Poly/Cotton Corporate SS Polo — PS92_LADIES_SUSTAINABLE_POLY_COTTON_CORPORATE_SS_POLO_TEAL_FRONT.webp,ps92-product-ps92-ladies-sustainable-poly-cotton-corporate-ss-polo-teal-front,https://notanother-nz.github.io/total-image-product-assets/assets/PS92_LADIES_SUSTAINABLE_POLY_COTTON_CORPORATE_SS_POLO/webp/product/PS92_LADIES_SUSTAINABLE_POLY_COTTON_CORPORATE_SS_POLO_TEAL_FRONT.webp,ladies-sustainable-poly-cotton-corporate-ss-polo-ps92,teal,9
Ladies Sustainable Poly/Cotton Corporate SS Polo — PS92_LADIES_SUSTAINABLE_POLY_COTTON_CORPORATE_SS_POLO_WHITE_FRONT.webp,ps92-product-ps92-ladies-sustainable-poly-cotton-corporate-ss-polo-white-front,https://notanother-nz.github.io/total-image-product-assets/assets/PS92_LADIES_SUSTAINABLE_POLY_COTTON_CORPORATE_SS_POLO/webp/product/PS92_LADIES_SUSTAINABLE_POLY_COTTON_CORPORATE_SS_POLO_WHITE_FRONT.webp,ladies-sustainable-poly-cotton-corporate-ss-polo-ps92,white,10
Ladies Sustainable Poly/Cotton Corporate SS Polo — PS92_LADIES_SUSTAINABLE_POLY_COTTON_CORPORATE_SS_POLO_ASH_BACK.webp,ps92-product-ps92-ladies-sustainable-poly-cotton-corporate-ss-polo-ash-back,https://notanother-nz.github.io/total-image-product-assets/assets/PS92_LADIES_SUSTAINABLE_POLY_COTTON_CORPORATE_SS_POLO/webp/product/PS92_LADIES_SUSTAINABLE_POLY_COTTON_CORPORATE_SS_POLO_ASH_BACK.webp,ladies-sustainable-poly-cotton-corporate-ss-polo-ps92,ash,11
Ladies Sustainable Poly/Cotton Corporate SS Polo — PS92_LADIES_SUSTAINABLE_POLY_COTTON_CORPORATE_SS_POLO_BLACK_BACK.webp,ps92-product-ps92-ladies-sustainable-poly-cotton-corporate-ss-polo-black-back,https://notanother-nz.github.io/total-image-product-assets/assets/PS92_LADIES_SUSTAINABLE_POLY_COTTON_CORPORATE_SS_POLO/webp/product/PS92_LADIES_SUSTAINABLE_POLY_COTTON_CORPORATE_SS_POLO_BLACK_BACK.webp,ladies-sustainable-poly-cotton-corporate-ss-polo-ps92,black,12
Ladies Sustainable Poly/Cotton Corporate SS Polo — PS92_LADIES_SUSTAINABLE_POLY_COTTON_CORPORATE_SS_POLO_HEAVY_CLOUDD_BACK.webp,ps92-product-ps92-ladies-sustainable-poly-cotton-corporate-ss-polo-heavy-cloudd-back,https://notanother-nz.github.io/total-image-product-assets/assets/PS92_LADIES_SUSTAINABLE_POLY_COTTON_CORPORATE_SS_POLO/webp/product/PS92_LADIES_SUSTAINABLE_POLY_COTTON_CORPORATE_SS_POLO_HEAVY_CLOUDD_BACK.webp,ladies-sustainable-poly-cotton-corporate-ss-polo-ps92,,13
Ladies Sustainable Poly/Cotton Corporate SS Polo — PS92_LADIES_SUSTAINABLE_POLY_COTTON_CORPORATE_SS_POLO_NAVY_BACK.webp,ps92-product-ps92-ladies-sustainable-poly-cotton-corporate-ss-polo-navy-back,https://notanother-nz.github.io/total-image-product-assets/assets/PS92_LADIES_SUSTAINABLE_POLY_COTTON_CORPORATE_SS_POLO/webp/product/PS92_LADIES_SUSTAINABLE_POLY_COTTON_CORPORATE_SS_POLO_NAVY_BACK.webp,ladies-sustainable-poly-cotton-corporate-ss-polo-ps92,navy,14
Ladies Sustainable Poly/Cotton Corporate SS Polo — PS92_LADIES_SUSTAINABLE_POLY_COTTON_CORPORATE_SS_POLO_TEAL_BACK.webp,ps92-product-ps92-ladies-sustainable-poly-cotton-corporate-ss-polo-teal-back,https://notanother-nz.github.io/total-image-product-assets/assets/PS92_LADIES_SUSTAINABLE_POLY_COTTON_CORPORATE_SS_POLO/webp/product/PS92_LADIES_SUSTAINABLE_POLY_COTTON_CORPORATE_SS_POLO_TEAL_BACK.webp,ladies-sustainable-poly-cotton-corporate-ss-polo-ps92,teal,15
Ladies Sustainable Poly/Cotton Corporate SS Polo — PS92_LADIES_SUSTAINABLE_POLY_COTTON_CORPORATE_SS_POLO_WHITE_BACK.webp,ps92-product-ps92-ladies-sustainable-poly-cotton-corporate-ss-polo-white-back,https://notanother-nz.github.io/total-image-product-assets/assets/PS92_LADIES_SUSTAINABLE_POLY_COTTON_CORPORATE_SS_POLO/webp/product/PS92_LADIES_SUSTAINABLE_POLY_COTTON_CORPORATE_SS_POLO_WHITE_BACK.webp,ladies-sustainable-poly-cotton-corporate-ss-polo-ps92,white,16
Printable Recycled 3-Layer Softshell Jacket — R900M_RECYCLED_3-LAYER_PRINTABLE_SOFTSHELL_JACKET_HERO_FRONT.webp,r900m-model-r900m-recycled-3-layer-printable-softshell-jacket-hero-front,https://notanother-nz.github.io/total-image-product-assets/assets/R900M_RECYCLED_3-LAYER_PRINTABLE_SOFTSHELL_JACKET/webp/model/R900M_RECYCLED_3-LAYER_PRINTABLE_SOFTSHELL_JACKET_HERO_FRONT.webp,printable-recycled-3-layer-softshell-jacket,,1
Printable Recycled 3-Layer Softshell Jacket — R900M_RECYCLED_3-LAYER_PRINTABLE_SOFTSHELL_JACKET_HERO_CLOSEUP.webp,r900m-model-r900m-recycled-3-layer-printable-softshell-jacket-hero-closeup,https://notanother-nz.github.io/total-image-product-assets/assets/R900M_RECYCLED_3-LAYER_PRINTABLE_SOFTSHELL_JACKET/webp/model/R900M_RECYCLED_3-LAYER_PRINTABLE_SOFTSHELL_JACKET_HERO_CLOSEUP.webp,printable-recycled-3-layer-softshell-jacket,,2
Printable Recycled 3-Layer Softshell Jacket — R900M_RECYCLED_3-LAYER_PRINTABLE_SOFTSHELL_JACKET_HERO_SIDE.webp,r900m-model-r900m-recycled-3-layer-printable-softshell-jacket-hero-side,https://notanother-nz.github.io/total-image-product-assets/assets/R900M_RECYCLED_3-LAYER_PRINTABLE_SOFTSHELL_JACKET/webp/model/R900M_RECYCLED_3-LAYER_PRINTABLE_SOFTSHELL_JACKET_HERO_SIDE.webp,printable-recycled-3-layer-softshell-jacket,,3
Printable Recycled 3-Layer Softshell Jacket — R900M_RECYCLED_3-LAYER_PRINTABLE_SOFTSHELL_JACKET_BACK.webp,r900m-model-r900m-recycled-3-layer-printable-softshell-jacket-back,https://notanother-nz.github.io/total-image-product-assets/assets/R900M_RECYCLED_3-LAYER_PRINTABLE_SOFTSHELL_JACKET/webp/model/R900M_RECYCLED_3-LAYER_PRINTABLE_SOFTSHELL_JACKET_BACK.webp,printable-recycled-3-layer-softshell-jacket,,4
Printable Recycled 3-Layer Softshell Jacket — R900M_RECYCLED_3-LAYER_PRINTABLE_SOFTSHELL_JACKET_BLACK_FRONT_VIEW.webp,r900m-product-r900m-recycled-3-layer-printable-softshell-jacket-black-front-view,https://notanother-nz.github.io/total-image-product-assets/assets/R900M_RECYCLED_3-LAYER_PRINTABLE_SOFTSHELL_JACKET/webp/product/R900M_RECYCLED_3-LAYER_PRINTABLE_SOFTSHELL_JACKET_BLACK_FRONT_VIEW.webp,printable-recycled-3-layer-softshell-jacket,black,5
Printable Recycled 3-Layer Softshell Jacket — R900M_RECYCLED_3-LAYER_PRINTABLE_SOFTSHELL_JACKET_NAVY_FRONT_VIEW.webp,r900m-product-r900m-recycled-3-layer-printable-softshell-jacket-navy-front-view,https://notanother-nz.github.io/total-image-product-assets/assets/R900M_RECYCLED_3-LAYER_PRINTABLE_SOFTSHELL_JACKET/webp/product/R900M_RECYCLED_3-LAYER_PRINTABLE_SOFTSHELL_JACKET_NAVY_FRONT_VIEW.webp,printable-recycled-3-layer-softshell-jacket,navy,6
Printable Recycled 3-Layer Softshell Jacket — R900M_RECYCLED_3-LAYER_PRINTABLE_SOFTSHELL_JACKET_BLACK_BACK_VIEW.webp,r900m-product-r900m-recycled-3-layer-printable-softshell-jacket-black-back-view,https://notanother-nz.github.io/total-image-product-assets/assets/R900M_RECYCLED_3-LAYER_PRINTABLE_SOFTSHELL_JACKET/webp/product/R900M_RECYCLED_3-LAYER_PRINTABLE_SOFTSHELL_JACKET_BLACK_BACK_VIEW.webp,printable-recycled-3-layer-softshell-jacket,black,7
Printable Recycled 3-Layer Softshell Jacket — R900M_RECYCLED_3-LAYER_PRINTABLE_SOFTSHELL_JACKET_NAVY_BACK_VIEW.webp,r900m-product-r900m-recycled-3-layer-printable-softshell-jacket-navy-back-view,https://notanother-nz.github.io/total-image-product-assets/assets/R900M_RECYCLED_3-LAYER_PRINTABLE_SOFTSHELL_JACKET/webp/product/R900M_RECYCLED_3-LAYER_PRINTABLE_SOFTSHELL_JACKET_NAVY_BACK_VIEW.webp,printable-recycled-3-layer-softshell-jacket,navy,8
Casual Braided Belt — RA268U__CASUAL_BRAIDED_BELT_BLACKBLACK.webp,ra268u-product-ra268u-casual-braided-belt-blackblack,https://notanother-nz.github.io/total-image-product-assets/assets/RA268U__CASUAL_BRAIDED_BELT/webp/product/RA268U__CASUAL_BRAIDED_BELT_BLACKBLACK.webp,casual-braided-belt-ra268u,black-black-colour,1
Casual Braided Belt — RA268U__CASUAL_BRAIDED_BELT_NAVYBROWN.webp,ra268u-product-ra268u-casual-braided-belt-navybrown,https://notanother-nz.github.io/total-image-product-assets/assets/RA268U__CASUAL_BRAIDED_BELT/webp/product/RA268U__CASUAL_BRAIDED_BELT_NAVYBROWN.webp,casual-braided-belt-ra268u,navy-brown,2
Men's Leather Belt — RA572M_MENS_LEATHER_BELT_2.webp,ra572m-product-ra572m-mens-leather-belt-2,https://notanother-nz.github.io/total-image-product-assets/assets/RA572M_MENS_LEATHER_BELT/webp/product/RA572M_MENS_LEATHER_BELT_2.webp,mens-leather-belt-ra572m,black,1
Men's Leather Belt — RA572M_MENS_LEATHER_BELT.webp,ra572m-product-ra572m-mens-leather-belt,https://notanother-nz.github.io/total-image-product-assets/assets/RA572M_MENS_LEATHER_BELT/webp/product/RA572M_MENS_LEATHER_BELT.webp,mens-leather-belt-ra572m,black,2
Women's Belt — WOMEN'S_BELT_HERO_FRONT.webp,ra972l-model-womens-belt-hero-front,https://notanother-nz.github.io/total-image-product-assets/assets/RA972L_WOMEN'S_BELT/webp/model/WOMEN'S_BELT_HERO_FRONT.webp,womens-belt-ra972l,black,1
Women's Belt — WOMEN'S_BELT_HERO_CLOSEUP.webp,ra972l-model-womens-belt-hero-closeup,https://notanother-nz.github.io/total-image-product-assets/assets/RA972L_WOMEN'S_BELT/webp/model/WOMEN'S_BELT_HERO_CLOSEUP.webp,womens-belt-ra972l,black,2
Women's Belt — RA972L_WOMEN'S_BELT.webp,ra972l-model-ra972l-womens-belt,https://notanother-nz.github.io/total-image-product-assets/assets/RA972L_WOMEN'S_BELT/webp/model/RA972L_WOMEN'S_BELT.webp,womens-belt-ra972l,black,3
Rara Cooler Bag — RB1040_RARA_COOLER_BAG_BLACK.webp,rb1040-product-rb1040-rara-cooler-bag-black,https://notanother-nz.github.io/total-image-product-assets/assets/RB1040_RARA_COOLER_BAG/webp/product/RB1040_RARA_COOLER_BAG_BLACK.webp,rara-cooler-bag-rb1040,black,1
Rara Cooler Bag — RB1040_RARA_COOLER_BAG_GREY.webp,rb1040-product-rb1040-rara-cooler-bag-grey,https://notanother-nz.github.io/total-image-product-assets/assets/RB1040_RARA_COOLER_BAG/webp/product/RB1040_RARA_COOLER_BAG_GREY.webp,rara-cooler-bag-rb1040,grey,2
Rara Cooler Bag — RB1040_RARA_COOLER_BAG_NAVY.webp,rb1040-product-rb1040-rara-cooler-bag-navy,https://notanother-nz.github.io/total-image-product-assets/assets/RB1040_RARA_COOLER_BAG/webp/product/RB1040_RARA_COOLER_BAG_NAVY.webp,rara-cooler-bag-rb1040,navy,3
Willow Natural Tote — RB1043_WILLOW_NATURAL_TOTE_BROWN.webp,rb1043-product-rb1043-willow-natural-tote-brown,https://notanother-nz.github.io/total-image-product-assets/assets/RB1043_WILLOW_NATURAL_TOTE_BROWN/webp/product/RB1043_WILLOW_NATURAL_TOTE_BROWN.webp,willow-natural-tote-rb1043,natural,1
The Buddy Drawstring Bag — RB1053_THE_BUDDY_DRAWSTRING_BAG_ALLCOLOUR.webp,rb1053-product-rb1053-the-buddy-drawstring-bag-allcolour,https://notanother-nz.github.io/total-image-product-assets/assets/RB1053_THE_BUDDY_DRAWSTRING_BAG/webp/product/RB1053_THE_BUDDY_DRAWSTRING_BAG_ALLCOLOUR.webp,the-buddy-drawstring-bag-rb1053,,1
The Buddy Drawstring Bag — RB1053_THE_BUDDY_DRAWSTRING_BAG_BLACK.webp,rb1053-product-rb1053-the-buddy-drawstring-bag-black,https://notanother-nz.github.io/total-image-product-assets/assets/RB1053_THE_BUDDY_DRAWSTRING_BAG/webp/product/RB1053_THE_BUDDY_DRAWSTRING_BAG_BLACK.webp,the-buddy-drawstring-bag-rb1053,black,2
The Buddy Drawstring Bag — RB1053_THE_BUDDY_DRAWSTRING_BAG_BLUE.webp,rb1053-product-rb1053-the-buddy-drawstring-bag-blue,https://notanother-nz.github.io/total-image-product-assets/assets/RB1053_THE_BUDDY_DRAWSTRING_BAG/webp/product/RB1053_THE_BUDDY_DRAWSTRING_BAG_BLUE.webp,the-buddy-drawstring-bag-rb1053,blue,3
The Buddy Drawstring Bag — RB1053_THE_BUDDY_DRAWSTRING_BAG_RED.webp,rb1053-product-rb1053-the-buddy-drawstring-bag-red,https://notanother-nz.github.io/total-image-product-assets/assets/RB1053_THE_BUDDY_DRAWSTRING_BAG/webp/product/RB1053_THE_BUDDY_DRAWSTRING_BAG_RED.webp,the-buddy-drawstring-bag-rb1053,red,4
Women's Aria Fluted Sleeve Blouse — Studio_Portraits_-3CftBaapng_scyTiKqt.webp,rb966ls-model-studio-portraits-3cftbaapng-scytikqt,https://notanother-nz.github.io/total-image-product-assets/assets/RB966LS_WOMEN'S_ARIA_FLUTED_SLEEVE_BLOUSE/webp/model/Studio_Portraits_-3CftBaapng_scyTiKqt.webp,womens-aria-fluted-sleeve-blouse-rb966ls,,1
Women's Aria Fluted Sleeve Blouse — Studio_Portraits_Fcpe3Pmlpng_F0RVzTb2.webp,rb966ls-model-studio-portraits-fcpe3pmlpng-f0rvztb2,https://notanother-nz.github.io/total-image-product-assets/assets/RB966LS_WOMEN'S_ARIA_FLUTED_SLEEVE_BLOUSE/webp/model/Studio_Portraits_Fcpe3Pmlpng_F0RVzTb2.webp,womens-aria-fluted-sleeve-blouse-rb966ls,,2
Women's Aria Fluted Sleeve Blouse — Studio_Portraits_nDN2MxwGpng_cpIcHJ-L.webp,rb966ls-model-studio-portraits-ndn2mxwgpng-cpichj-l,https://notanother-nz.github.io/total-image-product-assets/assets/RB966LS_WOMEN'S_ARIA_FLUTED_SLEEVE_BLOUSE/webp/model/Studio_Portraits_nDN2MxwGpng_cpIcHJ-L.webp,womens-aria-fluted-sleeve-blouse-rb966ls,,3
Women's Aria Fluted Sleeve Blouse — Studio_Portraits_vKtgP5qjpng_X8BYbvoH.webp,rb966ls-model-studio-portraits-vktgp5qjpng-x8bybvoh,https://notanother-nz.github.io/total-image-product-assets/assets/RB966LS_WOMEN'S_ARIA_FLUTED_SLEEVE_BLOUSE/webp/model/Studio_Portraits_vKtgP5qjpng_X8BYbvoH.webp,womens-aria-fluted-sleeve-blouse-rb966ls,,4
Women's Aria Fluted Sleeve Blouse — RB966LS_WOMEN'S_ARIA_FLUTED_SLEEVE_BLOUSE_BLACK_FRONT.webp,rb966ls-product-rb966ls-womens-aria-fluted-sleeve-blouse-black-front,https://notanother-nz.github.io/total-image-product-assets/assets/RB966LS_WOMEN'S_ARIA_FLUTED_SLEEVE_BLOUSE/webp/product/RB966LS_WOMEN'S_ARIA_FLUTED_SLEEVE_BLOUSE_BLACK_FRONT.webp,womens-aria-fluted-sleeve-blouse-rb966ls,black,5
Women's Aria Fluted Sleeve Blouse — RB966LS_WOMEN'S_ARIA_FLUTED_SLEEVE_BLOUSE_NAVY_FRONT.webp,rb966ls-product-rb966ls-womens-aria-fluted-sleeve-blouse-navy-front,https://notanother-nz.github.io/total-image-product-assets/assets/RB966LS_WOMEN'S_ARIA_FLUTED_SLEEVE_BLOUSE/webp/product/RB966LS_WOMEN'S_ARIA_FLUTED_SLEEVE_BLOUSE_NAVY_FRONT.webp,womens-aria-fluted-sleeve-blouse-rb966ls,navy,6
Women's Aria Fluted Sleeve Blouse — RB966LS_WOMEN'S_ARIA_FLUTED_SLEEVE_BLOUSE_RASPBERRY_FRONT.webp,rb966ls-product-rb966ls-womens-aria-fluted-sleeve-blouse-raspberry-front,https://notanother-nz.github.io/total-image-product-assets/assets/RB966LS_WOMEN'S_ARIA_FLUTED_SLEEVE_BLOUSE/webp/product/RB966LS_WOMEN'S_ARIA_FLUTED_SLEEVE_BLOUSE_RASPBERRY_FRONT.webp,womens-aria-fluted-sleeve-blouse-rb966ls,raspberry,7
Women's Aria Fluted Sleeve Blouse — RB966LS_WOMEN'S_ARIA_FLUTED_SLEEVE_BLOUSE_STORM_BLUE_FRONT.webp,rb966ls-product-rb966ls-womens-aria-fluted-sleeve-blouse-storm-blue-front,https://notanother-nz.github.io/total-image-product-assets/assets/RB966LS_WOMEN'S_ARIA_FLUTED_SLEEVE_BLOUSE/webp/product/RB966LS_WOMEN'S_ARIA_FLUTED_SLEEVE_BLOUSE_STORM_BLUE_FRONT.webp,womens-aria-fluted-sleeve-blouse-rb966ls,storm-blue,8
Women's Aria Fluted Sleeve Blouse — RB966LS_WOMEN'S_ARIA_FLUTED_SLEEVE_BLOUSE_BLACK_BACK.webp,rb966ls-product-rb966ls-womens-aria-fluted-sleeve-blouse-black-back,https://notanother-nz.github.io/total-image-product-assets/assets/RB966LS_WOMEN'S_ARIA_FLUTED_SLEEVE_BLOUSE/webp/product/RB966LS_WOMEN'S_ARIA_FLUTED_SLEEVE_BLOUSE_BLACK_BACK.webp,womens-aria-fluted-sleeve-blouse-rb966ls,black,9
Women's Aria Fluted Sleeve Blouse — RB966LS_WOMEN'S_ARIA_FLUTED_SLEEVE_BLOUSE_NAVY_BACK.webp,rb966ls-product-rb966ls-womens-aria-fluted-sleeve-blouse-navy-back,https://notanother-nz.github.io/total-image-product-assets/assets/RB966LS_WOMEN'S_ARIA_FLUTED_SLEEVE_BLOUSE/webp/product/RB966LS_WOMEN'S_ARIA_FLUTED_SLEEVE_BLOUSE_NAVY_BACK.webp,womens-aria-fluted-sleeve-blouse-rb966ls,navy,10
Women's Aria Fluted Sleeve Blouse — RB966LS_WOMEN'S_ARIA_FLUTED_SLEEVE_BLOUSE_RASPBERRY_BACK.webp,rb966ls-product-rb966ls-womens-aria-fluted-sleeve-blouse-raspberry-back,https://notanother-nz.github.io/total-image-product-assets/assets/RB966LS_WOMEN'S_ARIA_FLUTED_SLEEVE_BLOUSE/webp/product/RB966LS_WOMEN'S_ARIA_FLUTED_SLEEVE_BLOUSE_RASPBERRY_BACK.webp,womens-aria-fluted-sleeve-blouse-rb966ls,raspberry,11
Women's Aria Fluted Sleeve Blouse — RB966LS_WOMEN'S_ARIA_FLUTED_SLEEVE_BLOUSE_STORM_BLUE_BACK.webp,rb966ls-product-rb966ls-womens-aria-fluted-sleeve-blouse-storm-blue-back,https://notanother-nz.github.io/total-image-product-assets/assets/RB966LS_WOMEN'S_ARIA_FLUTED_SLEEVE_BLOUSE/webp/product/RB966LS_WOMEN'S_ARIA_FLUTED_SLEEVE_BLOUSE_STORM_BLUE_BACK.webp,womens-aria-fluted-sleeve-blouse-rb966ls,storm-blue,12
Women's Kayla V-Neck Pleat Blouse — RB967LS_WOMEN'S_KAYLA_V-NECK_PLEAT_BLOUSE_NAVY_HERO_FRONT.webp,rb967ls-model-rb967ls-womens-kayla-v-neck-pleat-blouse-navy-hero-front,https://notanother-nz.github.io/total-image-product-assets/assets/RB967LS_WOMEN'S_KAYLA_V-NECK_PLEAT_BLOUSE/webp/model/RB967LS_WOMEN'S_KAYLA_V-NECK_PLEAT_BLOUSE_NAVY_HERO_FRONT.webp,womens-kayla-v-neck-pleat-blouse-rb967ls,navy,1
Women's Kayla V-Neck Pleat Blouse — RB967LS_WOMEN'S_KAYLA_V-NECK_PLEAT_BLOUSE_NAVY_HERO_BACK.webp,rb967ls-model-rb967ls-womens-kayla-v-neck-pleat-blouse-navy-hero-back,https://notanother-nz.github.io/total-image-product-assets/assets/RB967LS_WOMEN'S_KAYLA_V-NECK_PLEAT_BLOUSE/webp/model/RB967LS_WOMEN'S_KAYLA_V-NECK_PLEAT_BLOUSE_NAVY_HERO_BACK.webp,womens-kayla-v-neck-pleat-blouse-rb967ls,navy,2
Women's Kayla V-Neck Pleat Blouse — RB967LS_WOMEN'S_KAYLA_V-NECK_PLEAT_BLOUSE_NAVY_HERO_CLOSEUP.webp,rb967ls-model-rb967ls-womens-kayla-v-neck-pleat-blouse-navy-hero-closeup,https://notanother-nz.github.io/total-image-product-assets/assets/RB967LS_WOMEN'S_KAYLA_V-NECK_PLEAT_BLOUSE/webp/model/RB967LS_WOMEN'S_KAYLA_V-NECK_PLEAT_BLOUSE_NAVY_HERO_CLOSEUP.webp,womens-kayla-v-neck-pleat-blouse-rb967ls,navy,3
Women's Kayla V-Neck Pleat Blouse — RB967LS_WOMEN'S_KAYLA_V-NECK_PLEAT_BLOUSE_NAVY_HERO_SIDE.webp,rb967ls-model-rb967ls-womens-kayla-v-neck-pleat-blouse-navy-hero-side,https://notanother-nz.github.io/total-image-product-assets/assets/RB967LS_WOMEN'S_KAYLA_V-NECK_PLEAT_BLOUSE/webp/model/RB967LS_WOMEN'S_KAYLA_V-NECK_PLEAT_BLOUSE_NAVY_HERO_SIDE.webp,womens-kayla-v-neck-pleat-blouse-rb967ls,navy,4
Women's Kayla V-Neck Pleat Blouse — RB967LS_WOMEN'S_KAYLA_V-NECK_PLEAT_BLOUSE_AQUA_FRONT.webp,rb967ls-product-rb967ls-womens-kayla-v-neck-pleat-blouse-aqua-front,https://notanother-nz.github.io/total-image-product-assets/assets/RB967LS_WOMEN'S_KAYLA_V-NECK_PLEAT_BLOUSE/webp/product/RB967LS_WOMEN'S_KAYLA_V-NECK_PLEAT_BLOUSE_AQUA_FRONT.webp,womens-kayla-v-neck-pleat-blouse-rb967ls,aqua,5
Women's Kayla V-Neck Pleat Blouse — RB967LS_WOMEN'S_KAYLA_V-NECK_PLEAT_BLOUSE_BLACK_FRONT.webp,rb967ls-product-rb967ls-womens-kayla-v-neck-pleat-blouse-black-front,https://notanother-nz.github.io/total-image-product-assets/assets/RB967LS_WOMEN'S_KAYLA_V-NECK_PLEAT_BLOUSE/webp/product/RB967LS_WOMEN'S_KAYLA_V-NECK_PLEAT_BLOUSE_BLACK_FRONT.webp,womens-kayla-v-neck-pleat-blouse-rb967ls,black,6
Women's Kayla V-Neck Pleat Blouse — RB967LS_WOMEN'S_KAYLA_V-NECK_PLEAT_BLOUSE_DUSTY_ROSE_FRONT.webp,rb967ls-product-rb967ls-womens-kayla-v-neck-pleat-blouse-dusty-rose-front,https://notanother-nz.github.io/total-image-product-assets/assets/RB967LS_WOMEN'S_KAYLA_V-NECK_PLEAT_BLOUSE/webp/product/RB967LS_WOMEN'S_KAYLA_V-NECK_PLEAT_BLOUSE_DUSTY_ROSE_FRONT.webp,womens-kayla-v-neck-pleat-blouse-rb967ls,dusty-rose,7
Women's Kayla V-Neck Pleat Blouse — RB967LS_WOMEN'S_KAYLA_V-NECK_PLEAT_BLOUSE_NAVY_FRONT.webp,rb967ls-product-rb967ls-womens-kayla-v-neck-pleat-blouse-navy-front,https://notanother-nz.github.io/total-image-product-assets/assets/RB967LS_WOMEN'S_KAYLA_V-NECK_PLEAT_BLOUSE/webp/product/RB967LS_WOMEN'S_KAYLA_V-NECK_PLEAT_BLOUSE_NAVY_FRONT.webp,womens-kayla-v-neck-pleat-blouse-rb967ls,navy,8
Women's Kayla V-Neck Pleat Blouse — RB967LS_WOMEN'S_KAYLA_V-NECK_PLEAT_BLOUSE_RASPBERRY_FRONT.webp,rb967ls-product-rb967ls-womens-kayla-v-neck-pleat-blouse-raspberry-front,https://notanother-nz.github.io/total-image-product-assets/assets/RB967LS_WOMEN'S_KAYLA_V-NECK_PLEAT_BLOUSE/webp/product/RB967LS_WOMEN'S_KAYLA_V-NECK_PLEAT_BLOUSE_RASPBERRY_FRONT.webp,womens-kayla-v-neck-pleat-blouse-rb967ls,raspberry,9
Women's Kayla V-Neck Pleat Blouse — RB967LS_WOMEN'S_KAYLA_V-NECK_PLEAT_BLOUSE_SILVER_FRONT.webp,rb967ls-product-rb967ls-womens-kayla-v-neck-pleat-blouse-silver-front,https://notanother-nz.github.io/total-image-product-assets/assets/RB967LS_WOMEN'S_KAYLA_V-NECK_PLEAT_BLOUSE/webp/product/RB967LS_WOMEN'S_KAYLA_V-NECK_PLEAT_BLOUSE_SILVER_FRONT.webp,womens-kayla-v-neck-pleat-blouse-rb967ls,silver,10
Women's Kayla V-Neck Pleat Blouse — RB967LS_WOMEN'S_KAYLA_V-NECK_PLEAT_BLOUSE_AQUA_BACK.webp,rb967ls-product-rb967ls-womens-kayla-v-neck-pleat-blouse-aqua-back,https://notanother-nz.github.io/total-image-product-assets/assets/RB967LS_WOMEN'S_KAYLA_V-NECK_PLEAT_BLOUSE/webp/product/RB967LS_WOMEN'S_KAYLA_V-NECK_PLEAT_BLOUSE_AQUA_BACK.webp,womens-kayla-v-neck-pleat-blouse-rb967ls,aqua,11
Women's Kayla V-Neck Pleat Blouse — RB967LS_WOMEN'S_KAYLA_V-NECK_PLEAT_BLOUSE_BLACK_BACK.webp,rb967ls-product-rb967ls-womens-kayla-v-neck-pleat-blouse-black-back,https://notanother-nz.github.io/total-image-product-assets/assets/RB967LS_WOMEN'S_KAYLA_V-NECK_PLEAT_BLOUSE/webp/product/RB967LS_WOMEN'S_KAYLA_V-NECK_PLEAT_BLOUSE_BLACK_BACK.webp,womens-kayla-v-neck-pleat-blouse-rb967ls,black,12
Women's Kayla V-Neck Pleat Blouse — RB967LS_WOMEN'S_KAYLA_V-NECK_PLEAT_BLOUSE_DUSTY_ROSE_BACK.webp,rb967ls-product-rb967ls-womens-kayla-v-neck-pleat-blouse-dusty-rose-back,https://notanother-nz.github.io/total-image-product-assets/assets/RB967LS_WOMEN'S_KAYLA_V-NECK_PLEAT_BLOUSE/webp/product/RB967LS_WOMEN'S_KAYLA_V-NECK_PLEAT_BLOUSE_DUSTY_ROSE_BACK.webp,womens-kayla-v-neck-pleat-blouse-rb967ls,dusty-rose,13
Women's Kayla V-Neck Pleat Blouse — RB967LS_WOMEN'S_KAYLA_V-NECK_PLEAT_BLOUSE_NAVY_BACK.webp,rb967ls-product-rb967ls-womens-kayla-v-neck-pleat-blouse-navy-back,https://notanother-nz.github.io/total-image-product-assets/assets/RB967LS_WOMEN'S_KAYLA_V-NECK_PLEAT_BLOUSE/webp/product/RB967LS_WOMEN'S_KAYLA_V-NECK_PLEAT_BLOUSE_NAVY_BACK.webp,womens-kayla-v-neck-pleat-blouse-rb967ls,navy,14
Women's Kayla V-Neck Pleat Blouse — RB967LS_WOMEN'S_KAYLA_V-NECK_PLEAT_BLOUSE_RASPBERRY_BACK.webp,rb967ls-product-rb967ls-womens-kayla-v-neck-pleat-blouse-raspberry-back,https://notanother-nz.github.io/total-image-product-assets/assets/RB967LS_WOMEN'S_KAYLA_V-NECK_PLEAT_BLOUSE/webp/product/RB967LS_WOMEN'S_KAYLA_V-NECK_PLEAT_BLOUSE_RASPBERRY_BACK.webp,womens-kayla-v-neck-pleat-blouse-rb967ls,raspberry,15
Women's Kayla V-Neck Pleat Blouse — RB967LS_WOMEN'S_KAYLA_V-NECK_PLEAT_BLOUSE_SILVER_BACK.webp,rb967ls-product-rb967ls-womens-kayla-v-neck-pleat-blouse-silver-back,https://notanother-nz.github.io/total-image-product-assets/assets/RB967LS_WOMEN'S_KAYLA_V-NECK_PLEAT_BLOUSE/webp/product/RB967LS_WOMEN'S_KAYLA_V-NECK_PLEAT_BLOUSE_SILVER_BACK.webp,womens-kayla-v-neck-pleat-blouse-rb967ls,silver,16
Women's Estelle Pleat Blouse — RB973LN_WOMEN'S_ESTELLE_PLEAT_BLOUSE_SILVER_HERO_FRONT.webp,rb973ln-model-rb973ln-womens-estelle-pleat-blouse-silver-hero-front,https://notanother-nz.github.io/total-image-product-assets/assets/RB973LN_WOMEN'S_ESTELLE_PLEAT_BLOUSE/webp/model/RB973LN_WOMEN'S_ESTELLE_PLEAT_BLOUSE_SILVER_HERO_FRONT.webp,womens-estelle-pleat-blouse-rb973ln,silver,1
Women's Estelle Pleat Blouse — RB973LN_WOMEN'S_ESTELLE_PLEAT_BLOUSE_SILVER_HERO_BACK.webp,rb973ln-model-rb973ln-womens-estelle-pleat-blouse-silver-hero-back,https://notanother-nz.github.io/total-image-product-assets/assets/RB973LN_WOMEN'S_ESTELLE_PLEAT_BLOUSE/webp/model/RB973LN_WOMEN'S_ESTELLE_PLEAT_BLOUSE_SILVER_HERO_BACK.webp,womens-estelle-pleat-blouse-rb973ln,silver,2
Women's Estelle Pleat Blouse — RB973LN_WOMEN'S_ESTELLE_PLEAT_BLOUSE_SILVER_HERO_CLOSEUP.webp,rb973ln-model-rb973ln-womens-estelle-pleat-blouse-silver-hero-closeup,https://notanother-nz.github.io/total-image-product-assets/assets/RB973LN_WOMEN'S_ESTELLE_PLEAT_BLOUSE/webp/model/RB973LN_WOMEN'S_ESTELLE_PLEAT_BLOUSE_SILVER_HERO_CLOSEUP.webp,womens-estelle-pleat-blouse-rb973ln,silver,3
Women's Estelle Pleat Blouse — RB973LN_WOMEN'S_ESTELLE_PLEAT_BLOUSE_SILVER_HERO_SIDE.webp,rb973ln-model-rb973ln-womens-estelle-pleat-blouse-silver-hero-side,https://notanother-nz.github.io/total-image-product-assets/assets/RB973LN_WOMEN'S_ESTELLE_PLEAT_BLOUSE/webp/model/RB973LN_WOMEN'S_ESTELLE_PLEAT_BLOUSE_SILVER_HERO_SIDE.webp,womens-estelle-pleat-blouse-rb973ln,silver,4
Women's Estelle Pleat Blouse — RB973LN.webp,rb973ln-model-rb973ln,https://notanother-nz.github.io/total-image-product-assets/assets/RB973LN_WOMEN'S_ESTELLE_PLEAT_BLOUSE/webp/model/RB973LN.webp,womens-estelle-pleat-blouse-rb973ln,,5
Women's Estelle Pleat Blouse — RB973LN_WOMEN'S_ESTELLE_PLEAT_BLOUSE_AQUA_FRONT.webp,rb973ln-product-rb973ln-womens-estelle-pleat-blouse-aqua-front,https://notanother-nz.github.io/total-image-product-assets/assets/RB973LN_WOMEN'S_ESTELLE_PLEAT_BLOUSE/webp/product/RB973LN_WOMEN'S_ESTELLE_PLEAT_BLOUSE_AQUA_FRONT.webp,womens-estelle-pleat-blouse-rb973ln,aqua,6
Women's Estelle Pleat Blouse — RB973LN_WOMEN'S_ESTELLE_PLEAT_BLOUSE_BLACK_FRONT.webp,rb973ln-product-rb973ln-womens-estelle-pleat-blouse-black-front,https://notanother-nz.github.io/total-image-product-assets/assets/RB973LN_WOMEN'S_ESTELLE_PLEAT_BLOUSE/webp/product/RB973LN_WOMEN'S_ESTELLE_PLEAT_BLOUSE_BLACK_FRONT.webp,womens-estelle-pleat-blouse-rb973ln,black,7
Women's Estelle Pleat Blouse — RB973LN_WOMEN'S_ESTELLE_PLEAT_BLOUSE_DUSTY_ROSE_FRONT.webp,rb973ln-product-rb973ln-womens-estelle-pleat-blouse-dusty-rose-front,https://notanother-nz.github.io/total-image-product-assets/assets/RB973LN_WOMEN'S_ESTELLE_PLEAT_BLOUSE/webp/product/RB973LN_WOMEN'S_ESTELLE_PLEAT_BLOUSE_DUSTY_ROSE_FRONT.webp,womens-estelle-pleat-blouse-rb973ln,dusty-rose,8
Women's Estelle Pleat Blouse — RB973LN_WOMEN'S_ESTELLE_PLEAT_BLOUSE_NAVY_FRONT.webp,rb973ln-product-rb973ln-womens-estelle-pleat-blouse-navy-front,https://notanother-nz.github.io/total-image-product-assets/assets/RB973LN_WOMEN'S_ESTELLE_PLEAT_BLOUSE/webp/product/RB973LN_WOMEN'S_ESTELLE_PLEAT_BLOUSE_NAVY_FRONT.webp,womens-estelle-pleat-blouse-rb973ln,navy,9
Women's Estelle Pleat Blouse — RB973LN_WOMEN'S_ESTELLE_PLEAT_BLOUSE_RASPBERRY_FRONT.webp,rb973ln-product-rb973ln-womens-estelle-pleat-blouse-raspberry-front,https://notanother-nz.github.io/total-image-product-assets/assets/RB973LN_WOMEN'S_ESTELLE_PLEAT_BLOUSE/webp/product/RB973LN_WOMEN'S_ESTELLE_PLEAT_BLOUSE_RASPBERRY_FRONT.webp,womens-estelle-pleat-blouse-rb973ln,raspberry,10
Women's Estelle Pleat Blouse — RB973LN_WOMEN'S_ESTELLE_PLEAT_BLOUSE_SILVER_FRONT.webp,rb973ln-product-rb973ln-womens-estelle-pleat-blouse-silver-front,https://notanother-nz.github.io/total-image-product-assets/assets/RB973LN_WOMEN'S_ESTELLE_PLEAT_BLOUSE/webp/product/RB973LN_WOMEN'S_ESTELLE_PLEAT_BLOUSE_SILVER_FRONT.webp,womens-estelle-pleat-blouse-rb973ln,silver,11
Women's Estelle Pleat Blouse — RB973LN_WOMEN'S_ESTELLE_PLEAT_BLOUSE_AQUA_BACK.webp,rb973ln-product-rb973ln-womens-estelle-pleat-blouse-aqua-back,https://notanother-nz.github.io/total-image-product-assets/assets/RB973LN_WOMEN'S_ESTELLE_PLEAT_BLOUSE/webp/product/RB973LN_WOMEN'S_ESTELLE_PLEAT_BLOUSE_AQUA_BACK.webp,womens-estelle-pleat-blouse-rb973ln,aqua,12
Women's Estelle Pleat Blouse — RB973LN_WOMEN'S_ESTELLE_PLEAT_BLOUSE_BLACK_BACK.webp,rb973ln-product-rb973ln-womens-estelle-pleat-blouse-black-back,https://notanother-nz.github.io/total-image-product-assets/assets/RB973LN_WOMEN'S_ESTELLE_PLEAT_BLOUSE/webp/product/RB973LN_WOMEN'S_ESTELLE_PLEAT_BLOUSE_BLACK_BACK.webp,womens-estelle-pleat-blouse-rb973ln,black,13
Women's Estelle Pleat Blouse — RB973LN_WOMEN'S_ESTELLE_PLEAT_BLOUSE_DUSTY_ROSE_BACK.webp,rb973ln-product-rb973ln-womens-estelle-pleat-blouse-dusty-rose-back,https://notanother-nz.github.io/total-image-product-assets/assets/RB973LN_WOMEN'S_ESTELLE_PLEAT_BLOUSE/webp/product/RB973LN_WOMEN'S_ESTELLE_PLEAT_BLOUSE_DUSTY_ROSE_BACK.webp,womens-estelle-pleat-blouse-rb973ln,dusty-rose,14
Women's Estelle Pleat Blouse — RB973LN_WOMEN'S_ESTELLE_PLEAT_BLOUSE_NAVY_BACK.webp,rb973ln-product-rb973ln-womens-estelle-pleat-blouse-navy-back,https://notanother-nz.github.io/total-image-product-assets/assets/RB973LN_WOMEN'S_ESTELLE_PLEAT_BLOUSE/webp/product/RB973LN_WOMEN'S_ESTELLE_PLEAT_BLOUSE_NAVY_BACK.webp,womens-estelle-pleat-blouse-rb973ln,navy,15
Women's Estelle Pleat Blouse — RB973LN_WOMEN'S_ESTELLE_PLEAT_BLOUSE_RASPBERRY_BACK.webp,rb973ln-product-rb973ln-womens-estelle-pleat-blouse-raspberry-back,https://notanother-nz.github.io/total-image-product-assets/assets/RB973LN_WOMEN'S_ESTELLE_PLEAT_BLOUSE/webp/product/RB973LN_WOMEN'S_ESTELLE_PLEAT_BLOUSE_RASPBERRY_BACK.webp,womens-estelle-pleat-blouse-rb973ln,raspberry,16
Women's Estelle Pleat Blouse — RB973LN_WOMEN'S_ESTELLE_PLEAT_BLOUSE_SILVER_BACK.webp,rb973ln-product-rb973ln-womens-estelle-pleat-blouse-silver-back,https://notanother-nz.github.io/total-image-product-assets/assets/RB973LN_WOMEN'S_ESTELLE_PLEAT_BLOUSE/webp/product/RB973LN_WOMEN'S_ESTELLE_PLEAT_BLOUSE_SILVER_BACK.webp,womens-estelle-pleat-blouse-rb973ln,silver,17
Renew Women's Short Sleeve Dress — RENEW_WOMEN'S_SHORT_SLEEVE_DRESS_NAVY_DUSK_HERO_FRONT.webp,rd409l-model-renew-womens-short-sleeve-dress-navy-dusk-hero-front,https://notanother-nz.github.io/total-image-product-assets/assets/RD409L_RENEW_WOMEN'S_SHORT_SLEEVE_DRESS/webp/model/RENEW_WOMEN'S_SHORT_SLEEVE_DRESS_NAVY_DUSK_HERO_FRONT.webp,renew-womens-short-sleeve-dress-rd409l,navy-dusk,1
Renew Women's Short Sleeve Dress — RENEW_WOMEN'S_SHORT_SLEEVE_DRESS_NAVY_DUSK_HERO_BACK.webp,rd409l-model-renew-womens-short-sleeve-dress-navy-dusk-hero-back,https://notanother-nz.github.io/total-image-product-assets/assets/RD409L_RENEW_WOMEN'S_SHORT_SLEEVE_DRESS/webp/model/RENEW_WOMEN'S_SHORT_SLEEVE_DRESS_NAVY_DUSK_HERO_BACK.webp,renew-womens-short-sleeve-dress-rd409l,navy-dusk,2
Renew Women's Short Sleeve Dress — RENEW_WOMEN'S_SHORT_SLEEVE_DRESS_NAVY_DUSK_HERO_CLOSEUP.webp,rd409l-model-renew-womens-short-sleeve-dress-navy-dusk-hero-closeup,https://notanother-nz.github.io/total-image-product-assets/assets/RD409L_RENEW_WOMEN'S_SHORT_SLEEVE_DRESS/webp/model/RENEW_WOMEN'S_SHORT_SLEEVE_DRESS_NAVY_DUSK_HERO_CLOSEUP.webp,renew-womens-short-sleeve-dress-rd409l,navy-dusk,3
Renew Women's Short Sleeve Dress — RENEW_WOMEN'S_SHORT_SLEEVE_DRESS_NAVY_DUSK_HERO_SIDE.webp,rd409l-model-renew-womens-short-sleeve-dress-navy-dusk-hero-side,https://notanother-nz.github.io/total-image-product-assets/assets/RD409L_RENEW_WOMEN'S_SHORT_SLEEVE_DRESS/webp/model/RENEW_WOMEN'S_SHORT_SLEEVE_DRESS_NAVY_DUSK_HERO_SIDE.webp,renew-womens-short-sleeve-dress-rd409l,navy-dusk,4
Renew Women's Short Sleeve Dress — RENEW_WOMEN'S_SHORT_SLEEVE_DRESS_NAVY_DUSK_FRONT.webp,rd409l-product-renew-womens-short-sleeve-dress-navy-dusk-front,https://notanother-nz.github.io/total-image-product-assets/assets/RD409L_RENEW_WOMEN'S_SHORT_SLEEVE_DRESS/webp/product/RENEW_WOMEN'S_SHORT_SLEEVE_DRESS_NAVY_DUSK_FRONT.webp,renew-womens-short-sleeve-dress-rd409l,navy-dusk,5
Renew Women's Short Sleeve Dress — RENEW_WOMEN'S_SHORT_SLEEVE_DRESS_PENCIL_BLACK_FRONT.webp,rd409l-product-renew-womens-short-sleeve-dress-pencil-black-front,https://notanother-nz.github.io/total-image-product-assets/assets/RD409L_RENEW_WOMEN'S_SHORT_SLEEVE_DRESS/webp/product/RENEW_WOMEN'S_SHORT_SLEEVE_DRESS_PENCIL_BLACK_FRONT.webp,renew-womens-short-sleeve-dress-rd409l,pencil-black,6
Renew Women's Short Sleeve Dress — RENEW_WOMEN'S_SHORT_SLEEVE_DRESS_NAVY_DUSK_BACK.webp,rd409l-product-renew-womens-short-sleeve-dress-navy-dusk-back,https://notanother-nz.github.io/total-image-product-assets/assets/RD409L_RENEW_WOMEN'S_SHORT_SLEEVE_DRESS/webp/product/RENEW_WOMEN'S_SHORT_SLEEVE_DRESS_NAVY_DUSK_BACK.webp,renew-womens-short-sleeve-dress-rd409l,navy-dusk,7
Renew Women's Short Sleeve Dress — RENEW_WOMEN'S_SHORT_SLEEVE_DRESS_PENCIL_BLACK_BACK.webp,rd409l-product-renew-womens-short-sleeve-dress-pencil-black-back,https://notanother-nz.github.io/total-image-product-assets/assets/RD409L_RENEW_WOMEN'S_SHORT_SLEEVE_DRESS/webp/product/RENEW_WOMEN'S_SHORT_SLEEVE_DRESS_PENCIL_BLACK_BACK.webp,renew-womens-short-sleeve-dress-rd409l,pencil-black,8
Traveller Women's Slim Leg Chino — RGP263L_TRAVELLER_WOMEN'S_SLIM_LEG_CHINO_NAVY_HERO_FRONT.webp,rgp263l-model-rgp263l-traveller-womens-slim-leg-chino-navy-hero-front,https://notanother-nz.github.io/total-image-product-assets/assets/RGP263L_TRAVELLER_WOMEN'S_SLIM_LEG_CHINO/webp/model/RGP263L_TRAVELLER_WOMEN'S_SLIM_LEG_CHINO_NAVY_HERO_FRONT.webp,traveller-womens-slim-leg-chino-rgp263l,navy,1
Traveller Women's Slim Leg Chino — RGP263L_TRAVELLER_WOMEN'S_SLIM_LEG_CHINO_NAVY_PLUS_HERO_FRONT.webp,rgp263l-model-rgp263l-traveller-womens-slim-leg-chino-navy-plus-hero-front,https://notanother-nz.github.io/total-image-product-assets/assets/RGP263L_TRAVELLER_WOMEN'S_SLIM_LEG_CHINO/webp/model/RGP263L_TRAVELLER_WOMEN'S_SLIM_LEG_CHINO_NAVY_PLUS_HERO_FRONT.webp,traveller-womens-slim-leg-chino-rgp263l,navy,2
Traveller Women's Slim Leg Chino — RGP263L_TRAVELLER_WOMENS_SLIM_LEG_CHINO_BLACK_PLUS_SIZE_HERO_FRONT.webp,rgp263l-model-rgp263l-traveller-womens-slim-leg-chino-black-plus-size-hero-front,https://notanother-nz.github.io/total-image-product-assets/assets/RGP263L_TRAVELLER_WOMEN'S_SLIM_LEG_CHINO/webp/model/RGP263L_TRAVELLER_WOMENS_SLIM_LEG_CHINO_BLACK_PLUS_SIZE_HERO_FRONT.webp,traveller-womens-slim-leg-chino-rgp263l,black,3
Traveller Women's Slim Leg Chino — RGP263L_Traveller_Womens_Slim_Leg_Chino_HERO_FRONT.webp,rgp263l-model-rgp263l-traveller-womens-slim-leg-chino-hero-front,https://notanother-nz.github.io/total-image-product-assets/assets/RGP263L_TRAVELLER_WOMEN'S_SLIM_LEG_CHINO/webp/model/RGP263L_Traveller_Womens_Slim_Leg_Chino_HERO_FRONT.webp,traveller-womens-slim-leg-chino-rgp263l,,4
Traveller Women's Slim Leg Chino — TRAVELLER_WOMEN'S_SLIM_LEG_CHINO_NAVY_HERO_FRONT.webp,rgp263l-model-traveller-womens-slim-leg-chino-navy-hero-front,https://notanother-nz.github.io/total-image-product-assets/assets/RGP263L_TRAVELLER_WOMEN'S_SLIM_LEG_CHINO/webp/model/TRAVELLER_WOMEN'S_SLIM_LEG_CHINO_NAVY_HERO_FRONT.webp,traveller-womens-slim-leg-chino-rgp263l,navy,5
Traveller Women's Slim Leg Chino — RGP263L_TRAVELLER_WOMEN'S_SLIM_LEG_CHINO_NAVY_HERO_BACK.webp,rgp263l-model-rgp263l-traveller-womens-slim-leg-chino-navy-hero-back,https://notanother-nz.github.io/total-image-product-assets/assets/RGP263L_TRAVELLER_WOMEN'S_SLIM_LEG_CHINO/webp/model/RGP263L_TRAVELLER_WOMEN'S_SLIM_LEG_CHINO_NAVY_HERO_BACK.webp,traveller-womens-slim-leg-chino-rgp263l,navy,6
Traveller Women's Slim Leg Chino — RGP263L_TRAVELLER_WOMEN'S_SLIM_LEG_CHINO_NAVY_PLUS_HERO_BACK.webp,rgp263l-model-rgp263l-traveller-womens-slim-leg-chino-navy-plus-hero-back,https://notanother-nz.github.io/total-image-product-assets/assets/RGP263L_TRAVELLER_WOMEN'S_SLIM_LEG_CHINO/webp/model/RGP263L_TRAVELLER_WOMEN'S_SLIM_LEG_CHINO_NAVY_PLUS_HERO_BACK.webp,traveller-womens-slim-leg-chino-rgp263l,navy,7
Traveller Women's Slim Leg Chino — RGP263L_TRAVELLER_WOMENS_SLIM_LEG_CHINO_BLACK_PLUS_SIZE_HERO_BACK.webp,rgp263l-model-rgp263l-traveller-womens-slim-leg-chino-black-plus-size-hero-back,https://notanother-nz.github.io/total-image-product-assets/assets/RGP263L_TRAVELLER_WOMEN'S_SLIM_LEG_CHINO/webp/model/RGP263L_TRAVELLER_WOMENS_SLIM_LEG_CHINO_BLACK_PLUS_SIZE_HERO_BACK.webp,traveller-womens-slim-leg-chino-rgp263l,black,8
Traveller Women's Slim Leg Chino — RGP263L_Traveller_Womens_Slim_Leg_Chino_HERO_BACK.webp,rgp263l-model-rgp263l-traveller-womens-slim-leg-chino-hero-back,https://notanother-nz.github.io/total-image-product-assets/assets/RGP263L_TRAVELLER_WOMEN'S_SLIM_LEG_CHINO/webp/model/RGP263L_Traveller_Womens_Slim_Leg_Chino_HERO_BACK.webp,traveller-womens-slim-leg-chino-rgp263l,,9
Traveller Women's Slim Leg Chino — TRAVELLER_WOMEN'S_SLIM_LEG_CHINO_NAVY_HERO_BACK.webp,rgp263l-model-traveller-womens-slim-leg-chino-navy-hero-back,https://notanother-nz.github.io/total-image-product-assets/assets/RGP263L_TRAVELLER_WOMEN'S_SLIM_LEG_CHINO/webp/model/TRAVELLER_WOMEN'S_SLIM_LEG_CHINO_NAVY_HERO_BACK.webp,traveller-womens-slim-leg-chino-rgp263l,navy,10
Traveller Women's Slim Leg Chino — RGP263L_TRAVELLER_WOMEN'S_SLIM_LEG_CHINO_NAVY_HERO_CLOSEUP.webp,rgp263l-model-rgp263l-traveller-womens-slim-leg-chino-navy-hero-closeup,https://notanother-nz.github.io/total-image-product-assets/assets/RGP263L_TRAVELLER_WOMEN'S_SLIM_LEG_CHINO/webp/model/RGP263L_TRAVELLER_WOMEN'S_SLIM_LEG_CHINO_NAVY_HERO_CLOSEUP.webp,traveller-womens-slim-leg-chino-rgp263l,navy,11
Traveller Women's Slim Leg Chino — RGP263L_TRAVELLER_WOMENS_SLIM_LEG_CHINO_BLACK_PLUS_SIZE_HERO_CLOSEUP.webp,rgp263l-model-rgp263l-traveller-womens-slim-leg-chino-black-plus-size-hero-closeup,https://notanother-nz.github.io/total-image-product-assets/assets/RGP263L_TRAVELLER_WOMEN'S_SLIM_LEG_CHINO/webp/model/RGP263L_TRAVELLER_WOMENS_SLIM_LEG_CHINO_BLACK_PLUS_SIZE_HERO_CLOSEUP.webp,traveller-womens-slim-leg-chino-rgp263l,black,12
Traveller Women's Slim Leg Chino — TRAVELLER_WOMEN'S_SLIM_LEG_CHINO_NAVY_HERO_CLOSEUP.webp,rgp263l-model-traveller-womens-slim-leg-chino-navy-hero-closeup,https://notanother-nz.github.io/total-image-product-assets/assets/RGP263L_TRAVELLER_WOMEN'S_SLIM_LEG_CHINO/webp/model/TRAVELLER_WOMEN'S_SLIM_LEG_CHINO_NAVY_HERO_CLOSEUP.webp,traveller-womens-slim-leg-chino-rgp263l,navy,13
Traveller Women's Slim Leg Chino — RGP263L_TRAVELLER_WOMEN'S_SLIM_LEG_CHINO_NAVY_HERO_SIDE.webp,rgp263l-model-rgp263l-traveller-womens-slim-leg-chino-navy-hero-side,https://notanother-nz.github.io/total-image-product-assets/assets/RGP263L_TRAVELLER_WOMEN'S_SLIM_LEG_CHINO/webp/model/RGP263L_TRAVELLER_WOMEN'S_SLIM_LEG_CHINO_NAVY_HERO_SIDE.webp,traveller-womens-slim-leg-chino-rgp263l,navy,14
Traveller Women's Slim Leg Chino — RGP263L_TRAVELLER_WOMEN'S_SLIM_LEG_CHINO_NAVY_PLUS_HERO_SIDE.webp,rgp263l-model-rgp263l-traveller-womens-slim-leg-chino-navy-plus-hero-side,https://notanother-nz.github.io/total-image-product-assets/assets/RGP263L_TRAVELLER_WOMEN'S_SLIM_LEG_CHINO/webp/model/RGP263L_TRAVELLER_WOMEN'S_SLIM_LEG_CHINO_NAVY_PLUS_HERO_SIDE.webp,traveller-womens-slim-leg-chino-rgp263l,navy,15
Traveller Women's Slim Leg Chino — RGP263L_TRAVELLER_WOMENS_SLIM_LEG_CHINO_BLACK_PLUS_SIZE_HERO_SIDE.webp,rgp263l-model-rgp263l-traveller-womens-slim-leg-chino-black-plus-size-hero-side,https://notanother-nz.github.io/total-image-product-assets/assets/RGP263L_TRAVELLER_WOMEN'S_SLIM_LEG_CHINO/webp/model/RGP263L_TRAVELLER_WOMENS_SLIM_LEG_CHINO_BLACK_PLUS_SIZE_HERO_SIDE.webp,traveller-womens-slim-leg-chino-rgp263l,black,16
Traveller Women's Slim Leg Chino — RGP263L_Traveller_Womens_Slim_Leg_Chino_HERO_SIDE.webp,rgp263l-model-rgp263l-traveller-womens-slim-leg-chino-hero-side,https://notanother-nz.github.io/total-image-product-assets/assets/RGP263L_TRAVELLER_WOMEN'S_SLIM_LEG_CHINO/webp/model/RGP263L_Traveller_Womens_Slim_Leg_Chino_HERO_SIDE.webp,traveller-womens-slim-leg-chino-rgp263l,,17
Traveller Women's Slim Leg Chino — TRAVELLER_WOMEN'S_SLIM_LEG_CHINO_NAVY_HERO_SIDE.webp,rgp263l-model-traveller-womens-slim-leg-chino-navy-hero-side,https://notanother-nz.github.io/total-image-product-assets/assets/RGP263L_TRAVELLER_WOMEN'S_SLIM_LEG_CHINO/webp/model/TRAVELLER_WOMEN'S_SLIM_LEG_CHINO_NAVY_HERO_SIDE.webp,traveller-womens-slim-leg-chino-rgp263l,navy,18
Traveller Women's Slim Leg Chino — RGP263L_TRAVELLER_WOMEN'S_SLIM_LEG_CHINO_NAVY_PLUS_HERO_CLSOEUP.webp,rgp263l-model-rgp263l-traveller-womens-slim-leg-chino-navy-plus-hero-clsoeup,https://notanother-nz.github.io/total-image-product-assets/assets/RGP263L_TRAVELLER_WOMEN'S_SLIM_LEG_CHINO/webp/model/RGP263L_TRAVELLER_WOMEN'S_SLIM_LEG_CHINO_NAVY_PLUS_HERO_CLSOEUP.webp,traveller-womens-slim-leg-chino-rgp263l,navy,19
Traveller Women's Slim Leg Chino — RGP263L_TRAVELLER_WOMEN'S_SLIM_LEG_CHINO_BLACK_FRONT.webp,rgp263l-product-rgp263l-traveller-womens-slim-leg-chino-black-front,https://notanother-nz.github.io/total-image-product-assets/assets/RGP263L_TRAVELLER_WOMEN'S_SLIM_LEG_CHINO/webp/product/RGP263L_TRAVELLER_WOMEN'S_SLIM_LEG_CHINO_BLACK_FRONT.webp,traveller-womens-slim-leg-chino-rgp263l,black,20
Traveller Women's Slim Leg Chino — RGP263L_TRAVELLER_WOMEN'S_SLIM_LEG_CHINO_DESERT_FRONT.webp,rgp263l-product-rgp263l-traveller-womens-slim-leg-chino-desert-front,https://notanother-nz.github.io/total-image-product-assets/assets/RGP263L_TRAVELLER_WOMEN'S_SLIM_LEG_CHINO/webp/product/RGP263L_TRAVELLER_WOMEN'S_SLIM_LEG_CHINO_DESERT_FRONT.webp,traveller-womens-slim-leg-chino-rgp263l,desert,21
Traveller Women's Slim Leg Chino — RGP263L_TRAVELLER_WOMEN'S_SLIM_LEG_CHINO_NAVY_FRONT.webp,rgp263l-product-rgp263l-traveller-womens-slim-leg-chino-navy-front,https://notanother-nz.github.io/total-image-product-assets/assets/RGP263L_TRAVELLER_WOMEN'S_SLIM_LEG_CHINO/webp/product/RGP263L_TRAVELLER_WOMEN'S_SLIM_LEG_CHINO_NAVY_FRONT.webp,traveller-womens-slim-leg-chino-rgp263l,navy,22
Traveller Women's Slim Leg Chino — RGP263L_TRAVELLER_WOMEN'S_SLIM_LEG_CHINO_BLACK_BACK.webp,rgp263l-product-rgp263l-traveller-womens-slim-leg-chino-black-back,https://notanother-nz.github.io/total-image-product-assets/assets/RGP263L_TRAVELLER_WOMEN'S_SLIM_LEG_CHINO/webp/product/RGP263L_TRAVELLER_WOMEN'S_SLIM_LEG_CHINO_BLACK_BACK.webp,traveller-womens-slim-leg-chino-rgp263l,black,23
Traveller Women's Slim Leg Chino — RGP263L_TRAVELLER_WOMEN'S_SLIM_LEG_CHINO_DESERT_BACK.webp,rgp263l-product-rgp263l-traveller-womens-slim-leg-chino-desert-back,https://notanother-nz.github.io/total-image-product-assets/assets/RGP263L_TRAVELLER_WOMEN'S_SLIM_LEG_CHINO/webp/product/RGP263L_TRAVELLER_WOMEN'S_SLIM_LEG_CHINO_DESERT_BACK.webp,traveller-womens-slim-leg-chino-rgp263l,desert,24
Traveller Women's Slim Leg Chino — RGP263L_TRAVELLER_WOMEN'S_SLIM_LEG_CHINO_NAVY_BACK.webp,rgp263l-product-rgp263l-traveller-womens-slim-leg-chino-navy-back,https://notanother-nz.github.io/total-image-product-assets/assets/RGP263L_TRAVELLER_WOMEN'S_SLIM_LEG_CHINO/webp/product/RGP263L_TRAVELLER_WOMEN'S_SLIM_LEG_CHINO_NAVY_BACK.webp,traveller-womens-slim-leg-chino-rgp263l,navy,25
Traveller Women's Slim Leg Chino — RGP263L_Traveller_Womens_Slim_Leg_Chino_Black_BACK.webp,rgp263l-product-rgp263l-traveller-womens-slim-leg-chino-black-back-1b095b4a,https://notanother-nz.github.io/total-image-product-assets/assets/RGP263L_TRAVELLER_WOMEN'S_SLIM_LEG_CHINO/webp/product/RGP263L_Traveller_Womens_Slim_Leg_Chino_Black_BACK.webp,traveller-womens-slim-leg-chino-rgp263l,black,26
Traveller Women's Slim Leg Chino — RGP263L_Traveller_Womens_Slim_Leg_Chino_Desert_BACK.webp,rgp263l-product-rgp263l-traveller-womens-slim-leg-chino-desert-back-68c5920b,https://notanother-nz.github.io/total-image-product-assets/assets/RGP263L_TRAVELLER_WOMEN'S_SLIM_LEG_CHINO/webp/product/RGP263L_Traveller_Womens_Slim_Leg_Chino_Desert_BACK.webp,traveller-womens-slim-leg-chino-rgp263l,desert,27
Traveller Women's Slim Leg Chino — RGP263L_Traveller_Womens_Slim_Leg_Chino_Navy_BACK.webp,rgp263l-product-rgp263l-traveller-womens-slim-leg-chino-navy-back-c027c2bf,https://notanother-nz.github.io/total-image-product-assets/assets/RGP263L_TRAVELLER_WOMEN'S_SLIM_LEG_CHINO/webp/product/RGP263L_Traveller_Womens_Slim_Leg_Chino_Navy_BACK.webp,traveller-womens-slim-leg-chino-rgp263l,navy,28
Traveller Women's Slim Leg Chino — RGP263L_Traveller_Womens_Slim_Leg_Chino_Black.webp,rgp263l-product-rgp263l-traveller-womens-slim-leg-chino-black,https://notanother-nz.github.io/total-image-product-assets/assets/RGP263L_TRAVELLER_WOMEN'S_SLIM_LEG_CHINO/webp/product/RGP263L_Traveller_Womens_Slim_Leg_Chino_Black.webp,traveller-womens-slim-leg-chino-rgp263l,black,29
Traveller Women's Slim Leg Chino — RGP263L_Traveller_Womens_Slim_Leg_Chino_Desert.webp,rgp263l-product-rgp263l-traveller-womens-slim-leg-chino-desert,https://notanother-nz.github.io/total-image-product-assets/assets/RGP263L_TRAVELLER_WOMEN'S_SLIM_LEG_CHINO/webp/product/RGP263L_Traveller_Womens_Slim_Leg_Chino_Desert.webp,traveller-womens-slim-leg-chino-rgp263l,desert,30
Traveller Women's Slim Leg Chino — RGP263L_Traveller_Womens_Slim_Leg_Chino_Navy.webp,rgp263l-product-rgp263l-traveller-womens-slim-leg-chino-navy,https://notanother-nz.github.io/total-image-product-assets/assets/RGP263L_TRAVELLER_WOMEN'S_SLIM_LEG_CHINO/webp/product/RGP263L_Traveller_Womens_Slim_Leg_Chino_Navy.webp,traveller-womens-slim-leg-chino-rgp263l,navy,31
Traveller Men's Tapered Chino — RGP263M_TRAVELLER_MEN'S_TAPERED_CHINO_BLACK_HERO_FRONT.webp,rgp263m-model-rgp263m-traveller-mens-tapered-chino-black-hero-front,https://notanother-nz.github.io/total-image-product-assets/assets/RGP263M_TRAVELLER_MEN'S_TAPERED_CHINO/webp/model/RGP263M_TRAVELLER_MEN'S_TAPERED_CHINO_BLACK_HERO_FRONT.webp,traveller-mens-tapered-chino-rgp263m,black,1
Traveller Men's Tapered Chino — RGP263M_TRAVELLER_MEN’S_TAPERED_CHINO_BLACK_HERO_FRONT.webp,rgp263m-model-rgp263m-traveller-mens-tapered-chino-black-hero-front-165b3cf9,https://notanother-nz.github.io/total-image-product-assets/assets/RGP263M_TRAVELLER_MEN'S_TAPERED_CHINO/webp/model/RGP263M_TRAVELLER_MEN%E2%80%99S_TAPERED_CHINO_BLACK_HERO_FRONT.webp,traveller-mens-tapered-chino-rgp263m,black,2
Traveller Men's Tapered Chino — RGP263M_TRAVELLER_MEN'S_TAPERED_CHINO_NAVY_HERO_FRONT.webp,rgp263m-model-rgp263m-traveller-mens-tapered-chino-navy-hero-front,https://notanother-nz.github.io/total-image-product-assets/assets/RGP263M_TRAVELLER_MEN'S_TAPERED_CHINO/webp/model/RGP263M_TRAVELLER_MEN'S_TAPERED_CHINO_NAVY_HERO_FRONT.webp,traveller-mens-tapered-chino-rgp263m,navy,3
Traveller Men's Tapered Chino — RGP263M_TRAVELLER_MEN'S_TAPERED_CHINO_BLACK_HERO_BACK.webp,rgp263m-model-rgp263m-traveller-mens-tapered-chino-black-hero-back,https://notanother-nz.github.io/total-image-product-assets/assets/RGP263M_TRAVELLER_MEN'S_TAPERED_CHINO/webp/model/RGP263M_TRAVELLER_MEN'S_TAPERED_CHINO_BLACK_HERO_BACK.webp,traveller-mens-tapered-chino-rgp263m,black,4
Traveller Men's Tapered Chino — RGP263M_TRAVELLER_MEN’S_TAPERED_CHINO_BLACK_HERO_BACK.webp,rgp263m-model-rgp263m-traveller-mens-tapered-chino-black-hero-back-8e8b19ef,https://notanother-nz.github.io/total-image-product-assets/assets/RGP263M_TRAVELLER_MEN'S_TAPERED_CHINO/webp/model/RGP263M_TRAVELLER_MEN%E2%80%99S_TAPERED_CHINO_BLACK_HERO_BACK.webp,traveller-mens-tapered-chino-rgp263m,black,5
Traveller Men's Tapered Chino — RGP263M_TRAVELLER_MEN'S_TAPERED_CHINO_NAVY_HERO_BACK.webp,rgp263m-model-rgp263m-traveller-mens-tapered-chino-navy-hero-back,https://notanother-nz.github.io/total-image-product-assets/assets/RGP263M_TRAVELLER_MEN'S_TAPERED_CHINO/webp/model/RGP263M_TRAVELLER_MEN'S_TAPERED_CHINO_NAVY_HERO_BACK.webp,traveller-mens-tapered-chino-rgp263m,navy,6
Traveller Men's Tapered Chino — RGP263M_TRAVELLER_MEN'S_TAPERED_CHINO_BLACK_HERO_CLOSEUP.webp,rgp263m-model-rgp263m-traveller-mens-tapered-chino-black-hero-closeup,https://notanother-nz.github.io/total-image-product-assets/assets/RGP263M_TRAVELLER_MEN'S_TAPERED_CHINO/webp/model/RGP263M_TRAVELLER_MEN'S_TAPERED_CHINO_BLACK_HERO_CLOSEUP.webp,traveller-mens-tapered-chino-rgp263m,black,7
Traveller Men's Tapered Chino — RGP263M_TRAVELLER_MEN’S_TAPERED_CHINO_BLACK_HERO_CLOSEUP.webp,rgp263m-model-rgp263m-traveller-mens-tapered-chino-black-hero-closeup-1aca9c72,https://notanother-nz.github.io/total-image-product-assets/assets/RGP263M_TRAVELLER_MEN'S_TAPERED_CHINO/webp/model/RGP263M_TRAVELLER_MEN%E2%80%99S_TAPERED_CHINO_BLACK_HERO_CLOSEUP.webp,traveller-mens-tapered-chino-rgp263m,black,8
Traveller Men's Tapered Chino — RGP263M_TRAVELLER_MEN'S_TAPERED_CHINO_NAVY_HERO_CLOSEUP.webp,rgp263m-model-rgp263m-traveller-mens-tapered-chino-navy-hero-closeup,https://notanother-nz.github.io/total-image-product-assets/assets/RGP263M_TRAVELLER_MEN'S_TAPERED_CHINO/webp/model/RGP263M_TRAVELLER_MEN'S_TAPERED_CHINO_NAVY_HERO_CLOSEUP.webp,traveller-mens-tapered-chino-rgp263m,navy,9
Traveller Men's Tapered Chino — RGP263M_TRAVELLER_MEN'S_TAPERED_CHINO_BLACK_HERO_SIDE.webp,rgp263m-model-rgp263m-traveller-mens-tapered-chino-black-hero-side,https://notanother-nz.github.io/total-image-product-assets/assets/RGP263M_TRAVELLER_MEN'S_TAPERED_CHINO/webp/model/RGP263M_TRAVELLER_MEN'S_TAPERED_CHINO_BLACK_HERO_SIDE.webp,traveller-mens-tapered-chino-rgp263m,black,10
Traveller Men's Tapered Chino — RGP263M_TRAVELLER_MEN’S_TAPERED_CHINO_BLACK_HERO_SIDE.webp,rgp263m-model-rgp263m-traveller-mens-tapered-chino-black-hero-side-118416ba,https://notanother-nz.github.io/total-image-product-assets/assets/RGP263M_TRAVELLER_MEN'S_TAPERED_CHINO/webp/model/RGP263M_TRAVELLER_MEN%E2%80%99S_TAPERED_CHINO_BLACK_HERO_SIDE.webp,traveller-mens-tapered-chino-rgp263m,black,11
Traveller Men's Tapered Chino — RGP263M_TRAVELLER_MEN'S_TAPERED_CHINO_NAVY_HERO_SIDE.webp,rgp263m-model-rgp263m-traveller-mens-tapered-chino-navy-hero-side,https://notanother-nz.github.io/total-image-product-assets/assets/RGP263M_TRAVELLER_MEN'S_TAPERED_CHINO/webp/model/RGP263M_TRAVELLER_MEN'S_TAPERED_CHINO_NAVY_HERO_SIDE.webp,traveller-mens-tapered-chino-rgp263m,navy,12
Traveller Men's Tapered Chino — RGP263M_TRAVELLER_MEN'S_TAPERED_CHINO_BLACK_FRONT.webp,rgp263m-product-rgp263m-traveller-mens-tapered-chino-black-front,https://notanother-nz.github.io/total-image-product-assets/assets/RGP263M_TRAVELLER_MEN'S_TAPERED_CHINO/webp/product/RGP263M_TRAVELLER_MEN'S_TAPERED_CHINO_BLACK_FRONT.webp,traveller-mens-tapered-chino-rgp263m,black,13
Traveller Men's Tapered Chino — RGP263M_TRAVELLER_MEN'S_TAPERED_CHINO_DESERT_FRONT.webp,rgp263m-product-rgp263m-traveller-mens-tapered-chino-desert-front,https://notanother-nz.github.io/total-image-product-assets/assets/RGP263M_TRAVELLER_MEN'S_TAPERED_CHINO/webp/product/RGP263M_TRAVELLER_MEN'S_TAPERED_CHINO_DESERT_FRONT.webp,traveller-mens-tapered-chino-rgp263m,desert,14
Traveller Men's Tapered Chino — RGP263M_TRAVELLER_MEN'S_TAPERED_CHINO_NAVY_FRONT.webp,rgp263m-product-rgp263m-traveller-mens-tapered-chino-navy-front,https://notanother-nz.github.io/total-image-product-assets/assets/RGP263M_TRAVELLER_MEN'S_TAPERED_CHINO/webp/product/RGP263M_TRAVELLER_MEN'S_TAPERED_CHINO_NAVY_FRONT.webp,traveller-mens-tapered-chino-rgp263m,navy,15
Traveller Men's Tapered Chino — RGP263M_TRAVELLER_MEN'S_TAPERED_CHINO_BLACK_BACK.webp,rgp263m-product-rgp263m-traveller-mens-tapered-chino-black-back,https://notanother-nz.github.io/total-image-product-assets/assets/RGP263M_TRAVELLER_MEN'S_TAPERED_CHINO/webp/product/RGP263M_TRAVELLER_MEN'S_TAPERED_CHINO_BLACK_BACK.webp,traveller-mens-tapered-chino-rgp263m,black,16
Traveller Men's Tapered Chino — RGP263M_TRAVELLER_MEN'S_TAPERED_CHINO_DESERT_BACK.webp,rgp263m-product-rgp263m-traveller-mens-tapered-chino-desert-back,https://notanother-nz.github.io/total-image-product-assets/assets/RGP263M_TRAVELLER_MEN'S_TAPERED_CHINO/webp/product/RGP263M_TRAVELLER_MEN'S_TAPERED_CHINO_DESERT_BACK.webp,traveller-mens-tapered-chino-rgp263m,desert,17
Traveller Men's Tapered Chino — RGP263M_TRAVELLER_MEN'S_TAPERED_CHINO_NAVY_BACK.webp,rgp263m-product-rgp263m-traveller-mens-tapered-chino-navy-back,https://notanother-nz.github.io/total-image-product-assets/assets/RGP263M_TRAVELLER_MEN'S_TAPERED_CHINO/webp/product/RGP263M_TRAVELLER_MEN'S_TAPERED_CHINO_NAVY_BACK.webp,traveller-mens-tapered-chino-rgp263m,navy,18
Siena 7/8 Mid-Waist Slim Leg Pant — RGP308L_SIENA_7_8_MID-WAIST_SLIM_LEG_PANT_MARINE_HERO_FRONT.webp,rgp308l-model-rgp308l-siena-7-8-mid-waist-slim-leg-pant-marine-hero-front,https://notanother-nz.github.io/total-image-product-assets/assets/RGP308L_SIENA_7_8_MID-WAIST_SLIM_LEG_PANT/webp/model/RGP308L_SIENA_7_8_MID-WAIST_SLIM_LEG_PANT_MARINE_HERO_FRONT.webp,siena-7-8-mid-waist-slim-leg-pant-rgp308l,marine,1
Siena 7/8 Mid-Waist Slim Leg Pant — RGP308L_Siena_Womens_7-8_Mid-waist_Slim_Leg_Pant_Hero_Front.webp,rgp308l-model-rgp308l-siena-womens-7-8-mid-waist-slim-leg-pant-hero-front,https://notanother-nz.github.io/total-image-product-assets/assets/RGP308L_SIENA_7_8_MID-WAIST_SLIM_LEG_PANT/webp/model/RGP308L_Siena_Womens_7-8_Mid-waist_Slim_Leg_Pant_Hero_Front.webp,siena-7-8-mid-waist-slim-leg-pant-rgp308l,,2
Siena 7/8 Mid-Waist Slim Leg Pant — RGP308L_SIENA_7_8_MID-WAIST_SLIM_LEG_PANT_MARINE_HERO_BACK.webp,rgp308l-model-rgp308l-siena-7-8-mid-waist-slim-leg-pant-marine-hero-back,https://notanother-nz.github.io/total-image-product-assets/assets/RGP308L_SIENA_7_8_MID-WAIST_SLIM_LEG_PANT/webp/model/RGP308L_SIENA_7_8_MID-WAIST_SLIM_LEG_PANT_MARINE_HERO_BACK.webp,siena-7-8-mid-waist-slim-leg-pant-rgp308l,marine,3
Siena 7/8 Mid-Waist Slim Leg Pant — RGP308L_Siena_Womens_7-8_Mid-waist_Slim_Leg_Pant_Hero_Back.webp,rgp308l-model-rgp308l-siena-womens-7-8-mid-waist-slim-leg-pant-hero-back,https://notanother-nz.github.io/total-image-product-assets/assets/RGP308L_SIENA_7_8_MID-WAIST_SLIM_LEG_PANT/webp/model/RGP308L_Siena_Womens_7-8_Mid-waist_Slim_Leg_Pant_Hero_Back.webp,siena-7-8-mid-waist-slim-leg-pant-rgp308l,,4
Siena 7/8 Mid-Waist Slim Leg Pant — RGP308L_SIENA_7_8_MID-WAIST_SLIM_LEG_PANT_MARINE_HERO_CLOSEUP.webp,rgp308l-model-rgp308l-siena-7-8-mid-waist-slim-leg-pant-marine-hero-closeup,https://notanother-nz.github.io/total-image-product-assets/assets/RGP308L_SIENA_7_8_MID-WAIST_SLIM_LEG_PANT/webp/model/RGP308L_SIENA_7_8_MID-WAIST_SLIM_LEG_PANT_MARINE_HERO_CLOSEUP.webp,siena-7-8-mid-waist-slim-leg-pant-rgp308l,marine,5
Siena 7/8 Mid-Waist Slim Leg Pant — RGP308L_SIENA_7_8_MID-WAIST_SLIM_LEG_PANT_MARINE_HERO_SIDE.webp,rgp308l-model-rgp308l-siena-7-8-mid-waist-slim-leg-pant-marine-hero-side,https://notanother-nz.github.io/total-image-product-assets/assets/RGP308L_SIENA_7_8_MID-WAIST_SLIM_LEG_PANT/webp/model/RGP308L_SIENA_7_8_MID-WAIST_SLIM_LEG_PANT_MARINE_HERO_SIDE.webp,siena-7-8-mid-waist-slim-leg-pant-rgp308l,marine,6
Siena 7/8 Mid-Waist Slim Leg Pant — RGP308L_Siena_Womens_7-8_Mid-waist_Slim_Leg_Pant_Hero_Side.webp,rgp308l-model-rgp308l-siena-womens-7-8-mid-waist-slim-leg-pant-hero-side,https://notanother-nz.github.io/total-image-product-assets/assets/RGP308L_SIENA_7_8_MID-WAIST_SLIM_LEG_PANT/webp/model/RGP308L_Siena_Womens_7-8_Mid-waist_Slim_Leg_Pant_Hero_Side.webp,siena-7-8-mid-waist-slim-leg-pant-rgp308l,,7
Siena 7/8 Mid-Waist Slim Leg Pant — Hero.webp,rgp308l-model-hero,https://notanother-nz.github.io/total-image-product-assets/assets/RGP308L_SIENA_7_8_MID-WAIST_SLIM_LEG_PANT/webp/model/Hero.webp,siena-7-8-mid-waist-slim-leg-pant-rgp308l,,8
Siena 7/8 Mid-Waist Slim Leg Pant — RGP308L_SIENA_7_8_MID-WAIST_SLIM_LEG_PANT_BLACK_FRONT.webp,rgp308l-product-rgp308l-siena-7-8-mid-waist-slim-leg-pant-black-front,https://notanother-nz.github.io/total-image-product-assets/assets/RGP308L_SIENA_7_8_MID-WAIST_SLIM_LEG_PANT/webp/product/RGP308L_SIENA_7_8_MID-WAIST_SLIM_LEG_PANT_BLACK_FRONT.webp,siena-7-8-mid-waist-slim-leg-pant-rgp308l,black,9
Siena 7/8 Mid-Waist Slim Leg Pant — RGP308L_SIENA_7_8_MID-WAIST_SLIM_LEG_PANT_MARINE_FRONT.webp,rgp308l-product-rgp308l-siena-7-8-mid-waist-slim-leg-pant-marine-front,https://notanother-nz.github.io/total-image-product-assets/assets/RGP308L_SIENA_7_8_MID-WAIST_SLIM_LEG_PANT/webp/product/RGP308L_SIENA_7_8_MID-WAIST_SLIM_LEG_PANT_MARINE_FRONT.webp,siena-7-8-mid-waist-slim-leg-pant-rgp308l,marine,10
Siena 7/8 Mid-Waist Slim Leg Pant — RGP308L_SIENA_7_8_MID-WAIST_SLIM_LEG_PANT_BLACK_BACK.webp,rgp308l-product-rgp308l-siena-7-8-mid-waist-slim-leg-pant-black-back,https://notanother-nz.github.io/total-image-product-assets/assets/RGP308L_SIENA_7_8_MID-WAIST_SLIM_LEG_PANT/webp/product/RGP308L_SIENA_7_8_MID-WAIST_SLIM_LEG_PANT_BLACK_BACK.webp,siena-7-8-mid-waist-slim-leg-pant-rgp308l,black,11
Siena 7/8 Mid-Waist Slim Leg Pant — RGP308L_SIENA_7_8_MID-WAIST_SLIM_LEG_PANT_MARINE_BACK.webp,rgp308l-product-rgp308l-siena-7-8-mid-waist-slim-leg-pant-marine-back,https://notanother-nz.github.io/total-image-product-assets/assets/RGP308L_SIENA_7_8_MID-WAIST_SLIM_LEG_PANT/webp/product/RGP308L_SIENA_7_8_MID-WAIST_SLIM_LEG_PANT_MARINE_BACK.webp,siena-7-8-mid-waist-slim-leg-pant-rgp308l,marine,12
Siena 7/8 Mid-Waist Slim Leg Pant — RGP308L_Siena_Womens_7-8_Mid-waist_Slim_Leg_Pant_Black_BACK_View.webp,rgp308l-product-rgp308l-siena-womens-7-8-mid-waist-slim-leg-pant-black-back-view,https://notanother-nz.github.io/total-image-product-assets/assets/RGP308L_SIENA_7_8_MID-WAIST_SLIM_LEG_PANT/webp/product/RGP308L_Siena_Womens_7-8_Mid-waist_Slim_Leg_Pant_Black_BACK_View.webp,siena-7-8-mid-waist-slim-leg-pant-rgp308l,black,13
Siena 7/8 Mid-Waist Slim Leg Pant — RGP308L_Siena_Womens_7-8_Mid-waist_Slim_Leg_Pant_Marine_BACK_View.webp,rgp308l-product-rgp308l-siena-womens-7-8-mid-waist-slim-leg-pant-marine-back-view,https://notanother-nz.github.io/total-image-product-assets/assets/RGP308L_SIENA_7_8_MID-WAIST_SLIM_LEG_PANT/webp/product/RGP308L_Siena_Womens_7-8_Mid-waist_Slim_Leg_Pant_Marine_BACK_View.webp,siena-7-8-mid-waist-slim-leg-pant-rgp308l,marine,14
Siena 7/8 Mid-Waist Slim Leg Pant — RGP308L_Siena_Womens_7-8_Mid-waist_Slim_Leg_Pant_Black_View.webp,rgp308l-product-rgp308l-siena-womens-7-8-mid-waist-slim-leg-pant-black-view,https://notanother-nz.github.io/total-image-product-assets/assets/RGP308L_SIENA_7_8_MID-WAIST_SLIM_LEG_PANT/webp/product/RGP308L_Siena_Womens_7-8_Mid-waist_Slim_Leg_Pant_Black_View.webp,siena-7-8-mid-waist-slim-leg-pant-rgp308l,black,15
Siena 7/8 Mid-Waist Slim Leg Pant — RGP308L_Siena_Womens_7-8_Mid-waist_Slim_Leg_Pant_Marine_View.webp,rgp308l-product-rgp308l-siena-womens-7-8-mid-waist-slim-leg-pant-marine-view,https://notanother-nz.github.io/total-image-product-assets/assets/RGP308L_SIENA_7_8_MID-WAIST_SLIM_LEG_PANT/webp/product/RGP308L_Siena_Womens_7-8_Mid-waist_Slim_Leg_Pant_Marine_View.webp,siena-7-8-mid-waist-slim-leg-pant-rgp308l,marine,16
Cool Stretch Women's Tapered Leg Adjustable Waist Pant — COOL_STRETCH_WOMEN'S_TAPERED_LEG_ADJUSTABLE_WAIST_PANT_NAVY_HERO_FRONT.webp,rgp315l-model-cool-stretch-womens-tapered-leg-adjustable-waist-pant-navy-hero-front,https://notanother-nz.github.io/total-image-product-assets/assets/RGP315L_COOL_STRETCH_WOMEN'S_TAPERED_LEG_ADJUSTABLE_WAIST_PANT/webp/model/COOL_STRETCH_WOMEN'S_TAPERED_LEG_ADJUSTABLE_WAIST_PANT_NAVY_HERO_FRONT.webp,cool-stretch-womens-tapered-leg-adjustable-waist-pant-rgp315l,navy,1
Cool Stretch Women's Tapered Leg Adjustable Waist Pant — COOL_STRETCH_WOMEN'S_TAPERED_LEG_ADJUSTABLE_WAIST_PANT_NAVY_HERO_BACK.webp,rgp315l-model-cool-stretch-womens-tapered-leg-adjustable-waist-pant-navy-hero-back,https://notanother-nz.github.io/total-image-product-assets/assets/RGP315L_COOL_STRETCH_WOMEN'S_TAPERED_LEG_ADJUSTABLE_WAIST_PANT/webp/model/COOL_STRETCH_WOMEN'S_TAPERED_LEG_ADJUSTABLE_WAIST_PANT_NAVY_HERO_BACK.webp,cool-stretch-womens-tapered-leg-adjustable-waist-pant-rgp315l,navy,2
Cool Stretch Women's Tapered Leg Adjustable Waist Pant — COOL_STRETCH_WOMEN'S_TAPERED_LEG_ADJUSTABLE_WAIST_PANT_NAVY_HERO_CLOSEUP.webp,rgp315l-model-cool-stretch-womens-tapered-leg-adjustable-waist-pant-navy-hero-closeup,https://notanother-nz.github.io/total-image-product-assets/assets/RGP315L_COOL_STRETCH_WOMEN'S_TAPERED_LEG_ADJUSTABLE_WAIST_PANT/webp/model/COOL_STRETCH_WOMEN'S_TAPERED_LEG_ADJUSTABLE_WAIST_PANT_NAVY_HERO_CLOSEUP.webp,cool-stretch-womens-tapered-leg-adjustable-waist-pant-rgp315l,navy,3
Cool Stretch Women's Tapered Leg Adjustable Waist Pant — COOL_STRETCH_WOMEN'S_TAPERED_LEG_ADJUSTABLE_WAIST_PANT_NAVY_HERO_SIDE.webp,rgp315l-model-cool-stretch-womens-tapered-leg-adjustable-waist-pant-navy-hero-side,https://notanother-nz.github.io/total-image-product-assets/assets/RGP315L_COOL_STRETCH_WOMEN'S_TAPERED_LEG_ADJUSTABLE_WAIST_PANT/webp/model/COOL_STRETCH_WOMEN'S_TAPERED_LEG_ADJUSTABLE_WAIST_PANT_NAVY_HERO_SIDE.webp,cool-stretch-womens-tapered-leg-adjustable-waist-pant-rgp315l,navy,4
Cool Stretch Women's Tapered Leg Adjustable Waist Pant — COOL_STRETCH_WOMEN'S_TAPERED_LEG_ADJUSTABLE_WAIST_PANT_BLACK_FRONT.webp,rgp315l-product-cool-stretch-womens-tapered-leg-adjustable-waist-pant-black-front,https://notanother-nz.github.io/total-image-product-assets/assets/RGP315L_COOL_STRETCH_WOMEN'S_TAPERED_LEG_ADJUSTABLE_WAIST_PANT/webp/product/COOL_STRETCH_WOMEN'S_TAPERED_LEG_ADJUSTABLE_WAIST_PANT_BLACK_FRONT.webp,cool-stretch-womens-tapered-leg-adjustable-waist-pant-rgp315l,black,5
Cool Stretch Women's Tapered Leg Adjustable Waist Pant — COOL_STRETCH_WOMEN'S_TAPERED_LEG_ADJUSTABLE_WAIST_PANT_CHARCOAL_FRONT.webp,rgp315l-product-cool-stretch-womens-tapered-leg-adjustable-waist-pant-charcoal-front,https://notanother-nz.github.io/total-image-product-assets/assets/RGP315L_COOL_STRETCH_WOMEN'S_TAPERED_LEG_ADJUSTABLE_WAIST_PANT/webp/product/COOL_STRETCH_WOMEN'S_TAPERED_LEG_ADJUSTABLE_WAIST_PANT_CHARCOAL_FRONT.webp,cool-stretch-womens-tapered-leg-adjustable-waist-pant-rgp315l,charcoal,6
Cool Stretch Women's Tapered Leg Adjustable Waist Pant — COOL_STRETCH_WOMEN'S_TAPERED_LEG_ADJUSTABLE_WAIST_PANT_NAVY_FRONT.webp,rgp315l-product-cool-stretch-womens-tapered-leg-adjustable-waist-pant-navy-front,https://notanother-nz.github.io/total-image-product-assets/assets/RGP315L_COOL_STRETCH_WOMEN'S_TAPERED_LEG_ADJUSTABLE_WAIST_PANT/webp/product/COOL_STRETCH_WOMEN'S_TAPERED_LEG_ADJUSTABLE_WAIST_PANT_NAVY_FRONT.webp,cool-stretch-womens-tapered-leg-adjustable-waist-pant-rgp315l,navy,7
Cool Stretch Women's Tapered Leg Adjustable Waist Pant — COOL_STRETCH_WOMEN'S_TAPERED_LEG_ADJUSTABLE_WAIST_PANT_BLACK_BACK.webp,rgp315l-product-cool-stretch-womens-tapered-leg-adjustable-waist-pant-black-back,https://notanother-nz.github.io/total-image-product-assets/assets/RGP315L_COOL_STRETCH_WOMEN'S_TAPERED_LEG_ADJUSTABLE_WAIST_PANT/webp/product/COOL_STRETCH_WOMEN'S_TAPERED_LEG_ADJUSTABLE_WAIST_PANT_BLACK_BACK.webp,cool-stretch-womens-tapered-leg-adjustable-waist-pant-rgp315l,black,8
Cool Stretch Women's Tapered Leg Adjustable Waist Pant — COOL_STRETCH_WOMEN'S_TAPERED_LEG_ADJUSTABLE_WAIST_PANT_CHARCOAL_BACK.webp,rgp315l-product-cool-stretch-womens-tapered-leg-adjustable-waist-pant-charcoal-back,https://notanother-nz.github.io/total-image-product-assets/assets/RGP315L_COOL_STRETCH_WOMEN'S_TAPERED_LEG_ADJUSTABLE_WAIST_PANT/webp/product/COOL_STRETCH_WOMEN'S_TAPERED_LEG_ADJUSTABLE_WAIST_PANT_CHARCOAL_BACK.webp,cool-stretch-womens-tapered-leg-adjustable-waist-pant-rgp315l,charcoal,9
Cool Stretch Women's Tapered Leg Adjustable Waist Pant — COOL_STRETCH_WOMEN'S_TAPERED_LEG_ADJUSTABLE_WAIST_PANT_NAVY_BACK.webp,rgp315l-product-cool-stretch-womens-tapered-leg-adjustable-waist-pant-navy-back,https://notanother-nz.github.io/total-image-product-assets/assets/RGP315L_COOL_STRETCH_WOMEN'S_TAPERED_LEG_ADJUSTABLE_WAIST_PANT/webp/product/COOL_STRETCH_WOMEN'S_TAPERED_LEG_ADJUSTABLE_WAIST_PANT_NAVY_BACK.webp,cool-stretch-womens-tapered-leg-adjustable-waist-pant-rgp315l,navy,10
Renew Women's Tapered Adjustable Waist Pant — RGP404L_RENEW_WOMEN'S_TAPERED_ADJUSTABLE_WAIST_PANT_HERO_FRONT.webp,rgp404l-model-rgp404l-renew-womens-tapered-adjustable-waist-pant-hero-front,https://notanother-nz.github.io/total-image-product-assets/assets/RGP404L_RENEW_WOMEN'S_TAPERED_ADJUSTABLE_WAIST_PANT/webp/model/RGP404L_RENEW_WOMEN'S_TAPERED_ADJUSTABLE_WAIST_PANT_HERO_FRONT.webp,renew-womens-tapered-adjustable-waist-pant-rgp404l,,1
Renew Women's Tapered Adjustable Waist Pant — RGP404L_RENEW_WOMEN'S_TAPERED_ADJUSTABLE_WAIST_PANT_NAVY_DUSK_HERO_FRONT.webp,rgp404l-model-rgp404l-renew-womens-tapered-adjustable-waist-pant-navy-dusk-hero-front,https://notanother-nz.github.io/total-image-product-assets/assets/RGP404L_RENEW_WOMEN'S_TAPERED_ADJUSTABLE_WAIST_PANT/webp/model/RGP404L_RENEW_WOMEN'S_TAPERED_ADJUSTABLE_WAIST_PANT_NAVY_DUSK_HERO_FRONT.webp,renew-womens-tapered-adjustable-waist-pant-rgp404l,navy-dusk,2
Renew Women's Tapered Adjustable Waist Pant — RGP404L_RENEW_WOMEN'S_TAPERED_ADJUSTABLE_WAIST_PANT_HERO_BACK.webp,rgp404l-model-rgp404l-renew-womens-tapered-adjustable-waist-pant-hero-back,https://notanother-nz.github.io/total-image-product-assets/assets/RGP404L_RENEW_WOMEN'S_TAPERED_ADJUSTABLE_WAIST_PANT/webp/model/RGP404L_RENEW_WOMEN'S_TAPERED_ADJUSTABLE_WAIST_PANT_HERO_BACK.webp,renew-womens-tapered-adjustable-waist-pant-rgp404l,,3
Renew Women's Tapered Adjustable Waist Pant — RGP404L_RENEW_WOMEN'S_TAPERED_ADJUSTABLE_WAIST_PANT_NAVY_DUSK_HERO_BACK.webp,rgp404l-model-rgp404l-renew-womens-tapered-adjustable-waist-pant-navy-dusk-hero-back,https://notanother-nz.github.io/total-image-product-assets/assets/RGP404L_RENEW_WOMEN'S_TAPERED_ADJUSTABLE_WAIST_PANT/webp/model/RGP404L_RENEW_WOMEN'S_TAPERED_ADJUSTABLE_WAIST_PANT_NAVY_DUSK_HERO_BACK.webp,renew-womens-tapered-adjustable-waist-pant-rgp404l,navy-dusk,4
Renew Women's Tapered Adjustable Waist Pant — RGP404L_RENEW_WOMEN'S_TAPERED_ADJUSTABLE_WAIST_PANT_HERO_CLOSEUP.webp,rgp404l-model-rgp404l-renew-womens-tapered-adjustable-waist-pant-hero-closeup,https://notanother-nz.github.io/total-image-product-assets/assets/RGP404L_RENEW_WOMEN'S_TAPERED_ADJUSTABLE_WAIST_PANT/webp/model/RGP404L_RENEW_WOMEN'S_TAPERED_ADJUSTABLE_WAIST_PANT_HERO_CLOSEUP.webp,renew-womens-tapered-adjustable-waist-pant-rgp404l,,5
Renew Women's Tapered Adjustable Waist Pant — RGP404L_RENEW_WOMEN'S_TAPERED_ADJUSTABLE_WAIST_PANT_NAVY_DUSK_HERO_CLOSEUP.webp,rgp404l-model-rgp404l-renew-womens-tapered-adjustable-waist-pant-navy-dusk-hero-closeup,https://notanother-nz.github.io/total-image-product-assets/assets/RGP404L_RENEW_WOMEN'S_TAPERED_ADJUSTABLE_WAIST_PANT/webp/model/RGP404L_RENEW_WOMEN'S_TAPERED_ADJUSTABLE_WAIST_PANT_NAVY_DUSK_HERO_CLOSEUP.webp,renew-womens-tapered-adjustable-waist-pant-rgp404l,navy-dusk,6
Renew Women's Tapered Adjustable Waist Pant — RGP404L_RENEW_WOMEN'S_TAPERED_ADJUSTABLE_WAIST_PANT_HERO_SIDE.webp,rgp404l-model-rgp404l-renew-womens-tapered-adjustable-waist-pant-hero-side,https://notanother-nz.github.io/total-image-product-assets/assets/RGP404L_RENEW_WOMEN'S_TAPERED_ADJUSTABLE_WAIST_PANT/webp/model/RGP404L_RENEW_WOMEN'S_TAPERED_ADJUSTABLE_WAIST_PANT_HERO_SIDE.webp,renew-womens-tapered-adjustable-waist-pant-rgp404l,,7
Renew Women's Tapered Adjustable Waist Pant — RGP404L_RENEW_WOMEN'S_TAPERED_ADJUSTABLE_WAIST_PANT_NAVY_DUSK_HERO_SIDE.webp,rgp404l-model-rgp404l-renew-womens-tapered-adjustable-waist-pant-navy-dusk-hero-side,https://notanother-nz.github.io/total-image-product-assets/assets/RGP404L_RENEW_WOMEN'S_TAPERED_ADJUSTABLE_WAIST_PANT/webp/model/RGP404L_RENEW_WOMEN'S_TAPERED_ADJUSTABLE_WAIST_PANT_NAVY_DUSK_HERO_SIDE.webp,renew-womens-tapered-adjustable-waist-pant-rgp404l,navy-dusk,8
Renew Women's Tapered Adjustable Waist Pant — RGP404L_RENEW_WOMEN'S_TAPERED_ADJUSTABLE_WAIST_PANT_FRONT.webp,rgp404l-model-rgp404l-renew-womens-tapered-adjustable-waist-pant-front,https://notanother-nz.github.io/total-image-product-assets/assets/RGP404L_RENEW_WOMEN'S_TAPERED_ADJUSTABLE_WAIST_PANT/webp/model/RGP404L_RENEW_WOMEN'S_TAPERED_ADJUSTABLE_WAIST_PANT_FRONT.webp,renew-womens-tapered-adjustable-waist-pant-rgp404l,,9
Renew Women's Tapered Adjustable Waist Pant — RGP404L_RENEW_WOMEN'S_TAPERED_ADJUSTABLE_WAIST_PANT_BACK.webp,rgp404l-model-rgp404l-renew-womens-tapered-adjustable-waist-pant-back,https://notanother-nz.github.io/total-image-product-assets/assets/RGP404L_RENEW_WOMEN'S_TAPERED_ADJUSTABLE_WAIST_PANT/webp/model/RGP404L_RENEW_WOMEN'S_TAPERED_ADJUSTABLE_WAIST_PANT_BACK.webp,renew-womens-tapered-adjustable-waist-pant-rgp404l,,10
Renew Women's Tapered Adjustable Waist Pant — RGP404L_RENEW_WOMEN'S_TAPERED_ADJUSTABLE_WAIST_PANT_SIDE.webp,rgp404l-model-rgp404l-renew-womens-tapered-adjustable-waist-pant-side,https://notanother-nz.github.io/total-image-product-assets/assets/RGP404L_RENEW_WOMEN'S_TAPERED_ADJUSTABLE_WAIST_PANT/webp/model/RGP404L_RENEW_WOMEN'S_TAPERED_ADJUSTABLE_WAIST_PANT_SIDE.webp,renew-womens-tapered-adjustable-waist-pant-rgp404l,,11
Renew Women's Tapered Adjustable Waist Pant — RGP404L_RENEW_WOMEN'S_TAPERED_ADJUSTABLE_WAIST_PANT_NAVY_DUSK_FRONT.webp,rgp404l-product-rgp404l-renew-womens-tapered-adjustable-waist-pant-navy-dusk-front,https://notanother-nz.github.io/total-image-product-assets/assets/RGP404L_RENEW_WOMEN'S_TAPERED_ADJUSTABLE_WAIST_PANT/webp/product/RGP404L_RENEW_WOMEN'S_TAPERED_ADJUSTABLE_WAIST_PANT_NAVY_DUSK_FRONT.webp,renew-womens-tapered-adjustable-waist-pant-rgp404l,navy-dusk,12
Renew Women's Tapered Adjustable Waist Pant — RGP404L_RENEW_WOMEN'S_TAPERED_ADJUSTABLE_WAIST_PANT_NAVYDUSK_FRONT.webp,rgp404l-product-rgp404l-renew-womens-tapered-adjustable-waist-pant-navydusk-front,https://notanother-nz.github.io/total-image-product-assets/assets/RGP404L_RENEW_WOMEN'S_TAPERED_ADJUSTABLE_WAIST_PANT/webp/product/RGP404L_RENEW_WOMEN'S_TAPERED_ADJUSTABLE_WAIST_PANT_NAVYDUSK_FRONT.webp,renew-womens-tapered-adjustable-waist-pant-rgp404l,navy-dusk,13
