Image Name,Slug,Image,Product,Color,Sort Order
Renew Women's Tapered Adjustable Waist Pant — RGP404L_RENEW_WOMEN'S_TAPERED_ADJUSTABLE_WAIST_PANT_PENCIL_BLACK_FRONT.webp,rgp404l-rgp404l-renew-womens-tapered-adjustable-waist-pant-pencil-black-front,https://notanother-nz.github.io/total-image-product-assets/assets/RGP404L_RENEW_WOMEN'S_TAPERED_ADJUSTABLE_WAIST_PANT/webp/product/RGP404L_RENEW_WOMEN'S_TAPERED_ADJUSTABLE_WAIST_PANT_PENCIL_BLACK_FRONT.webp,renew-womens-tapered-adjustable-waist-pant,pencil-black,14
Renew Women's Tapered Adjustable Waist Pant — RGP404L_RENEW_WOMEN'S_TAPERED_ADJUSTABLE_WAIST_PANT_PENCILBLACK_FRONT (2).webp,rgp404l-rgp404l-renew-womens-tapered-adjustable-waist-pant-pencilblack-front-2,https://notanother-nz.github.io/total-image-product-assets/assets/RGP404L_RENEW_WOMEN'S_TAPERED_ADJUSTABLE_WAIST_PANT/webp/product/RGP404L_RENEW_WOMEN'S_TAPERED_ADJUSTABLE_WAIST_PANT_PENCILBLACK_FRONT%20(2).webp,renew-womens-tapered-adjustable-waist-pant,pencil-black,15
Renew Women's Tapered Adjustable Waist Pant — RGP404L_RENEW_WOMEN'S_TAPERED_ADJUSTABLE_WAIST_PANT_PENCILBLACK_FRONT.webp,rgp404l-rgp404l-renew-womens-tapered-adjustable-waist-pant-pencilblack-front,https://notanother-nz.github.io/total-image-product-assets/assets/RGP404L_RENEW_WOMEN'S_TAPERED_ADJUSTABLE_WAIST_PANT/webp/product/RGP404L_RENEW_WOMEN'S_TAPERED_ADJUSTABLE_WAIST_PANT_PENCILBLACK_FRONT.webp,renew-womens-tapered-adjustable-waist-pant,pencil-black,16
Renew Women's Tapered Adjustable Waist Pant — RGP404L_RENEW_WOMEN'S_TAPERED_ADJUSTABLE_WAIST_PANT_NAVY_DUSK_BACK.webp,rgp404l-rgp404l-renew-womens-tapered-adjustable-waist-pant-navy-dusk-back,https://notanother-nz.github.io/total-image-product-assets/assets/RGP404L_RENEW_WOMEN'S_TAPERED_ADJUSTABLE_WAIST_PANT/webp/product/RGP404L_RENEW_WOMEN'S_TAPERED_ADJUSTABLE_WAIST_PANT_NAVY_DUSK_BACK.webp,renew-womens-tapered-adjustable-waist-pant,navy-dusk,17
Renew Women's Tapered Adjustable Waist Pant — RGP404L_RENEW_WOMEN'S_TAPERED_ADJUSTABLE_WAIST_PANT_NAVYDUSK_BACK.webp,rgp404l-rgp404l-renew-womens-tapered-adjustable-waist-pant-navydusk-back,https://notanother-nz.github.io/total-image-product-assets/assets/RGP404L_RENEW_WOMEN'S_TAPERED_ADJUSTABLE_WAIST_PANT/webp/product/RGP404L_RENEW_WOMEN'S_TAPERED_ADJUSTABLE_WAIST_PANT_NAVYDUSK_BACK.webp,renew-womens-tapered-adjustable-waist-pant,navy-dusk,18
Renew Women's Tapered Adjustable Waist Pant — RGP404L_RENEW_WOMEN'S_TAPERED_ADJUSTABLE_WAIST_PANT_PENCIL_BLACK_BACK.webp,rgp404l-rgp404l-renew-womens-tapered-adjustable-waist-pant-pencil-black-back,https://notanother-nz.github.io/total-image-product-assets/assets/RGP404L_RENEW_WOMEN'S_TAPERED_ADJUSTABLE_WAIST_PANT/webp/product/RGP404L_RENEW_WOMEN'S_TAPERED_ADJUSTABLE_WAIST_PANT_PENCIL_BLACK_BACK.webp,renew-womens-tapered-adjustable-waist-pant,pencil-black,19
Renew Women's 7/8 Mid-Waist Slim Leg Pant — RGP406L_RENEW_WOMEN'S_7_8_MID_WAIST_SLIM_LEG_PANT_HERO_FRONT.webp,rgp406l-rgp406l-renew-womens-7-8-mid-waist-slim-leg-pant-hero-front,https://notanother-nz.github.io/total-image-product-assets/assets/RGP406L_RENEW_WOMEN'S_7_8_MID_WAIST_SLIM_LEG_PANT/webp/model/RGP406L_RENEW_WOMEN'S_7_8_MID_WAIST_SLIM_LEG_PANT_HERO_FRONT.webp,renew-womens-7-8-mid-waist-slim-leg-pant,,1
Renew Women's 7/8 Mid-Waist Slim Leg Pant — RGP406L_RENEW_WOMEN'S_7_8_MID_WAIST_SLIM_LEG_PANT_PENCIL_BLACK_HERO_FRONT.webp,rgp406l-rgp406l-renew-womens-7-8-mid-waist-slim-leg-pant-pencil-black-hero-front,https://notanother-nz.github.io/total-image-product-assets/assets/RGP406L_RENEW_WOMEN'S_7_8_MID_WAIST_SLIM_LEG_PANT/webp/model/RGP406L_RENEW_WOMEN'S_7_8_MID_WAIST_SLIM_LEG_PANT_PENCIL_BLACK_HERO_FRONT.webp,renew-womens-7-8-mid-waist-slim-leg-pant,pencil-black,2
Renew Women's 7/8 Mid-Waist Slim Leg Pant — RGP406L_RENEW_WOMEN'S_7_8_MID_WAIST_SLIM_LEG_PANT_HERO_BACK.webp,rgp406l-rgp406l-renew-womens-7-8-mid-waist-slim-leg-pant-hero-back,https://notanother-nz.github.io/total-image-product-assets/assets/RGP406L_RENEW_WOMEN'S_7_8_MID_WAIST_SLIM_LEG_PANT/webp/model/RGP406L_RENEW_WOMEN'S_7_8_MID_WAIST_SLIM_LEG_PANT_HERO_BACK.webp,renew-womens-7-8-mid-waist-slim-leg-pant,,3
Renew Women's 7/8 Mid-Waist Slim Leg Pant — RGP406L_RENEW_WOMEN'S_7_8_MID_WAIST_SLIM_LEG_PANT_PENCIL_BLACK_HERO_BACK.webp,rgp406l-rgp406l-renew-womens-7-8-mid-waist-slim-leg-pant-pencil-black-hero-back,https://notanother-nz.github.io/total-image-product-assets/assets/RGP406L_RENEW_WOMEN'S_7_8_MID_WAIST_SLIM_LEG_PANT/webp/model/RGP406L_RENEW_WOMEN'S_7_8_MID_WAIST_SLIM_LEG_PANT_PENCIL_BLACK_HERO_BACK.webp,renew-womens-7-8-mid-waist-slim-leg-pant,pencil-black,4
Renew Women's 7/8 Mid-Waist Slim Leg Pant — RGP406L_RENEW_WOMEN'S_7_8_MID_WAIST_SLIM_LEG_PANT_HERO_CLOSEUP.webp,rgp406l-rgp406l-renew-womens-7-8-mid-waist-slim-leg-pant-hero-closeup,https://notanother-nz.github.io/total-image-product-assets/assets/RGP406L_RENEW_WOMEN'S_7_8_MID_WAIST_SLIM_LEG_PANT/webp/model/RGP406L_RENEW_WOMEN'S_7_8_MID_WAIST_SLIM_LEG_PANT_HERO_CLOSEUP.webp,renew-womens-7-8-mid-waist-slim-leg-pant,,5
Renew Women's 7/8 Mid-Waist Slim Leg Pant — RGP406L_RENEW_WOMEN'S_7_8_MID_WAIST_SLIM_LEG_PANT_PENCIL_BLACK_HERO_CLOSEUP.webp,rgp406l-rgp406l-renew-womens-7-8-mid-waist-slim-leg-pant-pencil-black-hero-closeup,https://notanother-nz.github.io/total-image-product-assets/assets/RGP406L_RENEW_WOMEN'S_7_8_MID_WAIST_SLIM_LEG_PANT/webp/model/RGP406L_RENEW_WOMEN'S_7_8_MID_WAIST_SLIM_LEG_PANT_PENCIL_BLACK_HERO_CLOSEUP.webp,renew-womens-7-8-mid-waist-slim-leg-pant,pencil-black,6
Renew Women's 7/8 Mid-Waist Slim Leg Pant — RGP406L_RENEW_WOMEN'S_7_8_MID_WAIST_SLIM_LEG_PANT_HERO_SIDE.webp,rgp406l-rgp406l-renew-womens-7-8-mid-waist-slim-leg-pant-hero-side,https://notanother-nz.github.io/total-image-product-assets/assets/RGP406L_RENEW_WOMEN'S_7_8_MID_WAIST_SLIM_LEG_PANT/webp/model/RGP406L_RENEW_WOMEN'S_7_8_MID_WAIST_SLIM_LEG_PANT_HERO_SIDE.webp,renew-womens-7-8-mid-waist-slim-leg-pant,,7
Renew Women's 7/8 Mid-Waist Slim Leg Pant — RGP406L_RENEW_WOMEN'S_7_8_MID_WAIST_SLIM_LEG_PANT_PENCIL_BLACK_HERO_SIDE.webp,rgp406l-rgp406l-renew-womens-7-8-mid-waist-slim-leg-pant-pencil-black-hero-side,https://notanother-nz.github.io/total-image-product-assets/assets/RGP406L_RENEW_WOMEN'S_7_8_MID_WAIST_SLIM_LEG_PANT/webp/model/RGP406L_RENEW_WOMEN'S_7_8_MID_WAIST_SLIM_LEG_PANT_PENCIL_BLACK_HERO_SIDE.webp,renew-womens-7-8-mid-waist-slim-leg-pant,pencil-black,8
Renew Women's 7/8 Mid-Waist Slim Leg Pant — E-commerce_Catalogue_eIoUnuwA_1200x1600png_0KtRi7HF.webp,rgp406l-e-commerce-catalogue-eiounuwa-1200x1600png-0ktri7hf,https://notanother-nz.github.io/total-image-product-assets/assets/RGP406L_RENEW_WOMEN'S_7_8_MID_WAIST_SLIM_LEG_PANT/webp/model/E-commerce_Catalogue_eIoUnuwA_1200x1600png_0KtRi7HF.webp,renew-womens-7-8-mid-waist-slim-leg-pant,,9
Renew Women's 7/8 Mid-Waist Slim Leg Pant — RGP406L_RENEW_WOMEN'S_7_8_MID_WAIST_SLIM_LEG_PANT_PENCIL_BLACK_FRONT.webp,rgp406l-rgp406l-renew-womens-7-8-mid-waist-slim-leg-pant-pencil-black-front,https://notanother-nz.github.io/total-image-product-assets/assets/RGP406L_RENEW_WOMEN'S_7_8_MID_WAIST_SLIM_LEG_PANT/webp/product/RGP406L_RENEW_WOMEN'S_7_8_MID_WAIST_SLIM_LEG_PANT_PENCIL_BLACK_FRONT.webp,renew-womens-7-8-mid-waist-slim-leg-pant,pencil-black,10
Renew Women's 7/8 Mid-Waist Slim Leg Pant — RGP406L_RENEW_WOMEN'S_7_8_MID_WAIST_SLIM_LEG_PANT_NAVY_DUSK_BACK.webp,rgp406l-rgp406l-renew-womens-7-8-mid-waist-slim-leg-pant-navy-dusk-back,https://notanother-nz.github.io/total-image-product-assets/assets/RGP406L_RENEW_WOMEN'S_7_8_MID_WAIST_SLIM_LEG_PANT/webp/product/RGP406L_RENEW_WOMEN'S_7_8_MID_WAIST_SLIM_LEG_PANT_NAVY_DUSK_BACK.webp,renew-womens-7-8-mid-waist-slim-leg-pant,navy-dusk,11
Renew Women's 7/8 Mid-Waist Slim Leg Pant — RGP406L_RENEW_WOMEN'S_7_8_MID_WAIST_SLIM_LEG_PANT_PENCIL_BLACK_BACK.webp,rgp406l-rgp406l-renew-womens-7-8-mid-waist-slim-leg-pant-pencil-black-back,https://notanother-nz.github.io/total-image-product-assets/assets/RGP406L_RENEW_WOMEN'S_7_8_MID_WAIST_SLIM_LEG_PANT/webp/product/RGP406L_RENEW_WOMEN'S_7_8_MID_WAIST_SLIM_LEG_PANT_PENCIL_BLACK_BACK.webp,renew-womens-7-8-mid-waist-slim-leg-pant,pencil-black,12
Renew Men's Slim Fit Flat Front Pant — RGP407M_RENEW_MEN'S_SLIM_FIT_FLAT_FRONT_PANT_NAVY_DUSK_HERO_FRONT.webp,rgp407m-rgp407m-renew-mens-slim-fit-flat-front-pant-navy-dusk-hero-front,https://notanother-nz.github.io/total-image-product-assets/assets/RGP407M_RENEW_MEN'S_SLIM_FIT_FLAT_FRONT_PANT/webp/model/RGP407M_RENEW_MEN'S_SLIM_FIT_FLAT_FRONT_PANT_NAVY_DUSK_HERO_FRONT.webp,renew-mens-slim-fit-flat-front-pant,navy-dusk,1
Renew Men's Slim Fit Flat Front Pant — RGP407M_RENEW_MEN'S_SLIM_FIT_FLAT_FRONT_PANT_NAVY_DUSK_HERO_BACK.webp,rgp407m-rgp407m-renew-mens-slim-fit-flat-front-pant-navy-dusk-hero-back,https://notanother-nz.github.io/total-image-product-assets/assets/RGP407M_RENEW_MEN'S_SLIM_FIT_FLAT_FRONT_PANT/webp/model/RGP407M_RENEW_MEN'S_SLIM_FIT_FLAT_FRONT_PANT_NAVY_DUSK_HERO_BACK.webp,renew-mens-slim-fit-flat-front-pant,navy-dusk,2
Renew Men's Slim Fit Flat Front Pant — RGP407M_RENEW_MEN'S_SLIM_FIT_FLAT_FRONT_PANT_NAVY_DUSK_HERO_CLOSEUP.webp,rgp407m-rgp407m-renew-mens-slim-fit-flat-front-pant-navy-dusk-hero-closeup,https://notanother-nz.github.io/total-image-product-assets/assets/RGP407M_RENEW_MEN'S_SLIM_FIT_FLAT_FRONT_PANT/webp/model/RGP407M_RENEW_MEN'S_SLIM_FIT_FLAT_FRONT_PANT_NAVY_DUSK_HERO_CLOSEUP.webp,renew-mens-slim-fit-flat-front-pant,navy-dusk,3
Renew Men's Slim Fit Flat Front Pant — RGP407M_RENEW_MEN'S_SLIM_FIT_FLAT_FRONT_PANT_NAVY_DUSK_HERO_SIDE.webp,rgp407m-rgp407m-renew-mens-slim-fit-flat-front-pant-navy-dusk-hero-side,https://notanother-nz.github.io/total-image-product-assets/assets/RGP407M_RENEW_MEN'S_SLIM_FIT_FLAT_FRONT_PANT/webp/model/RGP407M_RENEW_MEN'S_SLIM_FIT_FLAT_FRONT_PANT_NAVY_DUSK_HERO_SIDE.webp,renew-mens-slim-fit-flat-front-pant,navy-dusk,4
Renew Men's Slim Fit Flat Front Pant — RGP407M_RENEW_MEN'S_SLIM_FIT_FLAT_FRONT_PANT_NAVY_DUSK_BACK.webp,rgp407m-rgp407m-renew-mens-slim-fit-flat-front-pant-navy-dusk-back,https://notanother-nz.github.io/total-image-product-assets/assets/RGP407M_RENEW_MEN'S_SLIM_FIT_FLAT_FRONT_PANT/webp/product/RGP407M_RENEW_MEN'S_SLIM_FIT_FLAT_FRONT_PANT_NAVY_DUSK_BACK.webp,renew-mens-slim-fit-flat-front-pant,navy-dusk,5
Renew Men's Slim Fit Flat Front Pant — RGP407M_RENEW_MEN'S_SLIM_FIT_FLAT_FRONT_PANT_NAVY_DUSK_FRONT.webp,rgp407m-rgp407m-renew-mens-slim-fit-flat-front-pant-navy-dusk-front,https://notanother-nz.github.io/total-image-product-assets/assets/RGP407M_RENEW_MEN'S_SLIM_FIT_FLAT_FRONT_PANT/webp/product/RGP407M_RENEW_MEN'S_SLIM_FIT_FLAT_FRONT_PANT_NAVY_DUSK_FRONT.webp,renew-mens-slim-fit-flat-front-pant,navy-dusk,6
Renew Men's Slim Fit Flat Front Pant — RGP407M_RENEW_MEN'S_SLIM_FIT_FLAT_FRONT_PANT_PENCIL_BLACK_BACK.webp,rgp407m-rgp407m-renew-mens-slim-fit-flat-front-pant-pencil-black-back,https://notanother-nz.github.io/total-image-product-assets/assets/RGP407M_RENEW_MEN'S_SLIM_FIT_FLAT_FRONT_PANT/webp/product/RGP407M_RENEW_MEN'S_SLIM_FIT_FLAT_FRONT_PANT_PENCIL_BLACK_BACK.webp,renew-mens-slim-fit-flat-front-pant,pencil-black,7
Renew Men's Slim Fit Flat Front Pant — RGP407M_RENEW_MEN'S_SLIM_FIT_FLAT_FRONT_PANT_PENCIL_BLACK_FRONT.webp,rgp407m-rgp407m-renew-mens-slim-fit-flat-front-pant-pencil-black-front,https://notanother-nz.github.io/total-image-product-assets/assets/RGP407M_RENEW_MEN'S_SLIM_FIT_FLAT_FRONT_PANT/webp/product/RGP407M_RENEW_MEN'S_SLIM_FIT_FLAT_FRONT_PANT_PENCIL_BLACK_FRONT.webp,renew-mens-slim-fit-flat-front-pant,pencil-black,8
Renew Men's Adjustable Waist Straight Leg Pant — RGP408M_Renew_Mens_Adjustable_Waist_Straight_Leg_Pant_Hero_FRONT.webp,rgp408m-rgp408m-renew-mens-adjustable-waist-straight-leg-pant-hero-front,https://notanother-nz.github.io/total-image-product-assets/assets/RGP408M_Renew_Mens_Adjustable_Waist_Straight_Leg_Pant/webp/model/RGP408M_Renew_Mens_Adjustable_Waist_Straight_Leg_Pant_Hero_FRONT.webp,renew-mens-adjustable-waist-straight-leg-pant,,1
Renew Men's Adjustable Waist Straight Leg Pant — RGP408M_Renew_Mens_Adjustable_Waist_Straight_Leg_Pant_HERO_BACK.webp,rgp408m-rgp408m-renew-mens-adjustable-waist-straight-leg-pant-hero-back,https://notanother-nz.github.io/total-image-product-assets/assets/RGP408M_Renew_Mens_Adjustable_Waist_Straight_Leg_Pant/webp/model/RGP408M_Renew_Mens_Adjustable_Waist_Straight_Leg_Pant_HERO_BACK.webp,renew-mens-adjustable-waist-straight-leg-pant,,2
Renew Men's Adjustable Waist Straight Leg Pant — RGP408M_Renew_Mens_Adjustable_Waist_Straight_Leg_Pant_HERO_CLOSEUP.webp,rgp408m-rgp408m-renew-mens-adjustable-waist-straight-leg-pant-hero-closeup,https://notanother-nz.github.io/total-image-product-assets/assets/RGP408M_Renew_Mens_Adjustable_Waist_Straight_Leg_Pant/webp/model/RGP408M_Renew_Mens_Adjustable_Waist_Straight_Leg_Pant_HERO_CLOSEUP.webp,renew-mens-adjustable-waist-straight-leg-pant,,3
Renew Men's Adjustable Waist Straight Leg Pant — RGP408M_Renew_Mens_Adjustable_Waist_Straight_Leg_Pant_HERO_SIDE.webp,rgp408m-rgp408m-renew-mens-adjustable-waist-straight-leg-pant-hero-side,https://notanother-nz.github.io/total-image-product-assets/assets/RGP408M_Renew_Mens_Adjustable_Waist_Straight_Leg_Pant/webp/model/RGP408M_Renew_Mens_Adjustable_Waist_Straight_Leg_Pant_HERO_SIDE.webp,renew-mens-adjustable-waist-straight-leg-pant,,4
Renew Men's Adjustable Waist Straight Leg Pant — RGP408M_Renew_Mens_Adjustable_Waist_Straight_Leg_Pant_Black_BACK_View.webp,rgp408m-rgp408m-renew-mens-adjustable-waist-straight-leg-pant-black-back-view,https://notanother-nz.github.io/total-image-product-assets/assets/RGP408M_Renew_Mens_Adjustable_Waist_Straight_Leg_Pant/webp/product/RGP408M_Renew_Mens_Adjustable_Waist_Straight_Leg_Pant_Black_BACK_View.webp,renew-mens-adjustable-waist-straight-leg-pant,black,5
Renew Men's Adjustable Waist Straight Leg Pant — RGP408M_Renew_Mens_Adjustable_Waist_Straight_Leg_Pant_NavyDusk_Back_View.webp,rgp408m-rgp408m-renew-mens-adjustable-waist-straight-leg-pant-navydusk-back-view,https://notanother-nz.github.io/total-image-product-assets/assets/RGP408M_Renew_Mens_Adjustable_Waist_Straight_Leg_Pant/webp/product/RGP408M_Renew_Mens_Adjustable_Waist_Straight_Leg_Pant_NavyDusk_Back_View.webp,renew-mens-adjustable-waist-straight-leg-pant,navy-dusk,6
Renew Men's Adjustable Waist Straight Leg Pant — RGP408M_Renew_Mens_Adjustable_Waist_Straight_Leg_Pant_Black_View.webp,rgp408m-rgp408m-renew-mens-adjustable-waist-straight-leg-pant-black-view,https://notanother-nz.github.io/total-image-product-assets/assets/RGP408M_Renew_Mens_Adjustable_Waist_Straight_Leg_Pant/webp/product/RGP408M_Renew_Mens_Adjustable_Waist_Straight_Leg_Pant_Black_View.webp,renew-mens-adjustable-waist-straight-leg-pant,black,7
Renew Men's Adjustable Waist Straight Leg Pant — RGP408M_Renew_Mens_Adjustable_Waist_Straight_Leg_Pant_NavyDusk_View.webp,rgp408m-rgp408m-renew-mens-adjustable-waist-straight-leg-pant-navydusk-view,https://notanother-nz.github.io/total-image-product-assets/assets/RGP408M_Renew_Mens_Adjustable_Waist_Straight_Leg_Pant/webp/product/RGP408M_Renew_Mens_Adjustable_Waist_Straight_Leg_Pant_NavyDusk_View.webp,renew-mens-adjustable-waist-straight-leg-pant,navy-dusk,8
Women's Siena Adjustable Waist Pant — RGP975L_WOMEN'S_SIENA_ADJUSTABLE_WAIST_PANT_MARINE__HERO_FRONT.webp,rgp975l-rgp975l-womens-siena-adjustable-waist-pant-marine-hero-front,https://notanother-nz.github.io/total-image-product-assets/assets/RGP975L_WOMEN'S_SIENA_ADJUSTABLE_WAIST_PANT/webp/model/RGP975L_WOMEN'S_SIENA_ADJUSTABLE_WAIST_PANT_MARINE__HERO_FRONT.webp,womens-siena-adjustable-waist-pant,marine,1
Women's Siena Adjustable Waist Pant — RGP975L_WOMEN'S_SIENA_ADJUSTABLE_WAIST_PANT_MARINE_HERO_FRONT.webp,rgp975l-rgp975l-womens-siena-adjustable-waist-pant-marine-hero-front,https://notanother-nz.github.io/total-image-product-assets/assets/RGP975L_WOMEN'S_SIENA_ADJUSTABLE_WAIST_PANT/webp/model/RGP975L_WOMEN'S_SIENA_ADJUSTABLE_WAIST_PANT_MARINE_HERO_FRONT.webp,womens-siena-adjustable-waist-pant,marine,2
Women's Siena Adjustable Waist Pant — RGP975L_WOMEN'S_SIENA_ADJUSTABLE_WAIST_PANT_MARINE_HERO_BACK__jpg.webp,rgp975l-rgp975l-womens-siena-adjustable-waist-pant-marine-hero-back-jpg,https://notanother-nz.github.io/total-image-product-assets/assets/RGP975L_WOMEN'S_SIENA_ADJUSTABLE_WAIST_PANT/webp/model/RGP975L_WOMEN'S_SIENA_ADJUSTABLE_WAIST_PANT_MARINE_HERO_BACK__jpg.webp,womens-siena-adjustable-waist-pant,marine,3
Women's Siena Adjustable Waist Pant — RGP975L_WOMEN'S_SIENA_ADJUSTABLE_WAIST_PANT_MARINE_HERO_BACK__png.webp,rgp975l-rgp975l-womens-siena-adjustable-waist-pant-marine-hero-back-png,https://notanother-nz.github.io/total-image-product-assets/assets/RGP975L_WOMEN'S_SIENA_ADJUSTABLE_WAIST_PANT/webp/model/RGP975L_WOMEN'S_SIENA_ADJUSTABLE_WAIST_PANT_MARINE_HERO_BACK__png.webp,womens-siena-adjustable-waist-pant,marine,4
Women's Siena Adjustable Waist Pant — RGP975L_WOMEN'S_SIENA_ADJUSTABLE_WAIST_PANT_MARINE_HERO_CLOSEUP__jpg.webp,rgp975l-rgp975l-womens-siena-adjustable-waist-pant-marine-hero-closeup-jpg,https://notanother-nz.github.io/total-image-product-assets/assets/RGP975L_WOMEN'S_SIENA_ADJUSTABLE_WAIST_PANT/webp/model/RGP975L_WOMEN'S_SIENA_ADJUSTABLE_WAIST_PANT_MARINE_HERO_CLOSEUP__jpg.webp,womens-siena-adjustable-waist-pant,marine,5
Women's Siena Adjustable Waist Pant — RGP975L_WOMEN'S_SIENA_ADJUSTABLE_WAIST_PANT_MARINE_HERO_CLOSEUP__png.webp,rgp975l-rgp975l-womens-siena-adjustable-waist-pant-marine-hero-closeup-png,https://notanother-nz.github.io/total-image-product-assets/assets/RGP975L_WOMEN'S_SIENA_ADJUSTABLE_WAIST_PANT/webp/model/RGP975L_WOMEN'S_SIENA_ADJUSTABLE_WAIST_PANT_MARINE_HERO_CLOSEUP__png.webp,womens-siena-adjustable-waist-pant,marine,6
Women's Siena Adjustable Waist Pant — RGP975L_WOMEN'S_SIENA_ADJUSTABLE_WAIST_PANT_MARINE_HERO_SIDE__jpg.webp,rgp975l-rgp975l-womens-siena-adjustable-waist-pant-marine-hero-side-jpg,https://notanother-nz.github.io/total-image-product-assets/assets/RGP975L_WOMEN'S_SIENA_ADJUSTABLE_WAIST_PANT/webp/model/RGP975L_WOMEN'S_SIENA_ADJUSTABLE_WAIST_PANT_MARINE_HERO_SIDE__jpg.webp,womens-siena-adjustable-waist-pant,marine,7
Women's Siena Adjustable Waist Pant — RGP975L_WOMEN'S_SIENA_ADJUSTABLE_WAIST_PANT_MARINE_HERO_SIDE__png.webp,rgp975l-rgp975l-womens-siena-adjustable-waist-pant-marine-hero-side-png,https://notanother-nz.github.io/total-image-product-assets/assets/RGP975L_WOMEN'S_SIENA_ADJUSTABLE_WAIST_PANT/webp/model/RGP975L_WOMEN'S_SIENA_ADJUSTABLE_WAIST_PANT_MARINE_HERO_SIDE__png.webp,womens-siena-adjustable-waist-pant,marine,8
Women's Siena Adjustable Waist Pant — 1a8e9b_4ae15a7c328a4a5d9c539fce8cc14064~mv2.webp,rgp975l-1a8e9b-4ae15a7c328a4a5d9c539fce8cc14064-mv2,https://notanother-nz.github.io/total-image-product-assets/assets/RGP975L_WOMEN'S_SIENA_ADJUSTABLE_WAIST_PANT/webp/model/1a8e9b_4ae15a7c328a4a5d9c539fce8cc14064~mv2.webp,womens-siena-adjustable-waist-pant,,9
Women's Siena Adjustable Waist Pant — RGP975L_WOMEN'S_SIENA_ADJUSTABLE_WAIST_PANT_BLACK_FRONT.webp,rgp975l-rgp975l-womens-siena-adjustable-waist-pant-black-front,https://notanother-nz.github.io/total-image-product-assets/assets/RGP975L_WOMEN'S_SIENA_ADJUSTABLE_WAIST_PANT/webp/product/RGP975L_WOMEN'S_SIENA_ADJUSTABLE_WAIST_PANT_BLACK_FRONT.webp,womens-siena-adjustable-waist-pant,black,10
Women's Siena Adjustable Waist Pant — RGP975L_WOMEN'S_SIENA_ADJUSTABLE_WAIST_PANT_MARINE_FRONT.webp,rgp975l-rgp975l-womens-siena-adjustable-waist-pant-marine-front,https://notanother-nz.github.io/total-image-product-assets/assets/RGP975L_WOMEN'S_SIENA_ADJUSTABLE_WAIST_PANT/webp/product/RGP975L_WOMEN'S_SIENA_ADJUSTABLE_WAIST_PANT_MARINE_FRONT.webp,womens-siena-adjustable-waist-pant,marine,11
Women's Siena Adjustable Waist Pant — RGP975L_WOMEN'S_SIENA_ADJUSTABLE_WAIST_PANT_BLACK_BACK.webp,rgp975l-rgp975l-womens-siena-adjustable-waist-pant-black-back,https://notanother-nz.github.io/total-image-product-assets/assets/RGP975L_WOMEN'S_SIENA_ADJUSTABLE_WAIST_PANT/webp/product/RGP975L_WOMEN'S_SIENA_ADJUSTABLE_WAIST_PANT_BLACK_BACK.webp,womens-siena-adjustable-waist-pant,black,12
Women's Siena Adjustable Waist Pant — RGP975L_WOMEN'S_SIENA_ADJUSTABLE_WAIST_PANT_MARINE_BACK.webp,rgp975l-rgp975l-womens-siena-adjustable-waist-pant-marine-back,https://notanother-nz.github.io/total-image-product-assets/assets/RGP975L_WOMEN'S_SIENA_ADJUSTABLE_WAIST_PANT/webp/product/RGP975L_WOMEN'S_SIENA_ADJUSTABLE_WAIST_PANT_MARINE_BACK.webp,womens-siena-adjustable-waist-pant,marine,13
Men's Siena Adjustable Waist Pant — RGP976M_Siena_Mens_Adjustable_Waist_Pant_Hero_Front.webp,rgp976m-rgp976m-siena-mens-adjustable-waist-pant-hero-front,https://notanother-nz.github.io/total-image-product-assets/assets/RGP976M_Siena_Mens_Adjustable_Waist_Pant/webp/model/RGP976M_Siena_Mens_Adjustable_Waist_Pant_Hero_Front.webp,mens-siena-adjustable-waist-pant,,1
Men's Siena Adjustable Waist Pant — RGP976M_Siena_Mens_Adjustable_Waist_Pant_HERO_BACK.webp,rgp976m-rgp976m-siena-mens-adjustable-waist-pant-hero-back,https://notanother-nz.github.io/total-image-product-assets/assets/RGP976M_Siena_Mens_Adjustable_Waist_Pant/webp/model/RGP976M_Siena_Mens_Adjustable_Waist_Pant_HERO_BACK.webp,mens-siena-adjustable-waist-pant,,2
Men's Siena Adjustable Waist Pant — RGP976M_Siena_Mens_Adjustable_Waist_Pant_HERO_CLOSEUP.webp,rgp976m-rgp976m-siena-mens-adjustable-waist-pant-hero-closeup,https://notanother-nz.github.io/total-image-product-assets/assets/RGP976M_Siena_Mens_Adjustable_Waist_Pant/webp/model/RGP976M_Siena_Mens_Adjustable_Waist_Pant_HERO_CLOSEUP.webp,mens-siena-adjustable-waist-pant,,3
Men's Siena Adjustable Waist Pant — RGP976M_Siena_Mens_Adjustable_Waist_Pant_HERO_SIDE.webp,rgp976m-rgp976m-siena-mens-adjustable-waist-pant-hero-side,https://notanother-nz.github.io/total-image-product-assets/assets/RGP976M_Siena_Mens_Adjustable_Waist_Pant/webp/model/RGP976M_Siena_Mens_Adjustable_Waist_Pant_HERO_SIDE.webp,mens-siena-adjustable-waist-pant,,4
Men's Siena Adjustable Waist Pant — RGP976M_Siena_Mens_Adjustable_Waist_Pant_Black_BACK_View.webp,rgp976m-rgp976m-siena-mens-adjustable-waist-pant-black-back-view,https://notanother-nz.github.io/total-image-product-assets/assets/RGP976M_Siena_Mens_Adjustable_Waist_Pant/webp/product/RGP976M_Siena_Mens_Adjustable_Waist_Pant_Black_BACK_View.webp,mens-siena-adjustable-waist-pant,black,5
Men's Siena Adjustable Waist Pant — RGP976M_Siena_Mens_Adjustable_Waist_Pant_Marine_Back_View.webp,rgp976m-rgp976m-siena-mens-adjustable-waist-pant-marine-back-view,https://notanother-nz.github.io/total-image-product-assets/assets/RGP976M_Siena_Mens_Adjustable_Waist_Pant/webp/product/RGP976M_Siena_Mens_Adjustable_Waist_Pant_Marine_Back_View.webp,mens-siena-adjustable-waist-pant,marine,6
Men's Siena Adjustable Waist Pant — RGP976M_Siena_Mens_Adjustable_Waist_Pant_Black_View.webp,rgp976m-rgp976m-siena-mens-adjustable-waist-pant-black-view,https://notanother-nz.github.io/total-image-product-assets/assets/RGP976M_Siena_Mens_Adjustable_Waist_Pant/webp/product/RGP976M_Siena_Mens_Adjustable_Waist_Pant_Black_View.webp,mens-siena-adjustable-waist-pant,black,7
Men's Siena Adjustable Waist Pant — RGP976M_Siena_Mens_Adjustable_Waist_Pant_Marine_View.webp,rgp976m-rgp976m-siena-mens-adjustable-waist-pant-marine-view,https://notanother-nz.github.io/total-image-product-assets/assets/RGP976M_Siena_Mens_Adjustable_Waist_Pant/webp/product/RGP976M_Siena_Mens_Adjustable_Waist_Pant_Marine_View.webp,mens-siena-adjustable-waist-pant,marine,8
Traveller Women's Chino Skirt — RGS264L_TRAVELLER_WOMEN'S_CHINO_SKIRT_DESERT_HERO_FRONT.webp,rgs264l-rgs264l-traveller-womens-chino-skirt-desert-hero-front,https://notanother-nz.github.io/total-image-product-assets/assets/RGS264L_TRAVELLER_WOMEN'S_CHINO_SKIRT/webp/model/RGS264L_TRAVELLER_WOMEN'S_CHINO_SKIRT_DESERT_HERO_FRONT.webp,traveller-womens-chino-skirt,desert,1
Traveller Women's Chino Skirt — RGS264L_TRAVELLER_WOMEN'S_CHINO_SKIRT_DESERT_HERO_BACK.webp,rgs264l-rgs264l-traveller-womens-chino-skirt-desert-hero-back,https://notanother-nz.github.io/total-image-product-assets/assets/RGS264L_TRAVELLER_WOMEN'S_CHINO_SKIRT/webp/model/RGS264L_TRAVELLER_WOMEN'S_CHINO_SKIRT_DESERT_HERO_BACK.webp,traveller-womens-chino-skirt,desert,2
Traveller Women's Chino Skirt — RGS264L_TRAVELLER_WOMEN'S_CHINO_SKIRT_DESERT_HERO_CLOSEUP.webp,rgs264l-rgs264l-traveller-womens-chino-skirt-desert-hero-closeup,https://notanother-nz.github.io/total-image-product-assets/assets/RGS264L_TRAVELLER_WOMEN'S_CHINO_SKIRT/webp/model/RGS264L_TRAVELLER_WOMEN'S_CHINO_SKIRT_DESERT_HERO_CLOSEUP.webp,traveller-womens-chino-skirt,desert,3
Traveller Women's Chino Skirt — RGS264L_TRAVELLER_WOMEN'S_CHINO_SKIRT_DESERT_HERO_SIDE.webp,rgs264l-rgs264l-traveller-womens-chino-skirt-desert-hero-side,https://notanother-nz.github.io/total-image-product-assets/assets/RGS264L_TRAVELLER_WOMEN'S_CHINO_SKIRT/webp/model/RGS264L_TRAVELLER_WOMEN'S_CHINO_SKIRT_DESERT_HERO_SIDE.webp,traveller-womens-chino-skirt,desert,4
Traveller Women's Chino Skirt — RGS264L_TRAVELLER_WOMEN'S_CHINO_SKIRT_BLACK_FRONT.webp,rgs264l-rgs264l-traveller-womens-chino-skirt-black-front,https://notanother-nz.github.io/total-image-product-assets/assets/RGS264L_TRAVELLER_WOMEN'S_CHINO_SKIRT/webp/product/RGS264L_TRAVELLER_WOMEN'S_CHINO_SKIRT_BLACK_FRONT.webp,traveller-womens-chino-skirt,black,5
Traveller Women's Chino Skirt — RGS264L_TRAVELLER_WOMEN'S_CHINO_SKIRT_DESERT_FRONT.webp,rgs264l-rgs264l-traveller-womens-chino-skirt-desert-front,https://notanother-nz.github.io/total-image-product-assets/assets/RGS264L_TRAVELLER_WOMEN'S_CHINO_SKIRT/webp/product/RGS264L_TRAVELLER_WOMEN'S_CHINO_SKIRT_DESERT_FRONT.webp,traveller-womens-chino-skirt,desert,6
Traveller Women's Chino Skirt — RGS264L_TRAVELLER_WOMEN'S_CHINO_SKIRT_NAVY_FRONT.webp,rgs264l-rgs264l-traveller-womens-chino-skirt-navy-front,https://notanother-nz.github.io/total-image-product-assets/assets/RGS264L_TRAVELLER_WOMEN'S_CHINO_SKIRT/webp/product/RGS264L_TRAVELLER_WOMEN'S_CHINO_SKIRT_NAVY_FRONT.webp,traveller-womens-chino-skirt,navy,7
Traveller Women's Chino Skirt — RGS264L_TRAVELLER_WOMEN'S_CHINO_SKIRT_BLACK_BACK.webp,rgs264l-rgs264l-traveller-womens-chino-skirt-black-back,https://notanother-nz.github.io/total-image-product-assets/assets/RGS264L_TRAVELLER_WOMEN'S_CHINO_SKIRT/webp/product/RGS264L_TRAVELLER_WOMEN'S_CHINO_SKIRT_BLACK_BACK.webp,traveller-womens-chino-skirt,black,8
Traveller Women's Chino Skirt — RGS264L_TRAVELLER_WOMEN'S_CHINO_SKIRT_DESERT_BACK.webp,rgs264l-rgs264l-traveller-womens-chino-skirt-desert-back,https://notanother-nz.github.io/total-image-product-assets/assets/RGS264L_TRAVELLER_WOMEN'S_CHINO_SKIRT/webp/product/RGS264L_TRAVELLER_WOMEN'S_CHINO_SKIRT_DESERT_BACK.webp,traveller-womens-chino-skirt,desert,9
Traveller Women's Chino Skirt — RGS264L_TRAVELLER_WOMEN'S_CHINO_SKIRT_NAVY_BACK.webp,rgs264l-rgs264l-traveller-womens-chino-skirt-navy-back,https://notanother-nz.github.io/total-image-product-assets/assets/RGS264L_TRAVELLER_WOMEN'S_CHINO_SKIRT/webp/product/RGS264L_TRAVELLER_WOMEN'S_CHINO_SKIRT_NAVY_BACK.webp,traveller-womens-chino-skirt,navy,10
Womens Sammy Skirt — RGS2670L_SAMMY_WOMENS_SKIRT_HERO_FRONT.webp,rgs2670l-rgs2670l-sammy-womens-skirt-hero-front,https://notanother-nz.github.io/total-image-product-assets/assets/RGS2670L_SAMMY_WOMENS_SKIRT/webp/model/RGS2670L_SAMMY_WOMENS_SKIRT_HERO_FRONT.webp,womens-sammy-skirt,,1
Womens Sammy Skirt — RGS2670L_SAMMY_WOMENS_SKIRT_HERO_BACK.webp,rgs2670l-rgs2670l-sammy-womens-skirt-hero-back,https://notanother-nz.github.io/total-image-product-assets/assets/RGS2670L_SAMMY_WOMENS_SKIRT/webp/model/RGS2670L_SAMMY_WOMENS_SKIRT_HERO_BACK.webp,womens-sammy-skirt,,2
Womens Sammy Skirt — RGS2670L_SAMMY_WOMENS_SKIRT_HERO_CLOSEUP.webp,rgs2670l-rgs2670l-sammy-womens-skirt-hero-closeup,https://notanother-nz.github.io/total-image-product-assets/assets/RGS2670L_SAMMY_WOMENS_SKIRT/webp/model/RGS2670L_SAMMY_WOMENS_SKIRT_HERO_CLOSEUP.webp,womens-sammy-skirt,,3
Womens Sammy Skirt — RGS2670L_SAMMY_WOMENS_SKIRTRGS2670L_SAMMY_WOMENS_SKIRT_HERO_SIDE.webp,rgs2670l-rgs2670l-sammy-womens-skirtrgs2670l-sammy-womens-skirt-hero-side,https://notanother-nz.github.io/total-image-product-assets/assets/RGS2670L_SAMMY_WOMENS_SKIRT/webp/model/RGS2670L_SAMMY_WOMENS_SKIRTRGS2670L_SAMMY_WOMENS_SKIRT_HERO_SIDE.webp,womens-sammy-skirt,,4
Womens Sammy Skirt — RGS2670L_SAMMY_WOMENS_SKIRT_BLACK_FRONT_VIEW.webp,rgs2670l-rgs2670l-sammy-womens-skirt-black-front-view,https://notanother-nz.github.io/total-image-product-assets/assets/RGS2670L_SAMMY_WOMENS_SKIRT/webp/product/RGS2670L_SAMMY_WOMENS_SKIRT_BLACK_FRONT_VIEW.webp,womens-sammy-skirt,black,5
Womens Sammy Skirt — RGS2670L_SAMMY_WOMENS_SKIRT_NAVY_FRONT_VIEW.webp,rgs2670l-rgs2670l-sammy-womens-skirt-navy-front-view,https://notanother-nz.github.io/total-image-product-assets/assets/RGS2670L_SAMMY_WOMENS_SKIRT/webp/product/RGS2670L_SAMMY_WOMENS_SKIRT_NAVY_FRONT_VIEW.webp,womens-sammy-skirt,navy,6
Womens Sammy Skirt — RGS2670L_SAMMY_WOMENS_SKIRT_BLACK_BACK_VIEW.webp,rgs2670l-rgs2670l-sammy-womens-skirt-black-back-view,https://notanother-nz.github.io/total-image-product-assets/assets/RGS2670L_SAMMY_WOMENS_SKIRT/webp/product/RGS2670L_SAMMY_WOMENS_SKIRT_BLACK_BACK_VIEW.webp,womens-sammy-skirt,black,7
Womens Sammy Skirt — RGS2670L_SAMMY_WOMENS_SKIRT_NAVY_BACK_VIEW.webp,rgs2670l-rgs2670l-sammy-womens-skirt-navy-back-view,https://notanother-nz.github.io/total-image-product-assets/assets/RGS2670L_SAMMY_WOMENS_SKIRT/webp/product/RGS2670L_SAMMY_WOMENS_SKIRT_NAVY_BACK_VIEW.webp,womens-sammy-skirt,navy,8
Cool Stretch Women's Mid-Waist Pencil Skirt — RGS312L_COOL_STRETCH_WOMEN'S_MID_WAIST_PENCIL_SKIRT_NAVY_HERO_FRONT.webp,rgs312l-rgs312l-cool-stretch-womens-mid-waist-pencil-skirt-navy-hero-front,https://notanother-nz.github.io/total-image-product-assets/assets/RGS312L_COOL_STRETCH_WOMEN'S_MID_WAIST_PENCIL_SKIRT/webp/model/RGS312L_COOL_STRETCH_WOMEN'S_MID_WAIST_PENCIL_SKIRT_NAVY_HERO_FRONT.webp,cool-stretch-womens-mid-waist-pencil-skirt,navy,1
Cool Stretch Women's Mid-Waist Pencil Skirt — RGS312L_COOL_STRETCH_WOMEN'S_MID_WAIST_PENCIL_SKIRT_NAVY_HERO_BACK.webp,rgs312l-rgs312l-cool-stretch-womens-mid-waist-pencil-skirt-navy-hero-back,https://notanother-nz.github.io/total-image-product-assets/assets/RGS312L_COOL_STRETCH_WOMEN'S_MID_WAIST_PENCIL_SKIRT/webp/model/RGS312L_COOL_STRETCH_WOMEN'S_MID_WAIST_PENCIL_SKIRT_NAVY_HERO_BACK.webp,cool-stretch-womens-mid-waist-pencil-skirt,navy,2
Cool Stretch Women's Mid-Waist Pencil Skirt — RGS312L_COOL_STRETCH_WOMEN'S_MID_WAIST_PENCIL_SKIRT_NAVY_HERO_CLOSEUP.webp,rgs312l-rgs312l-cool-stretch-womens-mid-waist-pencil-skirt-navy-hero-closeup,https://notanother-nz.github.io/total-image-product-assets/assets/RGS312L_COOL_STRETCH_WOMEN'S_MID_WAIST_PENCIL_SKIRT/webp/model/RGS312L_COOL_STRETCH_WOMEN'S_MID_WAIST_PENCIL_SKIRT_NAVY_HERO_CLOSEUP.webp,cool-stretch-womens-mid-waist-pencil-skirt,navy,3
Cool Stretch Women's Mid-Waist Pencil Skirt — RGS312L_COOL_STRETCH_WOMEN'S_MID_WAIST_PENCIL_SKIRT_NAVY_HERO_SIDE.webp,rgs312l-rgs312l-cool-stretch-womens-mid-waist-pencil-skirt-navy-hero-side,https://notanother-nz.github.io/total-image-product-assets/assets/RGS312L_COOL_STRETCH_WOMEN'S_MID_WAIST_PENCIL_SKIRT/webp/model/RGS312L_COOL_STRETCH_WOMEN'S_MID_WAIST_PENCIL_SKIRT_NAVY_HERO_SIDE.webp,cool-stretch-womens-mid-waist-pencil-skirt,navy,4
Cool Stretch Women's Mid-Waist Pencil Skirt — RGS312L_COOL_STRETCH_WOMEN'S_MID_WAIST_PENCIL_SKIRT_BLACK_FRONT.webp,rgs312l-rgs312l-cool-stretch-womens-mid-waist-pencil-skirt-black-front,https://notanother-nz.github.io/total-image-product-assets/assets/RGS312L_COOL_STRETCH_WOMEN'S_MID_WAIST_PENCIL_SKIRT/webp/product/RGS312L_COOL_STRETCH_WOMEN'S_MID_WAIST_PENCIL_SKIRT_BLACK_FRONT.webp,cool-stretch-womens-mid-waist-pencil-skirt,black,5
Cool Stretch Women's Mid-Waist Pencil Skirt — RGS312L_COOL_STRETCH_WOMEN'S_MID_WAIST_PENCIL_SKIRT_CHARCOAL_FRONT.webp,rgs312l-rgs312l-cool-stretch-womens-mid-waist-pencil-skirt-charcoal-front,https://notanother-nz.github.io/total-image-product-assets/assets/RGS312L_COOL_STRETCH_WOMEN'S_MID_WAIST_PENCIL_SKIRT/webp/product/RGS312L_COOL_STRETCH_WOMEN'S_MID_WAIST_PENCIL_SKIRT_CHARCOAL_FRONT.webp,cool-stretch-womens-mid-waist-pencil-skirt,charcoal,6
Cool Stretch Women's Mid-Waist Pencil Skirt — RGS312L_COOL_STRETCH_WOMEN'S_MID_WAIST_PENCIL_SKIRT_NAVY_FRONT.webp,rgs312l-rgs312l-cool-stretch-womens-mid-waist-pencil-skirt-navy-front,https://notanother-nz.github.io/total-image-product-assets/assets/RGS312L_COOL_STRETCH_WOMEN'S_MID_WAIST_PENCIL_SKIRT/webp/product/RGS312L_COOL_STRETCH_WOMEN'S_MID_WAIST_PENCIL_SKIRT_NAVY_FRONT.webp,cool-stretch-womens-mid-waist-pencil-skirt,navy,7
Cool Stretch Women's Mid-Waist Pencil Skirt — RGS312L_COOL_STRETCH_WOMEN'S_MID_WAIST_PENCIL_SKIRT_BLACK_BACK.webp,rgs312l-rgs312l-cool-stretch-womens-mid-waist-pencil-skirt-black-back,https://notanother-nz.github.io/total-image-product-assets/assets/RGS312L_COOL_STRETCH_WOMEN'S_MID_WAIST_PENCIL_SKIRT/webp/product/RGS312L_COOL_STRETCH_WOMEN'S_MID_WAIST_PENCIL_SKIRT_BLACK_BACK.webp,cool-stretch-womens-mid-waist-pencil-skirt,black,8
Cool Stretch Women's Mid-Waist Pencil Skirt — RGS312L_COOL_STRETCH_WOMEN'S_MID_WAIST_PENCIL_SKIRT_CHARCOAL_BACK.webp,rgs312l-rgs312l-cool-stretch-womens-mid-waist-pencil-skirt-charcoal-back,https://notanother-nz.github.io/total-image-product-assets/assets/RGS312L_COOL_STRETCH_WOMEN'S_MID_WAIST_PENCIL_SKIRT/webp/product/RGS312L_COOL_STRETCH_WOMEN'S_MID_WAIST_PENCIL_SKIRT_CHARCOAL_BACK.webp,cool-stretch-womens-mid-waist-pencil-skirt,charcoal,9
Cool Stretch Women's Mid-Waist Pencil Skirt — RGS312L_COOL_STRETCH_WOMEN'S_MID_WAIST_PENCIL_SKIRT_NAVY_BACK.webp,rgs312l-rgs312l-cool-stretch-womens-mid-waist-pencil-skirt-navy-back,https://notanother-nz.github.io/total-image-product-assets/assets/RGS312L_COOL_STRETCH_WOMEN'S_MID_WAIST_PENCIL_SKIRT/webp/product/RGS312L_COOL_STRETCH_WOMEN'S_MID_WAIST_PENCIL_SKIRT_NAVY_BACK.webp,cool-stretch-womens-mid-waist-pencil-skirt,navy,10
Renew Women's Functional Pencil Skirt — RGS403L_RENEW_WOMEN'S_FUNCTIONAL_PENCIL_SKIRT_NAVY_DUSK_HERO_FRONT.webp,rgs403l-rgs403l-renew-womens-functional-pencil-skirt-navy-dusk-hero-front,https://notanother-nz.github.io/total-image-product-assets/assets/RGS403L_RENEW_WOMEN'S_FUNCTIONAL_PENCIL_SKIRT/webp/model/RGS403L_RENEW_WOMEN'S_FUNCTIONAL_PENCIL_SKIRT_NAVY_DUSK_HERO_FRONT.webp,renew-womens-functional-pencil-skirt,navy-dusk,1
Renew Women's Functional Pencil Skirt — RGS403L_RENEW_WOMEN'S_FUNCTIONAL_PENCIL_SKIRT_PENCIL_BLACK_HERO_FRONT.webp,rgs403l-rgs403l-renew-womens-functional-pencil-skirt-pencil-black-hero-front,https://notanother-nz.github.io/total-image-product-assets/assets/RGS403L_RENEW_WOMEN'S_FUNCTIONAL_PENCIL_SKIRT/webp/model/RGS403L_RENEW_WOMEN'S_FUNCTIONAL_PENCIL_SKIRT_PENCIL_BLACK_HERO_FRONT.webp,renew-womens-functional-pencil-skirt,pencil-black,2
Renew Women's Functional Pencil Skirt — RGS403L_RENEW_WOMEN'S_FUNCTIONAL_PENCIL_SKIRT_NAVY_DUSK_HERO_BACK.webp,rgs403l-rgs403l-renew-womens-functional-pencil-skirt-navy-dusk-hero-back,https://notanother-nz.github.io/total-image-product-assets/assets/RGS403L_RENEW_WOMEN'S_FUNCTIONAL_PENCIL_SKIRT/webp/model/RGS403L_RENEW_WOMEN'S_FUNCTIONAL_PENCIL_SKIRT_NAVY_DUSK_HERO_BACK.webp,renew-womens-functional-pencil-skirt,navy-dusk,3
Renew Women's Functional Pencil Skirt — RGS403L_RENEW_WOMEN'S_FUNCTIONAL_PENCIL_SKIRT_PENCIL_BLACK_HERO_BACK.webp,rgs403l-rgs403l-renew-womens-functional-pencil-skirt-pencil-black-hero-back,https://notanother-nz.github.io/total-image-product-assets/assets/RGS403L_RENEW_WOMEN'S_FUNCTIONAL_PENCIL_SKIRT/webp/model/RGS403L_RENEW_WOMEN'S_FUNCTIONAL_PENCIL_SKIRT_PENCIL_BLACK_HERO_BACK.webp,renew-womens-functional-pencil-skirt,pencil-black,4
Renew Women's Functional Pencil Skirt — RGS403L_RENEW_WOMEN'S_FUNCTIONAL_PENCIL_SKIRT_NAVY_DUSK_HERO_CLOSEUP.webp,rgs403l-rgs403l-renew-womens-functional-pencil-skirt-navy-dusk-hero-closeup,https://notanother-nz.github.io/total-image-product-assets/assets/RGS403L_RENEW_WOMEN'S_FUNCTIONAL_PENCIL_SKIRT/webp/model/RGS403L_RENEW_WOMEN'S_FUNCTIONAL_PENCIL_SKIRT_NAVY_DUSK_HERO_CLOSEUP.webp,renew-womens-functional-pencil-skirt,navy-dusk,5
Renew Women's Functional Pencil Skirt — RGS403L_RENEW_WOMEN'S_FUNCTIONAL_PENCIL_SKIRT_PENCIL_BLACK_HERO_CLOSEUP.webp,rgs403l-rgs403l-renew-womens-functional-pencil-skirt-pencil-black-hero-closeup,https://notanother-nz.github.io/total-image-product-assets/assets/RGS403L_RENEW_WOMEN'S_FUNCTIONAL_PENCIL_SKIRT/webp/model/RGS403L_RENEW_WOMEN'S_FUNCTIONAL_PENCIL_SKIRT_PENCIL_BLACK_HERO_CLOSEUP.webp,renew-womens-functional-pencil-skirt,pencil-black,6
Renew Women's Functional Pencil Skirt — RGS403L_RENEW_WOMEN'S_FUNCTIONAL_PENCIL_SKIRT_NAVY_DUSK_HERO_SIDE.webp,rgs403l-rgs403l-renew-womens-functional-pencil-skirt-navy-dusk-hero-side,https://notanother-nz.github.io/total-image-product-assets/assets/RGS403L_RENEW_WOMEN'S_FUNCTIONAL_PENCIL_SKIRT/webp/model/RGS403L_RENEW_WOMEN'S_FUNCTIONAL_PENCIL_SKIRT_NAVY_DUSK_HERO_SIDE.webp,renew-womens-functional-pencil-skirt,navy-dusk,7
Renew Women's Functional Pencil Skirt — RGS403L_RENEW_WOMEN'S_FUNCTIONAL_PENCIL_SKIRT_PENCIL_BLACK_HERO_SIDE.webp,rgs403l-rgs403l-renew-womens-functional-pencil-skirt-pencil-black-hero-side,https://notanother-nz.github.io/total-image-product-assets/assets/RGS403L_RENEW_WOMEN'S_FUNCTIONAL_PENCIL_SKIRT/webp/model/RGS403L_RENEW_WOMEN'S_FUNCTIONAL_PENCIL_SKIRT_PENCIL_BLACK_HERO_SIDE.webp,renew-womens-functional-pencil-skirt,pencil-black,8
Renew Women's Functional Pencil Skirt — RGS403L_RENEW_WOMEN'S_FUNCTIONAL_PENCIL_SKIRT_NAVY_DUSK_FRONT.webp,rgs403l-rgs403l-renew-womens-functional-pencil-skirt-navy-dusk-front,https://notanother-nz.github.io/total-image-product-assets/assets/RGS403L_RENEW_WOMEN'S_FUNCTIONAL_PENCIL_SKIRT/webp/product/RGS403L_RENEW_WOMEN'S_FUNCTIONAL_PENCIL_SKIRT_NAVY_DUSK_FRONT.webp,renew-womens-functional-pencil-skirt,navy-dusk,9
Renew Women's Functional Pencil Skirt — RGS403L_RENEW_WOMEN'S_FUNCTIONAL_PENCIL_SKIRT_PENCIL_BLACK_FRONT.webp,rgs403l-rgs403l-renew-womens-functional-pencil-skirt-pencil-black-front,https://notanother-nz.github.io/total-image-product-assets/assets/RGS403L_RENEW_WOMEN'S_FUNCTIONAL_PENCIL_SKIRT/webp/product/RGS403L_RENEW_WOMEN'S_FUNCTIONAL_PENCIL_SKIRT_PENCIL_BLACK_FRONT.webp,renew-womens-functional-pencil-skirt,pencil-black,10
Renew Women's Functional Pencil Skirt — RGS403L_RENEW_WOMEN'S_FUNCTIONAL_PENCIL_SKIRT_NAVY_DUSK_BACK.webp,rgs403l-rgs403l-renew-womens-functional-pencil-skirt-navy-dusk-back,https://notanother-nz.github.io/total-image-product-assets/assets/RGS403L_RENEW_WOMEN'S_FUNCTIONAL_PENCIL_SKIRT/webp/product/RGS403L_RENEW_WOMEN'S_FUNCTIONAL_PENCIL_SKIRT_NAVY_DUSK_BACK.webp,renew-womens-functional-pencil-skirt,navy-dusk,11
Renew Women's Functional Pencil Skirt — RGS403L_RENEW_WOMEN'S_FUNCTIONAL_PENCIL_SKIRT_PENCIL_BLACK_BACK.webp,rgs403l-rgs403l-renew-womens-functional-pencil-skirt-pencil-black-back,https://notanother-nz.github.io/total-image-product-assets/assets/RGS403L_RENEW_WOMEN'S_FUNCTIONAL_PENCIL_SKIRT/webp/product/RGS403L_RENEW_WOMEN'S_FUNCTIONAL_PENCIL_SKIRT_PENCIL_BLACK_BACK.webp,renew-womens-functional-pencil-skirt,pencil-black,12
Renew Women's Double Breasted Longline Jacket — RJ400L_Renew_Womens_Double_Breasted_Longline_Jacket_Hero_Front.webp,rj400l-rj400l-renew-womens-double-breasted-longline-jacket-hero-front,https://notanother-nz.github.io/total-image-product-assets/assets/RJ400L_RENEW_WOMENS_DOUBLE_BREASTED_LONGLINE_JACKET/webp/model/RJ400L_Renew_Womens_Double_Breasted_Longline_Jacket_Hero_Front.webp,renew-womens-double-breasted-longline-jacket,,1
Renew Women's Double Breasted Longline Jacket — RJ400L_RENEW_WOMENS_DOUBLE_BREASTED_LONGLINE_JACKET_NAVY_DUSK_CAUCASIAN_HERO_FRONT.webp,rj400l-rj400l-renew-womens-double-breasted-longline-jacket-navy-dusk-caucasian-hero-front,https://notanother-nz.github.io/total-image-product-assets/assets/RJ400L_RENEW_WOMENS_DOUBLE_BREASTED_LONGLINE_JACKET/webp/model/RJ400L_RENEW_WOMENS_DOUBLE_BREASTED_LONGLINE_JACKET_NAVY_DUSK_CAUCASIAN_HERO_FRONT.webp,renew-womens-double-breasted-longline-jacket,navy-dusk,2
Renew Women's Double Breasted Longline Jacket — RJ400L_RENEW_WOMENS_DOUBLE_BREASTED_LONGLINE_JACKET_PENCIL_BLACK_CAUCASIAN_HERO_FRONT.webp,rj400l-rj400l-renew-womens-double-breasted-longline-jacket-pencil-black-caucasian-hero-front,https://notanother-nz.github.io/total-image-product-assets/assets/RJ400L_RENEW_WOMENS_DOUBLE_BREASTED_LONGLINE_JACKET/webp/model/RJ400L_RENEW_WOMENS_DOUBLE_BREASTED_LONGLINE_JACKET_PENCIL_BLACK_CAUCASIAN_HERO_FRONT.webp,renew-womens-double-breasted-longline-jacket,pencil-black,3
Renew Women's Double Breasted Longline Jacket — RJ400L_Renew_Womens_Double_Breasted_Longline_Jacket_Hero_back.webp,rj400l-rj400l-renew-womens-double-breasted-longline-jacket-hero-back,https://notanother-nz.github.io/total-image-product-assets/assets/RJ400L_RENEW_WOMENS_DOUBLE_BREASTED_LONGLINE_JACKET/webp/model/RJ400L_Renew_Womens_Double_Breasted_Longline_Jacket_Hero_back.webp,renew-womens-double-breasted-longline-jacket,,4
Renew Women's Double Breasted Longline Jacket — RJ400L_RENEW_WOMENS_DOUBLE_BREASTED_LONGLINE_JACKET_NAVY_DUSK_CAUCASIAN_HERO_BACK.webp,rj400l-rj400l-renew-womens-double-breasted-longline-jacket-navy-dusk-caucasian-hero-back,https://notanother-nz.github.io/total-image-product-assets/assets/RJ400L_RENEW_WOMENS_DOUBLE_BREASTED_LONGLINE_JACKET/webp/model/RJ400L_RENEW_WOMENS_DOUBLE_BREASTED_LONGLINE_JACKET_NAVY_DUSK_CAUCASIAN_HERO_BACK.webp,renew-womens-double-breasted-longline-jacket,navy-dusk,5
Renew Women's Double Breasted Longline Jacket — RJ400L_RENEW_WOMENS_DOUBLE_BREASTED_LONGLINE_JACKET_PENCIL_BLACK_CAUCASIAN_HERO_BACK.webp,rj400l-rj400l-renew-womens-double-breasted-longline-jacket-pencil-black-caucasian-hero-back,https://notanother-nz.github.io/total-image-product-assets/assets/RJ400L_RENEW_WOMENS_DOUBLE_BREASTED_LONGLINE_JACKET/webp/model/RJ400L_RENEW_WOMENS_DOUBLE_BREASTED_LONGLINE_JACKET_PENCIL_BLACK_CAUCASIAN_HERO_BACK.webp,renew-womens-double-breasted-longline-jacket,pencil-black,6
Renew Women's Double Breasted Longline Jacket — RJ400L_Renew_Womens_Double_Breasted_Longline_Jacket_Hero_CloseUp.webp,rj400l-rj400l-renew-womens-double-breasted-longline-jacket-hero-closeup,https://notanother-nz.github.io/total-image-product-assets/assets/RJ400L_RENEW_WOMENS_DOUBLE_BREASTED_LONGLINE_JACKET/webp/model/RJ400L_Renew_Womens_Double_Breasted_Longline_Jacket_Hero_CloseUp.webp,renew-womens-double-breasted-longline-jacket,,7
Renew Women's Double Breasted Longline Jacket — RJ400L_RENEW_WOMENS_DOUBLE_BREASTED_LONGLINE_JACKET_NAVY_DUSK_CAUCASIAN_HERO_CLOSEUP.webp,rj400l-rj400l-renew-womens-double-breasted-longline-jacket-navy-dusk-caucasian-hero-closeup,https://notanother-nz.github.io/total-image-product-assets/assets/RJ400L_RENEW_WOMENS_DOUBLE_BREASTED_LONGLINE_JACKET/webp/model/RJ400L_RENEW_WOMENS_DOUBLE_BREASTED_LONGLINE_JACKET_NAVY_DUSK_CAUCASIAN_HERO_CLOSEUP.webp,renew-womens-double-breasted-longline-jacket,navy-dusk,8
Renew Women's Double Breasted Longline Jacket — RJ400L_RENEW_WOMENS_DOUBLE_BREASTED_LONGLINE_JACKET_PENCIL_BLACK_CAUCASIAN_HERO_CLOSEUP.webp,rj400l-rj400l-renew-womens-double-breasted-longline-jacket-pencil-black-caucasian-hero-closeup,https://notanother-nz.github.io/total-image-product-assets/assets/RJ400L_RENEW_WOMENS_DOUBLE_BREASTED_LONGLINE_JACKET/webp/model/RJ400L_RENEW_WOMENS_DOUBLE_BREASTED_LONGLINE_JACKET_PENCIL_BLACK_CAUCASIAN_HERO_CLOSEUP.webp,renew-womens-double-breasted-longline-jacket,pencil-black,9
Renew Women's Double Breasted Longline Jacket — RJ400L_Renew_Womens_Double_Breasted_Longline_Jacket_Hero_Side.webp,rj400l-rj400l-renew-womens-double-breasted-longline-jacket-hero-side,https://notanother-nz.github.io/total-image-product-assets/assets/RJ400L_RENEW_WOMENS_DOUBLE_BREASTED_LONGLINE_JACKET/webp/model/RJ400L_Renew_Womens_Double_Breasted_Longline_Jacket_Hero_Side.webp,renew-womens-double-breasted-longline-jacket,,10
Renew Women's Double Breasted Longline Jacket — RJ400L_RENEW_WOMENS_DOUBLE_BREASTED_LONGLINE_JACKET_NAVY_DUSK_CAUCASIAN_HERO_SIDE.webp,rj400l-rj400l-renew-womens-double-breasted-longline-jacket-navy-dusk-caucasian-hero-side,https://notanother-nz.github.io/total-image-product-assets/assets/RJ400L_RENEW_WOMENS_DOUBLE_BREASTED_LONGLINE_JACKET/webp/model/RJ400L_RENEW_WOMENS_DOUBLE_BREASTED_LONGLINE_JACKET_NAVY_DUSK_CAUCASIAN_HERO_SIDE.webp,renew-womens-double-breasted-longline-jacket,navy-dusk,11
Renew Women's Double Breasted Longline Jacket — RJ400L_RENEW_WOMENS_DOUBLE_BREASTED_LONGLINE_JACKET_PENCIL_BLACK_CAUCASIAN_HERO_SIDE.webp,rj400l-rj400l-renew-womens-double-breasted-longline-jacket-pencil-black-caucasian-hero-side,https://notanother-nz.github.io/total-image-product-assets/assets/RJ400L_RENEW_WOMENS_DOUBLE_BREASTED_LONGLINE_JACKET/webp/model/RJ400L_RENEW_WOMENS_DOUBLE_BREASTED_LONGLINE_JACKET_PENCIL_BLACK_CAUCASIAN_HERO_SIDE.webp,renew-womens-double-breasted-longline-jacket,pencil-black,12
Renew Women's Double Breasted Longline Jacket — RJ400L_RENEW_WOMENS_DOUBLE_BREASTED_LONGLINE_JACKET_FRONT.webp,rj400l-rj400l-renew-womens-double-breasted-longline-jacket-front,https://notanother-nz.github.io/total-image-product-assets/assets/RJ400L_RENEW_WOMENS_DOUBLE_BREASTED_LONGLINE_JACKET/webp/model/RJ400L_RENEW_WOMENS_DOUBLE_BREASTED_LONGLINE_JACKET_FRONT.webp,renew-womens-double-breasted-longline-jacket,,13
Renew Women's Double Breasted Longline Jacket — RJ400L_RENEW_WOMENS_DOUBLE_BREASTED_LONGLINE_JACKET_BACK.webp,rj400l-rj400l-renew-womens-double-breasted-longline-jacket-back,https://notanother-nz.github.io/total-image-product-assets/assets/RJ400L_RENEW_WOMENS_DOUBLE_BREASTED_LONGLINE_JACKET/webp/model/RJ400L_RENEW_WOMENS_DOUBLE_BREASTED_LONGLINE_JACKET_BACK.webp,renew-womens-double-breasted-longline-jacket,,14
Renew Women's Double Breasted Longline Jacket — RJ400L_RENEW_WOMENS_DOUBLE_BREASTED_LONGLINE_JACKET_SIDE.webp,rj400l-rj400l-renew-womens-double-breasted-longline-jacket-side,https://notanother-nz.github.io/total-image-product-assets/assets/RJ400L_RENEW_WOMENS_DOUBLE_BREASTED_LONGLINE_JACKET/webp/model/RJ400L_RENEW_WOMENS_DOUBLE_BREASTED_LONGLINE_JACKET_SIDE.webp,renew-womens-double-breasted-longline-jacket,,15
Renew Women's Double Breasted Longline Jacket — RJ400L_RENEW_WOMENS_DOUBLE_BREASTED_LONGLINE_JACKET_CLOSEUP.webp,rj400l-rj400l-renew-womens-double-breasted-longline-jacket-closeup,https://notanother-nz.github.io/total-image-product-assets/assets/RJ400L_RENEW_WOMENS_DOUBLE_BREASTED_LONGLINE_JACKET/webp/model/RJ400L_RENEW_WOMENS_DOUBLE_BREASTED_LONGLINE_JACKET_CLOSEUP.webp,renew-womens-double-breasted-longline-jacket,,16
Renew Women's Double Breasted Longline Jacket — RJ400L_RENEW_WOMENS_DOUBLE_BREASTED_LONGLINE_JACKET_NAVY_DUSK_FRONT.webp,rj400l-rj400l-renew-womens-double-breasted-longline-jacket-navy-dusk-front,https://notanother-nz.github.io/total-image-product-assets/assets/RJ400L_RENEW_WOMENS_DOUBLE_BREASTED_LONGLINE_JACKET/webp/product/RJ400L_RENEW_WOMENS_DOUBLE_BREASTED_LONGLINE_JACKET_NAVY_DUSK_FRONT.webp,renew-womens-double-breasted-longline-jacket,navy-dusk,17
Renew Women's Double Breasted Longline Jacket — RJ400L_Renew_Womens_Double_Breasted_Longline_Jacket_NavyDusk_Front_View.webp,rj400l-rj400l-renew-womens-double-breasted-longline-jacket-navydusk-front-view,https://notanother-nz.github.io/total-image-product-assets/assets/RJ400L_RENEW_WOMENS_DOUBLE_BREASTED_LONGLINE_JACKET/webp/product/RJ400L_Renew_Womens_Double_Breasted_Longline_Jacket_NavyDusk_Front_View.webp,renew-womens-double-breasted-longline-jacket,navy-dusk,18
Renew Women's Double Breasted Longline Jacket — RJ400L_RENEW_WOMENS_DOUBLE_BREASTED_LONGLINE_JACKET_NAVYDUSK_FRONT.webp,rj400l-rj400l-renew-womens-double-breasted-longline-jacket-navydusk-front,https://notanother-nz.github.io/total-image-product-assets/assets/RJ400L_RENEW_WOMENS_DOUBLE_BREASTED_LONGLINE_JACKET/webp/product/RJ400L_RENEW_WOMENS_DOUBLE_BREASTED_LONGLINE_JACKET_NAVYDUSK_FRONT.webp,renew-womens-double-breasted-longline-jacket,navy-dusk,19
Renew Women's Double Breasted Longline Jacket — RJ400L_RENEW_WOMENS_DOUBLE_BREASTED_LONGLINE_JACKET_PENCIL_BLACK_FRONT.webp,rj400l-rj400l-renew-womens-double-breasted-longline-jacket-pencil-black-front,https://notanother-nz.github.io/total-image-product-assets/assets/RJ400L_RENEW_WOMENS_DOUBLE_BREASTED_LONGLINE_JACKET/webp/product/RJ400L_RENEW_WOMENS_DOUBLE_BREASTED_LONGLINE_JACKET_PENCIL_BLACK_FRONT.webp,renew-womens-double-breasted-longline-jacket,pencil-black,20
Renew Women's Double Breasted Longline Jacket — RJ400L_Renew_Womens_Double_Breasted_Longline_Jacket_PencilBlack_Front_View.webp,rj400l-rj400l-renew-womens-double-breasted-longline-jacket-pencilblack-front-view,https://notanother-nz.github.io/total-image-product-assets/assets/RJ400L_RENEW_WOMENS_DOUBLE_BREASTED_LONGLINE_JACKET/webp/product/RJ400L_Renew_Womens_Double_Breasted_Longline_Jacket_PencilBlack_Front_View.webp,renew-womens-double-breasted-longline-jacket,pencil-black,21
Renew Women's Double Breasted Longline Jacket — RJ400L_RENEW_WOMENS_DOUBLE_BREASTED_LONGLINE_JACKET_PENCILBLACK_FRONT.webp,rj400l-rj400l-renew-womens-double-breasted-longline-jacket-pencilblack-front,https://notanother-nz.github.io/total-image-product-assets/assets/RJ400L_RENEW_WOMENS_DOUBLE_BREASTED_LONGLINE_JACKET/webp/product/RJ400L_RENEW_WOMENS_DOUBLE_BREASTED_LONGLINE_JACKET_PENCILBLACK_FRONT.webp,renew-womens-double-breasted-longline-jacket,pencil-black,22
Renew Women's Double Breasted Longline Jacket — RJ400L_RENEW_WOMENS_DOUBLE_BREASTED_LONGLINE_JACKET_NAVY_DUSK_BACK.webp,rj400l-rj400l-renew-womens-double-breasted-longline-jacket-navy-dusk-back,https://notanother-nz.github.io/total-image-product-assets/assets/RJ400L_RENEW_WOMENS_DOUBLE_BREASTED_LONGLINE_JACKET/webp/product/RJ400L_RENEW_WOMENS_DOUBLE_BREASTED_LONGLINE_JACKET_NAVY_DUSK_BACK.webp,renew-womens-double-breasted-longline-jacket,navy-dusk,23
Renew Women's Double Breasted Longline Jacket — RJ400L_Renew_Womens_Double_Breasted_Longline_Jacket_NavyDusk_Back_View.webp,rj400l-rj400l-renew-womens-double-breasted-longline-jacket-navydusk-back-view,https://notanother-nz.github.io/total-image-product-assets/assets/RJ400L_RENEW_WOMENS_DOUBLE_BREASTED_LONGLINE_JACKET/webp/product/RJ400L_Renew_Womens_Double_Breasted_Longline_Jacket_NavyDusk_Back_View.webp,renew-womens-double-breasted-longline-jacket,navy-dusk,24
Renew Women's Double Breasted Longline Jacket — RJ400L_RENEW_WOMENS_DOUBLE_BREASTED_LONGLINE_JACKET_NAVYDUSK_BACK.webp,rj400l-rj400l-renew-womens-double-breasted-longline-jacket-navydusk-back,https://notanother-nz.github.io/total-image-product-assets/assets/RJ400L_RENEW_WOMENS_DOUBLE_BREASTED_LONGLINE_JACKET/webp/product/RJ400L_RENEW_WOMENS_DOUBLE_BREASTED_LONGLINE_JACKET_NAVYDUSK_BACK.webp,renew-womens-double-breasted-longline-jacket,navy-dusk,25
Renew Women's Double Breasted Longline Jacket — RJ400L_RENEW_WOMENS_DOUBLE_BREASTED_LONGLINE_JACKET_PENCIL_BLACK_BACK.webp,rj400l-rj400l-renew-womens-double-breasted-longline-jacket-pencil-black-back,https://notanother-nz.github.io/total-image-product-assets/assets/RJ400L_RENEW_WOMENS_DOUBLE_BREASTED_LONGLINE_JACKET/webp/product/RJ400L_RENEW_WOMENS_DOUBLE_BREASTED_LONGLINE_JACKET_PENCIL_BLACK_BACK.webp,renew-womens-double-breasted-longline-jacket,pencil-black,26
Renew Women's Double Breasted Longline Jacket — RJ400L_Renew_Womens_Double_Breasted_Longline_Jacket_PencilBlack_Back_View.webp,rj400l-rj400l-renew-womens-double-breasted-longline-jacket-pencilblack-back-view,https://notanother-nz.github.io/total-image-product-assets/assets/RJ400L_RENEW_WOMENS_DOUBLE_BREASTED_LONGLINE_JACKET/webp/product/RJ400L_Renew_Womens_Double_Breasted_Longline_Jacket_PencilBlack_Back_View.webp,renew-womens-double-breasted-longline-jacket,pencil-black,27
Renew Women's Double Breasted Longline Jacket — RJ400L_RENEW_WOMENS_DOUBLE_BREASTED_LONGLINE_JACKET_PENCILBLACK_BACK.webp,rj400l-rj400l-renew-womens-double-breasted-longline-jacket-pencilblack-back,https://notanother-nz.github.io/total-image-product-assets/assets/RJ400L_RENEW_WOMENS_DOUBLE_BREASTED_LONGLINE_JACKET/webp/product/RJ400L_RENEW_WOMENS_DOUBLE_BREASTED_LONGLINE_JACKET_PENCILBLACK_BACK.webp,renew-womens-double-breasted-longline-jacket,pencil-black,28
Renew Women's Single Button Mid Length Jacket — RJ401L_RENEW_WOMEN'S_SINGLE_BUTTON_MID_LENGTH_JACKET_BLACK_AFRICAN_HERO_FRONT.webp,rj401l-rj401l-renew-womens-single-button-mid-length-jacket-black-african-hero-front,https://notanother-nz.github.io/total-image-product-assets/assets/RJ401L_RENEW_WOMEN'S_SINGLE_BUTTON_MID_LENGTH_JACKET/webp/model/RJ401L_RENEW_WOMEN'S_SINGLE_BUTTON_MID_LENGTH_JACKET_BLACK_AFRICAN_HERO_FRONT.webp,renew-womens-single-button-mid-length-jacket,,1
Renew Women's Single Button Mid Length Jacket — RJ401L_RENEW_WOMEN'S_SINGLE_BUTTON_MID_LENGTH_JACKET_BLACK_PLUS_HERO_FRONT.webp,rj401l-rj401l-renew-womens-single-button-mid-length-jacket-black-plus-hero-front,https://notanother-nz.github.io/total-image-product-assets/assets/RJ401L_RENEW_WOMEN'S_SINGLE_BUTTON_MID_LENGTH_JACKET/webp/model/RJ401L_RENEW_WOMEN'S_SINGLE_BUTTON_MID_LENGTH_JACKET_BLACK_PLUS_HERO_FRONT.webp,renew-womens-single-button-mid-length-jacket,,2
Renew Women's Single Button Mid Length Jacket — RJ401L_RENEW_WOMEN'S_SINGLE_BUTTON_MID_LENGTH_JACKET_BLUE_PLUS_HERO_FRONT.webp,rj401l-rj401l-renew-womens-single-button-mid-length-jacket-blue-plus-hero-front,https://notanother-nz.github.io/total-image-product-assets/assets/RJ401L_RENEW_WOMEN'S_SINGLE_BUTTON_MID_LENGTH_JACKET/webp/model/RJ401L_RENEW_WOMEN'S_SINGLE_BUTTON_MID_LENGTH_JACKET_BLUE_PLUS_HERO_FRONT.webp,renew-womens-single-button-mid-length-jacket,,3
Renew Women's Single Button Mid Length Jacket — RJ401L_RENEW_WOMEN'S_SINGLE_BUTTON_MID_LENGTH_JACKET_NAVY_DUSK_ASIAN_HERO_FRONT__SOURCE_VARIANT_2.webp,rj401l-rj401l-renew-womens-single-button-mid-length-jacket-navy-dusk-asian-hero-front-source-variant-2,https://notanother-nz.github.io/total-image-product-assets/assets/RJ401L_RENEW_WOMEN'S_SINGLE_BUTTON_MID_LENGTH_JACKET/webp/model/RJ401L_RENEW_WOMEN'S_SINGLE_BUTTON_MID_LENGTH_JACKET_NAVY_DUSK_ASIAN_HERO_FRONT__SOURCE_VARIANT_2.webp,renew-womens-single-button-mid-length-jacket,navy-dusk,4
Renew Women's Single Button Mid Length Jacket — RJ401L_RENEW_WOMEN'S_SINGLE_BUTTON_MID_LENGTH_JACKET_NAVY_DUSK_ASIAN_HERO_FRONT.webp,rj401l-rj401l-renew-womens-single-button-mid-length-jacket-navy-dusk-asian-hero-front,https://notanother-nz.github.io/total-image-product-assets/assets/RJ401L_RENEW_WOMEN'S_SINGLE_BUTTON_MID_LENGTH_JACKET/webp/model/RJ401L_RENEW_WOMEN'S_SINGLE_BUTTON_MID_LENGTH_JACKET_NAVY_DUSK_ASIAN_HERO_FRONT.webp,renew-womens-single-button-mid-length-jacket,navy-dusk,5
Renew Women's Single Button Mid Length Jacket — RJ401L_RENEW_WOMEN'S_SINGLE_BUTTON_MID_LENGTH_JACKET_NAVY_DUSK_HERO_FRONT__jpg.webp,rj401l-rj401l-renew-womens-single-button-mid-length-jacket-navy-dusk-hero-front-jpg,https://notanother-nz.github.io/total-image-product-assets/assets/RJ401L_RENEW_WOMEN'S_SINGLE_BUTTON_MID_LENGTH_JACKET/webp/model/RJ401L_RENEW_WOMEN'S_SINGLE_BUTTON_MID_LENGTH_JACKET_NAVY_DUSK_HERO_FRONT__jpg.webp,renew-womens-single-button-mid-length-jacket,navy-dusk,6
Renew Women's Single Button Mid Length Jacket — RJ401L_RENEW_WOMEN'S_SINGLE_BUTTON_MID_LENGTH_JACKET_NAVY_DUSK_HERO_FRONT__png.webp,rj401l-rj401l-renew-womens-single-button-mid-length-jacket-navy-dusk-hero-front-png,https://notanother-nz.github.io/total-image-product-assets/assets/RJ401L_RENEW_WOMEN'S_SINGLE_BUTTON_MID_LENGTH_JACKET/webp/model/RJ401L_RENEW_WOMEN'S_SINGLE_BUTTON_MID_LENGTH_JACKET_NAVY_DUSK_HERO_FRONT__png.webp,renew-womens-single-button-mid-length-jacket,navy-dusk,7
Renew Women's Single Button Mid Length Jacket — RJ401L_RENEW_WOMEN'S_SINGLE_BUTTON_MID_LENGTH_JACKET_PENCIL_BLACK_HERO_FRONT.webp,rj401l-rj401l-renew-womens-single-button-mid-length-jacket-pencil-black-hero-front,https://notanother-nz.github.io/total-image-product-assets/assets/RJ401L_RENEW_WOMEN'S_SINGLE_BUTTON_MID_LENGTH_JACKET/webp/model/RJ401L_RENEW_WOMEN'S_SINGLE_BUTTON_MID_LENGTH_JACKET_PENCIL_BLACK_HERO_FRONT.webp,renew-womens-single-button-mid-length-jacket,pencil-black,8
Renew Women's Single Button Mid Length Jacket — RJ401L_RENEW_WOMEN'S_SINGLE_BUTTON_MID_LENGTH_JACKET_BLACK_AFRICAN_HERO_BACK.webp,rj401l-rj401l-renew-womens-single-button-mid-length-jacket-black-african-hero-back,https://notanother-nz.github.io/total-image-product-assets/assets/RJ401L_RENEW_WOMEN'S_SINGLE_BUTTON_MID_LENGTH_JACKET/webp/model/RJ401L_RENEW_WOMEN'S_SINGLE_BUTTON_MID_LENGTH_JACKET_BLACK_AFRICAN_HERO_BACK.webp,renew-womens-single-button-mid-length-jacket,,9
Renew Women's Single Button Mid Length Jacket — RJ401L_RENEW_WOMEN'S_SINGLE_BUTTON_MID_LENGTH_JACKET_BLACK_PLUS_HERO_BACK.webp,rj401l-rj401l-renew-womens-single-button-mid-length-jacket-black-plus-hero-back,https://notanother-nz.github.io/total-image-product-assets/assets/RJ401L_RENEW_WOMEN'S_SINGLE_BUTTON_MID_LENGTH_JACKET/webp/model/RJ401L_RENEW_WOMEN'S_SINGLE_BUTTON_MID_LENGTH_JACKET_BLACK_PLUS_HERO_BACK.webp,renew-womens-single-button-mid-length-jacket,,10
Renew Women's Single Button Mid Length Jacket — RJ401L_RENEW_WOMEN'S_SINGLE_BUTTON_MID_LENGTH_JACKET_BLUE_PLUS_HERO_BACK.webp,rj401l-rj401l-renew-womens-single-button-mid-length-jacket-blue-plus-hero-back,https://notanother-nz.github.io/total-image-product-assets/assets/RJ401L_RENEW_WOMEN'S_SINGLE_BUTTON_MID_LENGTH_JACKET/webp/model/RJ401L_RENEW_WOMEN'S_SINGLE_BUTTON_MID_LENGTH_JACKET_BLUE_PLUS_HERO_BACK.webp,renew-womens-single-button-mid-length-jacket,,11
Renew Women's Single Button Mid Length Jacket — RJ401L_RENEW_WOMEN'S_SINGLE_BUTTON_MID_LENGTH_JACKET_NAVY_DUSK_AFRICAN_HERO_BACK.webp,rj401l-rj401l-renew-womens-single-button-mid-length-jacket-navy-dusk-african-hero-back,https://notanother-nz.github.io/total-image-product-assets/assets/RJ401L_RENEW_WOMEN'S_SINGLE_BUTTON_MID_LENGTH_JACKET/webp/model/RJ401L_RENEW_WOMEN'S_SINGLE_BUTTON_MID_LENGTH_JACKET_NAVY_DUSK_AFRICAN_HERO_BACK.webp,renew-womens-single-button-mid-length-jacket,navy-dusk,12
Renew Women's Single Button Mid Length Jacket — RJ401L_RENEW_WOMEN'S_SINGLE_BUTTON_MID_LENGTH_JACKET_NAVY_DUSK_ASIAN_HERO_BACK__SOURCE_VARIANT_2.webp,rj401l-rj401l-renew-womens-single-button-mid-length-jacket-navy-dusk-asian-hero-back-source-variant-2,https://notanother-nz.github.io/total-image-product-assets/assets/RJ401L_RENEW_WOMEN'S_SINGLE_BUTTON_MID_LENGTH_JACKET/webp/model/RJ401L_RENEW_WOMEN'S_SINGLE_BUTTON_MID_LENGTH_JACKET_NAVY_DUSK_ASIAN_HERO_BACK__SOURCE_VARIANT_2.webp,renew-womens-single-button-mid-length-jacket,navy-dusk,13
Renew Women's Single Button Mid Length Jacket — RJ401L_RENEW_WOMEN'S_SINGLE_BUTTON_MID_LENGTH_JACKET_NAVY_DUSK_ASIAN_HERO_BACK.webp,rj401l-rj401l-renew-womens-single-button-mid-length-jacket-navy-dusk-asian-hero-back,https://notanother-nz.github.io/total-image-product-assets/assets/RJ401L_RENEW_WOMEN'S_SINGLE_BUTTON_MID_LENGTH_JACKET/webp/model/RJ401L_RENEW_WOMEN'S_SINGLE_BUTTON_MID_LENGTH_JACKET_NAVY_DUSK_ASIAN_HERO_BACK.webp,renew-womens-single-button-mid-length-jacket,navy-dusk,14
Renew Women's Single Button Mid Length Jacket — RJ401L_RENEW_WOMEN'S_SINGLE_BUTTON_MID_LENGTH_JACKET_NAVY_DUSK_HERO_BACK__jpg.webp,rj401l-rj401l-renew-womens-single-button-mid-length-jacket-navy-dusk-hero-back-jpg,https://notanother-nz.github.io/total-image-product-assets/assets/RJ401L_RENEW_WOMEN'S_SINGLE_BUTTON_MID_LENGTH_JACKET/webp/model/RJ401L_RENEW_WOMEN'S_SINGLE_BUTTON_MID_LENGTH_JACKET_NAVY_DUSK_HERO_BACK__jpg.webp,renew-womens-single-button-mid-length-jacket,navy-dusk,15
Renew Women's Single Button Mid Length Jacket — RJ401L_RENEW_WOMEN'S_SINGLE_BUTTON_MID_LENGTH_JACKET_NAVY_DUSK_HERO_BACK__png.webp,rj401l-rj401l-renew-womens-single-button-mid-length-jacket-navy-dusk-hero-back-png,https://notanother-nz.github.io/total-image-product-assets/assets/RJ401L_RENEW_WOMEN'S_SINGLE_BUTTON_MID_LENGTH_JACKET/webp/model/RJ401L_RENEW_WOMEN'S_SINGLE_BUTTON_MID_LENGTH_JACKET_NAVY_DUSK_HERO_BACK__png.webp,renew-womens-single-button-mid-length-jacket,navy-dusk,16
Renew Women's Single Button Mid Length Jacket — RJ401L_RENEW_WOMEN'S_SINGLE_BUTTON_MID_LENGTH_JACKET_PENCIL_BLACK_HERO_BACK.webp,rj401l-rj401l-renew-womens-single-button-mid-length-jacket-pencil-black-hero-back,https://notanother-nz.github.io/total-image-product-assets/assets/RJ401L_RENEW_WOMEN'S_SINGLE_BUTTON_MID_LENGTH_JACKET/webp/model/RJ401L_RENEW_WOMEN'S_SINGLE_BUTTON_MID_LENGTH_JACKET_PENCIL_BLACK_HERO_BACK.webp,renew-womens-single-button-mid-length-jacket,pencil-black,17
Renew Women's Single Button Mid Length Jacket — RJ401L_RENEW_WOMEN'S_SINGLE_BUTTON_MID_LENGTH_JACKET_BLACK_AFRICAN_HERO_CLOSEUP.webp,rj401l-rj401l-renew-womens-single-button-mid-length-jacket-black-african-hero-closeup,https://notanother-nz.github.io/total-image-product-assets/assets/RJ401L_RENEW_WOMEN'S_SINGLE_BUTTON_MID_LENGTH_JACKET/webp/model/RJ401L_RENEW_WOMEN'S_SINGLE_BUTTON_MID_LENGTH_JACKET_BLACK_AFRICAN_HERO_CLOSEUP.webp,renew-womens-single-button-mid-length-jacket,,18
Renew Women's Single Button Mid Length Jacket — RJ401L_RENEW_WOMEN'S_SINGLE_BUTTON_MID_LENGTH_JACKET_BLACK_PLUS_HERO_CLOSEUP.webp,rj401l-rj401l-renew-womens-single-button-mid-length-jacket-black-plus-hero-closeup,https://notanother-nz.github.io/total-image-product-assets/assets/RJ401L_RENEW_WOMEN'S_SINGLE_BUTTON_MID_LENGTH_JACKET/webp/model/RJ401L_RENEW_WOMEN'S_SINGLE_BUTTON_MID_LENGTH_JACKET_BLACK_PLUS_HERO_CLOSEUP.webp,renew-womens-single-button-mid-length-jacket,,19
Renew Women's Single Button Mid Length Jacket — RJ401L_RENEW_WOMEN'S_SINGLE_BUTTON_MID_LENGTH_JACKET_BLUE_PLUS_HERO_CLOSEUP.webp,rj401l-rj401l-renew-womens-single-button-mid-length-jacket-blue-plus-hero-closeup,https://notanother-nz.github.io/total-image-product-assets/assets/RJ401L_RENEW_WOMEN'S_SINGLE_BUTTON_MID_LENGTH_JACKET/webp/model/RJ401L_RENEW_WOMEN'S_SINGLE_BUTTON_MID_LENGTH_JACKET_BLUE_PLUS_HERO_CLOSEUP.webp,renew-womens-single-button-mid-length-jacket,,20
Renew Women's Single Button Mid Length Jacket — RJ401L_RENEW_WOMEN'S_SINGLE_BUTTON_MID_LENGTH_JACKET_NAVY_DUSK_AFRICAN_HERO_CLOSEUP.webp,rj401l-rj401l-renew-womens-single-button-mid-length-jacket-navy-dusk-african-hero-closeup,https://notanother-nz.github.io/total-image-product-assets/assets/RJ401L_RENEW_WOMEN'S_SINGLE_BUTTON_MID_LENGTH_JACKET/webp/model/RJ401L_RENEW_WOMEN'S_SINGLE_BUTTON_MID_LENGTH_JACKET_NAVY_DUSK_AFRICAN_HERO_CLOSEUP.webp,renew-womens-single-button-mid-length-jacket,navy-dusk,21
Renew Women's Single Button Mid Length Jacket — RJ401L_RENEW_WOMEN'S_SINGLE_BUTTON_MID_LENGTH_JACKET_NAVY_DUSK_ASIAN_HERO_CLOSEUP__SOURCE_VARIANT_2.webp,rj401l-rj401l-renew-womens-single-button-mid-length-jacket-navy-dusk-asian-hero-closeup-source-variant-2,https://notanother-nz.github.io/total-image-product-assets/assets/RJ401L_RENEW_WOMEN'S_SINGLE_BUTTON_MID_LENGTH_JACKET/webp/model/RJ401L_RENEW_WOMEN'S_SINGLE_BUTTON_MID_LENGTH_JACKET_NAVY_DUSK_ASIAN_HERO_CLOSEUP__SOURCE_VARIANT_2.webp,renew-womens-single-button-mid-length-jacket,navy-dusk,22
Renew Women's Single Button Mid Length Jacket — RJ401L_RENEW_WOMEN'S_SINGLE_BUTTON_MID_LENGTH_JACKET_NAVY_DUSK_ASIAN_HERO_CLOSEUP.webp,rj401l-rj401l-renew-womens-single-button-mid-length-jacket-navy-dusk-asian-hero-closeup,https://notanother-nz.github.io/total-image-product-assets/assets/RJ401L_RENEW_WOMEN'S_SINGLE_BUTTON_MID_LENGTH_JACKET/webp/model/RJ401L_RENEW_WOMEN'S_SINGLE_BUTTON_MID_LENGTH_JACKET_NAVY_DUSK_ASIAN_HERO_CLOSEUP.webp,renew-womens-single-button-mid-length-jacket,navy-dusk,23
Renew Women's Single Button Mid Length Jacket — RJ401L_RENEW_WOMEN'S_SINGLE_BUTTON_MID_LENGTH_JACKET_NAVY_DUSK_HERO_CLOSEUP.webp,rj401l-rj401l-renew-womens-single-button-mid-length-jacket-navy-dusk-hero-closeup,https://notanother-nz.github.io/total-image-product-assets/assets/RJ401L_RENEW_WOMEN'S_SINGLE_BUTTON_MID_LENGTH_JACKET/webp/model/RJ401L_RENEW_WOMEN'S_SINGLE_BUTTON_MID_LENGTH_JACKET_NAVY_DUSK_HERO_CLOSEUP.webp,renew-womens-single-button-mid-length-jacket,navy-dusk,24
Renew Women's Single Button Mid Length Jacket — RJ401L_RENEW_WOMEN'S_SINGLE_BUTTON_MID_LENGTH_JACKET_PENCIL_BLACK_HERO_CLOSEUP.webp,rj401l-rj401l-renew-womens-single-button-mid-length-jacket-pencil-black-hero-closeup,https://notanother-nz.github.io/total-image-product-assets/assets/RJ401L_RENEW_WOMEN'S_SINGLE_BUTTON_MID_LENGTH_JACKET/webp/model/RJ401L_RENEW_WOMEN'S_SINGLE_BUTTON_MID_LENGTH_JACKET_PENCIL_BLACK_HERO_CLOSEUP.webp,renew-womens-single-button-mid-length-jacket,pencil-black,25
Renew Women's Single Button Mid Length Jacket — RJ401L_RENEW_WOMEN'S_SINGLE_BUTTON_MID_LENGTH_JACKET_BLACK_AFRICAN_HERO_SIDE.webp,rj401l-rj401l-renew-womens-single-button-mid-length-jacket-black-african-hero-side,https://notanother-nz.github.io/total-image-product-assets/assets/RJ401L_RENEW_WOMEN'S_SINGLE_BUTTON_MID_LENGTH_JACKET/webp/model/RJ401L_RENEW_WOMEN'S_SINGLE_BUTTON_MID_LENGTH_JACKET_BLACK_AFRICAN_HERO_SIDE.webp,renew-womens-single-button-mid-length-jacket,,26
Renew Women's Single Button Mid Length Jacket — RJ401L_RENEW_WOMEN'S_SINGLE_BUTTON_MID_LENGTH_JACKET_BLACK_PLUS_HERO_SIDE.webp,rj401l-rj401l-renew-womens-single-button-mid-length-jacket-black-plus-hero-side,https://notanother-nz.github.io/total-image-product-assets/assets/RJ401L_RENEW_WOMEN'S_SINGLE_BUTTON_MID_LENGTH_JACKET/webp/model/RJ401L_RENEW_WOMEN'S_SINGLE_BUTTON_MID_LENGTH_JACKET_BLACK_PLUS_HERO_SIDE.webp,renew-womens-single-button-mid-length-jacket,,27
Renew Women's Single Button Mid Length Jacket — RJ401L_RENEW_WOMEN'S_SINGLE_BUTTON_MID_LENGTH_JACKET_BLUE_PLUS_HERO_SIDE.webp,rj401l-rj401l-renew-womens-single-button-mid-length-jacket-blue-plus-hero-side,https://notanother-nz.github.io/total-image-product-assets/assets/RJ401L_RENEW_WOMEN'S_SINGLE_BUTTON_MID_LENGTH_JACKET/webp/model/RJ401L_RENEW_WOMEN'S_SINGLE_BUTTON_MID_LENGTH_JACKET_BLUE_PLUS_HERO_SIDE.webp,renew-womens-single-button-mid-length-jacket,,28
Renew Women's Single Button Mid Length Jacket — RJ401L_RENEW_WOMEN'S_SINGLE_BUTTON_MID_LENGTH_JACKET_NAVY_DUSK_AFRICAN_HERO_SIDE.webp,rj401l-rj401l-renew-womens-single-button-mid-length-jacket-navy-dusk-african-hero-side,https://notanother-nz.github.io/total-image-product-assets/assets/RJ401L_RENEW_WOMEN'S_SINGLE_BUTTON_MID_LENGTH_JACKET/webp/model/RJ401L_RENEW_WOMEN'S_SINGLE_BUTTON_MID_LENGTH_JACKET_NAVY_DUSK_AFRICAN_HERO_SIDE.webp,renew-womens-single-button-mid-length-jacket,navy-dusk,29
Renew Women's Single Button Mid Length Jacket — RJ401L_RENEW_WOMEN'S_SINGLE_BUTTON_MID_LENGTH_JACKET_NAVY_DUSK_ASIAN_HERO_SIDE__SOURCE_VARIANT_2.webp,rj401l-rj401l-renew-womens-single-button-mid-length-jacket-navy-dusk-asian-hero-side-source-variant-2,https://notanother-nz.github.io/total-image-product-assets/assets/RJ401L_RENEW_WOMEN'S_SINGLE_BUTTON_MID_LENGTH_JACKET/webp/model/RJ401L_RENEW_WOMEN'S_SINGLE_BUTTON_MID_LENGTH_JACKET_NAVY_DUSK_ASIAN_HERO_SIDE__SOURCE_VARIANT_2.webp,renew-womens-single-button-mid-length-jacket,navy-dusk,30
Renew Women's Single Button Mid Length Jacket — RJ401L_RENEW_WOMEN'S_SINGLE_BUTTON_MID_LENGTH_JACKET_NAVY_DUSK_ASIAN_HERO_SIDE.webp,rj401l-rj401l-renew-womens-single-button-mid-length-jacket-navy-dusk-asian-hero-side,https://notanother-nz.github.io/total-image-product-assets/assets/RJ401L_RENEW_WOMEN'S_SINGLE_BUTTON_MID_LENGTH_JACKET/webp/model/RJ401L_RENEW_WOMEN'S_SINGLE_BUTTON_MID_LENGTH_JACKET_NAVY_DUSK_ASIAN_HERO_SIDE.webp,renew-womens-single-button-mid-length-jacket,navy-dusk,31
Renew Women's Single Button Mid Length Jacket — RJ401L_RENEW_WOMEN'S_SINGLE_BUTTON_MID_LENGTH_JACKET_NAVY_DUSK_HERO_SIDE__jpg.webp,rj401l-rj401l-renew-womens-single-button-mid-length-jacket-navy-dusk-hero-side-jpg,https://notanother-nz.github.io/total-image-product-assets/assets/RJ401L_RENEW_WOMEN'S_SINGLE_BUTTON_MID_LENGTH_JACKET/webp/model/RJ401L_RENEW_WOMEN'S_SINGLE_BUTTON_MID_LENGTH_JACKET_NAVY_DUSK_HERO_SIDE__jpg.webp,renew-womens-single-button-mid-length-jacket,navy-dusk,32
Renew Women's Single Button Mid Length Jacket — RJ401L_RENEW_WOMEN'S_SINGLE_BUTTON_MID_LENGTH_JACKET_NAVY_DUSK_HERO_SIDE__png.webp,rj401l-rj401l-renew-womens-single-button-mid-length-jacket-navy-dusk-hero-side-png,https://notanother-nz.github.io/total-image-product-assets/assets/RJ401L_RENEW_WOMEN'S_SINGLE_BUTTON_MID_LENGTH_JACKET/webp/model/RJ401L_RENEW_WOMEN'S_SINGLE_BUTTON_MID_LENGTH_JACKET_NAVY_DUSK_HERO_SIDE__png.webp,renew-womens-single-button-mid-length-jacket,navy-dusk,33
Renew Women's Single Button Mid Length Jacket — RJ401L_RENEW_WOMEN'S_SINGLE_BUTTON_MID_LENGTH_JACKET_PENCIL_BLACK_HERO_SIDE.webp,rj401l-rj401l-renew-womens-single-button-mid-length-jacket-pencil-black-hero-side,https://notanother-nz.github.io/total-image-product-assets/assets/RJ401L_RENEW_WOMEN'S_SINGLE_BUTTON_MID_LENGTH_JACKET/webp/model/RJ401L_RENEW_WOMEN'S_SINGLE_BUTTON_MID_LENGTH_JACKET_PENCIL_BLACK_HERO_SIDE.webp,renew-womens-single-button-mid-length-jacket,pencil-black,34
Renew Women's Single Button Mid Length Jacket — RJ401L_RENEW_WOMEN'S_SINGLE_BUTTON_MID_LENGTH_JACKET_PENCIL_BLACK_HERO_PLUS_FRONT.webp,rj401l-rj401l-renew-womens-single-button-mid-length-jacket-pencil-black-hero-plus-front,https://notanother-nz.github.io/total-image-product-assets/assets/RJ401L_RENEW_WOMEN'S_SINGLE_BUTTON_MID_LENGTH_JACKET/webp/model/RJ401L_RENEW_WOMEN'S_SINGLE_BUTTON_MID_LENGTH_JACKET_PENCIL_BLACK_HERO_PLUS_FRONT.webp,renew-womens-single-button-mid-length-jacket,pencil-black,35
Renew Women's Single Button Mid Length Jacket — RJ401L_RENEW_WOMEN'S_SINGLE_BUTTON_MID_LENGTH_JACKET_PENCIL_BLACK_HERO_PLUS_BACK.webp,rj401l-rj401l-renew-womens-single-button-mid-length-jacket-pencil-black-hero-plus-back,https://notanother-nz.github.io/total-image-product-assets/assets/RJ401L_RENEW_WOMEN'S_SINGLE_BUTTON_MID_LENGTH_JACKET/webp/model/RJ401L_RENEW_WOMEN'S_SINGLE_BUTTON_MID_LENGTH_JACKET_PENCIL_BLACK_HERO_PLUS_BACK.webp,renew-womens-single-button-mid-length-jacket,pencil-black,36
Renew Women's Single Button Mid Length Jacket — RJ401L_RENEW_WOMEN'S_SINGLE_BUTTON_MID_LENGTH_JACKET_PENCIL_BLACK_HERO_PLUS_SIDE.webp,rj401l-rj401l-renew-womens-single-button-mid-length-jacket-pencil-black-hero-plus-side,https://notanother-nz.github.io/total-image-product-assets/assets/RJ401L_RENEW_WOMEN'S_SINGLE_BUTTON_MID_LENGTH_JACKET/webp/model/RJ401L_RENEW_WOMEN'S_SINGLE_BUTTON_MID_LENGTH_JACKET_PENCIL_BLACK_HERO_PLUS_SIDE.webp,renew-womens-single-button-mid-length-jacket,pencil-black,37
Renew Women's Single Button Mid Length Jacket — RJ401L_RENEW_WOMEN'S_SINGLE_BUTTON_MID_LENGTH_JACKET_PENCIL_BLACK_HERO_PLUS_CLOSEUP.webp,rj401l-rj401l-renew-womens-single-button-mid-length-jacket-pencil-black-hero-plus-closeup,https://notanother-nz.github.io/total-image-product-assets/assets/RJ401L_RENEW_WOMEN'S_SINGLE_BUTTON_MID_LENGTH_JACKET/webp/model/RJ401L_RENEW_WOMEN'S_SINGLE_BUTTON_MID_LENGTH_JACKET_PENCIL_BLACK_HERO_PLUS_CLOSEUP.webp,renew-womens-single-button-mid-length-jacket,pencil-black,38
Renew Women's Single Button Mid Length Jacket — RJ401L_RENEW_WOMEN'S_SINGLE_BUTTON_MID_LENGTH_JACKET_BLACK_FRONT.webp,rj401l-rj401l-renew-womens-single-button-mid-length-jacket-black-front,https://notanother-nz.github.io/total-image-product-assets/assets/RJ401L_RENEW_WOMEN'S_SINGLE_BUTTON_MID_LENGTH_JACKET/webp/product/RJ401L_RENEW_WOMEN'S_SINGLE_BUTTON_MID_LENGTH_JACKET_BLACK_FRONT.webp,renew-womens-single-button-mid-length-jacket,,39
Renew Women's Single Button Mid Length Jacket — RJ401L_RENEW_WOMEN'S_SINGLE_BUTTON_MID_LENGTH_JACKET_NAVY_DUSK_FRONT.webp,rj401l-rj401l-renew-womens-single-button-mid-length-jacket-navy-dusk-front,https://notanother-nz.github.io/total-image-product-assets/assets/RJ401L_RENEW_WOMEN'S_SINGLE_BUTTON_MID_LENGTH_JACKET/webp/product/RJ401L_RENEW_WOMEN'S_SINGLE_BUTTON_MID_LENGTH_JACKET_NAVY_DUSK_FRONT.webp,renew-womens-single-button-mid-length-jacket,navy-dusk,40
Renew Women's Single Button Mid Length Jacket — RJ401L_RENEW_WOMEN'S_SINGLE_BUTTON_MID_LENGTH_JACKET_PENCIL_BLACK_FRONT.webp,rj401l-rj401l-renew-womens-single-button-mid-length-jacket-pencil-black-front,https://notanother-nz.github.io/total-image-product-assets/assets/RJ401L_RENEW_WOMEN'S_SINGLE_BUTTON_MID_LENGTH_JACKET/webp/product/RJ401L_RENEW_WOMEN'S_SINGLE_BUTTON_MID_LENGTH_JACKET_PENCIL_BLACK_FRONT.webp,renew-womens-single-button-mid-length-jacket,pencil-black,41
Renew Women's Single Button Mid Length Jacket — RJ401L_RENEW_WOMEN'S_SINGLE_BUTTON_MID_LENGTH_JACKET_BLACK_BACK.webp,rj401l-rj401l-renew-womens-single-button-mid-length-jacket-black-back,https://notanother-nz.github.io/total-image-product-assets/assets/RJ401L_RENEW_WOMEN'S_SINGLE_BUTTON_MID_LENGTH_JACKET/webp/product/RJ401L_RENEW_WOMEN'S_SINGLE_BUTTON_MID_LENGTH_JACKET_BLACK_BACK.webp,renew-womens-single-button-mid-length-jacket,,42
Renew Women's Single Button Mid Length Jacket — RJ401L_RENEW_WOMEN'S_SINGLE_BUTTON_MID_LENGTH_JACKET_NAVY_DUSK_BACK.webp,rj401l-rj401l-renew-womens-single-button-mid-length-jacket-navy-dusk-back,https://notanother-nz.github.io/total-image-product-assets/assets/RJ401L_RENEW_WOMEN'S_SINGLE_BUTTON_MID_LENGTH_JACKET/webp/product/RJ401L_RENEW_WOMEN'S_SINGLE_BUTTON_MID_LENGTH_JACKET_NAVY_DUSK_BACK.webp,renew-womens-single-button-mid-length-jacket,navy-dusk,43
Renew Women's Single Button Mid Length Jacket — RJ401L_RENEW_WOMEN'S_SINGLE_BUTTON_MID_LENGTH_JACKET_PENCIL_BLACK_BACK.webp,rj401l-rj401l-renew-womens-single-button-mid-length-jacket-pencil-black-back,https://notanother-nz.github.io/total-image-product-assets/assets/RJ401L_RENEW_WOMEN'S_SINGLE_BUTTON_MID_LENGTH_JACKET/webp/product/RJ401L_RENEW_WOMEN'S_SINGLE_BUTTON_MID_LENGTH_JACKET_PENCIL_BLACK_BACK.webp,renew-womens-single-button-mid-length-jacket,pencil-black,44
Renew Men's City Fit Jacket — RJ401M_RENEW_MENS_CITY_FIT_JACKET_NAVY_DUSK_HERO_FRONT.webp,rj401m-rj401m-renew-mens-city-fit-jacket-navy-dusk-hero-front,https://notanother-nz.github.io/total-image-product-assets/assets/RJ401M_RENEW_MEN'S_CITY_FIT_JACKET/webp/model/RJ401M_RENEW_MENS_CITY_FIT_JACKET_NAVY_DUSK_HERO_FRONT.webp,renew-mens-city-fit-jacket,navy-dusk,1
Renew Men's City Fit Jacket — RJ401M_RENEW_MENS_CITY_FIT_JACKET_NAVY_DUSK_HERO_BACK.webp,rj401m-rj401m-renew-mens-city-fit-jacket-navy-dusk-hero-back,https://notanother-nz.github.io/total-image-product-assets/assets/RJ401M_RENEW_MEN'S_CITY_FIT_JACKET/webp/model/RJ401M_RENEW_MENS_CITY_FIT_JACKET_NAVY_DUSK_HERO_BACK.webp,renew-mens-city-fit-jacket,navy-dusk,2
Renew Men's City Fit Jacket — RJ401M_RENEW_MENS_CITY_FIT_JACKET_NAVY_DUSK_HERO_CLOSEUP.webp,rj401m-rj401m-renew-mens-city-fit-jacket-navy-dusk-hero-closeup,https://notanother-nz.github.io/total-image-product-assets/assets/RJ401M_RENEW_MEN'S_CITY_FIT_JACKET/webp/model/RJ401M_RENEW_MENS_CITY_FIT_JACKET_NAVY_DUSK_HERO_CLOSEUP.webp,renew-mens-city-fit-jacket,navy-dusk,3
Renew Men's City Fit Jacket — RJ401M_RENEW_MENS_CITY_FIT_JACKET_NAVY_DUSK_HERO_SIDE.webp,rj401m-rj401m-renew-mens-city-fit-jacket-navy-dusk-hero-side,https://notanother-nz.github.io/total-image-product-assets/assets/RJ401M_RENEW_MEN'S_CITY_FIT_JACKET/webp/model/RJ401M_RENEW_MENS_CITY_FIT_JACKET_NAVY_DUSK_HERO_SIDE.webp,renew-mens-city-fit-jacket,navy-dusk,4
Renew Men's City Fit Jacket — RJ401M_RENEW_MENS_CITY_FIT_JACKET_NAVY_DUSK_SIDE_INSIDE.webp,rj401m-rj401m-renew-mens-city-fit-jacket-navy-dusk-side-inside,https://notanother-nz.github.io/total-image-product-assets/assets/RJ401M_RENEW_MEN'S_CITY_FIT_JACKET/webp/model/RJ401M_RENEW_MENS_CITY_FIT_JACKET_NAVY_DUSK_SIDE_INSIDE.webp,renew-mens-city-fit-jacket,navy-dusk,5
Renew Men's City Fit Jacket — RJ401M_RENEW_MENS_CITY_FIT_JACKET_PENCIL_BLACK_SIDE_INSIDE.webp,rj401m-rj401m-renew-mens-city-fit-jacket-pencil-black-side-inside,https://notanother-nz.github.io/total-image-product-assets/assets/RJ401M_RENEW_MEN'S_CITY_FIT_JACKET/webp/model/RJ401M_RENEW_MENS_CITY_FIT_JACKET_PENCIL_BLACK_SIDE_INSIDE.webp,renew-mens-city-fit-jacket,pencil-black,6
Renew Men's City Fit Jacket — RJ401M_RENEW_MENS_CITY_FIT_JACKET_NAVY_DUSK_BUTTON.webp,rj401m-rj401m-renew-mens-city-fit-jacket-navy-dusk-button,https://notanother-nz.github.io/total-image-product-assets/assets/RJ401M_RENEW_MEN'S_CITY_FIT_JACKET/webp/model/RJ401M_RENEW_MENS_CITY_FIT_JACKET_NAVY_DUSK_BUTTON.webp,renew-mens-city-fit-jacket,navy-dusk,7
Renew Men's City Fit Jacket — RJ401M_RENEW_MENS_CITY_FIT_JACKET_NAVY_DUSK_HAND_INSIDE.webp,rj401m-rj401m-renew-mens-city-fit-jacket-navy-dusk-hand-inside,https://notanother-nz.github.io/total-image-product-assets/assets/RJ401M_RENEW_MEN'S_CITY_FIT_JACKET/webp/model/RJ401M_RENEW_MENS_CITY_FIT_JACKET_NAVY_DUSK_HAND_INSIDE.webp,renew-mens-city-fit-jacket,navy-dusk,8
Renew Men's City Fit Jacket — RJ401M_RENEW_MENS_CITY_FIT_JACKET_NAVY_DUSK_POCKET_INSIDE.webp,rj401m-rj401m-renew-mens-city-fit-jacket-navy-dusk-pocket-inside,https://notanother-nz.github.io/total-image-product-assets/assets/RJ401M_RENEW_MEN'S_CITY_FIT_JACKET/webp/model/RJ401M_RENEW_MENS_CITY_FIT_JACKET_NAVY_DUSK_POCKET_INSIDE.webp,renew-mens-city-fit-jacket,navy-dusk,9
Renew Men's City Fit Jacket — RJ401M_RENEW_MENS_CITY_FIT_JACKET_NAVY_DUSK_POCKET.webp,rj401m-rj401m-renew-mens-city-fit-jacket-navy-dusk-pocket,https://notanother-nz.github.io/total-image-product-assets/assets/RJ401M_RENEW_MEN'S_CITY_FIT_JACKET/webp/model/RJ401M_RENEW_MENS_CITY_FIT_JACKET_NAVY_DUSK_POCKET.webp,renew-mens-city-fit-jacket,navy-dusk,10
Renew Men's City Fit Jacket — RJ401M_RENEW_MENS_CITY_FIT_JACKET_PENCIL_BLACK_BUTTON.webp,rj401m-rj401m-renew-mens-city-fit-jacket-pencil-black-button,https://notanother-nz.github.io/total-image-product-assets/assets/RJ401M_RENEW_MEN'S_CITY_FIT_JACKET/webp/model/RJ401M_RENEW_MENS_CITY_FIT_JACKET_PENCIL_BLACK_BUTTON.webp,renew-mens-city-fit-jacket,pencil-black,11
Renew Men's City Fit Jacket — RJ401M_RENEW_MENS_CITY_FIT_JACKET_PENCIL_BLACK_HAND_INSIDE.webp,rj401m-rj401m-renew-mens-city-fit-jacket-pencil-black-hand-inside,https://notanother-nz.github.io/total-image-product-assets/assets/RJ401M_RENEW_MEN'S_CITY_FIT_JACKET/webp/model/RJ401M_RENEW_MENS_CITY_FIT_JACKET_PENCIL_BLACK_HAND_INSIDE.webp,renew-mens-city-fit-jacket,pencil-black,12
Renew Men's City Fit Jacket — RJ401M_RENEW_MENS_CITY_FIT_JACKET_PENCIL_BLACK_POCKET_INSIDE.webp,rj401m-rj401m-renew-mens-city-fit-jacket-pencil-black-pocket-inside,https://notanother-nz.github.io/total-image-product-assets/assets/RJ401M_RENEW_MEN'S_CITY_FIT_JACKET/webp/model/RJ401M_RENEW_MENS_CITY_FIT_JACKET_PENCIL_BLACK_POCKET_INSIDE.webp,renew-mens-city-fit-jacket,pencil-black,13
Renew Men's City Fit Jacket — RJ401M_RENEW_MENS_CITY_FIT_JACKET_PENCIL_BLACK_POCKET.webp,rj401m-rj401m-renew-mens-city-fit-jacket-pencil-black-pocket,https://notanother-nz.github.io/total-image-product-assets/assets/RJ401M_RENEW_MEN'S_CITY_FIT_JACKET/webp/model/RJ401M_RENEW_MENS_CITY_FIT_JACKET_PENCIL_BLACK_POCKET.webp,renew-mens-city-fit-jacket,pencil-black,14
Renew Men's City Fit Jacket — RJ401M_RENEW_MENS_CITY_FIT_JACKET_NAVY_DUSK_FRONT.webp,rj401m-rj401m-renew-mens-city-fit-jacket-navy-dusk-front,https://notanother-nz.github.io/total-image-product-assets/assets/RJ401M_RENEW_MEN'S_CITY_FIT_JACKET/webp/product/RJ401M_RENEW_MENS_CITY_FIT_JACKET_NAVY_DUSK_FRONT.webp,renew-mens-city-fit-jacket,navy-dusk,15
Renew Men's City Fit Jacket — RJ401M_RENEW_MENS_CITY_FIT_JACKET_PENCIL_BLACK_FRONT.webp,rj401m-rj401m-renew-mens-city-fit-jacket-pencil-black-front,https://notanother-nz.github.io/total-image-product-assets/assets/RJ401M_RENEW_MEN'S_CITY_FIT_JACKET/webp/product/RJ401M_RENEW_MENS_CITY_FIT_JACKET_PENCIL_BLACK_FRONT.webp,renew-mens-city-fit-jacket,pencil-black,16
Renew Men's City Fit Jacket — RJ401M_RENEW_MENS_CITY_FIT_JACKET_NAVY_DUSK_BACK.webp,rj401m-rj401m-renew-mens-city-fit-jacket-navy-dusk-back,https://notanother-nz.github.io/total-image-product-assets/assets/RJ401M_RENEW_MEN'S_CITY_FIT_JACKET/webp/product/RJ401M_RENEW_MENS_CITY_FIT_JACKET_NAVY_DUSK_BACK.webp,renew-mens-city-fit-jacket,navy-dusk,17
Renew Men's City Fit Jacket — RJ401M_RENEW_MENS_CITY_FIT_JACKET_PENCIL_BLACK_BACK.webp,rj401m-rj401m-renew-mens-city-fit-jacket-pencil-black-back,https://notanother-nz.github.io/total-image-product-assets/assets/RJ401M_RENEW_MEN'S_CITY_FIT_JACKET/webp/product/RJ401M_RENEW_MENS_CITY_FIT_JACKET_PENCIL_BLACK_BACK.webp,renew-mens-city-fit-jacket,pencil-black,18
Men's Courtclub — ROLLIE-CLUB_MENS_COURTCLUB_BLACK.webp,rollie-club-rollie-club-mens-courtclub-black,https://notanother-nz.github.io/total-image-product-assets/assets/ROLLIE-CLUB_MENS_COURTCLUB_BLACK/webp/product/ROLLIE-CLUB_MENS_COURTCLUB_BLACK.webp,mens-courtclub,black,1
Men’s Derby — ROLLIE-DERBY_MENS_DERBY_BLACK.webp,rollie-derby-rollie-derby-mens-derby-black,https://notanother-nz.github.io/total-image-product-assets/assets/ROLLIE-DERBY_MENS_DERBY/webp/product/ROLLIE-DERBY_MENS_DERBY_BLACK.webp,mens-derby,black,1
Men’s Derby — ROLLIE-DERBY_MENS_DERBY_VINTAGE_COGNAC.webp,rollie-derby-rollie-derby-mens-derby-vintage-cognac,https://notanother-nz.github.io/total-image-product-assets/assets/ROLLIE-DERBY_MENS_DERBY/webp/product/ROLLIE-DERBY_MENS_DERBY_VINTAGE_COGNAC.webp,mens-derby,vintage-cognac,2
Men’s Derby — ROLLIE-DERBY_MENS_DERBY_VINTAGEBROWN.webp,rollie-derby-rollie-derby-mens-derby-vintagebrown,https://notanother-nz.github.io/total-image-product-assets/assets/ROLLIE-DERBY_MENS_DERBY/webp/product/ROLLIE-DERBY_MENS_DERBY_VINTAGEBROWN.webp,mens-derby,vintage-brown,3
Women's Charlie L/S Shirt — RS968LL_WOMEN'S_CHARLIE_LS_SHIRT_HERO_FRONT.webp,rs968ll-rs968ll-womens-charlie-ls-shirt-hero-front,https://notanother-nz.github.io/total-image-product-assets/assets/RS968LL_WOMEN'S_CHARLIE_LS_SHIRT/webp/model/RS968LL_WOMEN'S_CHARLIE_LS_SHIRT_HERO_FRONT.webp,womens-charlie-l-s-shirt,,1
Women's Charlie L/S Shirt — RS968LL_WOMEN'S_CHARLIE_LS_SHIRT_HERO_BACK.webp,rs968ll-rs968ll-womens-charlie-ls-shirt-hero-back,https://notanother-nz.github.io/total-image-product-assets/assets/RS968LL_WOMEN'S_CHARLIE_LS_SHIRT/webp/model/RS968LL_WOMEN'S_CHARLIE_LS_SHIRT_HERO_BACK.webp,womens-charlie-l-s-shirt,,2
Women's Charlie L/S Shirt — RS968LL_WOMEN'S_CHARLIE_LS_SHIRT_HERO_CLOSEUP.webp,rs968ll-rs968ll-womens-charlie-ls-shirt-hero-closeup,https://notanother-nz.github.io/total-image-product-assets/assets/RS968LL_WOMEN'S_CHARLIE_LS_SHIRT/webp/model/RS968LL_WOMEN'S_CHARLIE_LS_SHIRT_HERO_CLOSEUP.webp,womens-charlie-l-s-shirt,,3
Women's Charlie L/S Shirt — RS968LL_WOMEN'S_CHARLIE_LS_SHIRT_HERO_SIDE.webp,rs968ll-rs968ll-womens-charlie-ls-shirt-hero-side,https://notanother-nz.github.io/total-image-product-assets/assets/RS968LL_WOMEN'S_CHARLIE_LS_SHIRT/webp/model/RS968LL_WOMEN'S_CHARLIE_LS_SHIRT_HERO_SIDE.webp,womens-charlie-l-s-shirt,,4
Women's Charlie L/S Shirt — RS968LL_WOMEN'S_CHARLIE_LS_BLUECHAMBRAY_COLOR_VIEW.webp,rs968ll-rs968ll-womens-charlie-ls-bluechambray-color-view,https://notanother-nz.github.io/total-image-product-assets/assets/RS968LL_WOMEN'S_CHARLIE_LS_SHIRT/webp/model/RS968LL_WOMEN'S_CHARLIE_LS_BLUECHAMBRAY_COLOR_VIEW.webp,womens-charlie-l-s-shirt,blue-chambray,5
Women's Charlie L/S Shirt — RS968LL_WOMEN'S_CHARLIE_LS_SHIRT_BLACK_COLOUR_VIEW.webp,rs968ll-rs968ll-womens-charlie-ls-shirt-black-colour-view,https://notanother-nz.github.io/total-image-product-assets/assets/RS968LL_WOMEN'S_CHARLIE_LS_SHIRT/webp/model/RS968LL_WOMEN'S_CHARLIE_LS_SHIRT_BLACK_COLOUR_VIEW.webp,womens-charlie-l-s-shirt,black,6
Women's Charlie L/S Shirt — RS968LL_WOMEN'S_CHARLIE_LS_SHIRT_WHITE_COLOR_VIEW.webp,rs968ll-rs968ll-womens-charlie-ls-shirt-white-color-view,https://notanother-nz.github.io/total-image-product-assets/assets/RS968LL_WOMEN'S_CHARLIE_LS_SHIRT/webp/model/RS968LL_WOMEN'S_CHARLIE_LS_SHIRT_WHITE_COLOR_VIEW.webp,womens-charlie-l-s-shirt,white,7
Women's Charlie L/S Shirt — RS968LL.webp,rs968ll-rs968ll,https://notanother-nz.github.io/total-image-product-assets/assets/RS968LL_WOMEN'S_CHARLIE_LS_SHIRT/webp/model/RS968LL.webp,womens-charlie-l-s-shirt,,8
Women's Charlie L/S Shirt — RS968LL_WOMEN'S_CHARLIE_LS_BLUECHAMBRAY_FRONT.webp,rs968ll-rs968ll-womens-charlie-ls-bluechambray-front,https://notanother-nz.github.io/total-image-product-assets/assets/RS968LL_WOMEN'S_CHARLIE_LS_SHIRT/webp/product/RS968LL_WOMEN'S_CHARLIE_LS_BLUECHAMBRAY_FRONT.webp,womens-charlie-l-s-shirt,blue-chambray,9
Women's Charlie L/S Shirt — RS968LL_WOMEN'S_CHARLIE_LS_SHIRT_BLACK_FRONT.webp,rs968ll-rs968ll-womens-charlie-ls-shirt-black-front,https://notanother-nz.github.io/total-image-product-assets/assets/RS968LL_WOMEN'S_CHARLIE_LS_SHIRT/webp/product/RS968LL_WOMEN'S_CHARLIE_LS_SHIRT_BLACK_FRONT.webp,womens-charlie-l-s-shirt,black,10
Women's Charlie L/S Shirt — RS968LL_WOMEN'S_CHARLIE_LS_SHIRT_WHITE_FRONT.webp,rs968ll-rs968ll-womens-charlie-ls-shirt-white-front,https://notanother-nz.github.io/total-image-product-assets/assets/RS968LL_WOMEN'S_CHARLIE_LS_SHIRT/webp/product/RS968LL_WOMEN'S_CHARLIE_LS_SHIRT_WHITE_FRONT.webp,womens-charlie-l-s-shirt,white,11
Women's Charlie L/S Shirt — RS968LL_WOMEN'S_CHARLIE_LS_BLUECHAMBRAY_BACK.webp,rs968ll-rs968ll-womens-charlie-ls-bluechambray-back,https://notanother-nz.github.io/total-image-product-assets/assets/RS968LL_WOMEN'S_CHARLIE_LS_SHIRT/webp/product/RS968LL_WOMEN'S_CHARLIE_LS_BLUECHAMBRAY_BACK.webp,womens-charlie-l-s-shirt,blue-chambray,12
Women's Charlie L/S Shirt — RS968LL_WOMEN'S_CHARLIE_LS_SHIRT_BLACK_BACK.webp,rs968ll-rs968ll-womens-charlie-ls-shirt-black-back,https://notanother-nz.github.io/total-image-product-assets/assets/RS968LL_WOMEN'S_CHARLIE_LS_SHIRT/webp/product/RS968LL_WOMEN'S_CHARLIE_LS_SHIRT_BLACK_BACK.webp,womens-charlie-l-s-shirt,black,13
Women's Charlie L/S Shirt — RS968LL_WOMEN'S_CHARLIE_LS_SHIRT_WHITE_BACK.webp,rs968ll-rs968ll-womens-charlie-ls-shirt-white-back,https://notanother-nz.github.io/total-image-product-assets/assets/RS968LL_WOMEN'S_CHARLIE_LS_SHIRT/webp/product/RS968LL_WOMEN'S_CHARLIE_LS_SHIRT_WHITE_BACK.webp,womens-charlie-l-s-shirt,white,14
Women's Charlie S/S Shirt — RS968LS_WOMEN'S_CHARLIE_S_S_SHIRT_WHITE_HERO_FRONT.webp,rs968ls-rs968ls-womens-charlie-s-s-shirt-white-hero-front,https://notanother-nz.github.io/total-image-product-assets/assets/RS968LS_WOMEN'S_CHARLIE_S_S_SHIRT/webp/model/RS968LS_WOMEN'S_CHARLIE_S_S_SHIRT_WHITE_HERO_FRONT.webp,womens-charlie-s-s-shirt,white,1
Women's Charlie S/S Shirt — RS968LS_WOMENS_CHARLIE_SS_SHIRT_WHITE_HERO_FRONT.webp,rs968ls-rs968ls-womens-charlie-ss-shirt-white-hero-front,https://notanother-nz.github.io/total-image-product-assets/assets/RS968LS_WOMEN'S_CHARLIE_S_S_SHIRT/webp/model/RS968LS_WOMENS_CHARLIE_SS_SHIRT_WHITE_HERO_FRONT.webp,womens-charlie-s-s-shirt,white,2
Women's Charlie S/S Shirt — RS968LS_WOMEN'S_CHARLIE_S_S_SHIRT_WHITE_HERO_BACK.webp,rs968ls-rs968ls-womens-charlie-s-s-shirt-white-hero-back,https://notanother-nz.github.io/total-image-product-assets/assets/RS968LS_WOMEN'S_CHARLIE_S_S_SHIRT/webp/model/RS968LS_WOMEN'S_CHARLIE_S_S_SHIRT_WHITE_HERO_BACK.webp,womens-charlie-s-s-shirt,white,3
Women's Charlie S/S Shirt — RS968LS_WOMENS_CHARLIE_SS_SHIRT_WHITE_HERO_BACK.webp,rs968ls-rs968ls-womens-charlie-ss-shirt-white-hero-back,https://notanother-nz.github.io/total-image-product-assets/assets/RS968LS_WOMEN'S_CHARLIE_S_S_SHIRT/webp/model/RS968LS_WOMENS_CHARLIE_SS_SHIRT_WHITE_HERO_BACK.webp,womens-charlie-s-s-shirt,white,4
Women's Charlie S/S Shirt — RS968LS_WOMEN'S_CHARLIE_S_S_SHIRT_WHITE_HERO_CLOSEUP.webp,rs968ls-rs968ls-womens-charlie-s-s-shirt-white-hero-closeup,https://notanother-nz.github.io/total-image-product-assets/assets/RS968LS_WOMEN'S_CHARLIE_S_S_SHIRT/webp/model/RS968LS_WOMEN'S_CHARLIE_S_S_SHIRT_WHITE_HERO_CLOSEUP.webp,womens-charlie-s-s-shirt,white,5
Women's Charlie S/S Shirt — RS968LS_WOMENS_CHARLIE_SS_SHIRT_WHITE_HERO_CLOSEUP.webp,rs968ls-rs968ls-womens-charlie-ss-shirt-white-hero-closeup,https://notanother-nz.github.io/total-image-product-assets/assets/RS968LS_WOMEN'S_CHARLIE_S_S_SHIRT/webp/model/RS968LS_WOMENS_CHARLIE_SS_SHIRT_WHITE_HERO_CLOSEUP.webp,womens-charlie-s-s-shirt,white,6
Women's Charlie S/S Shirt — RS968LS_WOMEN'S_CHARLIE_S_S_SHIRT_WHITE_HERO_SIDE.webp,rs968ls-rs968ls-womens-charlie-s-s-shirt-white-hero-side,https://notanother-nz.github.io/total-image-product-assets/assets/RS968LS_WOMEN'S_CHARLIE_S_S_SHIRT/webp/model/RS968LS_WOMEN'S_CHARLIE_S_S_SHIRT_WHITE_HERO_SIDE.webp,womens-charlie-s-s-shirt,white,7
Women's Charlie S/S Shirt — RS968LS_WOMENS_CHARLIE_SS_SHIRT_WHITE_HERO_SIDE.webp,rs968ls-rs968ls-womens-charlie-ss-shirt-white-hero-side,https://notanother-nz.github.io/total-image-product-assets/assets/RS968LS_WOMEN'S_CHARLIE_S_S_SHIRT/webp/model/RS968LS_WOMENS_CHARLIE_SS_SHIRT_WHITE_HERO_SIDE.webp,womens-charlie-s-s-shirt,white,8
Women's Charlie S/S Shirt — RS968LS_WOMEN'S_CHARLIE_S_S_SHIRT_BLACK_FRONT.webp,rs968ls-rs968ls-womens-charlie-s-s-shirt-black-front,https://notanother-nz.github.io/total-image-product-assets/assets/RS968LS_WOMEN'S_CHARLIE_S_S_SHIRT/webp/product/RS968LS_WOMEN'S_CHARLIE_S_S_SHIRT_BLACK_FRONT.webp,womens-charlie-s-s-shirt,black,9
Women's Charlie S/S Shirt — RS968LS_WOMEN'S_CHARLIE_S_S_SHIRT_CHAMBRAY_FRONT.webp,rs968ls-rs968ls-womens-charlie-s-s-shirt-chambray-front,https://notanother-nz.github.io/total-image-product-assets/assets/RS968LS_WOMEN'S_CHARLIE_S_S_SHIRT/webp/product/RS968LS_WOMEN'S_CHARLIE_S_S_SHIRT_CHAMBRAY_FRONT.webp,womens-charlie-s-s-shirt,,10
Women's Charlie S/S Shirt — RS968LS_WOMEN'S_CHARLIE_S_S_SHIRT_WHITE_FRONT.webp,rs968ls-rs968ls-womens-charlie-s-s-shirt-white-front,https://notanother-nz.github.io/total-image-product-assets/assets/RS968LS_WOMEN'S_CHARLIE_S_S_SHIRT/webp/product/RS968LS_WOMEN'S_CHARLIE_S_S_SHIRT_WHITE_FRONT.webp,womens-charlie-s-s-shirt,white,11
Women's Charlie S/S Shirt — RS968LS_WOMEN'S_CHARLIE_S_S_SHIRT_BLACK_BACK.webp,rs968ls-rs968ls-womens-charlie-s-s-shirt-black-back,https://notanother-nz.github.io/total-image-product-assets/assets/RS968LS_WOMEN'S_CHARLIE_S_S_SHIRT/webp/product/RS968LS_WOMEN'S_CHARLIE_S_S_SHIRT_BLACK_BACK.webp,womens-charlie-s-s-shirt,black,12
Women's Charlie S/S Shirt — RS968LS_WOMEN'S_CHARLIE_S_S_SHIRT_CHAMBRAY_BACK.webp,rs968ls-rs968ls-womens-charlie-s-s-shirt-chambray-back,https://notanother-nz.github.io/total-image-product-assets/assets/RS968LS_WOMEN'S_CHARLIE_S_S_SHIRT/webp/product/RS968LS_WOMEN'S_CHARLIE_S_S_SHIRT_CHAMBRAY_BACK.webp,womens-charlie-s-s-shirt,,13
Women's Charlie S/S Shirt — RS968LS_WOMEN'S_CHARLIE_S_S_SHIRT_WHITE_BACK.webp,rs968ls-rs968ls-womens-charlie-s-s-shirt-white-back,https://notanother-nz.github.io/total-image-product-assets/assets/RS968LS_WOMEN'S_CHARLIE_S_S_SHIRT/webp/product/RS968LS_WOMEN'S_CHARLIE_S_S_SHIRT_WHITE_BACK.webp,womens-charlie-s-s-shirt,white,14
Women's Charlie 3/4 Shirt — RS968LT_Womens_Charlie_3-4_Sleeve_Shirt_Hero_Front.webp,rs968lt-rs968lt-womens-charlie-3-4-sleeve-shirt-hero-front,https://notanother-nz.github.io/total-image-product-assets/assets/RS968LT_Womens_Charlie_3-4_Sleeve_Shirt/webp/model/RS968LT_Womens_Charlie_3-4_Sleeve_Shirt_Hero_Front.webp,womens-charlie-3-4-shirt,,1
Women's Charlie 3/4 Shirt — RS968LT_Womens_Charlie_3-4_Sleeve_Shirt_Hero_Back.webp,rs968lt-rs968lt-womens-charlie-3-4-sleeve-shirt-hero-back,https://notanother-nz.github.io/total-image-product-assets/assets/RS968LT_Womens_Charlie_3-4_Sleeve_Shirt/webp/model/RS968LT_Womens_Charlie_3-4_Sleeve_Shirt_Hero_Back.webp,womens-charlie-3-4-shirt,,2
Women's Charlie 3/4 Shirt — RS968LT_Womens_Charlie_3-4_Sleeve_Shirt_Hero_Closeup.webp,rs968lt-rs968lt-womens-charlie-3-4-sleeve-shirt-hero-closeup,https://notanother-nz.github.io/total-image-product-assets/assets/RS968LT_Womens_Charlie_3-4_Sleeve_Shirt/webp/model/RS968LT_Womens_Charlie_3-4_Sleeve_Shirt_Hero_Closeup.webp,womens-charlie-3-4-shirt,,3
Women's Charlie 3/4 Shirt — RS968LT_Womens_Charlie_3-4_Sleeve_Shirt_Hero_Side.webp,rs968lt-rs968lt-womens-charlie-3-4-sleeve-shirt-hero-side,https://notanother-nz.github.io/total-image-product-assets/assets/RS968LT_Womens_Charlie_3-4_Sleeve_Shirt/webp/model/RS968LT_Womens_Charlie_3-4_Sleeve_Shirt_Hero_Side.webp,womens-charlie-3-4-shirt,,4
Women's Charlie 3/4 Shirt — RS968LT_Womens_Charlie_3-4_Sleeve_Shirt_Black_BACK_View.webp,rs968lt-rs968lt-womens-charlie-3-4-sleeve-shirt-black-back-view,https://notanother-nz.github.io/total-image-product-assets/assets/RS968LT_Womens_Charlie_3-4_Sleeve_Shirt/webp/product/RS968LT_Womens_Charlie_3-4_Sleeve_Shirt_Black_BACK_View.webp,womens-charlie-3-4-shirt,black,5
Women's Charlie 3/4 Shirt — RS968LT_Womens_Charlie_3-4_Sleeve_Shirt_BlueChambray_BACK_View.webp,rs968lt-rs968lt-womens-charlie-3-4-sleeve-shirt-bluechambray-back-view,https://notanother-nz.github.io/total-image-product-assets/assets/RS968LT_Womens_Charlie_3-4_Sleeve_Shirt/webp/product/RS968LT_Womens_Charlie_3-4_Sleeve_Shirt_BlueChambray_BACK_View.webp,womens-charlie-3-4-shirt,blue-chambray,6
Women's Charlie 3/4 Shirt — RS968LT_Womens_Charlie_3-4_Sleeve_Shirt_White_Back_View.webp,rs968lt-rs968lt-womens-charlie-3-4-sleeve-shirt-white-back-view,https://notanother-nz.github.io/total-image-product-assets/assets/RS968LT_Womens_Charlie_3-4_Sleeve_Shirt/webp/product/RS968LT_Womens_Charlie_3-4_Sleeve_Shirt_White_Back_View.webp,womens-charlie-3-4-shirt,white,7
Women's Charlie 3/4 Shirt — RS968LT_Womens_Charlie_3-4_Sleeve_Shirt_Black_View.webp,rs968lt-rs968lt-womens-charlie-3-4-sleeve-shirt-black-view,https://notanother-nz.github.io/total-image-product-assets/assets/RS968LT_Womens_Charlie_3-4_Sleeve_Shirt/webp/product/RS968LT_Womens_Charlie_3-4_Sleeve_Shirt_Black_View.webp,womens-charlie-3-4-shirt,black,8
Women's Charlie 3/4 Shirt — RS968LT_Womens_Charlie_3-4_Sleeve_Shirt_BlueChambray_View.webp,rs968lt-rs968lt-womens-charlie-3-4-sleeve-shirt-bluechambray-view,https://notanother-nz.github.io/total-image-product-assets/assets/RS968LT_Womens_Charlie_3-4_Sleeve_Shirt/webp/product/RS968LT_Womens_Charlie_3-4_Sleeve_Shirt_BlueChambray_View.webp,womens-charlie-3-4-shirt,blue-chambray,9
Women's Charlie 3/4 Shirt — RS968LT_Womens_Charlie_3-4_Sleeve_Shirt_White_View.webp,rs968lt-rs968lt-womens-charlie-3-4-sleeve-shirt-white-view,https://notanother-nz.github.io/total-image-product-assets/assets/RS968LT_Womens_Charlie_3-4_Sleeve_Shirt/webp/product/RS968LT_Womens_Charlie_3-4_Sleeve_Shirt_White_View.webp,womens-charlie-3-4-shirt,white,10
Sydney T-Top — RT065LS_SYDNEY_T_TOP_BLACK_HERO_FRONT.webp,rt065ls-rt065ls-sydney-t-top-black-hero-front,https://notanother-nz.github.io/total-image-product-assets/assets/RT065LS_SYDNEY_T_TOP/webp/model/RT065LS_SYDNEY_T_TOP_BLACK_HERO_FRONT.webp,sydney-t-top,black,1
Sydney T-Top — RT065LS_SYDNEY_T_TOP_BLACK_HERO_BACK.webp,rt065ls-rt065ls-sydney-t-top-black-hero-back,https://notanother-nz.github.io/total-image-product-assets/assets/RT065LS_SYDNEY_T_TOP/webp/model/RT065LS_SYDNEY_T_TOP_BLACK_HERO_BACK.webp,sydney-t-top,black,2
Sydney T-Top — RT065LS_SYDNEY_T_TOP_BLACK_HERO_CLOSEUP.webp,rt065ls-rt065ls-sydney-t-top-black-hero-closeup,https://notanother-nz.github.io/total-image-product-assets/assets/RT065LS_SYDNEY_T_TOP/webp/model/RT065LS_SYDNEY_T_TOP_BLACK_HERO_CLOSEUP.webp,sydney-t-top,black,3
Sydney T-Top — RT065LS_SYDNEY_T_TOP_BLACK_HERO_SIDE.webp,rt065ls-rt065ls-sydney-t-top-black-hero-side,https://notanother-nz.github.io/total-image-product-assets/assets/RT065LS_SYDNEY_T_TOP/webp/model/RT065LS_SYDNEY_T_TOP_BLACK_HERO_SIDE.webp,sydney-t-top,black,4
Sydney T-Top — RT065LS_SYDNEY_T_TOP_BLACK_FRONT.webp,rt065ls-rt065ls-sydney-t-top-black-front,https://notanother-nz.github.io/total-image-product-assets/assets/RT065LS_SYDNEY_T_TOP/webp/product/RT065LS_SYDNEY_T_TOP_BLACK_FRONT.webp,sydney-t-top,black,5
Sydney T-Top — RT065LS_SYDNEY_T_TOP_STORM_BLUE_FRONT.webp,rt065ls-rt065ls-sydney-t-top-storm-blue-front,https://notanother-nz.github.io/total-image-product-assets/assets/RT065LS_SYDNEY_T_TOP/webp/product/RT065LS_SYDNEY_T_TOP_STORM_BLUE_FRONT.webp,sydney-t-top,storm-blue,6
Sydney T-Top — RT065LS_SYDNEY_T_TOP_BLACK_BACK.webp,rt065ls-rt065ls-sydney-t-top-black-back,https://notanother-nz.github.io/total-image-product-assets/assets/RT065LS_SYDNEY_T_TOP/webp/product/RT065LS_SYDNEY_T_TOP_BLACK_BACK.webp,sydney-t-top,black,7
Sydney T-Top — RT065LS_SYDNEY_T_TOP_STORM_BLUE_BACK.webp,rt065ls-rt065ls-sydney-t-top-storm-blue-back,https://notanother-nz.github.io/total-image-product-assets/assets/RT065LS_SYDNEY_T_TOP/webp/product/RT065LS_SYDNEY_T_TOP_STORM_BLUE_BACK.webp,sydney-t-top,storm-blue,8
Marli Stretch Tunic T-Top — RT262LS_MARLI_STRETCH_TUNIC_T_TOP_HERO_FRONT.webp,rt262ls-rt262ls-marli-stretch-tunic-t-top-hero-front,https://notanother-nz.github.io/total-image-product-assets/assets/RT262LS_MARLI_STRETCH_TUNIC_T_TOP/webp/model/RT262LS_MARLI_STRETCH_TUNIC_T_TOP_HERO_FRONT.webp,marli-stretch-tunic-t-top,,1
Marli Stretch Tunic T-Top — RT262LS_MARLI_STRETCH_TUNIC_T_TOP_HERO_BACK.webp,rt262ls-rt262ls-marli-stretch-tunic-t-top-hero-back,https://notanother-nz.github.io/total-image-product-assets/assets/RT262LS_MARLI_STRETCH_TUNIC_T_TOP/webp/model/RT262LS_MARLI_STRETCH_TUNIC_T_TOP_HERO_BACK.webp,marli-stretch-tunic-t-top,,2
Marli Stretch Tunic T-Top — RT262LS_MARLI_STRETCH_TUNIC_T_TOP_HERO_CLOSEUP.webp,rt262ls-rt262ls-marli-stretch-tunic-t-top-hero-closeup,https://notanother-nz.github.io/total-image-product-assets/assets/RT262LS_MARLI_STRETCH_TUNIC_T_TOP/webp/model/RT262LS_MARLI_STRETCH_TUNIC_T_TOP_HERO_CLOSEUP.webp,marli-stretch-tunic-t-top,,3
Marli Stretch Tunic T-Top — RT262LS_MARLI_STRETCH_TUNIC_T_TOP_HERO_SIDE.webp,rt262ls-rt262ls-marli-stretch-tunic-t-top-hero-side,https://notanother-nz.github.io/total-image-product-assets/assets/RT262LS_MARLI_STRETCH_TUNIC_T_TOP/webp/model/RT262LS_MARLI_STRETCH_TUNIC_T_TOP_HERO_SIDE.webp,marli-stretch-tunic-t-top,,4
Marli Stretch Tunic T-Top — RT262LS_MARLI_STRETCH_TUNIC_T_TOP_BLACK_FRONT.webp,rt262ls-rt262ls-marli-stretch-tunic-t-top-black-front,https://notanother-nz.github.io/total-image-product-assets/assets/RT262LS_MARLI_STRETCH_TUNIC_T_TOP/webp/product/RT262LS_MARLI_STRETCH_TUNIC_T_TOP_BLACK_FRONT.webp,marli-stretch-tunic-t-top,black,5
Marli Stretch Tunic T-Top — RT262LS_MARLI_STRETCH_TUNIC_T_TOP_NAVY_FRONT.webp,rt262ls-rt262ls-marli-stretch-tunic-t-top-navy-front,https://notanother-nz.github.io/total-image-product-assets/assets/RT262LS_MARLI_STRETCH_TUNIC_T_TOP/webp/product/RT262LS_MARLI_STRETCH_TUNIC_T_TOP_NAVY_FRONT.webp,marli-stretch-tunic-t-top,navy,6
Marli Stretch Tunic T-Top — RT262LS_MARLI_STRETCH_TUNIC_T_TOP_BLACK_BACK.webp,rt262ls-rt262ls-marli-stretch-tunic-t-top-black-back,https://notanother-nz.github.io/total-image-product-assets/assets/RT262LS_MARLI_STRETCH_TUNIC_T_TOP/webp/product/RT262LS_MARLI_STRETCH_TUNIC_T_TOP_BLACK_BACK.webp,marli-stretch-tunic-t-top,black,7
Marli Stretch Tunic T-Top — RT262LS_MARLI_STRETCH_TUNIC_T_TOP_NAVY_BACK.webp,rt262ls-rt262ls-marli-stretch-tunic-t-top-navy-back,https://notanother-nz.github.io/total-image-product-assets/assets/RT262LS_MARLI_STRETCH_TUNIC_T_TOP/webp/product/RT262LS_MARLI_STRETCH_TUNIC_T_TOP_NAVY_BACK.webp,marli-stretch-tunic-t-top,navy,8
Women's Ruche Long Sleeve Blouse — RU568LL_WOMEN'S_RUCHE_LONG_SLEEVE_BLOUSE_POWDER_BLUE_HERO_FRONT.webp,ru568ll-ru568ll-womens-ruche-long-sleeve-blouse-powder-blue-hero-front,https://notanother-nz.github.io/total-image-product-assets/assets/RU568LL_WOMEN'S_RUCHE_LONG_SLEEVE_BLOUSE/webp/model/RU568LL_WOMEN'S_RUCHE_LONG_SLEEVE_BLOUSE_POWDER_BLUE_HERO_FRONT.webp,womens-ruche-long-sleeve-blouse,powder-blue,1
Women's Ruche Long Sleeve Blouse — RU568LL_WOMEN'S_RUCHE_LONG_SLEEVE_BLOUSE_POWDER_BLUE_HERO_BACK.webp,ru568ll-ru568ll-womens-ruche-long-sleeve-blouse-powder-blue-hero-back,https://notanother-nz.github.io/total-image-product-assets/assets/RU568LL_WOMEN'S_RUCHE_LONG_SLEEVE_BLOUSE/webp/model/RU568LL_WOMEN'S_RUCHE_LONG_SLEEVE_BLOUSE_POWDER_BLUE_HERO_BACK.webp,womens-ruche-long-sleeve-blouse,powder-blue,2
Women's Ruche Long Sleeve Blouse — RU568LL_WOMEN'S_RUCHE_LONG_SLEEVE_BLOUSE_POWDER_BLUE_HERO_CLOSEUP.webp,ru568ll-ru568ll-womens-ruche-long-sleeve-blouse-powder-blue-hero-closeup,https://notanother-nz.github.io/total-image-product-assets/assets/RU568LL_WOMEN'S_RUCHE_LONG_SLEEVE_BLOUSE/webp/model/RU568LL_WOMEN'S_RUCHE_LONG_SLEEVE_BLOUSE_POWDER_BLUE_HERO_CLOSEUP.webp,womens-ruche-long-sleeve-blouse,powder-blue,3
Women's Ruche Long Sleeve Blouse — RU568LL_WOMEN'S_RUCHE_LONG_SLEEVE_BLOUSE_POWDER_BLUE_HERO_SIDE.webp,ru568ll-ru568ll-womens-ruche-long-sleeve-blouse-powder-blue-hero-side,https://notanother-nz.github.io/total-image-product-assets/assets/RU568LL_WOMEN'S_RUCHE_LONG_SLEEVE_BLOUSE/webp/model/RU568LL_WOMEN'S_RUCHE_LONG_SLEEVE_BLOUSE_POWDER_BLUE_HERO_SIDE.webp,womens-ruche-long-sleeve-blouse,powder-blue,4
Women's Ruche Long Sleeve Blouse — RU568LL_WOMEN'S_RUCHE_LONG_SLEEVE_BLOUSE_BLACK_FRONT.webp,ru568ll-ru568ll-womens-ruche-long-sleeve-blouse-black-front,https://notanother-nz.github.io/total-image-product-assets/assets/RU568LL_WOMEN'S_RUCHE_LONG_SLEEVE_BLOUSE/webp/product/RU568LL_WOMEN'S_RUCHE_LONG_SLEEVE_BLOUSE_BLACK_FRONT.webp,womens-ruche-long-sleeve-blouse,black,5
Women's Ruche Long Sleeve Blouse — RU568LL_WOMEN'S_RUCHE_LONG_SLEEVE_BLOUSE_NAVY_FRONT.webp,ru568ll-ru568ll-womens-ruche-long-sleeve-blouse-navy-front,https://notanother-nz.github.io/total-image-product-assets/assets/RU568LL_WOMEN'S_RUCHE_LONG_SLEEVE_BLOUSE/webp/product/RU568LL_WOMEN'S_RUCHE_LONG_SLEEVE_BLOUSE_NAVY_FRONT.webp,womens-ruche-long-sleeve-blouse,navy,6
Women's Ruche Long Sleeve Blouse — RU568LL_WOMEN'S_RUCHE_LONG_SLEEVE_BLOUSE_POWDER_BLUE_FRONT.webp,ru568ll-ru568ll-womens-ruche-long-sleeve-blouse-powder-blue-front,https://notanother-nz.github.io/total-image-product-assets/assets/RU568LL_WOMEN'S_RUCHE_LONG_SLEEVE_BLOUSE/webp/product/RU568LL_WOMEN'S_RUCHE_LONG_SLEEVE_BLOUSE_POWDER_BLUE_FRONT.webp,womens-ruche-long-sleeve-blouse,powder-blue,7
Women's Ruche Long Sleeve Blouse — RU568LL_WOMEN'S_RUCHE_LONG_SLEEVE_BLOUSE_BLACK_BACK.webp,ru568ll-ru568ll-womens-ruche-long-sleeve-blouse-black-back,https://notanother-nz.github.io/total-image-product-assets/assets/RU568LL_WOMEN'S_RUCHE_LONG_SLEEVE_BLOUSE/webp/product/RU568LL_WOMEN'S_RUCHE_LONG_SLEEVE_BLOUSE_BLACK_BACK.webp,womens-ruche-long-sleeve-blouse,black,8
Women's Ruche Long Sleeve Blouse — RU568LL_WOMEN'S_RUCHE_LONG_SLEEVE_BLOUSE_NAVY_BACK.webp,ru568ll-ru568ll-womens-ruche-long-sleeve-blouse-navy-back,https://notanother-nz.github.io/total-image-product-assets/assets/RU568LL_WOMEN'S_RUCHE_LONG_SLEEVE_BLOUSE/webp/product/RU568LL_WOMEN'S_RUCHE_LONG_SLEEVE_BLOUSE_NAVY_BACK.webp,womens-ruche-long-sleeve-blouse,navy,9
Women's Ruche Long Sleeve Blouse — RU568LL_WOMEN'S_RUCHE_LONG_SLEEVE_BLOUSE_POWDER_BLUE_BACK.webp,ru568ll-ru568ll-womens-ruche-long-sleeve-blouse-powder-blue-back,https://notanother-nz.github.io/total-image-product-assets/assets/RU568LL_WOMEN'S_RUCHE_LONG_SLEEVE_BLOUSE/webp/product/RU568LL_WOMEN'S_RUCHE_LONG_SLEEVE_BLOUSE_POWDER_BLUE_BACK.webp,womens-ruche-long-sleeve-blouse,powder-blue,10
Women's Ruche Short Sleeve Blouse — RU568LS_WOMEN'S_RUCHE_SHORT_SLEEVE_BLOUSE_POWDER_BLUE_ASIAN_HERO_FRONT.webp,ru568ls-ru568ls-womens-ruche-short-sleeve-blouse-powder-blue-asian-hero-front,https://notanother-nz.github.io/total-image-product-assets/assets/RU568LS_WOMEN'S_RUCHE_SHORT_SLEEVE_BLOUSE/webp/model/RU568LS_WOMEN'S_RUCHE_SHORT_SLEEVE_BLOUSE_POWDER_BLUE_ASIAN_HERO_FRONT.webp,womens-ruche-short-sleeve-blouse,powder-blue,1
Women's Ruche Short Sleeve Blouse — RU568LS_WOMEN'S_RUCHE_SHORT_SLEEVE_BLOUSE_POWDER_BLUE_HERO_FRONT.webp,ru568ls-ru568ls-womens-ruche-short-sleeve-blouse-powder-blue-hero-front,https://notanother-nz.github.io/total-image-product-assets/assets/RU568LS_WOMEN'S_RUCHE_SHORT_SLEEVE_BLOUSE/webp/model/RU568LS_WOMEN'S_RUCHE_SHORT_SLEEVE_BLOUSE_POWDER_BLUE_HERO_FRONT.webp,womens-ruche-short-sleeve-blouse,powder-blue,2
Women's Ruche Short Sleeve Blouse — RU568LS_WOMEN'S_RUCHE_SHORT_SLEEVE_BLOUSE_POWDER_BLUE_ASIAN_HERO_BACK.webp,ru568ls-ru568ls-womens-ruche-short-sleeve-blouse-powder-blue-asian-hero-back,https://notanother-nz.github.io/total-image-product-assets/assets/RU568LS_WOMEN'S_RUCHE_SHORT_SLEEVE_BLOUSE/webp/model/RU568LS_WOMEN'S_RUCHE_SHORT_SLEEVE_BLOUSE_POWDER_BLUE_ASIAN_HERO_BACK.webp,womens-ruche-short-sleeve-blouse,powder-blue,3
Women's Ruche Short Sleeve Blouse — RU568LS_WOMEN'S_RUCHE_SHORT_SLEEVE_BLOUSE_POWDER_BLUE_HERO_BACK.webp,ru568ls-ru568ls-womens-ruche-short-sleeve-blouse-powder-blue-hero-back,https://notanother-nz.github.io/total-image-product-assets/assets/RU568LS_WOMEN'S_RUCHE_SHORT_SLEEVE_BLOUSE/webp/model/RU568LS_WOMEN'S_RUCHE_SHORT_SLEEVE_BLOUSE_POWDER_BLUE_HERO_BACK.webp,womens-ruche-short-sleeve-blouse,powder-blue,4
Women's Ruche Short Sleeve Blouse — RU568LS_WOMEN'S_RUCHE_SHORT_SLEEVE_BLOUSE_POWDER_BLUE_ASIAN_HERO_CLOSEUP.webp,ru568ls-ru568ls-womens-ruche-short-sleeve-blouse-powder-blue-asian-hero-closeup,https://notanother-nz.github.io/total-image-product-assets/assets/RU568LS_WOMEN'S_RUCHE_SHORT_SLEEVE_BLOUSE/webp/model/RU568LS_WOMEN'S_RUCHE_SHORT_SLEEVE_BLOUSE_POWDER_BLUE_ASIAN_HERO_CLOSEUP.webp,womens-ruche-short-sleeve-blouse,powder-blue,5
Women's Ruche Short Sleeve Blouse — RU568LS_WOMEN'S_RUCHE_SHORT_SLEEVE_BLOUSE_POWDER_BLUE_HERO_CLOSEUP.webp,ru568ls-ru568ls-womens-ruche-short-sleeve-blouse-powder-blue-hero-closeup,https://notanother-nz.github.io/total-image-product-assets/assets/RU568LS_WOMEN'S_RUCHE_SHORT_SLEEVE_BLOUSE/webp/model/RU568LS_WOMEN'S_RUCHE_SHORT_SLEEVE_BLOUSE_POWDER_BLUE_HERO_CLOSEUP.webp,womens-ruche-short-sleeve-blouse,powder-blue,6
Women's Ruche Short Sleeve Blouse — RU568LS_WOMEN'S_RUCHE_SHORT_SLEEVE_BLOUSE_POWDER_BLUE_ASIAN_HERO_SIDE.webp,ru568ls-ru568ls-womens-ruche-short-sleeve-blouse-powder-blue-asian-hero-side,https://notanother-nz.github.io/total-image-product-assets/assets/RU568LS_WOMEN'S_RUCHE_SHORT_SLEEVE_BLOUSE/webp/model/RU568LS_WOMEN'S_RUCHE_SHORT_SLEEVE_BLOUSE_POWDER_BLUE_ASIAN_HERO_SIDE.webp,womens-ruche-short-sleeve-blouse,powder-blue,7
Women's Ruche Short Sleeve Blouse — RU568LS_WOMEN'S_RUCHE_SHORT_SLEEVE_BLOUSE_POWDER_BLUE_HERO_SIDE.webp,ru568ls-ru568ls-womens-ruche-short-sleeve-blouse-powder-blue-hero-side,https://notanother-nz.github.io/total-image-product-assets/assets/RU568LS_WOMEN'S_RUCHE_SHORT_SLEEVE_BLOUSE/webp/model/RU568LS_WOMEN'S_RUCHE_SHORT_SLEEVE_BLOUSE_POWDER_BLUE_HERO_SIDE.webp,womens-ruche-short-sleeve-blouse,powder-blue,8
Women's Ruche Short Sleeve Blouse — RU568LS_WOMEN'S_RUCHE_SHORT_SLEEVE_BLOUSE_BLACK_FRONT.webp,ru568ls-ru568ls-womens-ruche-short-sleeve-blouse-black-front,https://notanother-nz.github.io/total-image-product-assets/assets/RU568LS_WOMEN'S_RUCHE_SHORT_SLEEVE_BLOUSE/webp/product/RU568LS_WOMEN'S_RUCHE_SHORT_SLEEVE_BLOUSE_BLACK_FRONT.webp,womens-ruche-short-sleeve-blouse,black,9
Women's Ruche Short Sleeve Blouse — RU568LS_WOMEN'S_RUCHE_SHORT_SLEEVE_BLOUSE_NAVY_FRONT.webp,ru568ls-ru568ls-womens-ruche-short-sleeve-blouse-navy-front,https://notanother-nz.github.io/total-image-product-assets/assets/RU568LS_WOMEN'S_RUCHE_SHORT_SLEEVE_BLOUSE/webp/product/RU568LS_WOMEN'S_RUCHE_SHORT_SLEEVE_BLOUSE_NAVY_FRONT.webp,womens-ruche-short-sleeve-blouse,navy,10
Women's Ruche Short Sleeve Blouse — RU568LS_WOMEN'S_RUCHE_SHORT_SLEEVE_BLOUSE_POWDER_BLUE_FRONT.webp,ru568ls-ru568ls-womens-ruche-short-sleeve-blouse-powder-blue-front,https://notanother-nz.github.io/total-image-product-assets/assets/RU568LS_WOMEN'S_RUCHE_SHORT_SLEEVE_BLOUSE/webp/product/RU568LS_WOMEN'S_RUCHE_SHORT_SLEEVE_BLOUSE_POWDER_BLUE_FRONT.webp,womens-ruche-short-sleeve-blouse,powder-blue,11
Women's Ruche Short Sleeve Blouse — RU568LS_WOMEN'S_RUCHE_SHORT_SLEEVE_BLOUSE_BLACK_BACK.webp,ru568ls-ru568ls-womens-ruche-short-sleeve-blouse-black-back,https://notanother-nz.github.io/total-image-product-assets/assets/RU568LS_WOMEN'S_RUCHE_SHORT_SLEEVE_BLOUSE/webp/product/RU568LS_WOMEN'S_RUCHE_SHORT_SLEEVE_BLOUSE_BLACK_BACK.webp,womens-ruche-short-sleeve-blouse,black,12
Women's Ruche Short Sleeve Blouse — RU568LS_WOMEN'S_RUCHE_SHORT_SLEEVE_BLOUSE_NAVY_BACK.webp,ru568ls-ru568ls-womens-ruche-short-sleeve-blouse-navy-back,https://notanother-nz.github.io/total-image-product-assets/assets/RU568LS_WOMEN'S_RUCHE_SHORT_SLEEVE_BLOUSE/webp/product/RU568LS_WOMEN'S_RUCHE_SHORT_SLEEVE_BLOUSE_NAVY_BACK.webp,womens-ruche-short-sleeve-blouse,navy,13
Women's Ruche Short Sleeve Blouse — RU568LS_WOMEN'S_RUCHE_SHORT_SLEEVE_BLOUSE_POWDER_BLUE_BACK.webp,ru568ls-ru568ls-womens-ruche-short-sleeve-blouse-powder-blue-back,https://notanother-nz.github.io/total-image-product-assets/assets/RU568LS_WOMEN'S_RUCHE_SHORT_SLEEVE_BLOUSE/webp/product/RU568LS_WOMEN'S_RUCHE_SHORT_SLEEVE_BLOUSE_POWDER_BLUE_BACK.webp,womens-ruche-short-sleeve-blouse,powder-blue,14
Women's Evelyn Long Sleeve Blouse — RU569LL_WOMEN'S_EVELYN_LONG_SLEEVE_BLOUSE_IVORY_HERO_FRONT.webp,ru569ll-ru569ll-womens-evelyn-long-sleeve-blouse-ivory-hero-front,https://notanother-nz.github.io/total-image-product-assets/assets/RU569LL_WOMEN'S_EVELYN_LONG_SLEEVE_BLOUSE/webp/model/RU569LL_WOMEN'S_EVELYN_LONG_SLEEVE_BLOUSE_IVORY_HERO_FRONT.webp,womens-evelyn-long-sleeve-blouse,ivory,1
Women's Evelyn Long Sleeve Blouse — RU569LL_WOMEN'S_EVELYN_LONG_SLEEVE_BLOUSE_IVORY_HERO_CLOSEUP[.webp,ru569ll-ru569ll-womens-evelyn-long-sleeve-blouse-ivory-hero-closeup,https://notanother-nz.github.io/total-image-product-assets/assets/RU569LL_WOMEN'S_EVELYN_LONG_SLEEVE_BLOUSE/webp/model/RU569LL_WOMEN'S_EVELYN_LONG_SLEEVE_BLOUSE_IVORY_HERO_CLOSEUP%5B.webp,womens-evelyn-long-sleeve-blouse,ivory,2
Women's Evelyn Long Sleeve Blouse — RU569LL_WOMEN'S_EVELYN_LONG_SLEEVE_BLOUSE_IVORY_HERO_SIDE.webp,ru569ll-ru569ll-womens-evelyn-long-sleeve-blouse-ivory-hero-side,https://notanother-nz.github.io/total-image-product-assets/assets/RU569LL_WOMEN'S_EVELYN_LONG_SLEEVE_BLOUSE/webp/model/RU569LL_WOMEN'S_EVELYN_LONG_SLEEVE_BLOUSE_IVORY_HERO_SIDE.webp,womens-evelyn-long-sleeve-blouse,ivory,3
Women's Evelyn Long Sleeve Blouse — RU569LL_WOMEN'S_EVELYN_BACK.webp,ru569ll-ru569ll-womens-evelyn-back,https://notanother-nz.github.io/total-image-product-assets/assets/RU569LL_WOMEN'S_EVELYN_LONG_SLEEVE_BLOUSE/webp/model/RU569LL_WOMEN'S_EVELYN_BACK.webp,womens-evelyn-long-sleeve-blouse,,4
Women's Evelyn Long Sleeve Blouse — RU569LL_WOMEN'S_EVELYN_LONG_SLEEVE_BLOUSE_BLACK_FRONT.webp,ru569ll-ru569ll-womens-evelyn-long-sleeve-blouse-black-front,https://notanother-nz.github.io/total-image-product-assets/assets/RU569LL_WOMEN'S_EVELYN_LONG_SLEEVE_BLOUSE/webp/product/RU569LL_WOMEN'S_EVELYN_LONG_SLEEVE_BLOUSE_BLACK_FRONT.webp,womens-evelyn-long-sleeve-blouse,black,5
Women's Evelyn Long Sleeve Blouse — RU569LL_WOMEN'S_EVELYN_LONG_SLEEVE_BLOUSE_IVORY_FRONT.webp,ru569ll-ru569ll-womens-evelyn-long-sleeve-blouse-ivory-front,https://notanother-nz.github.io/total-image-product-assets/assets/RU569LL_WOMEN'S_EVELYN_LONG_SLEEVE_BLOUSE/webp/product/RU569LL_WOMEN'S_EVELYN_LONG_SLEEVE_BLOUSE_IVORY_FRONT.webp,womens-evelyn-long-sleeve-blouse,ivory,6
Women's Evelyn Long Sleeve Blouse — RU569LL_WOMEN'S_EVELYN_LONG_SLEEVE_BLOUSE_MINERAL_BLUE_FRONT.webp,ru569ll-ru569ll-womens-evelyn-long-sleeve-blouse-mineral-blue-front,https://notanother-nz.github.io/total-image-product-assets/assets/RU569LL_WOMEN'S_EVELYN_LONG_SLEEVE_BLOUSE/webp/product/RU569LL_WOMEN'S_EVELYN_LONG_SLEEVE_BLOUSE_MINERAL_BLUE_FRONT.webp,womens-evelyn-long-sleeve-blouse,mineral-blue,7
Women's Evelyn Long Sleeve Blouse — RU569LL_WOMEN'S_EVELYN_LONG_SLEEVE_BLOUSE_NAVY_FRONT.webp,ru569ll-ru569ll-womens-evelyn-long-sleeve-blouse-navy-front,https://notanother-nz.github.io/total-image-product-assets/assets/RU569LL_WOMEN'S_EVELYN_LONG_SLEEVE_BLOUSE/webp/product/RU569LL_WOMEN'S_EVELYN_LONG_SLEEVE_BLOUSE_NAVY_FRONT.webp,womens-evelyn-long-sleeve-blouse,navy,8
Women's Evelyn Long Sleeve Blouse — RU569LL_WOMEN'S_EVELYN_LONG_SLEEVE_BLOUSE_WINE_FRONT.webp,ru569ll-ru569ll-womens-evelyn-long-sleeve-blouse-wine-front,https://notanother-nz.github.io/total-image-product-assets/assets/RU569LL_WOMEN'S_EVELYN_LONG_SLEEVE_BLOUSE/webp/product/RU569LL_WOMEN'S_EVELYN_LONG_SLEEVE_BLOUSE_WINE_FRONT.webp,womens-evelyn-long-sleeve-blouse,wine,9
Women's Evelyn Long Sleeve Blouse — RU569LL_WOMEN'S_EVELYN_LONG_SLEEVE_BLOUSE_BLACK_BACK.webp,ru569ll-ru569ll-womens-evelyn-long-sleeve-blouse-black-back,https://notanother-nz.github.io/total-image-product-assets/assets/RU569LL_WOMEN'S_EVELYN_LONG_SLEEVE_BLOUSE/webp/product/RU569LL_WOMEN'S_EVELYN_LONG_SLEEVE_BLOUSE_BLACK_BACK.webp,womens-evelyn-long-sleeve-blouse,black,10
Women's Evelyn Long Sleeve Blouse — RU569LL_WOMEN'S_EVELYN_LONG_SLEEVE_BLOUSE_IVORY_BACK.webp,ru569ll-ru569ll-womens-evelyn-long-sleeve-blouse-ivory-back,https://notanother-nz.github.io/total-image-product-assets/assets/RU569LL_WOMEN'S_EVELYN_LONG_SLEEVE_BLOUSE/webp/product/RU569LL_WOMEN'S_EVELYN_LONG_SLEEVE_BLOUSE_IVORY_BACK.webp,womens-evelyn-long-sleeve-blouse,ivory,11
Women's Evelyn Long Sleeve Blouse — RU569LL_WOMEN'S_EVELYN_LONG_SLEEVE_BLOUSE_MINERAL_BLUE_BACK.webp,ru569ll-ru569ll-womens-evelyn-long-sleeve-blouse-mineral-blue-back,https://notanother-nz.github.io/total-image-product-assets/assets/RU569LL_WOMEN'S_EVELYN_LONG_SLEEVE_BLOUSE/webp/product/RU569LL_WOMEN'S_EVELYN_LONG_SLEEVE_BLOUSE_MINERAL_BLUE_BACK.webp,womens-evelyn-long-sleeve-blouse,mineral-blue,12
Women's Evelyn Long Sleeve Blouse — RU569LL_WOMEN'S_EVELYN_LONG_SLEEVE_BLOUSE_NAVY_BACK.webp,ru569ll-ru569ll-womens-evelyn-long-sleeve-blouse-navy-back,https://notanother-nz.github.io/total-image-product-assets/assets/RU569LL_WOMEN'S_EVELYN_LONG_SLEEVE_BLOUSE/webp/product/RU569LL_WOMEN'S_EVELYN_LONG_SLEEVE_BLOUSE_NAVY_BACK.webp,womens-evelyn-long-sleeve-blouse,navy,13
Women's Evelyn Long Sleeve Blouse — RU569LL_WOMEN'S_EVELYN_LONG_SLEEVE_BLOUSE_WINE_BACK.webp,ru569ll-ru569ll-womens-evelyn-long-sleeve-blouse-wine-back,https://notanother-nz.github.io/total-image-product-assets/assets/RU569LL_WOMEN'S_EVELYN_LONG_SLEEVE_BLOUSE/webp/product/RU569LL_WOMEN'S_EVELYN_LONG_SLEEVE_BLOUSE_WINE_BACK.webp,womens-evelyn-long-sleeve-blouse,wine,14
Women's Evelyn Short Sleeve Blouse — RU569LS_WOMEN'S_EVELYN_SHORT_SLEEVE_BLOUSE_IVORY_HERO_FRONT.webp,ru569ls-ru569ls-womens-evelyn-short-sleeve-blouse-ivory-hero-front,https://notanother-nz.github.io/total-image-product-assets/assets/RU569LS_WOMEN'S_EVELYN_SHORT_SLEEVE_BLOUSE/webp/model/RU569LS_WOMEN'S_EVELYN_SHORT_SLEEVE_BLOUSE_IVORY_HERO_FRONT.webp,womens-evelyn-short-sleeve-blouse,ivory,1
Women's Evelyn Short Sleeve Blouse — RU569LS_WOMEN'S_EVELYN_SHORT_SLEEVE_BLOUSE_IVORY_HERO_BACK.webp,ru569ls-ru569ls-womens-evelyn-short-sleeve-blouse-ivory-hero-back,https://notanother-nz.github.io/total-image-product-assets/assets/RU569LS_WOMEN'S_EVELYN_SHORT_SLEEVE_BLOUSE/webp/model/RU569LS_WOMEN'S_EVELYN_SHORT_SLEEVE_BLOUSE_IVORY_HERO_BACK.webp,womens-evelyn-short-sleeve-blouse,ivory,2
Women's Evelyn Short Sleeve Blouse — RU569LS_WOMEN'S_EVELYN_SHORT_SLEEVE_BLOUSE_IVORY_HERO_CLOSEUP.webp,ru569ls-ru569ls-womens-evelyn-short-sleeve-blouse-ivory-hero-closeup,https://notanother-nz.github.io/total-image-product-assets/assets/RU569LS_WOMEN'S_EVELYN_SHORT_SLEEVE_BLOUSE/webp/model/RU569LS_WOMEN'S_EVELYN_SHORT_SLEEVE_BLOUSE_IVORY_HERO_CLOSEUP.webp,womens-evelyn-short-sleeve-blouse,ivory,3
Women's Evelyn Short Sleeve Blouse — RU569LS_WOMEN'S_EVELYN_SHORT_SLEEVE_BLOUSE_IVORY_HERO_SIDE.webp,ru569ls-ru569ls-womens-evelyn-short-sleeve-blouse-ivory-hero-side,https://notanother-nz.github.io/total-image-product-assets/assets/RU569LS_WOMEN'S_EVELYN_SHORT_SLEEVE_BLOUSE/webp/model/RU569LS_WOMEN'S_EVELYN_SHORT_SLEEVE_BLOUSE_IVORY_HERO_SIDE.webp,womens-evelyn-short-sleeve-blouse,ivory,4
Women's Evelyn Short Sleeve Blouse — RU569LS_WOMEN'S_EVELYN_SHORT_SLEEVE_BLOUSE_FRONT.webp,ru569ls-ru569ls-womens-evelyn-short-sleeve-blouse-front,https://notanother-nz.github.io/total-image-product-assets/assets/RU569LS_WOMEN'S_EVELYN_SHORT_SLEEVE_BLOUSE/webp/model/RU569LS_WOMEN'S_EVELYN_SHORT_SLEEVE_BLOUSE_FRONT.webp,womens-evelyn-short-sleeve-blouse,,5
Women's Evelyn Short Sleeve Blouse — RU569LS_WOMEN'S_EVELYN_SHORT_SLEEVE_BLOUSE_BACK.webp,ru569ls-ru569ls-womens-evelyn-short-sleeve-blouse-back,https://notanother-nz.github.io/total-image-product-assets/assets/RU569LS_WOMEN'S_EVELYN_SHORT_SLEEVE_BLOUSE/webp/model/RU569LS_WOMEN'S_EVELYN_SHORT_SLEEVE_BLOUSE_BACK.webp,womens-evelyn-short-sleeve-blouse,,6
Women's Evelyn Short Sleeve Blouse — RU569LS_WOMEN'S_EVELYN_SHORT_SLEEVE_BLOUSE_SIDE.webp,ru569ls-ru569ls-womens-evelyn-short-sleeve-blouse-side,https://notanother-nz.github.io/total-image-product-assets/assets/RU569LS_WOMEN'S_EVELYN_SHORT_SLEEVE_BLOUSE/webp/model/RU569LS_WOMEN'S_EVELYN_SHORT_SLEEVE_BLOUSE_SIDE.webp,womens-evelyn-short-sleeve-blouse,,7
Women's Evelyn Short Sleeve Blouse — RU569LS_WOMEN'S_EVELYN_SHORT_SLEEVE_BLOUSE_CLOSEUP.webp,ru569ls-ru569ls-womens-evelyn-short-sleeve-blouse-closeup,https://notanother-nz.github.io/total-image-product-assets/assets/RU569LS_WOMEN'S_EVELYN_SHORT_SLEEVE_BLOUSE/webp/model/RU569LS_WOMEN'S_EVELYN_SHORT_SLEEVE_BLOUSE_CLOSEUP.webp,womens-evelyn-short-sleeve-blouse,,8
Women's Evelyn Short Sleeve Blouse — RU568LS_WOMEN'S_EVELYN_SHORT_SLEEVE_BLOUSE_BLACK_FRONT.webp,ru569ls-ru568ls-womens-evelyn-short-sleeve-blouse-black-front,https://notanother-nz.github.io/total-image-product-assets/assets/RU569LS_WOMEN'S_EVELYN_SHORT_SLEEVE_BLOUSE/webp/product/RU568LS_WOMEN'S_EVELYN_SHORT_SLEEVE_BLOUSE_BLACK_FRONT.webp,womens-evelyn-short-sleeve-blouse,black,9
Women's Evelyn Short Sleeve Blouse — RU568LS_WOMEN'S_EVELYN_SHORT_SLEEVE_BLOUSE_NAVY_FRONT.webp,ru569ls-ru568ls-womens-evelyn-short-sleeve-blouse-navy-front,https://notanother-nz.github.io/total-image-product-assets/assets/RU569LS_WOMEN'S_EVELYN_SHORT_SLEEVE_BLOUSE/webp/product/RU568LS_WOMEN'S_EVELYN_SHORT_SLEEVE_BLOUSE_NAVY_FRONT.webp,womens-evelyn-short-sleeve-blouse,navy,10
Women's Evelyn Short Sleeve Blouse — RU568LS_WOMEN'S_EVELYN_SHORT_SLEEVE_BLOUSE_POWDER_BLUE_FRONT.webp,ru569ls-ru568ls-womens-evelyn-short-sleeve-blouse-powder-blue-front,https://notanother-nz.github.io/total-image-product-assets/assets/RU569LS_WOMEN'S_EVELYN_SHORT_SLEEVE_BLOUSE/webp/product/RU568LS_WOMEN'S_EVELYN_SHORT_SLEEVE_BLOUSE_POWDER_BLUE_FRONT.webp,womens-evelyn-short-sleeve-blouse,powder-blue,11
Women's Evelyn Short Sleeve Blouse — RU569LS_WOMEN'S_EVELYN_SHORT_SLEEVE_BLOUSE_BLACK_FRONT__jpg.webp,ru569ls-ru569ls-womens-evelyn-short-sleeve-blouse-black-front-jpg,https://notanother-nz.github.io/total-image-product-assets/assets/RU569LS_WOMEN'S_EVELYN_SHORT_SLEEVE_BLOUSE/webp/product/RU569LS_WOMEN'S_EVELYN_SHORT_SLEEVE_BLOUSE_BLACK_FRONT__jpg.webp,womens-evelyn-short-sleeve-blouse,black,12
Women's Evelyn Short Sleeve Blouse — RU569LS_WOMEN'S_EVELYN_SHORT_SLEEVE_BLOUSE_BLACK_FRONT__png.webp,ru569ls-ru569ls-womens-evelyn-short-sleeve-blouse-black-front-png,https://notanother-nz.github.io/total-image-product-assets/assets/RU569LS_WOMEN'S_EVELYN_SHORT_SLEEVE_BLOUSE/webp/product/RU569LS_WOMEN'S_EVELYN_SHORT_SLEEVE_BLOUSE_BLACK_FRONT__png.webp,womens-evelyn-short-sleeve-blouse,black,13
Women's Evelyn Short Sleeve Blouse — RU569LS_WOMEN'S_EVELYN_SHORT_SLEEVE_BLOUSE_IVORY_FRONT__jpg.webp,ru569ls-ru569ls-womens-evelyn-short-sleeve-blouse-ivory-front-jpg,https://notanother-nz.github.io/total-image-product-assets/assets/RU569LS_WOMEN'S_EVELYN_SHORT_SLEEVE_BLOUSE/webp/product/RU569LS_WOMEN'S_EVELYN_SHORT_SLEEVE_BLOUSE_IVORY_FRONT__jpg.webp,womens-evelyn-short-sleeve-blouse,ivory,14
Women's Evelyn Short Sleeve Blouse — RU569LS_WOMEN'S_EVELYN_SHORT_SLEEVE_BLOUSE_IVORY_FRONT__png.webp,ru569ls-ru569ls-womens-evelyn-short-sleeve-blouse-ivory-front-png,https://notanother-nz.github.io/total-image-product-assets/assets/RU569LS_WOMEN'S_EVELYN_SHORT_SLEEVE_BLOUSE/webp/product/RU569LS_WOMEN'S_EVELYN_SHORT_SLEEVE_BLOUSE_IVORY_FRONT__png.webp,womens-evelyn-short-sleeve-blouse,ivory,15
Women's Evelyn Short Sleeve Blouse — RU569LS_WOMEN'S_EVELYN_SHORT_SLEEVE_BLOUSE_MINERAL_BLUE_FRONT.webp,ru569ls-ru569ls-womens-evelyn-short-sleeve-blouse-mineral-blue-front,https://notanother-nz.github.io/total-image-product-assets/assets/RU569LS_WOMEN'S_EVELYN_SHORT_SLEEVE_BLOUSE/webp/product/RU569LS_WOMEN'S_EVELYN_SHORT_SLEEVE_BLOUSE_MINERAL_BLUE_FRONT.webp,womens-evelyn-short-sleeve-blouse,mineral-blue,16
Women's Evelyn Short Sleeve Blouse — RU569LS_WOMEN'S_EVELYN_SHORT_SLEEVE_BLOUSE_MINERALBLUE_FRONT.webp,ru569ls-ru569ls-womens-evelyn-short-sleeve-blouse-mineralblue-front,https://notanother-nz.github.io/total-image-product-assets/assets/RU569LS_WOMEN'S_EVELYN_SHORT_SLEEVE_BLOUSE/webp/product/RU569LS_WOMEN'S_EVELYN_SHORT_SLEEVE_BLOUSE_MINERALBLUE_FRONT.webp,womens-evelyn-short-sleeve-blouse,mineral-blue,17
Women's Evelyn Short Sleeve Blouse — RU569LS_WOMEN'S_EVELYN_SHORT_SLEEVE_BLOUSE_NAVY_FRONT__jpg.webp,ru569ls-ru569ls-womens-evelyn-short-sleeve-blouse-navy-front-jpg,https://notanother-nz.github.io/total-image-product-assets/assets/RU569LS_WOMEN'S_EVELYN_SHORT_SLEEVE_BLOUSE/webp/product/RU569LS_WOMEN'S_EVELYN_SHORT_SLEEVE_BLOUSE_NAVY_FRONT__jpg.webp,womens-evelyn-short-sleeve-blouse,navy,18
Women's Evelyn Short Sleeve Blouse — RU569LS_WOMEN'S_EVELYN_SHORT_SLEEVE_BLOUSE_NAVY_FRONT__png.webp,ru569ls-ru569ls-womens-evelyn-short-sleeve-blouse-navy-front-png,https://notanother-nz.github.io/total-image-product-assets/assets/RU569LS_WOMEN'S_EVELYN_SHORT_SLEEVE_BLOUSE/webp/product/RU569LS_WOMEN'S_EVELYN_SHORT_SLEEVE_BLOUSE_NAVY_FRONT__png.webp,womens-evelyn-short-sleeve-blouse,navy,19
Women's Evelyn Short Sleeve Blouse — RU569LS_WOMEN'S_EVELYN_SHORT_SLEEVE_BLOUSE_WINE_FRONT__jpg.webp,ru569ls-ru569ls-womens-evelyn-short-sleeve-blouse-wine-front-jpg,https://notanother-nz.github.io/total-image-product-assets/assets/RU569LS_WOMEN'S_EVELYN_SHORT_SLEEVE_BLOUSE/webp/product/RU569LS_WOMEN'S_EVELYN_SHORT_SLEEVE_BLOUSE_WINE_FRONT__jpg.webp,womens-evelyn-short-sleeve-blouse,wine,20
Women's Evelyn Short Sleeve Blouse — RU569LS_WOMEN'S_EVELYN_SHORT_SLEEVE_BLOUSE_WINE_FRONT__png.webp,ru569ls-ru569ls-womens-evelyn-short-sleeve-blouse-wine-front-png,https://notanother-nz.github.io/total-image-product-assets/assets/RU569LS_WOMEN'S_EVELYN_SHORT_SLEEVE_BLOUSE/webp/product/RU569LS_WOMEN'S_EVELYN_SHORT_SLEEVE_BLOUSE_WINE_FRONT__png.webp,womens-evelyn-short-sleeve-blouse,wine,21
Women's Evelyn Short Sleeve Blouse — RU568LS_WOMEN'S_EVELYN_SHORT_SLEEVE_BLOUSE_BLACK_BACK.webp,ru569ls-ru568ls-womens-evelyn-short-sleeve-blouse-black-back,https://notanother-nz.github.io/total-image-product-assets/assets/RU569LS_WOMEN'S_EVELYN_SHORT_SLEEVE_BLOUSE/webp/product/RU568LS_WOMEN'S_EVELYN_SHORT_SLEEVE_BLOUSE_BLACK_BACK.webp,womens-evelyn-short-sleeve-blouse,black,22
Women's Evelyn Short Sleeve Blouse — RU568LS_WOMEN'S_EVELYN_SHORT_SLEEVE_BLOUSE_NAVY_BACK.webp,ru569ls-ru568ls-womens-evelyn-short-sleeve-blouse-navy-back,https://notanother-nz.github.io/total-image-product-assets/assets/RU569LS_WOMEN'S_EVELYN_SHORT_SLEEVE_BLOUSE/webp/product/RU568LS_WOMEN'S_EVELYN_SHORT_SLEEVE_BLOUSE_NAVY_BACK.webp,womens-evelyn-short-sleeve-blouse,navy,23
Women's Evelyn Short Sleeve Blouse — RU568LS_WOMEN'S_EVELYN_SHORT_SLEEVE_BLOUSE_POWDER_BLUE_BACK.webp,ru569ls-ru568ls-womens-evelyn-short-sleeve-blouse-powder-blue-back,https://notanother-nz.github.io/total-image-product-assets/assets/RU569LS_WOMEN'S_EVELYN_SHORT_SLEEVE_BLOUSE/webp/product/RU568LS_WOMEN'S_EVELYN_SHORT_SLEEVE_BLOUSE_POWDER_BLUE_BACK.webp,womens-evelyn-short-sleeve-blouse,powder-blue,24
Women's Evelyn Short Sleeve Blouse — RU569LS_WOMEN'S_EVELYN_SHORT_SLEEVE_BLOUSE_BLACK_BACK__jpg.webp,ru569ls-ru569ls-womens-evelyn-short-sleeve-blouse-black-back-jpg,https://notanother-nz.github.io/total-image-product-assets/assets/RU569LS_WOMEN'S_EVELYN_SHORT_SLEEVE_BLOUSE/webp/product/RU569LS_WOMEN'S_EVELYN_SHORT_SLEEVE_BLOUSE_BLACK_BACK__jpg.webp,womens-evelyn-short-sleeve-blouse,black,25
Women's Evelyn Short Sleeve Blouse — RU569LS_WOMEN'S_EVELYN_SHORT_SLEEVE_BLOUSE_BLACK_BACK__png.webp,ru569ls-ru569ls-womens-evelyn-short-sleeve-blouse-black-back-png,https://notanother-nz.github.io/total-image-product-assets/assets/RU569LS_WOMEN'S_EVELYN_SHORT_SLEEVE_BLOUSE/webp/product/RU569LS_WOMEN'S_EVELYN_SHORT_SLEEVE_BLOUSE_BLACK_BACK__png.webp,womens-evelyn-short-sleeve-blouse,black,26
Women's Evelyn Short Sleeve Blouse — RU569LS_WOMEN'S_EVELYN_SHORT_SLEEVE_BLOUSE_IVORY_BACK__jpg.webp,ru569ls-ru569ls-womens-evelyn-short-sleeve-blouse-ivory-back-jpg,https://notanother-nz.github.io/total-image-product-assets/assets/RU569LS_WOMEN'S_EVELYN_SHORT_SLEEVE_BLOUSE/webp/product/RU569LS_WOMEN'S_EVELYN_SHORT_SLEEVE_BLOUSE_IVORY_BACK__jpg.webp,womens-evelyn-short-sleeve-blouse,ivory,27
Women's Evelyn Short Sleeve Blouse — RU569LS_WOMEN'S_EVELYN_SHORT_SLEEVE_BLOUSE_IVORY_BACK__png.webp,ru569ls-ru569ls-womens-evelyn-short-sleeve-blouse-ivory-back-png,https://notanother-nz.github.io/total-image-product-assets/assets/RU569LS_WOMEN'S_EVELYN_SHORT_SLEEVE_BLOUSE/webp/product/RU569LS_WOMEN'S_EVELYN_SHORT_SLEEVE_BLOUSE_IVORY_BACK__png.webp,womens-evelyn-short-sleeve-blouse,ivory,28
Women's Evelyn Short Sleeve Blouse — RU569LS_WOMEN'S_EVELYN_SHORT_SLEEVE_BLOUSE_MINERAL_BLUE_BACK.webp,ru569ls-ru569ls-womens-evelyn-short-sleeve-blouse-mineral-blue-back,https://notanother-nz.github.io/total-image-product-assets/assets/RU569LS_WOMEN'S_EVELYN_SHORT_SLEEVE_BLOUSE/webp/product/RU569LS_WOMEN'S_EVELYN_SHORT_SLEEVE_BLOUSE_MINERAL_BLUE_BACK.webp,womens-evelyn-short-sleeve-blouse,mineral-blue,29
Women's Evelyn Short Sleeve Blouse — RU569LS_WOMEN'S_EVELYN_SHORT_SLEEVE_BLOUSE_MINERALBLUE_BACK.webp,ru569ls-ru569ls-womens-evelyn-short-sleeve-blouse-mineralblue-back,https://notanother-nz.github.io/total-image-product-assets/assets/RU569LS_WOMEN'S_EVELYN_SHORT_SLEEVE_BLOUSE/webp/product/RU569LS_WOMEN'S_EVELYN_SHORT_SLEEVE_BLOUSE_MINERALBLUE_BACK.webp,womens-evelyn-short-sleeve-blouse,mineral-blue,30
Women's Evelyn Short Sleeve Blouse — RU569LS_WOMEN'S_EVELYN_SHORT_SLEEVE_BLOUSE_NAVY_BACK__jpg.webp,ru569ls-ru569ls-womens-evelyn-short-sleeve-blouse-navy-back-jpg,https://notanother-nz.github.io/total-image-product-assets/assets/RU569LS_WOMEN'S_EVELYN_SHORT_SLEEVE_BLOUSE/webp/product/RU569LS_WOMEN'S_EVELYN_SHORT_SLEEVE_BLOUSE_NAVY_BACK__jpg.webp,womens-evelyn-short-sleeve-blouse,navy,31
Women's Evelyn Short Sleeve Blouse — RU569LS_WOMEN'S_EVELYN_SHORT_SLEEVE_BLOUSE_NAVY_BACK__png.webp,ru569ls-ru569ls-womens-evelyn-short-sleeve-blouse-navy-back-png,https://notanother-nz.github.io/total-image-product-assets/assets/RU569LS_WOMEN'S_EVELYN_SHORT_SLEEVE_BLOUSE/webp/product/RU569LS_WOMEN'S_EVELYN_SHORT_SLEEVE_BLOUSE_NAVY_BACK__png.webp,womens-evelyn-short-sleeve-blouse,navy,32
Women's Evelyn Short Sleeve Blouse — RU569LS_WOMEN'S_EVELYN_SHORT_SLEEVE_BLOUSE_WINE_BACK__jpg.webp,ru569ls-ru569ls-womens-evelyn-short-sleeve-blouse-wine-back-jpg,https://notanother-nz.github.io/total-image-product-assets/assets/RU569LS_WOMEN'S_EVELYN_SHORT_SLEEVE_BLOUSE/webp/product/RU569LS_WOMEN'S_EVELYN_SHORT_SLEEVE_BLOUSE_WINE_BACK__jpg.webp,womens-evelyn-short-sleeve-blouse,wine,33
Women's Evelyn Short Sleeve Blouse — RU569LS_WOMEN'S_EVELYN_SHORT_SLEEVE_BLOUSE_WINE_BACK__png.webp,ru569ls-ru569ls-womens-evelyn-short-sleeve-blouse-wine-back-png,https://notanother-nz.github.io/total-image-product-assets/assets/RU569LS_WOMEN'S_EVELYN_SHORT_SLEEVE_BLOUSE/webp/product/RU569LS_WOMEN'S_EVELYN_SHORT_SLEEVE_BLOUSE_WINE_BACK__png.webp,womens-evelyn-short-sleeve-blouse,wine,34
Women's Evelyn Long Sleeve Shirt — _RU570LL_WOMENS_EVELYN_LONG_SLEEVE_SHIRTHERO_BACK.webp,ru570ll-ru570ll-womens-evelyn-long-sleeve-shirthero-back,https://notanother-nz.github.io/total-image-product-assets/assets/RU570LL_WOMENS_EVELYN_LONG_SLEEVE_SHIRT/webp/model/_RU570LL_WOMENS_EVELYN_LONG_SLEEVE_SHIRTHERO_BACK.webp,womens-evelyn-long-sleeve-shirt,,1
Women's Evelyn Long Sleeve Shirt — RU570LL_WOMENS_EVELYN_LONG_SLEEVE_SHIRT_HERO_CLOSEUP.webp,ru570ll-ru570ll-womens-evelyn-long-sleeve-shirt-hero-closeup,https://notanother-nz.github.io/total-image-product-assets/assets/RU570LL_WOMENS_EVELYN_LONG_SLEEVE_SHIRT/webp/model/RU570LL_WOMENS_EVELYN_LONG_SLEEVE_SHIRT_HERO_CLOSEUP.webp,womens-evelyn-long-sleeve-shirt,,2
Women's Evelyn Long Sleeve Shirt — RU570LL_WOMENS_EVELYN_LONG_SLEEVE_SHIRT_HERO_SIDE.webp,ru570ll-ru570ll-womens-evelyn-long-sleeve-shirt-hero-side,https://notanother-nz.github.io/total-image-product-assets/assets/RU570LL_WOMENS_EVELYN_LONG_SLEEVE_SHIRT/webp/model/RU570LL_WOMENS_EVELYN_LONG_SLEEVE_SHIRT_HERO_SIDE.webp,womens-evelyn-long-sleeve-shirt,,3
Women's Evelyn Long Sleeve Shirt — RU570LL_WOMENS_EVELYN_LONG_SLEEVE_SHIRT_HERO _FRONT.webp,ru570ll-ru570ll-womens-evelyn-long-sleeve-shirt-hero-front,https://notanother-nz.github.io/total-image-product-assets/assets/RU570LL_WOMENS_EVELYN_LONG_SLEEVE_SHIRT/webp/model/RU570LL_WOMENS_EVELYN_LONG_SLEEVE_SHIRT_HERO%20_FRONT.webp,womens-evelyn-long-sleeve-shirt,,4
Women's Evelyn Long Sleeve Shirt — RU570LL_WOMENS_EVELYN_LONG_SLEEVE_SHIRT_IVORY_FRONT__png.webp,ru570ll-ru570ll-womens-evelyn-long-sleeve-shirt-ivory-front-png,https://notanother-nz.github.io/total-image-product-assets/assets/RU570LL_WOMENS_EVELYN_LONG_SLEEVE_SHIRT/webp/model/RU570LL_WOMENS_EVELYN_LONG_SLEEVE_SHIRT_IVORY_FRONT__png.webp,womens-evelyn-long-sleeve-shirt,ivory,5
Women's Evelyn Long Sleeve Shirt — RU570LL_WOMENS_EVELYN_LONG_SLEEVE_SHIRT_IVORY_BACK__png.webp,ru570ll-ru570ll-womens-evelyn-long-sleeve-shirt-ivory-back-png,https://notanother-nz.github.io/total-image-product-assets/assets/RU570LL_WOMENS_EVELYN_LONG_SLEEVE_SHIRT/webp/model/RU570LL_WOMENS_EVELYN_LONG_SLEEVE_SHIRT_IVORY_BACK__png.webp,womens-evelyn-long-sleeve-shirt,ivory,6
Women's Evelyn Long Sleeve Shirt — RU570LL_WOMENS_EVELYN_LONG_SLEEVE_SHIRT_IVORY_SIDE.webp,ru570ll-ru570ll-womens-evelyn-long-sleeve-shirt-ivory-side,https://notanother-nz.github.io/total-image-product-assets/assets/RU570LL_WOMENS_EVELYN_LONG_SLEEVE_SHIRT/webp/model/RU570LL_WOMENS_EVELYN_LONG_SLEEVE_SHIRT_IVORY_SIDE.webp,womens-evelyn-long-sleeve-shirt,ivory,7
Women's Evelyn Long Sleeve Shirt — RU570LL_WOMENS_EVELYN_LONG_SLEEVE_SHIRT_IVORY_CLOSEUP.webp,ru570ll-ru570ll-womens-evelyn-long-sleeve-shirt-ivory-closeup,https://notanother-nz.github.io/total-image-product-assets/assets/RU570LL_WOMENS_EVELYN_LONG_SLEEVE_SHIRT/webp/model/RU570LL_WOMENS_EVELYN_LONG_SLEEVE_SHIRT_IVORY_CLOSEUP.webp,womens-evelyn-long-sleeve-shirt,ivory,8
Women's Evelyn Long Sleeve Shirt — RU570LL_Womens_Evelyn_Long_Sleeve_Shirt_Black_FRONT.webp,ru570ll-ru570ll-womens-evelyn-long-sleeve-shirt-black-front,https://notanother-nz.github.io/total-image-product-assets/assets/RU570LL_WOMENS_EVELYN_LONG_SLEEVE_SHIRT/webp/product/RU570LL_Womens_Evelyn_Long_Sleeve_Shirt_Black_FRONT.webp,womens-evelyn-long-sleeve-shirt,black,9
Women's Evelyn Long Sleeve Shirt — RU570LL_WOMENS_EVELYN_LONG_SLEEVE_SHIRT_IVORY_FRONT__jpg.webp,ru570ll-ru570ll-womens-evelyn-long-sleeve-shirt-ivory-front-jpg,https://notanother-nz.github.io/total-image-product-assets/assets/RU570LL_WOMENS_EVELYN_LONG_SLEEVE_SHIRT/webp/product/RU570LL_WOMENS_EVELYN_LONG_SLEEVE_SHIRT_IVORY_FRONT__jpg.webp,womens-evelyn-long-sleeve-shirt,ivory,10
Women's Evelyn Long Sleeve Shirt — RU570LL_Womens_Evelyn_Long_Sleeve_Shirt_MineralBlue_FRONT.webp,ru570ll-ru570ll-womens-evelyn-long-sleeve-shirt-mineralblue-front,https://notanother-nz.github.io/total-image-product-assets/assets/RU570LL_WOMENS_EVELYN_LONG_SLEEVE_SHIRT/webp/product/RU570LL_Womens_Evelyn_Long_Sleeve_Shirt_MineralBlue_FRONT.webp,womens-evelyn-long-sleeve-shirt,mineral-blue,11
Women's Evelyn Long Sleeve Shirt — RU570LL_Womens_Evelyn_Long_Sleeve_Shirt_Navy_FRONT.webp,ru570ll-ru570ll-womens-evelyn-long-sleeve-shirt-navy-front,https://notanother-nz.github.io/total-image-product-assets/assets/RU570LL_WOMENS_EVELYN_LONG_SLEEVE_SHIRT/webp/product/RU570LL_Womens_Evelyn_Long_Sleeve_Shirt_Navy_FRONT.webp,womens-evelyn-long-sleeve-shirt,navy,12
Women's Evelyn Long Sleeve Shirt — RU570LL_Womens_Evelyn_Long_Sleeve_Shirt_Wine_FRONT.webp,ru570ll-ru570ll-womens-evelyn-long-sleeve-shirt-wine-front,https://notanother-nz.github.io/total-image-product-assets/assets/RU570LL_WOMENS_EVELYN_LONG_SLEEVE_SHIRT/webp/product/RU570LL_Womens_Evelyn_Long_Sleeve_Shirt_Wine_FRONT.webp,womens-evelyn-long-sleeve-shirt,wine,13
Women's Evelyn Long Sleeve Shirt — RU570LL_Womens_Evelyn_Long_Sleeve_Shirt_Black_BACK.webp,ru570ll-ru570ll-womens-evelyn-long-sleeve-shirt-black-back,https://notanother-nz.github.io/total-image-product-assets/assets/RU570LL_WOMENS_EVELYN_LONG_SLEEVE_SHIRT/webp/product/RU570LL_Womens_Evelyn_Long_Sleeve_Shirt_Black_BACK.webp,womens-evelyn-long-sleeve-shirt,black,14
Women's Evelyn Long Sleeve Shirt — RU570LL_WOMENS_EVELYN_LONG_SLEEVE_SHIRT_IVORY_BACK__jpg.webp,ru570ll-ru570ll-womens-evelyn-long-sleeve-shirt-ivory-back-jpg,https://notanother-nz.github.io/total-image-product-assets/assets/RU570LL_WOMENS_EVELYN_LONG_SLEEVE_SHIRT/webp/product/RU570LL_WOMENS_EVELYN_LONG_SLEEVE_SHIRT_IVORY_BACK__jpg.webp,womens-evelyn-long-sleeve-shirt,ivory,15
Women's Evelyn Long Sleeve Shirt — RU570LL_Womens_Evelyn_Long_Sleeve_Shirt_MineralBlue_BACK.webp,ru570ll-ru570ll-womens-evelyn-long-sleeve-shirt-mineralblue-back,https://notanother-nz.github.io/total-image-product-assets/assets/RU570LL_WOMENS_EVELYN_LONG_SLEEVE_SHIRT/webp/product/RU570LL_Womens_Evelyn_Long_Sleeve_Shirt_MineralBlue_BACK.webp,womens-evelyn-long-sleeve-shirt,mineral-blue,16
Women's Evelyn Long Sleeve Shirt — RU570LL_Womens_Evelyn_Long_Sleeve_Shirt_Navy_BACK.webp,ru570ll-ru570ll-womens-evelyn-long-sleeve-shirt-navy-back,https://notanother-nz.github.io/total-image-product-assets/assets/RU570LL_WOMENS_EVELYN_LONG_SLEEVE_SHIRT/webp/product/RU570LL_Womens_Evelyn_Long_Sleeve_Shirt_Navy_BACK.webp,womens-evelyn-long-sleeve-shirt,navy,17
Women's Evelyn Long Sleeve Shirt — RU570LL_Womens_Evelyn_Long_Sleeve_Shirt_Wine_BACK.webp,ru570ll-ru570ll-womens-evelyn-long-sleeve-shirt-wine-back,https://notanother-nz.github.io/total-image-product-assets/assets/RU570LL_WOMENS_EVELYN_LONG_SLEEVE_SHIRT/webp/product/RU570LL_Womens_Evelyn_Long_Sleeve_Shirt_Wine_BACK.webp,womens-evelyn-long-sleeve-shirt,wine,18
Ladies Memphis Shirt — S127LL_LADIES_MEMPHIS_SHIRT_WHITE_HERO_FRONT.webp,s127ll-s127ll-ladies-memphis-shirt-white-hero-front,https://notanother-nz.github.io/total-image-product-assets/assets/S127LL_LADIES_MEMPHIS_SHIRT/webp/model/S127LL_LADIES_MEMPHIS_SHIRT_WHITE_HERO_FRONT.webp,ladies-memphis-shirt,white,1
Ladies Memphis Shirt — S127LL_LADIES_MEMPHIS_SHIRT_WHITE_HERO_BACK.webp,s127ll-s127ll-ladies-memphis-shirt-white-hero-back,https://notanother-nz.github.io/total-image-product-assets/assets/S127LL_LADIES_MEMPHIS_SHIRT/webp/model/S127LL_LADIES_MEMPHIS_SHIRT_WHITE_HERO_BACK.webp,ladies-memphis-shirt,white,2
Ladies Memphis Shirt — S127LL_LADIES_MEMPHIS_SHIRT_WHITE_HERO_CLOSEUP.webp,s127ll-s127ll-ladies-memphis-shirt-white-hero-closeup,https://notanother-nz.github.io/total-image-product-assets/assets/S127LL_LADIES_MEMPHIS_SHIRT/webp/model/S127LL_LADIES_MEMPHIS_SHIRT_WHITE_HERO_CLOSEUP.webp,ladies-memphis-shirt,white,3
Ladies Memphis Shirt — S127LL_LADIES_MEMPHIS_SHIRT_WHITE_HERO_SIDE.webp,s127ll-s127ll-ladies-memphis-shirt-white-hero-side,https://notanother-nz.github.io/total-image-product-assets/assets/S127LL_LADIES_MEMPHIS_SHIRT/webp/model/S127LL_LADIES_MEMPHIS_SHIRT_WHITE_HERO_SIDE.webp,ladies-memphis-shirt,white,4
Ladies Memphis Shirt — S127LL_LADIES_MEMPHIS_SHIRT_BLACK_FRONT.webp,s127ll-s127ll-ladies-memphis-shirt-black-front,https://notanother-nz.github.io/total-image-product-assets/assets/S127LL_LADIES_MEMPHIS_SHIRT/webp/product/S127LL_LADIES_MEMPHIS_SHIRT_BLACK_FRONT.webp,ladies-memphis-shirt,black,5
Ladies Memphis Shirt — S127LL_LADIES_MEMPHIS_SHIRT_GREYSMOKE_FRONT.webp,s127ll-s127ll-ladies-memphis-shirt-greysmoke-front,https://notanother-nz.github.io/total-image-product-assets/assets/S127LL_LADIES_MEMPHIS_SHIRT/webp/product/S127LL_LADIES_MEMPHIS_SHIRT_GREYSMOKE_FRONT.webp,ladies-memphis-shirt,grey-smoke,6
Ladies Memphis Shirt — S127LL_LADIES_MEMPHIS_SHIRT_JASPERGREEN_FRONT.webp,s127ll-s127ll-ladies-memphis-shirt-jaspergreen-front,https://notanother-nz.github.io/total-image-product-assets/assets/S127LL_LADIES_MEMPHIS_SHIRT/webp/product/S127LL_LADIES_MEMPHIS_SHIRT_JASPERGREEN_FRONT.webp,ladies-memphis-shirt,jasper-green,7
Ladies Memphis Shirt — S127LL_LADIES_MEMPHIS_SHIRT_MINERALBLUE_FRONT.webp,s127ll-s127ll-ladies-memphis-shirt-mineralblue-front,https://notanother-nz.github.io/total-image-product-assets/assets/S127LL_LADIES_MEMPHIS_SHIRT/webp/product/S127LL_LADIES_MEMPHIS_SHIRT_MINERALBLUE_FRONT.webp,ladies-memphis-shirt,mineral-blue,8
Ladies Memphis Shirt — S127LL_LADIES_MEMPHIS_SHIRT_WHITE_FRONT.webp,s127ll-s127ll-ladies-memphis-shirt-white-front,https://notanother-nz.github.io/total-image-product-assets/assets/S127LL_LADIES_MEMPHIS_SHIRT/webp/product/S127LL_LADIES_MEMPHIS_SHIRT_WHITE_FRONT.webp,ladies-memphis-shirt,white,9
Ladies Memphis Shirt — S127LL_LADIES_MEMPHIS_SHIRT_BLACK_BACK.webp,s127ll-s127ll-ladies-memphis-shirt-black-back,https://notanother-nz.github.io/total-image-product-assets/assets/S127LL_LADIES_MEMPHIS_SHIRT/webp/product/S127LL_LADIES_MEMPHIS_SHIRT_BLACK_BACK.webp,ladies-memphis-shirt,black,10
Ladies Memphis Shirt — S127LL_LADIES_MEMPHIS_SHIRT_GREYSMOKE_BACK.webp,s127ll-s127ll-ladies-memphis-shirt-greysmoke-back,https://notanother-nz.github.io/total-image-product-assets/assets/S127LL_LADIES_MEMPHIS_SHIRT/webp/product/S127LL_LADIES_MEMPHIS_SHIRT_GREYSMOKE_BACK.webp,ladies-memphis-shirt,grey-smoke,11
Ladies Memphis Shirt — S127LL_LADIES_MEMPHIS_SHIRT_JASPERGREEN_BACK.webp,s127ll-s127ll-ladies-memphis-shirt-jaspergreen-back,https://notanother-nz.github.io/total-image-product-assets/assets/S127LL_LADIES_MEMPHIS_SHIRT/webp/product/S127LL_LADIES_MEMPHIS_SHIRT_JASPERGREEN_BACK.webp,ladies-memphis-shirt,jasper-green,12
Ladies Memphis Shirt — S127LL_LADIES_MEMPHIS_SHIRT_MINERALBLUE_BACK.webp,s127ll-s127ll-ladies-memphis-shirt-mineralblue-back,https://notanother-nz.github.io/total-image-product-assets/assets/S127LL_LADIES_MEMPHIS_SHIRT/webp/product/S127LL_LADIES_MEMPHIS_SHIRT_MINERALBLUE_BACK.webp,ladies-memphis-shirt,mineral-blue,13
Ladies Memphis Shirt — S127LL_LADIES_MEMPHIS_SHIRT_WHITE_BACK.webp,s127ll-s127ll-ladies-memphis-shirt-white-back,https://notanother-nz.github.io/total-image-product-assets/assets/S127LL_LADIES_MEMPHIS_SHIRT/webp/product/S127LL_LADIES_MEMPHIS_SHIRT_WHITE_BACK.webp,ladies-memphis-shirt,white,14
Men's Memphis Shirt — S127ML_MEN'S_MEMPHIS_SHIRT_WHITE_HERO_FRONT.webp,s127ml-s127ml-mens-memphis-shirt-white-hero-front,https://notanother-nz.github.io/total-image-product-assets/assets/S127ML_MEN'S_MEMPHIS_SHIRT/webp/model/S127ML_MEN'S_MEMPHIS_SHIRT_WHITE_HERO_FRONT.webp,mens-memphis-shirt,white,1
Men's Memphis Shirt — S127ML_MEN'S_MEMPHIS_SHIRT_WHITE_HERO_BACK.webp,s127ml-s127ml-mens-memphis-shirt-white-hero-back,https://notanother-nz.github.io/total-image-product-assets/assets/S127ML_MEN'S_MEMPHIS_SHIRT/webp/model/S127ML_MEN'S_MEMPHIS_SHIRT_WHITE_HERO_BACK.webp,mens-memphis-shirt,white,2
Men's Memphis Shirt — S127ML_MEN'S_MEMPHIS_SHIRT_WHITE_HERO_CLOSEUP.webp,s127ml-s127ml-mens-memphis-shirt-white-hero-closeup,https://notanother-nz.github.io/total-image-product-assets/assets/S127ML_MEN'S_MEMPHIS_SHIRT/webp/model/S127ML_MEN'S_MEMPHIS_SHIRT_WHITE_HERO_CLOSEUP.webp,mens-memphis-shirt,white,3
Men's Memphis Shirt — S127ML_MEN'S_MEMPHIS_SHIRT_WHITE_HERO_SIDE.webp,s127ml-s127ml-mens-memphis-shirt-white-hero-side,https://notanother-nz.github.io/total-image-product-assets/assets/S127ML_MEN'S_MEMPHIS_SHIRT/webp/model/S127ML_MEN'S_MEMPHIS_SHIRT_WHITE_HERO_SIDE.webp,mens-memphis-shirt,white,4
Men's Memphis Shirt — S127ML_MEN'S_MEMPHIS_SHIRT_BLACK_FRONT.webp,s127ml-s127ml-mens-memphis-shirt-black-front,https://notanother-nz.github.io/total-image-product-assets/assets/S127ML_MEN'S_MEMPHIS_SHIRT/webp/product/S127ML_MEN'S_MEMPHIS_SHIRT_BLACK_FRONT.webp,mens-memphis-shirt,black,5
Men's Memphis Shirt — S127ML_MEN'S_MEMPHIS_SHIRT_BLACK_GREY_SMOKE_FRONT.webp,s127ml-s127ml-mens-memphis-shirt-black-grey-smoke-front,https://notanother-nz.github.io/total-image-product-assets/assets/S127ML_MEN'S_MEMPHIS_SHIRT/webp/product/S127ML_MEN'S_MEMPHIS_SHIRT_BLACK_GREY_SMOKE_FRONT.webp,mens-memphis-shirt,grey-smoke,6
Men's Memphis Shirt — S127ML_MEN'S_MEMPHIS_SHIRT_JASPERGREEN_FRONT.webp,s127ml-s127ml-mens-memphis-shirt-jaspergreen-front,https://notanother-nz.github.io/total-image-product-assets/assets/S127ML_MEN'S_MEMPHIS_SHIRT/webp/product/S127ML_MEN'S_MEMPHIS_SHIRT_JASPERGREEN_FRONT.webp,mens-memphis-shirt,jasper-green,7
Men's Memphis Shirt — S127ML_MEN'S_MEMPHIS_SHIRT_MINERALBLUE_FRONT.webp,s127ml-s127ml-mens-memphis-shirt-mineralblue-front,https://notanother-nz.github.io/total-image-product-assets/assets/S127ML_MEN'S_MEMPHIS_SHIRT/webp/product/S127ML_MEN'S_MEMPHIS_SHIRT_MINERALBLUE_FRONT.webp,mens-memphis-shirt,mineral-blue,8
Men's Memphis Shirt — S127ML_MEN'S_MEMPHIS_SHIRT_WHITE_FRONT.webp,s127ml-s127ml-mens-memphis-shirt-white-front,https://notanother-nz.github.io/total-image-product-assets/assets/S127ML_MEN'S_MEMPHIS_SHIRT/webp/product/S127ML_MEN'S_MEMPHIS_SHIRT_WHITE_FRONT.webp,mens-memphis-shirt,white,9
Men's Memphis Shirt — S127ML_MEN'S_MEMPHIS_SHIRT_BLACK_BACK.webp,s127ml-s127ml-mens-memphis-shirt-black-back,https://notanother-nz.github.io/total-image-product-assets/assets/S127ML_MEN'S_MEMPHIS_SHIRT/webp/product/S127ML_MEN'S_MEMPHIS_SHIRT_BLACK_BACK.webp,mens-memphis-shirt,black,10
Men's Memphis Shirt — S127ML_MEN'S_MEMPHIS_SHIRT_BLACK_GREY_SMOKE_BACK.webp,s127ml-s127ml-mens-memphis-shirt-black-grey-smoke-back,https://notanother-nz.github.io/total-image-product-assets/assets/S127ML_MEN'S_MEMPHIS_SHIRT/webp/product/S127ML_MEN'S_MEMPHIS_SHIRT_BLACK_GREY_SMOKE_BACK.webp,mens-memphis-shirt,grey-smoke,11
Men's Memphis Shirt — S127ML_MEN'S_MEMPHIS_SHIRT_JASPERGREEN_BACK.webp,s127ml-s127ml-mens-memphis-shirt-jaspergreen-back,https://notanother-nz.github.io/total-image-product-assets/assets/S127ML_MEN'S_MEMPHIS_SHIRT/webp/product/S127ML_MEN'S_MEMPHIS_SHIRT_JASPERGREEN_BACK.webp,mens-memphis-shirt,jasper-green,12
Men's Memphis Shirt — S127ML_MEN'S_MEMPHIS_SHIRT_MINERALBLUE_BACK.webp,s127ml-s127ml-mens-memphis-shirt-mineralblue-back,https://notanother-nz.github.io/total-image-product-assets/assets/S127ML_MEN'S_MEMPHIS_SHIRT/webp/product/S127ML_MEN'S_MEMPHIS_SHIRT_MINERALBLUE_BACK.webp,mens-memphis-shirt,mineral-blue,13
Men's Memphis Shirt — S127ML_MEN'S_MEMPHIS_SHIRT_WHITE_BACK.webp,s127ml-s127ml-mens-memphis-shirt-white-back,https://notanother-nz.github.io/total-image-product-assets/assets/S127ML_MEN'S_MEMPHIS_SHIRT/webp/product/S127ML_MEN'S_MEMPHIS_SHIRT_WHITE_BACK.webp,mens-memphis-shirt,white,14
Vidro 750ml Bottle — S3101_VIDR0_750ml_BOTTLE.webp,s3101-s3101-vidr0-750ml-bottle,https://notanother-nz.github.io/total-image-product-assets/assets/S3101_VIDR0_750ml_BOTTLE/webp/product/S3101_VIDR0_750ml_BOTTLE.webp,vidro-750ml-bottle,,1
Oakleigh Coffee Cup (354mL) — S400_OAKLEIGH_COFFEE_CUP_354ML_BLACK.webp,s400-s400-oakleigh-coffee-cup-354ml-black,https://notanother-nz.github.io/total-image-product-assets/assets/S400_OAKLEIGH_COFFEE_CUP_354ML/webp/product/S400_OAKLEIGH_COFFEE_CUP_354ML_BLACK.webp,oakleigh-coffee-cup-354ml,black,1
Oakleigh Coffee Cup (354mL) — S400_OAKLEIGH_COFFEE_CUP_354ML_GREEN.webp,s400-s400-oakleigh-coffee-cup-354ml-green,https://notanother-nz.github.io/total-image-product-assets/assets/S400_OAKLEIGH_COFFEE_CUP_354ML/webp/product/S400_OAKLEIGH_COFFEE_CUP_354ML_GREEN.webp,oakleigh-coffee-cup-354ml,green,2
Oakleigh Coffee Cup (354mL) — S400_OAKLEIGH_COFFEE_CUP_354ML_PINK.webp,s400-s400-oakleigh-coffee-cup-354ml-pink,https://notanother-nz.github.io/total-image-product-assets/assets/S400_OAKLEIGH_COFFEE_CUP_354ML/webp/product/S400_OAKLEIGH_COFFEE_CUP_354ML_PINK.webp,oakleigh-coffee-cup-354ml,pink,3
Oakleigh Coffee Cup (354mL) — S400_OAKLEIGH_COFFEE_CUP_354ML_WHITE.webp,s400-s400-oakleigh-coffee-cup-354ml-white,https://notanother-nz.github.io/total-image-product-assets/assets/S400_OAKLEIGH_COFFEE_CUP_354ML/webp/product/S400_OAKLEIGH_COFFEE_CUP_354ML_WHITE.webp,oakleigh-coffee-cup-354ml,white,4
Women's Soul Long Sleeve Shirt — S421LL_Soul_Womens_Long_Sleeve_Shirt_HERO_Front.webp,s421ll-s421ll-soul-womens-long-sleeve-shirt-hero-front,https://notanother-nz.github.io/total-image-product-assets/assets/S421LL_WOMEN'S_SOUL_LONG_SLEEVE_SHIRT/webp/model/S421LL_Soul_Womens_Long_Sleeve_Shirt_HERO_Front.webp,womens-soul-long-sleeve-shirt,,1
Women's Soul Long Sleeve Shirt — S421LL_WOMEN'S_SOUL_LONG_SLEEVE_SHIRT_HERO_FRONT.webp,s421ll-s421ll-womens-soul-long-sleeve-shirt-hero-front,https://notanother-nz.github.io/total-image-product-assets/assets/S421LL_WOMEN'S_SOUL_LONG_SLEEVE_SHIRT/webp/model/S421LL_WOMEN'S_SOUL_LONG_SLEEVE_SHIRT_HERO_FRONT.webp,womens-soul-long-sleeve-shirt,,2
Women's Soul Long Sleeve Shirt — S421LL_Soul_Womens_Long_Sleeve_Shirt_HERO_Back.webp,s421ll-s421ll-soul-womens-long-sleeve-shirt-hero-back,https://notanother-nz.github.io/total-image-product-assets/assets/S421LL_WOMEN'S_SOUL_LONG_SLEEVE_SHIRT/webp/model/S421LL_Soul_Womens_Long_Sleeve_Shirt_HERO_Back.webp,womens-soul-long-sleeve-shirt,,3
Women's Soul Long Sleeve Shirt — S421LL_WOMEN'S_SOUL_LONG_SLEEVE_SHIRT_HERO_BACK.webp,s421ll-s421ll-womens-soul-long-sleeve-shirt-hero-back,https://notanother-nz.github.io/total-image-product-assets/assets/S421LL_WOMEN'S_SOUL_LONG_SLEEVE_SHIRT/webp/model/S421LL_WOMEN'S_SOUL_LONG_SLEEVE_SHIRT_HERO_BACK.webp,womens-soul-long-sleeve-shirt,,4
Women's Soul Long Sleeve Shirt — S421LL_Soul_Womens_Long_Sleeve_Shirt_HERO_Closeup.webp,s421ll-s421ll-soul-womens-long-sleeve-shirt-hero-closeup,https://notanother-nz.github.io/total-image-product-assets/assets/S421LL_WOMEN'S_SOUL_LONG_SLEEVE_SHIRT/webp/model/S421LL_Soul_Womens_Long_Sleeve_Shirt_HERO_Closeup.webp,womens-soul-long-sleeve-shirt,,5
Women's Soul Long Sleeve Shirt — S421LL_WOMEN'S_SOUL_LONG_SLEEVE_SHIRT_HERO_CLOSEUP.webp,s421ll-s421ll-womens-soul-long-sleeve-shirt-hero-closeup,https://notanother-nz.github.io/total-image-product-assets/assets/S421LL_WOMEN'S_SOUL_LONG_SLEEVE_SHIRT/webp/model/S421LL_WOMEN'S_SOUL_LONG_SLEEVE_SHIRT_HERO_CLOSEUP.webp,womens-soul-long-sleeve-shirt,,6
Women's Soul Long Sleeve Shirt — S421LL_Soul_Womens_Long_Sleeve_Shirt_HERO_Side.webp,s421ll-s421ll-soul-womens-long-sleeve-shirt-hero-side,https://notanother-nz.github.io/total-image-product-assets/assets/S421LL_WOMEN'S_SOUL_LONG_SLEEVE_SHIRT/webp/model/S421LL_Soul_Womens_Long_Sleeve_Shirt_HERO_Side.webp,womens-soul-long-sleeve-shirt,,7
Women's Soul Long Sleeve Shirt — S421LL_WOMEN'S_SOUL_LONG_SLEEVE_SHIRT_HERO_SIDE.webp,s421ll-s421ll-womens-soul-long-sleeve-shirt-hero-side,https://notanother-nz.github.io/total-image-product-assets/assets/S421LL_WOMEN'S_SOUL_LONG_SLEEVE_SHIRT/webp/model/S421LL_WOMEN'S_SOUL_LONG_SLEEVE_SHIRT_HERO_SIDE.webp,womens-soul-long-sleeve-shirt,,8
Women's Soul Long Sleeve Shirt — S421LL_WOMEN'S_SOUL_LONG_SLEEVE_SHIRT_GREY_FRONT.webp,s421ll-s421ll-womens-soul-long-sleeve-shirt-grey-front,https://notanother-nz.github.io/total-image-product-assets/assets/S421LL_WOMEN'S_SOUL_LONG_SLEEVE_SHIRT/webp/product/S421LL_WOMEN'S_SOUL_LONG_SLEEVE_SHIRT_GREY_FRONT.webp,womens-soul-long-sleeve-shirt,grey,9
Women's Soul Long Sleeve Shirt — S421LL_WOMEN'S_SOUL_LONG_SLEEVE_SHIRT_NAVY_FRONT.webp,s421ll-s421ll-womens-soul-long-sleeve-shirt-navy-front,https://notanother-nz.github.io/total-image-product-assets/assets/S421LL_WOMEN'S_SOUL_LONG_SLEEVE_SHIRT/webp/product/S421LL_WOMEN'S_SOUL_LONG_SLEEVE_SHIRT_NAVY_FRONT.webp,womens-soul-long-sleeve-shirt,navy,10
Women's Soul Long Sleeve Shirt — S421LL_WOMEN'S_SOUL_LONG_SLEEVE_SHIRT_OLIVE_FRONT.webp,s421ll-s421ll-womens-soul-long-sleeve-shirt-olive-front,https://notanother-nz.github.io/total-image-product-assets/assets/S421LL_WOMEN'S_SOUL_LONG_SLEEVE_SHIRT/webp/product/S421LL_WOMEN'S_SOUL_LONG_SLEEVE_SHIRT_OLIVE_FRONT.webp,womens-soul-long-sleeve-shirt,olive,11
Women's Soul Long Sleeve Shirt — S421LL_WOMEN'S_SOUL_LONG_SLEEVE_SHIRT_RUST_FRONT.webp,s421ll-s421ll-womens-soul-long-sleeve-shirt-rust-front,https://notanother-nz.github.io/total-image-product-assets/assets/S421LL_WOMEN'S_SOUL_LONG_SLEEVE_SHIRT/webp/product/S421LL_WOMEN'S_SOUL_LONG_SLEEVE_SHIRT_RUST_FRONT.webp,womens-soul-long-sleeve-shirt,rust,12
Women's Soul Long Sleeve Shirt — S421LL_WOMEN'S_SOUL_LONG_SLEEVE_SHIRT_GREY_BACK.webp,s421ll-s421ll-womens-soul-long-sleeve-shirt-grey-back,https://notanother-nz.github.io/total-image-product-assets/assets/S421LL_WOMEN'S_SOUL_LONG_SLEEVE_SHIRT/webp/product/S421LL_WOMEN'S_SOUL_LONG_SLEEVE_SHIRT_GREY_BACK.webp,womens-soul-long-sleeve-shirt,grey,13
Women's Soul Long Sleeve Shirt — S421LL_WOMEN'S_SOUL_LONG_SLEEVE_SHIRT_NAVY_BACK.webp,s421ll-s421ll-womens-soul-long-sleeve-shirt-navy-back,https://notanother-nz.github.io/total-image-product-assets/assets/S421LL_WOMEN'S_SOUL_LONG_SLEEVE_SHIRT/webp/product/S421LL_WOMEN'S_SOUL_LONG_SLEEVE_SHIRT_NAVY_BACK.webp,womens-soul-long-sleeve-shirt,navy,14
Women's Soul Long Sleeve Shirt — S421LL_WOMEN'S_SOUL_LONG_SLEEVE_SHIRT_OLIVE_BACK.webp,s421ll-s421ll-womens-soul-long-sleeve-shirt-olive-back,https://notanother-nz.github.io/total-image-product-assets/assets/S421LL_WOMEN'S_SOUL_LONG_SLEEVE_SHIRT/webp/product/S421LL_WOMEN'S_SOUL_LONG_SLEEVE_SHIRT_OLIVE_BACK.webp,womens-soul-long-sleeve-shirt,olive,15
Women's Soul Long Sleeve Shirt — S421LL_WOMEN'S_SOUL_LONG_SLEEVE_SHIRT_RUST_BACK.webp,s421ll-s421ll-womens-soul-long-sleeve-shirt-rust-back,https://notanother-nz.github.io/total-image-product-assets/assets/S421LL_WOMEN'S_SOUL_LONG_SLEEVE_SHIRT/webp/product/S421LL_WOMEN'S_SOUL_LONG_SLEEVE_SHIRT_RUST_BACK.webp,womens-soul-long-sleeve-shirt,rust,16
Women's Soul Long Sleeve Shirt — S421LL_Soul_Womens_Long_Sleeve_Shirt_Grey.webp,s421ll-s421ll-soul-womens-long-sleeve-shirt-grey,https://notanother-nz.github.io/total-image-product-assets/assets/S421LL_WOMEN'S_SOUL_LONG_SLEEVE_SHIRT/webp/product/S421LL_Soul_Womens_Long_Sleeve_Shirt_Grey.webp,womens-soul-long-sleeve-shirt,grey,17
Women's Soul Long Sleeve Shirt — S421LL_Soul_Womens_Long_Sleeve_Shirt_Navy.webp,s421ll-s421ll-soul-womens-long-sleeve-shirt-navy,https://notanother-nz.github.io/total-image-product-assets/assets/S421LL_WOMEN'S_SOUL_LONG_SLEEVE_SHIRT/webp/product/S421LL_Soul_Womens_Long_Sleeve_Shirt_Navy.webp,womens-soul-long-sleeve-shirt,navy,18
Women's Soul Long Sleeve Shirt — S421LL_Soul_Womens_Long_Sleeve_Shirt_Olive.webp,s421ll-s421ll-soul-womens-long-sleeve-shirt-olive,https://notanother-nz.github.io/total-image-product-assets/assets/S421LL_WOMEN'S_SOUL_LONG_SLEEVE_SHIRT/webp/product/S421LL_Soul_Womens_Long_Sleeve_Shirt_Olive.webp,womens-soul-long-sleeve-shirt,olive,19
Women's Soul Long Sleeve Shirt — S421LL_Soul_Womens_Long_Sleeve_Shirt_Rust.webp,s421ll-s421ll-soul-womens-long-sleeve-shirt-rust,https://notanother-nz.github.io/total-image-product-assets/assets/S421LL_WOMEN'S_SOUL_LONG_SLEEVE_SHIRT/webp/product/S421LL_Soul_Womens_Long_Sleeve_Shirt_Rust.webp,womens-soul-long-sleeve-shirt,rust,20
Men's Soul Long Sleeve Shirt — S421ML_Mens_Soul_LS_Shirt_HERO_FRONT.webp,s421ml-s421ml-mens-soul-ls-shirt-hero-front,https://notanother-nz.github.io/total-image-product-assets/assets/S421ML_Mens_Soul_Long_Sleeve_Shirt/webp/model/S421ML_Mens_Soul_LS_Shirt_HERO_FRONT.webp,mens-soul-long-sleeve-shirt,,1
Men's Soul Long Sleeve Shirt — S421ML_Mens_Soul_LS_Shirt_HERO_BACK.webp,s421ml-s421ml-mens-soul-ls-shirt-hero-back,https://notanother-nz.github.io/total-image-product-assets/assets/S421ML_Mens_Soul_Long_Sleeve_Shirt/webp/model/S421ML_Mens_Soul_LS_Shirt_HERO_BACK.webp,mens-soul-long-sleeve-shirt,,2
Men's Soul Long Sleeve Shirt — S421ML_Mens_Soul_LS_Shirt_HERO_CLOSEUP.webp,s421ml-s421ml-mens-soul-ls-shirt-hero-closeup,https://notanother-nz.github.io/total-image-product-assets/assets/S421ML_Mens_Soul_Long_Sleeve_Shirt/webp/model/S421ML_Mens_Soul_LS_Shirt_HERO_CLOSEUP.webp,mens-soul-long-sleeve-shirt,,3
Men's Soul Long Sleeve Shirt — S421ML_Mens_Soul_LS_Shirt_HERO_SIDE.webp,s421ml-s421ml-mens-soul-ls-shirt-hero-side,https://notanother-nz.github.io/total-image-product-assets/assets/S421ML_Mens_Soul_Long_Sleeve_Shirt/webp/model/S421ML_Mens_Soul_LS_Shirt_HERO_SIDE.webp,mens-soul-long-sleeve-shirt,,4
Men's Soul Long Sleeve Shirt — S421ML_Mens_Soul_LS_Shirt_GREY_BACK.webp,s421ml-s421ml-mens-soul-ls-shirt-grey-back,https://notanother-nz.github.io/total-image-product-assets/assets/S421ML_Mens_Soul_Long_Sleeve_Shirt/webp/product/S421ML_Mens_Soul_LS_Shirt_GREY_BACK.webp,mens-soul-long-sleeve-shirt,grey,5
Men's Soul Long Sleeve Shirt — S421ML_Mens_Soul_LS_Shirt_NAVY_BACK.webp,s421ml-s421ml-mens-soul-ls-shirt-navy-back,https://notanother-nz.github.io/total-image-product-assets/assets/S421ML_Mens_Soul_Long_Sleeve_Shirt/webp/product/S421ML_Mens_Soul_LS_Shirt_NAVY_BACK.webp,mens-soul-long-sleeve-shirt,navy,6
Men's Soul Long Sleeve Shirt — S421ML_Mens_Soul_LS_Shirt_OLIVE_BACK.webp,s421ml-s421ml-mens-soul-ls-shirt-olive-back,https://notanother-nz.github.io/total-image-product-assets/assets/S421ML_Mens_Soul_Long_Sleeve_Shirt/webp/product/S421ML_Mens_Soul_LS_Shirt_OLIVE_BACK.webp,mens-soul-long-sleeve-shirt,olive,7
Men's Soul Long Sleeve Shirt — S421ML_Mens_Soul_LS_Shirt_RUST_BACK.webp,s421ml-s421ml-mens-soul-ls-shirt-rust-back,https://notanother-nz.github.io/total-image-product-assets/assets/S421ML_Mens_Soul_Long_Sleeve_Shirt/webp/product/S421ML_Mens_Soul_LS_Shirt_RUST_BACK.webp,mens-soul-long-sleeve-shirt,rust,8
Men's Soul Long Sleeve Shirt — S421ML_Mens_Soul_LS_Shirt_GREY.webp,s421ml-s421ml-mens-soul-ls-shirt-grey,https://notanother-nz.github.io/total-image-product-assets/assets/S421ML_Mens_Soul_Long_Sleeve_Shirt/webp/product/S421ML_Mens_Soul_LS_Shirt_GREY.webp,mens-soul-long-sleeve-shirt,grey,9
Men's Soul Long Sleeve Shirt — S421ML_Mens_Soul_LS_Shirt_NAVY.webp,s421ml-s421ml-mens-soul-ls-shirt-navy,https://notanother-nz.github.io/total-image-product-assets/assets/S421ML_Mens_Soul_Long_Sleeve_Shirt/webp/product/S421ML_Mens_Soul_LS_Shirt_NAVY.webp,mens-soul-long-sleeve-shirt,navy,10
Men's Soul Long Sleeve Shirt — S421ML_Mens_Soul_LS_Shirt_OLIVE.webp,s421ml-s421ml-mens-soul-ls-shirt-olive,https://notanother-nz.github.io/total-image-product-assets/assets/S421ML_Mens_Soul_Long_Sleeve_Shirt/webp/product/S421ML_Mens_Soul_LS_Shirt_OLIVE.webp,mens-soul-long-sleeve-shirt,olive,11
Men's Soul Long Sleeve Shirt — S421ML_Mens_Soul_LS_Shirt_RUST.webp,s421ml-s421ml-mens-soul-ls-shirt-rust,https://notanother-nz.github.io/total-image-product-assets/assets/S421ML_Mens_Soul_Long_Sleeve_Shirt/webp/product/S421ML_Mens_Soul_LS_Shirt_RUST.webp,mens-soul-long-sleeve-shirt,rust,12
Ladies Madison Long Sleeve Blouse — S626LL_LADIES_MADISON_LONG_SLEEVE_BLOUSE_IVORY_HERO_FRONT.webp,s626ll-s626ll-ladies-madison-long-sleeve-blouse-ivory-hero-front,https://notanother-nz.github.io/total-image-product-assets/assets/S626LL_Ladies_Madison_Long_Sleeve_Blouse/webp/model/S626LL_LADIES_MADISON_LONG_SLEEVE_BLOUSE_IVORY_HERO_FRONT.webp,ladies-madison-long-sleeve-blouse,ivory,1
Ladies Madison Long Sleeve Blouse — S626LL_LADIES_MADISON_LONG_SLEEVE_BLOUSE_IVORY_HERO_BACK.webp,s626ll-s626ll-ladies-madison-long-sleeve-blouse-ivory-hero-back,https://notanother-nz.github.io/total-image-product-assets/assets/S626LL_Ladies_Madison_Long_Sleeve_Blouse/webp/model/S626LL_LADIES_MADISON_LONG_SLEEVE_BLOUSE_IVORY_HERO_BACK.webp,ladies-madison-long-sleeve-blouse,ivory,2
Ladies Madison Long Sleeve Blouse — S626LL_LADIES_MADISON_LONG_SLEEVE_BLOUSE_IVORY_HERO_CLOSEUP.webp,s626ll-s626ll-ladies-madison-long-sleeve-blouse-ivory-hero-closeup,https://notanother-nz.github.io/total-image-product-assets/assets/S626LL_Ladies_Madison_Long_Sleeve_Blouse/webp/model/S626LL_LADIES_MADISON_LONG_SLEEVE_BLOUSE_IVORY_HERO_CLOSEUP.webp,ladies-madison-long-sleeve-blouse,ivory,3
Ladies Madison Long Sleeve Blouse — S626LL_LADIES_MADISON_LONG_SLEEVE_BLOUSE_IVORY_HERO_SIDE.webp,s626ll-s626ll-ladies-madison-long-sleeve-blouse-ivory-hero-side,https://notanother-nz.github.io/total-image-product-assets/assets/S626LL_Ladies_Madison_Long_Sleeve_Blouse/webp/model/S626LL_LADIES_MADISON_LONG_SLEEVE_BLOUSE_IVORY_HERO_SIDE.webp,ladies-madison-long-sleeve-blouse,ivory,4
Ladies Madison Long Sleeve Blouse — S626LL_LADIES_MADISON_LONG_SLEEVE_BLOUSE_BLACK_FRONT.webp,s626ll-s626ll-ladies-madison-long-sleeve-blouse-black-front,https://notanother-nz.github.io/total-image-product-assets/assets/S626LL_Ladies_Madison_Long_Sleeve_Blouse/webp/product/S626LL_LADIES_MADISON_LONG_SLEEVE_BLOUSE_BLACK_FRONT.webp,ladies-madison-long-sleeve-blouse,black,5
Ladies Madison Long Sleeve Blouse — S626LL_LADIES_MADISON_LONG_SLEEVE_BLOUSE_IVORY_FRONT__jpg.webp,s626ll-s626ll-ladies-madison-long-sleeve-blouse-ivory-front-jpg,https://notanother-nz.github.io/total-image-product-assets/assets/S626LL_Ladies_Madison_Long_Sleeve_Blouse/webp/product/S626LL_LADIES_MADISON_LONG_SLEEVE_BLOUSE_IVORY_FRONT__jpg.webp,ladies-madison-long-sleeve-blouse,ivory,6
Ladies Madison Long Sleeve Blouse — S626LL_LADIES_MADISON_LONG_SLEEVE_BLOUSE_IVORY_FRONT__png.webp,s626ll-s626ll-ladies-madison-long-sleeve-blouse-ivory-front-png,https://notanother-nz.github.io/total-image-product-assets/assets/S626LL_Ladies_Madison_Long_Sleeve_Blouse/webp/product/S626LL_LADIES_MADISON_LONG_SLEEVE_BLOUSE_IVORY_FRONT__png.webp,ladies-madison-long-sleeve-blouse,ivory,7
Ladies Madison Long Sleeve Blouse — S626LL_LADIES_MADISON_LONG_SLEEVE_BLOUSE_IVORY_FRONT_ROLLED_SLEEVES.webp,s626ll-s626ll-ladies-madison-long-sleeve-blouse-ivory-front-rolled-sleeves,https://notanother-nz.github.io/total-image-product-assets/assets/S626LL_Ladies_Madison_Long_Sleeve_Blouse/webp/product/S626LL_LADIES_MADISON_LONG_SLEEVE_BLOUSE_IVORY_FRONT_ROLLED_SLEEVES.webp,ladies-madison-long-sleeve-blouse,ivory,8
Ladies Madison Long Sleeve Blouse — S626LL_LADIES_MADISON_LONG_SLEEVE_BLOUSE_MIDNIGHT_BLUE_FRONT.webp,s626ll-s626ll-ladies-madison-long-sleeve-blouse-midnight-blue-front,https://notanother-nz.github.io/total-image-product-assets/assets/S626LL_Ladies_Madison_Long_Sleeve_Blouse/webp/product/S626LL_LADIES_MADISON_LONG_SLEEVE_BLOUSE_MIDNIGHT_BLUE_FRONT.webp,ladies-madison-long-sleeve-blouse,midnight-blue,9
Ladies Madison Long Sleeve Blouse — S626LL_LADIES_MADISON_LONG_SLEEVE_BLOUSE_SILVER_MIST_FRONT.webp,s626ll-s626ll-ladies-madison-long-sleeve-blouse-silver-mist-front,https://notanother-nz.github.io/total-image-product-assets/assets/S626LL_Ladies_Madison_Long_Sleeve_Blouse/webp/product/S626LL_LADIES_MADISON_LONG_SLEEVE_BLOUSE_SILVER_MIST_FRONT.webp,ladies-madison-long-sleeve-blouse,silver-mist,10
Ladies Madison Long Sleeve Blouse — S626LL_LADIES_MADISON_LONG_SLEEVE_BLOUSE_BLACK_BACK.webp,s626ll-s626ll-ladies-madison-long-sleeve-blouse-black-back,https://notanother-nz.github.io/total-image-product-assets/assets/S626LL_Ladies_Madison_Long_Sleeve_Blouse/webp/product/S626LL_LADIES_MADISON_LONG_SLEEVE_BLOUSE_BLACK_BACK.webp,ladies-madison-long-sleeve-blouse,black,11
Ladies Madison Long Sleeve Blouse — S626LL_LADIES_MADISON_LONG_SLEEVE_BLOUSE_IVORY_BACK__jpg.webp,s626ll-s626ll-ladies-madison-long-sleeve-blouse-ivory-back-jpg,https://notanother-nz.github.io/total-image-product-assets/assets/S626LL_Ladies_Madison_Long_Sleeve_Blouse/webp/product/S626LL_LADIES_MADISON_LONG_SLEEVE_BLOUSE_IVORY_BACK__jpg.webp,ladies-madison-long-sleeve-blouse,ivory,12
Ladies Madison Long Sleeve Blouse — S626LL_LADIES_MADISON_LONG_SLEEVE_BLOUSE_IVORY_BACK__png.webp,s626ll-s626ll-ladies-madison-long-sleeve-blouse-ivory-back-png,https://notanother-nz.github.io/total-image-product-assets/assets/S626LL_Ladies_Madison_Long_Sleeve_Blouse/webp/product/S626LL_LADIES_MADISON_LONG_SLEEVE_BLOUSE_IVORY_BACK__png.webp,ladies-madison-long-sleeve-blouse,ivory,13
Ladies Madison Long Sleeve Blouse — S626LL_LADIES_MADISON_LONG_SLEEVE_BLOUSE_MIDNIGHT_BLUE_BACK.webp,s626ll-s626ll-ladies-madison-long-sleeve-blouse-midnight-blue-back,https://notanother-nz.github.io/total-image-product-assets/assets/S626LL_Ladies_Madison_Long_Sleeve_Blouse/webp/product/S626LL_LADIES_MADISON_LONG_SLEEVE_BLOUSE_MIDNIGHT_BLUE_BACK.webp,ladies-madison-long-sleeve-blouse,midnight-blue,14
Ladies Madison Long Sleeve Blouse — S626LL_LADIES_MADISON_LONG_SLEEVE_BLOUSE_SILVER_MIST_BACK.webp,s626ll-s626ll-ladies-madison-long-sleeve-blouse-silver-mist-back,https://notanother-nz.github.io/total-image-product-assets/assets/S626LL_Ladies_Madison_Long_Sleeve_Blouse/webp/product/S626LL_LADIES_MADISON_LONG_SLEEVE_BLOUSE_SILVER_MIST_BACK.webp,ladies-madison-long-sleeve-blouse,silver-mist,15
Ladies Madison Sleeveless Top — S627LN_Ladies_Madison_Sleeveless_Top_Hero_Front.webp,s627ln-s627ln-ladies-madison-sleeveless-top-hero-front,https://notanother-nz.github.io/total-image-product-assets/assets/S627LN_Ladies_Madison_Sleeveless_Top/webp/model/S627LN_Ladies_Madison_Sleeveless_Top_Hero_Front.webp,ladies-madison-sleeveless-top,,1
Ladies Madison Sleeveless Top — S627LN_Ladies_Madison_Sleeveless_Top_Hero_Back.webp,s627ln-s627ln-ladies-madison-sleeveless-top-hero-back,https://notanother-nz.github.io/total-image-product-assets/assets/S627LN_Ladies_Madison_Sleeveless_Top/webp/model/S627LN_Ladies_Madison_Sleeveless_Top_Hero_Back.webp,ladies-madison-sleeveless-top,,2
Ladies Madison Sleeveless Top — S627LN_Ladies_Madison_Sleeveless_Top_Hero_Closeup.webp,s627ln-s627ln-ladies-madison-sleeveless-top-hero-closeup,https://notanother-nz.github.io/total-image-product-assets/assets/S627LN_Ladies_Madison_Sleeveless_Top/webp/model/S627LN_Ladies_Madison_Sleeveless_Top_Hero_Closeup.webp,ladies-madison-sleeveless-top,,3
Ladies Madison Sleeveless Top — S627LN_Ladies_Madison_Sleeveless_Top_Hero_Side.webp,s627ln-s627ln-ladies-madison-sleeveless-top-hero-side,https://notanother-nz.github.io/total-image-product-assets/assets/S627LN_Ladies_Madison_Sleeveless_Top/webp/model/S627LN_Ladies_Madison_Sleeveless_Top_Hero_Side.webp,ladies-madison-sleeveless-top,,4
Ladies Madison Sleeveless Top — S627LN_Ladies_Madison_Sleeveless_Top_Black_Front_View.webp,s627ln-s627ln-ladies-madison-sleeveless-top-black-front-view,https://notanother-nz.github.io/total-image-product-assets/assets/S627LN_Ladies_Madison_Sleeveless_Top/webp/product/S627LN_Ladies_Madison_Sleeveless_Top_Black_Front_View.webp,ladies-madison-sleeveless-top,black,5
Ladies Madison Sleeveless Top — S627LN_Ladies_Madison_Sleeveless_Top_Ivory_Front_View.webp,s627ln-s627ln-ladies-madison-sleeveless-top-ivory-front-view,https://notanother-nz.github.io/total-image-product-assets/assets/S627LN_Ladies_Madison_Sleeveless_Top/webp/product/S627LN_Ladies_Madison_Sleeveless_Top_Ivory_Front_View.webp,ladies-madison-sleeveless-top,ivory,6
Ladies Madison Sleeveless Top — S627LN_Ladies_Madison_Sleeveless_Top_MidnightBlue_Front_View.webp,s627ln-s627ln-ladies-madison-sleeveless-top-midnightblue-front-view,https://notanother-nz.github.io/total-image-product-assets/assets/S627LN_Ladies_Madison_Sleeveless_Top/webp/product/S627LN_Ladies_Madison_Sleeveless_Top_MidnightBlue_Front_View.webp,ladies-madison-sleeveless-top,midnight-blue,7
Ladies Madison Sleeveless Top — S627LN_Ladies_Madison_Sleeveless_Top_SilverMist_Front_View.webp,s627ln-s627ln-ladies-madison-sleeveless-top-silvermist-front-view,https://notanother-nz.github.io/total-image-product-assets/assets/S627LN_Ladies_Madison_Sleeveless_Top/webp/product/S627LN_Ladies_Madison_Sleeveless_Top_SilverMist_Front_View.webp,ladies-madison-sleeveless-top,silver-mist,8
Ladies Madison Sleeveless Top — S627LN_Ladies_Madison_Sleeveless_Top_Black_Back_View.webp,s627ln-s627ln-ladies-madison-sleeveless-top-black-back-view,https://notanother-nz.github.io/total-image-product-assets/assets/S627LN_Ladies_Madison_Sleeveless_Top/webp/product/S627LN_Ladies_Madison_Sleeveless_Top_Black_Back_View.webp,ladies-madison-sleeveless-top,black,9
Ladies Madison Sleeveless Top — S627LN_Ladies_Madison_Sleeveless_Top_Ivory_Back_View.webp,s627ln-s627ln-ladies-madison-sleeveless-top-ivory-back-view,https://notanother-nz.github.io/total-image-product-assets/assets/S627LN_Ladies_Madison_Sleeveless_Top/webp/product/S627LN_Ladies_Madison_Sleeveless_Top_Ivory_Back_View.webp,ladies-madison-sleeveless-top,ivory,10
Ladies Madison Sleeveless Top — S627LN_Ladies_Madison_Sleeveless_Top_MidnightBlue_Back_View.webp,s627ln-s627ln-ladies-madison-sleeveless-top-midnightblue-back-view,https://notanother-nz.github.io/total-image-product-assets/assets/S627LN_Ladies_Madison_Sleeveless_Top/webp/product/S627LN_Ladies_Madison_Sleeveless_Top_MidnightBlue_Back_View.webp,ladies-madison-sleeveless-top,midnight-blue,11
Ladies Madison Sleeveless Top — S627LN_Ladies_Madison_Sleeveless_Top_SilverMist_Back_View.webp,s627ln-s627ln-ladies-madison-sleeveless-top-silvermist-back-view,https://notanother-nz.github.io/total-image-product-assets/assets/S627LN_Ladies_Madison_Sleeveless_Top/webp/product/S627LN_Ladies_Madison_Sleeveless_Top_SilverMist_Back_View.webp,ladies-madison-sleeveless-top,silver-mist,12
Ladies Madison Short Sleeve Shirt — S628LS_Madison_Womens_Short_Sleeve_Shirt_Hero_Front.webp,s628ls-s628ls-madison-womens-short-sleeve-shirt-hero-front,https://notanother-nz.github.io/total-image-product-assets/assets/S628LS_Madison_Womens_Short_Sleeve_Shirt/webp/model/S628LS_Madison_Womens_Short_Sleeve_Shirt_Hero_Front.webp,ladies-madison-short-sleeve-shirt,,1
Ladies Madison Short Sleeve Shirt — S628LS_Madison_Womens_Short_Sleeve_Shirt_Hero_Back.webp,s628ls-s628ls-madison-womens-short-sleeve-shirt-hero-back,https://notanother-nz.github.io/total-image-product-assets/assets/S628LS_Madison_Womens_Short_Sleeve_Shirt/webp/model/S628LS_Madison_Womens_Short_Sleeve_Shirt_Hero_Back.webp,ladies-madison-short-sleeve-shirt,,2
Ladies Madison Short Sleeve Shirt — S628LS_Madison_Womens_Short_Sleeve_Shirt_Hero_CloseUp.webp,s628ls-s628ls-madison-womens-short-sleeve-shirt-hero-closeup,https://notanother-nz.github.io/total-image-product-assets/assets/S628LS_Madison_Womens_Short_Sleeve_Shirt/webp/model/S628LS_Madison_Womens_Short_Sleeve_Shirt_Hero_CloseUp.webp,ladies-madison-short-sleeve-shirt,,3
Ladies Madison Short Sleeve Shirt — S628LS_Madison_Womens_Short_Sleeve_Shirt_Hero_Side.webp,s628ls-s628ls-madison-womens-short-sleeve-shirt-hero-side,https://notanother-nz.github.io/total-image-product-assets/assets/S628LS_Madison_Womens_Short_Sleeve_Shirt/webp/model/S628LS_Madison_Womens_Short_Sleeve_Shirt_Hero_Side.webp,ladies-madison-short-sleeve-shirt,,4
Ladies Madison Short Sleeve Shirt — S628LS_Madison_Womens_Short_Sleeve_Shirt_Black_Front_View.webp,s628ls-s628ls-madison-womens-short-sleeve-shirt-black-front-view,https://notanother-nz.github.io/total-image-product-assets/assets/S628LS_Madison_Womens_Short_Sleeve_Shirt/webp/product/S628LS_Madison_Womens_Short_Sleeve_Shirt_Black_Front_View.webp,ladies-madison-short-sleeve-shirt,black,5
Ladies Madison Short Sleeve Shirt — S628LS_Madison_Womens_Short_Sleeve_Shirt_Charcoal_Front_View.webp,s628ls-s628ls-madison-womens-short-sleeve-shirt-charcoal-front-view,https://notanother-nz.github.io/total-image-product-assets/assets/S628LS_Madison_Womens_Short_Sleeve_Shirt/webp/product/S628LS_Madison_Womens_Short_Sleeve_Shirt_Charcoal_Front_View.webp,ladies-madison-short-sleeve-shirt,charcoal,6
Ladies Madison Short Sleeve Shirt — S628LS_Madison_Womens_Short_Sleeve_Shirt_Ivory_Front_View.webp,s628ls-s628ls-madison-womens-short-sleeve-shirt-ivory-front-view,https://notanother-nz.github.io/total-image-product-assets/assets/S628LS_Madison_Womens_Short_Sleeve_Shirt/webp/product/S628LS_Madison_Womens_Short_Sleeve_Shirt_Ivory_Front_View.webp,ladies-madison-short-sleeve-shirt,ivory,7
Ladies Madison Short Sleeve Shirt — S628LS_Madison_Womens_Short_Sleeve_Shirt_MidnightBlue_Front_View.webp,s628ls-s628ls-madison-womens-short-sleeve-shirt-midnightblue-front-view,https://notanother-nz.github.io/total-image-product-assets/assets/S628LS_Madison_Womens_Short_Sleeve_Shirt/webp/product/S628LS_Madison_Womens_Short_Sleeve_Shirt_MidnightBlue_Front_View.webp,ladies-madison-short-sleeve-shirt,midnight-blue,8
Ladies Madison Short Sleeve Shirt — S628LS_Madison_Womens_Short_Sleeve_Shirt_Seafoam_Front_View.webp,s628ls-s628ls-madison-womens-short-sleeve-shirt-seafoam-front-view,https://notanother-nz.github.io/total-image-product-assets/assets/S628LS_Madison_Womens_Short_Sleeve_Shirt/webp/product/S628LS_Madison_Womens_Short_Sleeve_Shirt_Seafoam_Front_View.webp,ladies-madison-short-sleeve-shirt,seafoam,9
Ladies Madison Short Sleeve Shirt — S628LS_Madison_Womens_Short_Sleeve_Shirt_SilverMist_Front_View.webp,s628ls-s628ls-madison-womens-short-sleeve-shirt-silvermist-front-view,https://notanother-nz.github.io/total-image-product-assets/assets/S628LS_Madison_Womens_Short_Sleeve_Shirt/webp/product/S628LS_Madison_Womens_Short_Sleeve_Shirt_SilverMist_Front_View.webp,ladies-madison-short-sleeve-shirt,silver-mist,10
Ladies Madison Short Sleeve Shirt — S628LS_Madison_Womens_Short_Sleeve_Shirt_StormBlue_Front_View.webp,s628ls-s628ls-madison-womens-short-sleeve-shirt-stormblue-front-view,https://notanother-nz.github.io/total-image-product-assets/assets/S628LS_Madison_Womens_Short_Sleeve_Shirt/webp/product/S628LS_Madison_Womens_Short_Sleeve_Shirt_StormBlue_Front_View.webp,ladies-madison-short-sleeve-shirt,storm-blue,11
Ladies Madison Short Sleeve Shirt — S628LS_Madison_Womens_Short_Sleeve_Shirt_Black_Back_View.webp,s628ls-s628ls-madison-womens-short-sleeve-shirt-black-back-view,https://notanother-nz.github.io/total-image-product-assets/assets/S628LS_Madison_Womens_Short_Sleeve_Shirt/webp/product/S628LS_Madison_Womens_Short_Sleeve_Shirt_Black_Back_View.webp,ladies-madison-short-sleeve-shirt,black,12
Ladies Madison Short Sleeve Shirt — S628LS_Madison_Womens_Short_Sleeve_Shirt_Charcoal_Back_View.webp,s628ls-s628ls-madison-womens-short-sleeve-shirt-charcoal-back-view,https://notanother-nz.github.io/total-image-product-assets/assets/S628LS_Madison_Womens_Short_Sleeve_Shirt/webp/product/S628LS_Madison_Womens_Short_Sleeve_Shirt_Charcoal_Back_View.webp,ladies-madison-short-sleeve-shirt,charcoal,13
Ladies Madison Short Sleeve Shirt — S628LS_Madison_Womens_Short_Sleeve_Shirt_Ivory_Back_View.webp,s628ls-s628ls-madison-womens-short-sleeve-shirt-ivory-back-view,https://notanother-nz.github.io/total-image-product-assets/assets/S628LS_Madison_Womens_Short_Sleeve_Shirt/webp/product/S628LS_Madison_Womens_Short_Sleeve_Shirt_Ivory_Back_View.webp,ladies-madison-short-sleeve-shirt,ivory,14
Ladies Madison Short Sleeve Shirt — S628LS_Madison_Womens_Short_Sleeve_Shirt_MidnightBlue_Back_View.webp,s628ls-s628ls-madison-womens-short-sleeve-shirt-midnightblue-back-view,https://notanother-nz.github.io/total-image-product-assets/assets/S628LS_Madison_Womens_Short_Sleeve_Shirt/webp/product/S628LS_Madison_Womens_Short_Sleeve_Shirt_MidnightBlue_Back_View.webp,ladies-madison-short-sleeve-shirt,midnight-blue,15
Ladies Madison Short Sleeve Shirt — S628LS_Madison_Womens_Short_Sleeve_Shirt_Seafoam_Back_View.webp,s628ls-s628ls-madison-womens-short-sleeve-shirt-seafoam-back-view,https://notanother-nz.github.io/total-image-product-assets/assets/S628LS_Madison_Womens_Short_Sleeve_Shirt/webp/product/S628LS_Madison_Womens_Short_Sleeve_Shirt_Seafoam_Back_View.webp,ladies-madison-short-sleeve-shirt,seafoam,16
Ladies Madison Short Sleeve Shirt — S628LS_Madison_Womens_Short_Sleeve_Shirt_SilverMist_Back_View.webp,s628ls-s628ls-madison-womens-short-sleeve-shirt-silvermist-back-view,https://notanother-nz.github.io/total-image-product-assets/assets/S628LS_Madison_Womens_Short_Sleeve_Shirt/webp/product/S628LS_Madison_Womens_Short_Sleeve_Shirt_SilverMist_Back_View.webp,ladies-madison-short-sleeve-shirt,silver-mist,17
Ladies Madison Short Sleeve Shirt — S628LS_Madison_Womens_Short_Sleeve_Shirt_StormBlue_Back_View.webp,s628ls-s628ls-madison-womens-short-sleeve-shirt-stormblue-back-view,https://notanother-nz.github.io/total-image-product-assets/assets/S628LS_Madison_Womens_Short_Sleeve_Shirt/webp/product/S628LS_Madison_Womens_Short_Sleeve_Shirt_StormBlue_Back_View.webp,ladies-madison-short-sleeve-shirt,storm-blue,18
Byron 1L Drink Bottle — S777_BYRON_1L_DRINK_BOTTLE_NAVY.webp,s777-s777-byron-1l-drink-bottle-navy,https://notanother-nz.github.io/total-image-product-assets/assets/S777_BYRON_1L_DRINK_BOTTLE/webp/model/S777_BYRON_1L_DRINK_BOTTLE_NAVY.webp,byron-1l-drink-bottle,navy,1
Byron 1L Drink Bottle — S777_BYRON_1L_DRINK_BOTTLE_OLIVE.webp,s777-s777-byron-1l-drink-bottle-olive,https://notanother-nz.github.io/total-image-product-assets/assets/S777_BYRON_1L_DRINK_BOTTLE/webp/model/S777_BYRON_1L_DRINK_BOTTLE_OLIVE.webp,byron-1l-drink-bottle,olive,2
Byron 1L Drink Bottle — S777_BYRON_1L_DRINK_BOTTLE.webp,s777-s777-byron-1l-drink-bottle,https://notanother-nz.github.io/total-image-product-assets/assets/S777_BYRON_1L_DRINK_BOTTLE/webp/model/S777_BYRON_1L_DRINK_BOTTLE.webp,byron-1l-drink-bottle,,3
Byron 1L Drink Bottle — S777_BYRON_1L_DRINK_BOTTLE_GREEN.webp,s777-s777-byron-1l-drink-bottle-green,https://notanother-nz.github.io/total-image-product-assets/assets/S777_BYRON_1L_DRINK_BOTTLE/webp/product/S777_BYRON_1L_DRINK_BOTTLE_GREEN.webp,byron-1l-drink-bottle,green,4
Byron 1L Drink Bottle — S777_BYRON_1L_DRINK_BOTTLE_STONE.webp,s777-s777-byron-1l-drink-bottle-stone,https://notanother-nz.github.io/total-image-product-assets/assets/S777_BYRON_1L_DRINK_BOTTLE/webp/product/S777_BYRON_1L_DRINK_BOTTLE_STONE.webp,byron-1l-drink-bottle,stone,5
Byron 1L Drink Bottle — S777_BYRON_1L_DRINK_BOTTLE_WHITE.webp,s777-s777-byron-1l-drink-bottle-white,https://notanother-nz.github.io/total-image-product-assets/assets/S777_BYRON_1L_DRINK_BOTTLE/webp/product/S777_BYRON_1L_DRINK_BOTTLE_WHITE.webp,byron-1l-drink-bottle,white,6
Ladies Madison Boatneck Blouse — S828LL_LADIES_MADISON_BOATNECK_BLOUSE_IVORY_HERO_FRONT.webp,s828ll-s828ll-ladies-madison-boatneck-blouse-ivory-hero-front,https://notanother-nz.github.io/total-image-product-assets/assets/S828LL_LADIES_MADISON_BOATNECK_BLOUSE/webp/model/S828LL_LADIES_MADISON_BOATNECK_BLOUSE_IVORY_HERO_FRONT.webp,ladies-madison-boatneck-blouse,ivory,1
Ladies Madison Boatneck Blouse — S828LL_LADIES_MADISON_BOATNECK_BLOUSE_IVORY_HERO_BACK.webp,s828ll-s828ll-ladies-madison-boatneck-blouse-ivory-hero-back,https://notanother-nz.github.io/total-image-product-assets/assets/S828LL_LADIES_MADISON_BOATNECK_BLOUSE/webp/model/S828LL_LADIES_MADISON_BOATNECK_BLOUSE_IVORY_HERO_BACK.webp,ladies-madison-boatneck-blouse,ivory,2
Ladies Madison Boatneck Blouse — S828LL_LADIES_MADISON_BOATNECK_BLOUSE_IVORY_HERO_CLOSEUP.webp,s828ll-s828ll-ladies-madison-boatneck-blouse-ivory-hero-closeup,https://notanother-nz.github.io/total-image-product-assets/assets/S828LL_LADIES_MADISON_BOATNECK_BLOUSE/webp/model/S828LL_LADIES_MADISON_BOATNECK_BLOUSE_IVORY_HERO_CLOSEUP.webp,ladies-madison-boatneck-blouse,ivory,3
Ladies Madison Boatneck Blouse — S828LL_LADIES_MADISON_BOATNECK_BLOUSE_IVORY_HERO_SIDE.webp,s828ll-s828ll-ladies-madison-boatneck-blouse-ivory-hero-side,https://notanother-nz.github.io/total-image-product-assets/assets/S828LL_LADIES_MADISON_BOATNECK_BLOUSE/webp/model/S828LL_LADIES_MADISON_BOATNECK_BLOUSE_IVORY_HERO_SIDE.webp,ladies-madison-boatneck-blouse,ivory,4
Ladies Madison Boatneck Blouse — S828LL_LADIES_MADISON_BOATNECK_BLOUSE_BLACK_FRONT.webp,s828ll-s828ll-ladies-madison-boatneck-blouse-black-front,https://notanother-nz.github.io/total-image-product-assets/assets/S828LL_LADIES_MADISON_BOATNECK_BLOUSE/webp/product/S828LL_LADIES_MADISON_BOATNECK_BLOUSE_BLACK_FRONT.webp,ladies-madison-boatneck-blouse,black,5
Ladies Madison Boatneck Blouse — S828LL_LADIES_MADISON_BOATNECK_BLOUSE_IVORY_FRONT.webp,s828ll-s828ll-ladies-madison-boatneck-blouse-ivory-front,https://notanother-nz.github.io/total-image-product-assets/assets/S828LL_LADIES_MADISON_BOATNECK_BLOUSE/webp/product/S828LL_LADIES_MADISON_BOATNECK_BLOUSE_IVORY_FRONT.webp,ladies-madison-boatneck-blouse,ivory,6
Ladies Madison Boatneck Blouse — S828LL_LADIES_MADISON_BOATNECK_BLOUSE_MIDNIGHT_BLUE_FRONT.webp,s828ll-s828ll-ladies-madison-boatneck-blouse-midnight-blue-front,https://notanother-nz.github.io/total-image-product-assets/assets/S828LL_LADIES_MADISON_BOATNECK_BLOUSE/webp/product/S828LL_LADIES_MADISON_BOATNECK_BLOUSE_MIDNIGHT_BLUE_FRONT.webp,ladies-madison-boatneck-blouse,midnight-blue,7
Ladies Madison Boatneck Blouse — S828LL_LADIES_MADISON_BOATNECK_BLOUSE_SILVER_MIST_FRONT.webp,s828ll-s828ll-ladies-madison-boatneck-blouse-silver-mist-front,https://notanother-nz.github.io/total-image-product-assets/assets/S828LL_LADIES_MADISON_BOATNECK_BLOUSE/webp/product/S828LL_LADIES_MADISON_BOATNECK_BLOUSE_SILVER_MIST_FRONT.webp,ladies-madison-boatneck-blouse,silver-mist,8
Ladies Madison Boatneck Blouse — S828LL_LADIES_MADISON_BOATNECK_BLOUSE_BLACK_BACK.webp,s828ll-s828ll-ladies-madison-boatneck-blouse-black-back,https://notanother-nz.github.io/total-image-product-assets/assets/S828LL_LADIES_MADISON_BOATNECK_BLOUSE/webp/product/S828LL_LADIES_MADISON_BOATNECK_BLOUSE_BLACK_BACK.webp,ladies-madison-boatneck-blouse,black,9
Ladies Madison Boatneck Blouse — S828LL_LADIES_MADISON_BOATNECK_BLOUSE_IVORY_BACK.webp,s828ll-s828ll-ladies-madison-boatneck-blouse-ivory-back,https://notanother-nz.github.io/total-image-product-assets/assets/S828LL_LADIES_MADISON_BOATNECK_BLOUSE/webp/product/S828LL_LADIES_MADISON_BOATNECK_BLOUSE_IVORY_BACK.webp,ladies-madison-boatneck-blouse,ivory,10
Ladies Madison Boatneck Blouse — S828LL_LADIES_MADISON_BOATNECK_BLOUSE_MIDNIGHT_BLUE_BACK.webp,s828ll-s828ll-ladies-madison-boatneck-blouse-midnight-blue-back,https://notanother-nz.github.io/total-image-product-assets/assets/S828LL_LADIES_MADISON_BOATNECK_BLOUSE/webp/product/S828LL_LADIES_MADISON_BOATNECK_BLOUSE_MIDNIGHT_BLUE_BACK.webp,ladies-madison-boatneck-blouse,midnight-blue,11
Ladies Madison Boatneck Blouse — S828LL_LADIES_MADISON_BOATNECK_BLOUSE_SILVER_MIST_BACK.webp,s828ll-s828ll-ladies-madison-boatneck-blouse-silver-mist-back,https://notanother-nz.github.io/total-image-product-assets/assets/S828LL_LADIES_MADISON_BOATNECK_BLOUSE/webp/product/S828LL_LADIES_MADISON_BOATNECK_BLOUSE_SILVER_MIST_BACK.webp,ladies-madison-boatneck-blouse,silver-mist,12
Ladies Madison Boatneck Blouse — S828LL_LADIES_MADISON_BOATNECK_BLOUSE_IVORY_SLEEVE FOLD.webp,s828ll-s828ll-ladies-madison-boatneck-blouse-ivory-sleeve-fold,https://notanother-nz.github.io/total-image-product-assets/assets/S828LL_LADIES_MADISON_BOATNECK_BLOUSE/webp/product/S828LL_LADIES_MADISON_BOATNECK_BLOUSE_IVORY_SLEEVE%20FOLD.webp,ladies-madison-boatneck-blouse,ivory,13
Sunrise Smoothie 500mL Tumbler — S895_SUNRISE_SMOOTIES_500ML_TUMBLER_BLACK.webp,s895-s895-sunrise-smooties-500ml-tumbler-black,https://notanother-nz.github.io/total-image-product-assets/assets/S895_SUNRISE_SMOOTIES_500ML_TUMBLER/webp/product/S895_SUNRISE_SMOOTIES_500ML_TUMBLER_BLACK.webp,sunrise-smoothie-500ml-tumbler,black,1
Sunrise Smoothie 500mL Tumbler — S895_SUNRISE_SMOOTIES_500ML_TUMBLER_GREEN.webp,s895-s895-sunrise-smooties-500ml-tumbler-green,https://notanother-nz.github.io/total-image-product-assets/assets/S895_SUNRISE_SMOOTIES_500ML_TUMBLER/webp/product/S895_SUNRISE_SMOOTIES_500ML_TUMBLER_GREEN.webp,sunrise-smoothie-500ml-tumbler,green,2
Sunrise Smoothie 500mL Tumbler — S895_SUNRISE_SMOOTIES_500ML_TUMBLER_GREY.webp,s895-s895-sunrise-smooties-500ml-tumbler-grey,https://notanother-nz.github.io/total-image-product-assets/assets/S895_SUNRISE_SMOOTIES_500ML_TUMBLER/webp/product/S895_SUNRISE_SMOOTIES_500ML_TUMBLER_GREY.webp,sunrise-smoothie-500ml-tumbler,grey,3
Sunrise Smoothie 500mL Tumbler — S895_SUNRISE_SMOOTIES_500ML_TUMBLER_PINK.webp,s895-s895-sunrise-smooties-500ml-tumbler-pink,https://notanother-nz.github.io/total-image-product-assets/assets/S895_SUNRISE_SMOOTIES_500ML_TUMBLER/webp/product/S895_SUNRISE_SMOOTIES_500ML_TUMBLER_PINK.webp,sunrise-smoothie-500ml-tumbler,pink,4
Sunrise Smoothie 500mL Tumbler — S895_SUNRISE_SMOOTIES_500ML_TUMBLER_WHITE.webp,s895-s895-sunrise-smooties-500ml-tumbler-white,https://notanother-nz.github.io/total-image-product-assets/assets/S895_SUNRISE_SMOOTIES_500ML_TUMBLER/webp/product/S895_SUNRISE_SMOOTIES_500ML_TUMBLER_WHITE.webp,sunrise-smoothie-500ml-tumbler,white,5
Allegra 750ml Bottle — S901_ALLEGRA_750ML_BOTTLE_BLACK.webp,s901-s901-allegra-750ml-bottle-black,https://notanother-nz.github.io/total-image-product-assets/assets/S901_ALLEGRA_750ML_BOTTLE/webp/product/S901_ALLEGRA_750ML_BOTTLE_BLACK.webp,allegra-750ml-bottle,black,1
Allegra 750ml Bottle — S901_ALLEGRA_750ML_BOTTLE_BLUE.webp,s901-s901-allegra-750ml-bottle-blue,https://notanother-nz.github.io/total-image-product-assets/assets/S901_ALLEGRA_750ML_BOTTLE/webp/product/S901_ALLEGRA_750ML_BOTTLE_BLUE.webp,allegra-750ml-bottle,blue,2
Allegra 750ml Bottle — S901_ALLEGRA_750ML_BOTTLE_BROWN.webp,s901-s901-allegra-750ml-bottle-brown,https://notanother-nz.github.io/total-image-product-assets/assets/S901_ALLEGRA_750ML_BOTTLE/webp/product/S901_ALLEGRA_750ML_BOTTLE_BROWN.webp,allegra-750ml-bottle,brown,3
Allegra 750ml Bottle — S901_ALLEGRA_750ML_BOTTLE_GREEN.webp,s901-s901-allegra-750ml-bottle-green,https://notanother-nz.github.io/total-image-product-assets/assets/S901_ALLEGRA_750ML_BOTTLE/webp/product/S901_ALLEGRA_750ML_BOTTLE_GREEN.webp,allegra-750ml-bottle,green,4
Allegra 750ml Bottle — S901_ALLEGRA_750ML_BOTTLE_GREY.webp,s901-s901-allegra-750ml-bottle-grey,https://notanother-nz.github.io/total-image-product-assets/assets/S901_ALLEGRA_750ML_BOTTLE/webp/product/S901_ALLEGRA_750ML_BOTTLE_GREY.webp,allegra-750ml-bottle,grey,5
Allegra 750ml Bottle — S901_ALLEGRA_750ML_BOTTLE_NAVY.webp,s901-s901-allegra-750ml-bottle-navy,https://notanother-nz.github.io/total-image-product-assets/assets/S901_ALLEGRA_750ML_BOTTLE/webp/product/S901_ALLEGRA_750ML_BOTTLE_NAVY.webp,allegra-750ml-bottle,navy,6
Allegra 750ml Bottle — S901_ALLEGRA_750ML_BOTTLE_PINK.webp,s901-s901-allegra-750ml-bottle-pink,https://notanother-nz.github.io/total-image-product-assets/assets/S901_ALLEGRA_750ML_BOTTLE/webp/product/S901_ALLEGRA_750ML_BOTTLE_PINK.webp,allegra-750ml-bottle,pink,7
Allegra 750ml Bottle — S901_ALLEGRA_750ML_BOTTLE_WHITE.webp,s901-s901-allegra-750ml-bottle-white,https://notanother-nz.github.io/total-image-product-assets/assets/S901_ALLEGRA_750ML_BOTTLE/webp/product/S901_ALLEGRA_750ML_BOTTLE_WHITE.webp,allegra-750ml-bottle,white,8
Summit 750ml Drink Bottle — S909_SUMMIT_750ML_DRINK_BOTTLE_BLACK.webp,s909-s909-summit-750ml-drink-bottle-black,https://notanother-nz.github.io/total-image-product-assets/assets/S909_SUMMIT_750ML_DRINK_BOTTLE/webp/product/S909_SUMMIT_750ML_DRINK_BOTTLE_BLACK.webp,summit-750ml-drink-bottle,black,1
Summit 750ml Drink Bottle — S909_SUMMIT_750ML_DRINK_BOTTLE_NAVY.webp,s909-s909-summit-750ml-drink-bottle-navy,https://notanother-nz.github.io/total-image-product-assets/assets/S909_SUMMIT_750ML_DRINK_BOTTLE/webp/product/S909_SUMMIT_750ML_DRINK_BOTTLE_NAVY.webp,summit-750ml-drink-bottle,navy,2
Summit 750ml Drink Bottle — S909_SUMMIT_750ML_DRINK_BOTTLE_WHITE.webp,s909-s909-summit-750ml-drink-bottle-white,https://notanother-nz.github.io/total-image-product-assets/assets/S909_SUMMIT_750ML_DRINK_BOTTLE/webp/product/S909_SUMMIT_750ML_DRINK_BOTTLE_WHITE.webp,summit-750ml-drink-bottle,white,3
Arlo 1L Glass Water Bottle — S990_ARLO_1L_GLASS_WATER_BOTTLE_BLACK.webp,s990-s990-arlo-1l-glass-water-bottle-black,https://notanother-nz.github.io/total-image-product-assets/assets/S990_ARLO_1L_GLASS_WATER_BOTTLE/webp/product/S990_ARLO_1L_GLASS_WATER_BOTTLE_BLACK.webp,arlo-1l-glass-water-bottle,black,1
Arlo 1L Glass Water Bottle — S990_ARLO_1L_GLASS_WATER_BOTTLE_NAVY.webp,s990-s990-arlo-1l-glass-water-bottle-navy,https://notanother-nz.github.io/total-image-product-assets/assets/S990_ARLO_1L_GLASS_WATER_BOTTLE/webp/product/S990_ARLO_1L_GLASS_WATER_BOTTLE_NAVY.webp,arlo-1l-glass-water-bottle,navy,2
Arlo 1L Glass Water Bottle — S990_ARLO_1L_GLASS_WATER_BOTTLE_WHITE.webp,s990-s990-arlo-1l-glass-water-bottle-white,https://notanother-nz.github.io/total-image-product-assets/assets/S990_ARLO_1L_GLASS_WATER_BOTTLE/webp/product/S990_ARLO_1L_GLASS_WATER_BOTTLE_WHITE.webp,arlo-1l-glass-water-bottle,white,3
Women's Derby City — SC00129_WOMENS_DERBY_CITY_BLACK.webp,sc00129-sc00129-womens-derby-city-black,https://notanother-nz.github.io/total-image-product-assets/assets/SC00129_WOMENS_DERBY_CITY_BLACK/webp/product/SC00129_WOMENS_DERBY_CITY_BLACK.webp,womens-derby-city,black,1
Women's Court Club — SC01535_WOMENS_COURT_CLUB_BLACK.webp,sc01535-sc01535-womens-court-club-black,https://notanother-nz.github.io/total-image-product-assets/assets/SC01535_WOMENS_COURT_CLUB/webp/product/SC01535_WOMENS_COURT_CLUB_BLACK.webp,womens-court-club,black,1
Women's Court Club — SC01535_WOMENS_COURT_CLUB_WHITE.webp,sc01535-sc01535-womens-court-club-white,https://notanother-nz.github.io/total-image-product-assets/assets/SC01535_WOMENS_COURT_CLUB/webp/product/SC01535_WOMENS_COURT_CLUB_WHITE.webp,womens-court-club,white,2
Men's Plain Oasis Short Sleeve Shirt — SH3603_MensPlainOasisS:SShirt_Hero_Front.webp,sh3603-sh3603-mensplainoasiss-sshirt-hero-front,https://notanother-nz.github.io/total-image-product-assets/assets/SH3603_Mens_Plain_Oasis_Short_Sleeve_Shirt/webp/model/SH3603_MensPlainOasisS%3ASShirt_Hero_Front.webp,mens-plain-oasis-short-sleeve-shirt,,1
Men's Plain Oasis Short Sleeve Shirt — SH3603_MensPlainOasisS:SShirt_Hero_Back.webp,sh3603-sh3603-mensplainoasiss-sshirt-hero-back,https://notanother-nz.github.io/total-image-product-assets/assets/SH3603_Mens_Plain_Oasis_Short_Sleeve_Shirt/webp/model/SH3603_MensPlainOasisS%3ASShirt_Hero_Back.webp,mens-plain-oasis-short-sleeve-shirt,,2
Men's Plain Oasis Short Sleeve Shirt — SH3603_MensPlainOasisS:SShirt_Hero_CloseUp.webp,sh3603-sh3603-mensplainoasiss-sshirt-hero-closeup,https://notanother-nz.github.io/total-image-product-assets/assets/SH3603_Mens_Plain_Oasis_Short_Sleeve_Shirt/webp/model/SH3603_MensPlainOasisS%3ASShirt_Hero_CloseUp.webp,mens-plain-oasis-short-sleeve-shirt,,3
Men's Plain Oasis Short Sleeve Shirt — SH3603_MensPlainOasisS:SShirt_Hero_Side.webp,sh3603-sh3603-mensplainoasiss-sshirt-hero-side,https://notanother-nz.github.io/total-image-product-assets/assets/SH3603_Mens_Plain_Oasis_Short_Sleeve_Shirt/webp/model/SH3603_MensPlainOasisS%3ASShirt_Hero_Side.webp,mens-plain-oasis-short-sleeve-shirt,,4
Men's Plain Oasis Short Sleeve Shirt — SH3603_Mens_Oasis_Short_Sleeve_Shirt_Black.webp,sh3603-sh3603-mens-oasis-short-sleeve-shirt-black,https://notanother-nz.github.io/total-image-product-assets/assets/SH3603_Mens_Plain_Oasis_Short_Sleeve_Shirt/webp/product/SH3603_Mens_Oasis_Short_Sleeve_Shirt_Black.webp,mens-plain-oasis-short-sleeve-shirt,black,5
Men's Plain Oasis Short Sleeve Shirt — SH3603_Mens_Oasis_Short_Sleeve_Shirt_Charcoal.webp,sh3603-sh3603-mens-oasis-short-sleeve-shirt-charcoal,https://notanother-nz.github.io/total-image-product-assets/assets/SH3603_Mens_Plain_Oasis_Short_Sleeve_Shirt/webp/product/SH3603_Mens_Oasis_Short_Sleeve_Shirt_Charcoal.webp,mens-plain-oasis-short-sleeve-shirt,charcoal,6
Men's Plain Oasis Short Sleeve Shirt — SH3603_Mens_Oasis_Short_Sleeve_Shirt_ElectricBlue.webp,sh3603-sh3603-mens-oasis-short-sleeve-shirt-electricblue,https://notanother-nz.github.io/total-image-product-assets/assets/SH3603_Mens_Plain_Oasis_Short_Sleeve_Shirt/webp/product/SH3603_Mens_Oasis_Short_Sleeve_Shirt_ElectricBlue.webp,mens-plain-oasis-short-sleeve-shirt,electric-blue,7
Men's Plain Oasis Short Sleeve Shirt — SH3603_Mens_Oasis_Short_Sleeve_Shirt_Grape.webp,sh3603-sh3603-mens-oasis-short-sleeve-shirt-grape,https://notanother-nz.github.io/total-image-product-assets/assets/SH3603_Mens_Plain_Oasis_Short_Sleeve_Shirt/webp/product/SH3603_Mens_Oasis_Short_Sleeve_Shirt_Grape.webp,mens-plain-oasis-short-sleeve-shirt,grape,8
Men's Plain Oasis Short Sleeve Shirt — SH3603_Mens_Oasis_Short_Sleeve_Shirt_MidBlue.webp,sh3603-sh3603-mens-oasis-short-sleeve-shirt-midblue,https://notanother-nz.github.io/total-image-product-assets/assets/SH3603_Mens_Plain_Oasis_Short_Sleeve_Shirt/webp/product/SH3603_Mens_Oasis_Short_Sleeve_Shirt_MidBlue.webp,mens-plain-oasis-short-sleeve-shirt,mid-blue,9
Men's Plain Oasis Short Sleeve Shirt — SH3603_Mens_Oasis_Short_Sleeve_Shirt_Navy.webp,sh3603-sh3603-mens-oasis-short-sleeve-shirt-navy,https://notanother-nz.github.io/total-image-product-assets/assets/SH3603_Mens_Plain_Oasis_Short_Sleeve_Shirt/webp/product/SH3603_Mens_Oasis_Short_Sleeve_Shirt_Navy.webp,mens-plain-oasis-short-sleeve-shirt,navy,10
Men's Plain Oasis Short Sleeve Shirt — SH3603_Mens_Oasis_Short_Sleeve_Shirt_Teal.webp,sh3603-sh3603-mens-oasis-short-sleeve-shirt-teal,https://notanother-nz.github.io/total-image-product-assets/assets/SH3603_Mens_Plain_Oasis_Short_Sleeve_Shirt/webp/product/SH3603_Mens_Oasis_Short_Sleeve_Shirt_Teal.webp,mens-plain-oasis-short-sleeve-shirt,teal,11
Hi-Vis Reversible Safety Vest With 3m Tapes — SW19A_HI_VIS_REVERSIBLE_SAFETY_VEST_WITH_3M_TAPES_HERO_FRONT.webp,sw19a-sw19a-hi-vis-reversible-safety-vest-with-3m-tapes-hero-front,https://notanother-nz.github.io/total-image-product-assets/assets/SW19A_HI_VIS_REVERSIBLE_SAFETY_VEST_WITH_3M_TAPES/webp/model/SW19A_HI_VIS_REVERSIBLE_SAFETY_VEST_WITH_3M_TAPES_HERO_FRONT.webp,hi-vis-reversible-safety-vest-with-3m-tapes,,1
Hi-Vis Reversible Safety Vest With 3m Tapes — SW19A_HI_VIS_REVERSIBLE_SAFETY_VEST_WITH_3M_TAPES_HERO_BACK.webp,sw19a-sw19a-hi-vis-reversible-safety-vest-with-3m-tapes-hero-back,https://notanother-nz.github.io/total-image-product-assets/assets/SW19A_HI_VIS_REVERSIBLE_SAFETY_VEST_WITH_3M_TAPES/webp/model/SW19A_HI_VIS_REVERSIBLE_SAFETY_VEST_WITH_3M_TAPES_HERO_BACK.webp,hi-vis-reversible-safety-vest-with-3m-tapes,,2
Hi-Vis Reversible Safety Vest With 3m Tapes — SW19A_HI_VIS_REVERSIBLE_SAFETY_VEST_WITH_3M_TAPES_HERO_CLOSEUP.webp,sw19a-sw19a-hi-vis-reversible-safety-vest-with-3m-tapes-hero-closeup,https://notanother-nz.github.io/total-image-product-assets/assets/SW19A_HI_VIS_REVERSIBLE_SAFETY_VEST_WITH_3M_TAPES/webp/model/SW19A_HI_VIS_REVERSIBLE_SAFETY_VEST_WITH_3M_TAPES_HERO_CLOSEUP.webp,hi-vis-reversible-safety-vest-with-3m-tapes,,3
Hi-Vis Reversible Safety Vest With 3m Tapes — SW19A_HI_VIS_REVERSIBLE_SAFETY_VEST_WITH_3M_TAPES_HERO_SIDE.webp,sw19a-sw19a-hi-vis-reversible-safety-vest-with-3m-tapes-hero-side,https://notanother-nz.github.io/total-image-product-assets/assets/SW19A_HI_VIS_REVERSIBLE_SAFETY_VEST_WITH_3M_TAPES/webp/model/SW19A_HI_VIS_REVERSIBLE_SAFETY_VEST_WITH_3M_TAPES_HERO_SIDE.webp,hi-vis-reversible-safety-vest-with-3m-tapes,,4
Hi-Vis Reversible Safety Vest With 3m Tapes — SW19A_HI_VIS_REVERSIBLE_SAFETY_VEST_WITH_3M_TAPES_ORANGE_FRONT.webp,sw19a-sw19a-hi-vis-reversible-safety-vest-with-3m-tapes-orange-front,https://notanother-nz.github.io/total-image-product-assets/assets/SW19A_HI_VIS_REVERSIBLE_SAFETY_VEST_WITH_3M_TAPES/webp/product/SW19A_HI_VIS_REVERSIBLE_SAFETY_VEST_WITH_3M_TAPES_ORANGE_FRONT.webp,hi-vis-reversible-safety-vest-with-3m-tapes,orange,5
Hi-Vis Reversible Safety Vest With 3m Tapes — SW19A_HI_VIS_REVERSIBLE_SAFETY_VEST_WITH_3M_TAPES_YELLOW_FRONT.webp,sw19a-sw19a-hi-vis-reversible-safety-vest-with-3m-tapes-yellow-front,https://notanother-nz.github.io/total-image-product-assets/assets/SW19A_HI_VIS_REVERSIBLE_SAFETY_VEST_WITH_3M_TAPES/webp/product/SW19A_HI_VIS_REVERSIBLE_SAFETY_VEST_WITH_3M_TAPES_YELLOW_FRONT.webp,hi-vis-reversible-safety-vest-with-3m-tapes,yellow,6
Hi-Vis Reversible Safety Vest With 3m Tapes — SW19A_HI_VIS_REVERSIBLE_SAFETY_VEST_WITH_3M_TAPES_ORANGE_BACK.webp,sw19a-sw19a-hi-vis-reversible-safety-vest-with-3m-tapes-orange-back,https://notanother-nz.github.io/total-image-product-assets/assets/SW19A_HI_VIS_REVERSIBLE_SAFETY_VEST_WITH_3M_TAPES/webp/product/SW19A_HI_VIS_REVERSIBLE_SAFETY_VEST_WITH_3M_TAPES_ORANGE_BACK.webp,hi-vis-reversible-safety-vest-with-3m-tapes,orange,7
Hi-Vis Reversible Safety Vest With 3m Tapes — SW19A_HI_VIS_REVERSIBLE_SAFETY_VEST_WITH_3M_TAPES_YELLOW_BACK.webp,sw19a-sw19a-hi-vis-reversible-safety-vest-with-3m-tapes-yellow-back,https://notanother-nz.github.io/total-image-product-assets/assets/SW19A_HI_VIS_REVERSIBLE_SAFETY_VEST_WITH_3M_TAPES/webp/product/SW19A_HI_VIS_REVERSIBLE_SAFETY_VEST_WITH_3M_TAPES_YELLOW_BACK.webp,hi-vis-reversible-safety-vest-with-3m-tapes,yellow,8
Men's Ice Tee — T10012_MEN'S_ICE_TEE_WHITE_HERO_FRONT.webp,t10012-t10012-mens-ice-tee-white-hero-front,https://notanother-nz.github.io/total-image-product-assets/assets/T10012_MEN'S_ICE_TEE/webp/model/T10012_MEN'S_ICE_TEE_WHITE_HERO_FRONT.webp,mens-ice-tee,white,1
Men's Ice Tee — T10012_MEN'S_ICE_TEE_WHITE_HERO_BACK.webp,t10012-t10012-mens-ice-tee-white-hero-back,https://notanother-nz.github.io/total-image-product-assets/assets/T10012_MEN'S_ICE_TEE/webp/model/T10012_MEN'S_ICE_TEE_WHITE_HERO_BACK.webp,mens-ice-tee,white,2
Men's Ice Tee — T10012_MEN'S_ICE_TEE_WHITE_HERO_CLOSEUP.webp,t10012-t10012-mens-ice-tee-white-hero-closeup,https://notanother-nz.github.io/total-image-product-assets/assets/T10012_MEN'S_ICE_TEE/webp/model/T10012_MEN'S_ICE_TEE_WHITE_HERO_CLOSEUP.webp,mens-ice-tee,white,3
Men's Ice Tee — T10012_MEN'S_ICE_TEE_WHITE_HERO_SIDE.webp,t10012-t10012-mens-ice-tee-white-hero-side,https://notanother-nz.github.io/total-image-product-assets/assets/T10012_MEN'S_ICE_TEE/webp/model/T10012_MEN'S_ICE_TEE_WHITE_HERO_SIDE.webp,mens-ice-tee,white,4
Men's Ice Tee — T10012_MEN'S_ICE_TEE_BLACK_FRONT.webp,t10012-t10012-mens-ice-tee-black-front,https://notanother-nz.github.io/total-image-product-assets/assets/T10012_MEN'S_ICE_TEE/webp/product/T10012_MEN'S_ICE_TEE_BLACK_FRONT.webp,mens-ice-tee,black,5
Men's Ice Tee — T10012_MEN'S_ICE_TEE_CHARCOAL_FRONT.webp,t10012-t10012-mens-ice-tee-charcoal-front,https://notanother-nz.github.io/total-image-product-assets/assets/T10012_MEN'S_ICE_TEE/webp/product/T10012_MEN'S_ICE_TEE_CHARCOAL_FRONT.webp,mens-ice-tee,charcoal,6
Men's Ice Tee — T10012_MEN'S_ICE_TEE_GREY_MARLE_FRONT.webp,t10012-t10012-mens-ice-tee-grey-marle-front,https://notanother-nz.github.io/total-image-product-assets/assets/T10012_MEN'S_ICE_TEE/webp/product/T10012_MEN'S_ICE_TEE_GREY_MARLE_FRONT.webp,mens-ice-tee,grey-marle,7
Men's Ice Tee — T10012_MEN'S_ICE_TEE_KHAKI_FRONT.webp,t10012-t10012-mens-ice-tee-khaki-front,https://notanother-nz.github.io/total-image-product-assets/assets/T10012_MEN'S_ICE_TEE/webp/product/T10012_MEN'S_ICE_TEE_KHAKI_FRONT.webp,mens-ice-tee,khaki,8
Men's Ice Tee — T10012_MEN'S_ICE_TEE_NAVY_FRONT.webp,t10012-t10012-mens-ice-tee-navy-front,https://notanother-nz.github.io/total-image-product-assets/assets/T10012_MEN'S_ICE_TEE/webp/product/T10012_MEN'S_ICE_TEE_NAVY_FRONT.webp,mens-ice-tee,navy,9
Men's Ice Tee — T10012_MEN'S_ICE_TEE_ROYAL_FRONT.webp,t10012-t10012-mens-ice-tee-royal-front,https://notanother-nz.github.io/total-image-product-assets/assets/T10012_MEN'S_ICE_TEE/webp/product/T10012_MEN'S_ICE_TEE_ROYAL_FRONT.webp,mens-ice-tee,royal,10
Men's Ice Tee — T10012_MEN'S_ICE_TEE_WHITE_FRONT.webp,t10012-t10012-mens-ice-tee-white-front,https://notanother-nz.github.io/total-image-product-assets/assets/T10012_MEN'S_ICE_TEE/webp/product/T10012_MEN'S_ICE_TEE_WHITE_FRONT.webp,mens-ice-tee,white,11
Men's Ice Tee — T10012_MEN'S_ICE_TEE_BLACK_BACK.webp,t10012-t10012-mens-ice-tee-black-back,https://notanother-nz.github.io/total-image-product-assets/assets/T10012_MEN'S_ICE_TEE/webp/product/T10012_MEN'S_ICE_TEE_BLACK_BACK.webp,mens-ice-tee,black,12
Men's Ice Tee — T10012_MEN'S_ICE_TEE_CHARCOAL_BACK.webp,t10012-t10012-mens-ice-tee-charcoal-back,https://notanother-nz.github.io/total-image-product-assets/assets/T10012_MEN'S_ICE_TEE/webp/product/T10012_MEN'S_ICE_TEE_CHARCOAL_BACK.webp,mens-ice-tee,charcoal,13
Men's Ice Tee — T10012_MEN'S_ICE_TEE_GREY_MARLE_BACK.webp,t10012-t10012-mens-ice-tee-grey-marle-back,https://notanother-nz.github.io/total-image-product-assets/assets/T10012_MEN'S_ICE_TEE/webp/product/T10012_MEN'S_ICE_TEE_GREY_MARLE_BACK.webp,mens-ice-tee,grey-marle,14
Men's Ice Tee — T10012_MEN'S_ICE_TEE_KHAKI_BACK.webp,t10012-t10012-mens-ice-tee-khaki-back,https://notanother-nz.github.io/total-image-product-assets/assets/T10012_MEN'S_ICE_TEE/webp/product/T10012_MEN'S_ICE_TEE_KHAKI_BACK.webp,mens-ice-tee,khaki,15
Men's Ice Tee — T10012_MEN'S_ICE_TEE_NAVY_BACK.webp,t10012-t10012-mens-ice-tee-navy-back,https://notanother-nz.github.io/total-image-product-assets/assets/T10012_MEN'S_ICE_TEE/webp/product/T10012_MEN'S_ICE_TEE_NAVY_BACK.webp,mens-ice-tee,navy,16
Men's Ice Tee — T10012_MEN'S_ICE_TEE_WHITE_BACK.webp,t10012-t10012-mens-ice-tee-white-back,https://notanother-nz.github.io/total-image-product-assets/assets/T10012_MEN'S_ICE_TEE/webp/product/T10012_MEN'S_ICE_TEE_WHITE_BACK.webp,mens-ice-tee,white,17
Men's Ice Tee — T10012_MEN'S_ICE_TEE_ROYAL_BLACK.webp,t10012-t10012-mens-ice-tee-royal-black,https://notanother-nz.github.io/total-image-product-assets/assets/T10012_MEN'S_ICE_TEE/webp/product/T10012_MEN'S_ICE_TEE_ROYAL_BLACK.webp,mens-ice-tee,black,18
Ladies Ice Tee — T10022_LADIES_ICE_TEE_WHITE_HERO_FRONT.webp,t10022-t10022-ladies-ice-tee-white-hero-front,https://notanother-nz.github.io/total-image-product-assets/assets/T10022_LADIES_ICE_TEE/webp/model/T10022_LADIES_ICE_TEE_WHITE_HERO_FRONT.webp,ladies-ice-tee,white,1
Ladies Ice Tee — T10022_LADIES_ICE_TEE_WHITE_HERO_BACK.webp,t10022-t10022-ladies-ice-tee-white-hero-back,https://notanother-nz.github.io/total-image-product-assets/assets/T10022_LADIES_ICE_TEE/webp/model/T10022_LADIES_ICE_TEE_WHITE_HERO_BACK.webp,ladies-ice-tee,white,2
Ladies Ice Tee — T10022_LADIES_ICE_TEE_WHITE_HERO_CLOSEUP.webp,t10022-t10022-ladies-ice-tee-white-hero-closeup,https://notanother-nz.github.io/total-image-product-assets/assets/T10022_LADIES_ICE_TEE/webp/model/T10022_LADIES_ICE_TEE_WHITE_HERO_CLOSEUP.webp,ladies-ice-tee,white,3
Ladies Ice Tee — T10022_LADIES_ICE_TEE_WHITE_HERO_SIDE.webp,t10022-t10022-ladies-ice-tee-white-hero-side,https://notanother-nz.github.io/total-image-product-assets/assets/T10022_LADIES_ICE_TEE/webp/model/T10022_LADIES_ICE_TEE_WHITE_HERO_SIDE.webp,ladies-ice-tee,white,4
Ladies Ice Tee — T10022_LADIES_ICE_TEE_BLACK_FRONT.webp,t10022-t10022-ladies-ice-tee-black-front,https://notanother-nz.github.io/total-image-product-assets/assets/T10022_LADIES_ICE_TEE/webp/product/T10022_LADIES_ICE_TEE_BLACK_FRONT.webp,ladies-ice-tee,black,5
Ladies Ice Tee — T10022_LADIES_ICE_TEE_CHARCOAL_FRONT.webp,t10022-t10022-ladies-ice-tee-charcoal-front,https://notanother-nz.github.io/total-image-product-assets/assets/T10022_LADIES_ICE_TEE/webp/product/T10022_LADIES_ICE_TEE_CHARCOAL_FRONT.webp,ladies-ice-tee,charcoal,6
Ladies Ice Tee — T10022_LADIES_ICE_TEE_DENIM_FRONT.webp,t10022-t10022-ladies-ice-tee-denim-front,https://notanother-nz.github.io/total-image-product-assets/assets/T10022_LADIES_ICE_TEE/webp/product/T10022_LADIES_ICE_TEE_DENIM_FRONT.webp,ladies-ice-tee,denim,7
Ladies Ice Tee — T10022_LADIES_ICE_TEE_KHAKI_FRONT.webp,t10022-t10022-ladies-ice-tee-khaki-front,https://notanother-nz.github.io/total-image-product-assets/assets/T10022_LADIES_ICE_TEE/webp/product/T10022_LADIES_ICE_TEE_KHAKI_FRONT.webp,ladies-ice-tee,khaki,8
Ladies Ice Tee — T10022_LADIES_ICE_TEE_NAVY_FRONT.webp,t10022-t10022-ladies-ice-tee-navy-front,https://notanother-nz.github.io/total-image-product-assets/assets/T10022_LADIES_ICE_TEE/webp/product/T10022_LADIES_ICE_TEE_NAVY_FRONT.webp,ladies-ice-tee,navy,9
Ladies Ice Tee — T10022_LADIES_ICE_TEE_ROYAL_FRONT.webp,t10022-t10022-ladies-ice-tee-royal-front,https://notanother-nz.github.io/total-image-product-assets/assets/T10022_LADIES_ICE_TEE/webp/product/T10022_LADIES_ICE_TEE_ROYAL_FRONT.webp,ladies-ice-tee,royal,10
Ladies Ice Tee — T10022_LADIES_ICE_TEE_WHITE_FRONT.webp,t10022-t10022-ladies-ice-tee-white-front,https://notanother-nz.github.io/total-image-product-assets/assets/T10022_LADIES_ICE_TEE/webp/product/T10022_LADIES_ICE_TEE_WHITE_FRONT.webp,ladies-ice-tee,white,11
Ladies Ice Tee — T10022_LADIES_ICE_TEE_BLACK_BACK.webp,t10022-t10022-ladies-ice-tee-black-back,https://notanother-nz.github.io/total-image-product-assets/assets/T10022_LADIES_ICE_TEE/webp/product/T10022_LADIES_ICE_TEE_BLACK_BACK.webp,ladies-ice-tee,black,12
Ladies Ice Tee — T10022_LADIES_ICE_TEE_CHARCOAL_BACK.webp,t10022-t10022-ladies-ice-tee-charcoal-back,https://notanother-nz.github.io/total-image-product-assets/assets/T10022_LADIES_ICE_TEE/webp/product/T10022_LADIES_ICE_TEE_CHARCOAL_BACK.webp,ladies-ice-tee,charcoal,13
Ladies Ice Tee — T10022_LADIES_ICE_TEE_DENIM_BACK.webp,t10022-t10022-ladies-ice-tee-denim-back,https://notanother-nz.github.io/total-image-product-assets/assets/T10022_LADIES_ICE_TEE/webp/product/T10022_LADIES_ICE_TEE_DENIM_BACK.webp,ladies-ice-tee,denim,14
Ladies Ice Tee — T10022_LADIES_ICE_TEE_KHAKI_BACK.webp,t10022-t10022-ladies-ice-tee-khaki-back,https://notanother-nz.github.io/total-image-product-assets/assets/T10022_LADIES_ICE_TEE/webp/product/T10022_LADIES_ICE_TEE_KHAKI_BACK.webp,ladies-ice-tee,khaki,15
Ladies Ice Tee — T10022_LADIES_ICE_TEE_NAVY_BACK.webp,t10022-t10022-ladies-ice-tee-navy-back,https://notanother-nz.github.io/total-image-product-assets/assets/T10022_LADIES_ICE_TEE/webp/product/T10022_LADIES_ICE_TEE_NAVY_BACK.webp,ladies-ice-tee,navy,16
Ladies Ice Tee — T10022_LADIES_ICE_TEE_ROYAL_BACK.webp,t10022-t10022-ladies-ice-tee-royal-back,https://notanother-nz.github.io/total-image-product-assets/assets/T10022_LADIES_ICE_TEE/webp/product/T10022_LADIES_ICE_TEE_ROYAL_BACK.webp,ladies-ice-tee,royal,17
Ladies Ice Tee — T10022_LADIES_ICE_TEE_WHITE_BACK.webp,t10022-t10022-ladies-ice-tee-white-back,https://notanother-nz.github.io/total-image-product-assets/assets/T10022_LADIES_ICE_TEE/webp/product/T10022_LADIES_ICE_TEE_WHITE_BACK.webp,ladies-ice-tee,white,18
Men's Stevie — T14_MENS_STEVIE_SHIRT_HERO_FRONT.webp,t14-t14-mens-stevie-shirt-hero-front,https://notanother-nz.github.io/total-image-product-assets/assets/T14_MENS_STEVIE_SHIRT/webp/model/T14_MENS_STEVIE_SHIRT_HERO_FRONT.webp,mens-stevie,,1
Men's Stevie — T14_MENS_STEVIE_SHIRT_HERO_BACK.webp,t14-t14-mens-stevie-shirt-hero-back,https://notanother-nz.github.io/total-image-product-assets/assets/T14_MENS_STEVIE_SHIRT/webp/model/T14_MENS_STEVIE_SHIRT_HERO_BACK.webp,mens-stevie,,2
Men's Stevie — T14_MENS_STEVIE_SHIRT_HERO_CLOSEUP.webp,t14-t14-mens-stevie-shirt-hero-closeup,https://notanother-nz.github.io/total-image-product-assets/assets/T14_MENS_STEVIE_SHIRT/webp/model/T14_MENS_STEVIE_SHIRT_HERO_CLOSEUP.webp,mens-stevie,,3
Men's Stevie — T14_MENS_STEVIE_SHIRT_HERO_SIDE.webp,t14-t14-mens-stevie-shirt-hero-side,https://notanother-nz.github.io/total-image-product-assets/assets/T14_MENS_STEVIE_SHIRT/webp/model/T14_MENS_STEVIE_SHIRT_HERO_SIDE.webp,mens-stevie,,4
Men's Stevie — T14_MENS_STEVIE_SHIRT_BLACK_WHITE_VIEW.webp,t14-t14-mens-stevie-shirt-black-white-view,https://notanother-nz.github.io/total-image-product-assets/assets/T14_MENS_STEVIE_SHIRT/webp/product/T14_MENS_STEVIE_SHIRT_BLACK_WHITE_VIEW.webp,mens-stevie,black-white,5
Men's Stevie — T14_MENS_STEVIE_SHIRT_NAUTICALBLUE_WHITE_VIEW.webp,t14-t14-mens-stevie-shirt-nauticalblue-white-view,https://notanother-nz.github.io/total-image-product-assets/assets/T14_MENS_STEVIE_SHIRT/webp/product/T14_MENS_STEVIE_SHIRT_NAUTICALBLUE_WHITE_VIEW.webp,mens-stevie,,6
Men's Stevie — T14_MENS_STEVIE_SHIRT_NAVY_WHITE_VIEW.webp,t14-t14-mens-stevie-shirt-navy-white-view,https://notanother-nz.github.io/total-image-product-assets/assets/T14_MENS_STEVIE_SHIRT/webp/product/T14_MENS_STEVIE_SHIRT_NAVY_WHITE_VIEW.webp,mens-stevie,navy-white,7
Men's Action Short Sleeve Tee — T207MS_MEN'S_ACTION_SHORT_SLEEVE_TEE_BLACK_HERO_FRONT.webp,t207ms-t207ms-mens-action-short-sleeve-tee-black-hero-front,https://notanother-nz.github.io/total-image-product-assets/assets/T207MS_MEN'S_ACTION_SHORT_SLEEVE_TEE/webp/model/T207MS_MEN'S_ACTION_SHORT_SLEEVE_TEE_BLACK_HERO_FRONT.webp,mens-action-short-sleeve-tee,black,1
Men's Action Short Sleeve Tee — T207MS_MEN'S_ACTION_SHORT_SLEEVE_TEE_BLACK_HERO_BACK.webp,t207ms-t207ms-mens-action-short-sleeve-tee-black-hero-back,https://notanother-nz.github.io/total-image-product-assets/assets/T207MS_MEN'S_ACTION_SHORT_SLEEVE_TEE/webp/model/T207MS_MEN'S_ACTION_SHORT_SLEEVE_TEE_BLACK_HERO_BACK.webp,mens-action-short-sleeve-tee,black,2
Men's Action Short Sleeve Tee — T207MS_MEN'S_ACTION_SHORT_SLEEVE_TEE_BLACK_HERO_CLOSEUP.webp,t207ms-t207ms-mens-action-short-sleeve-tee-black-hero-closeup,https://notanother-nz.github.io/total-image-product-assets/assets/T207MS_MEN'S_ACTION_SHORT_SLEEVE_TEE/webp/model/T207MS_MEN'S_ACTION_SHORT_SLEEVE_TEE_BLACK_HERO_CLOSEUP.webp,mens-action-short-sleeve-tee,black,3
Men's Action Short Sleeve Tee — T207MS_MEN'S_ACTION_SHORT_SLEEVE_TEE_BLACK_HERO_SIDE.webp,t207ms-t207ms-mens-action-short-sleeve-tee-black-hero-side,https://notanother-nz.github.io/total-image-product-assets/assets/T207MS_MEN'S_ACTION_SHORT_SLEEVE_TEE/webp/model/T207MS_MEN'S_ACTION_SHORT_SLEEVE_TEE_BLACK_HERO_SIDE.webp,mens-action-short-sleeve-tee,black,4
Men's Action Short Sleeve Tee — T207MS_MEN'S_ACTION_SHORT_SLEEVE_TEE_BLACK_FRONT.webp,t207ms-t207ms-mens-action-short-sleeve-tee-black-front,https://notanother-nz.github.io/total-image-product-assets/assets/T207MS_MEN'S_ACTION_SHORT_SLEEVE_TEE/webp/product/T207MS_MEN'S_ACTION_SHORT_SLEEVE_TEE_BLACK_FRONT.webp,mens-action-short-sleeve-tee,black,5
Men's Action Short Sleeve Tee — T207MS_MEN'S_ACTION_SHORT_SLEEVE_TEE_NAVY_FRONT.webp,t207ms-t207ms-mens-action-short-sleeve-tee-navy-front,https://notanother-nz.github.io/total-image-product-assets/assets/T207MS_MEN'S_ACTION_SHORT_SLEEVE_TEE/webp/product/T207MS_MEN'S_ACTION_SHORT_SLEEVE_TEE_NAVY_FRONT.webp,mens-action-short-sleeve-tee,navy,6
Men's Action Short Sleeve Tee — T207MS_MEN'S_ACTION_SHORT_SLEEVE_TEE_BLACK_BACK.webp,t207ms-t207ms-mens-action-short-sleeve-tee-black-back,https://notanother-nz.github.io/total-image-product-assets/assets/T207MS_MEN'S_ACTION_SHORT_SLEEVE_TEE/webp/product/T207MS_MEN'S_ACTION_SHORT_SLEEVE_TEE_BLACK_BACK.webp,mens-action-short-sleeve-tee,black,7
Men's Action Short Sleeve Tee — T207MS_MEN'S_ACTION_SHORT_SLEEVE_TEE_NAVY_BACK.webp,t207ms-t207ms-mens-action-short-sleeve-tee-navy-back,https://notanother-nz.github.io/total-image-product-assets/assets/T207MS_MEN'S_ACTION_SHORT_SLEEVE_TEE/webp/product/T207MS_MEN'S_ACTION_SHORT_SLEEVE_TEE_NAVY_BACK.webp,mens-action-short-sleeve-tee,navy,8
"Thule Achiever 16"" Laptop Backpack — TL1001_THULE_ACHIEVER_16_LAPTOP_BACKPACK.webp",tl1001-tl1001-thule-achiever-16-laptop-backpack,https://notanother-nz.github.io/total-image-product-assets/assets/TL1001_THULE_ACHIEVER_16_LAPTOP_BACKPACK/webp/product/TL1001_THULE_ACHIEVER_16_LAPTOP_BACKPACK.webp,thule-achiever-16-laptop-backpack,black,1
Mens Signature Trouser — TW1639_MENS_SIGNATURE_TROUSER_HERO_FRONT.webp,tw1639-tw1639-mens-signature-trouser-hero-front,https://notanother-nz.github.io/total-image-product-assets/assets/TW1639_MENS_SIGNATURE_TROUSER/webp/model/TW1639_MENS_SIGNATURE_TROUSER_HERO_FRONT.webp,mens-signature-trouser,black,1
Mens Signature Trouser — TW1639_MENS_SIGNATURE_TROUSER_HERO_BACK.webp,tw1639-tw1639-mens-signature-trouser-hero-back,https://notanother-nz.github.io/total-image-product-assets/assets/TW1639_MENS_SIGNATURE_TROUSER/webp/model/TW1639_MENS_SIGNATURE_TROUSER_HERO_BACK.webp,mens-signature-trouser,black,2
Mens Signature Trouser — TW1639_MENS_SIGNATURE_TROUSER_HERO_CLOSEUP.webp,tw1639-tw1639-mens-signature-trouser-hero-closeup,https://notanother-nz.github.io/total-image-product-assets/assets/TW1639_MENS_SIGNATURE_TROUSER/webp/model/TW1639_MENS_SIGNATURE_TROUSER_HERO_CLOSEUP.webp,mens-signature-trouser,black,3
Mens Signature Trouser — TW1639_MENS_SIGNATURE_TROUSER_HERO_SIDE.webp,tw1639-tw1639-mens-signature-trouser-hero-side,https://notanother-nz.github.io/total-image-product-assets/assets/TW1639_MENS_SIGNATURE_TROUSER/webp/model/TW1639_MENS_SIGNATURE_TROUSER_HERO_SIDE.webp,mens-signature-trouser,black,4
Mens Signature Trouser — TW1639_MENS_SIGNATURE_TROUSER_BLACK_FRONT_VIEW.webp,tw1639-tw1639-mens-signature-trouser-black-front-view,https://notanother-nz.github.io/total-image-product-assets/assets/TW1639_MENS_SIGNATURE_TROUSER/webp/product/TW1639_MENS_SIGNATURE_TROUSER_BLACK_FRONT_VIEW.webp,mens-signature-trouser,black,5
Mens Signature Trouser — TW1639_MENS_SIGNATURE_TROUSER_BLACK_BACK_VIEW.webp,tw1639-tw1639-mens-signature-trouser-black-back-view,https://notanother-nz.github.io/total-image-product-assets/assets/TW1639_MENS_SIGNATURE_TROUSER/webp/product/TW1639_MENS_SIGNATURE_TROUSER_BLACK_BACK_VIEW.webp,mens-signature-trouser,black,6
Mens Signature Shorts — TW1643_MENS_SIGNATURE_SHORTS_HERO_FRONT.webp,tw1643-tw1643-mens-signature-shorts-hero-front,https://notanother-nz.github.io/total-image-product-assets/assets/TW1643_MENS_SIGNATURE_SHORTS/webp/model/TW1643_MENS_SIGNATURE_SHORTS_HERO_FRONT.webp,mens-signature-shorts,black,1
Mens Signature Shorts — TW1643_MENS_SIGNATURE_SHORTS_HERO_BACK.webp,tw1643-tw1643-mens-signature-shorts-hero-back,https://notanother-nz.github.io/total-image-product-assets/assets/TW1643_MENS_SIGNATURE_SHORTS/webp/model/TW1643_MENS_SIGNATURE_SHORTS_HERO_BACK.webp,mens-signature-shorts,black,2
Mens Signature Shorts — TW1643_MENS_SIGNATURE_SHORTS_HERO_CLOSEUP.webp,tw1643-tw1643-mens-signature-shorts-hero-closeup,https://notanother-nz.github.io/total-image-product-assets/assets/TW1643_MENS_SIGNATURE_SHORTS/webp/model/TW1643_MENS_SIGNATURE_SHORTS_HERO_CLOSEUP.webp,mens-signature-shorts,black,3
Mens Signature Shorts — TW1643_MENS_SIGNATURE_SHORTS_HERO_SIDE.webp,tw1643-tw1643-mens-signature-shorts-hero-side,https://notanother-nz.github.io/total-image-product-assets/assets/TW1643_MENS_SIGNATURE_SHORTS/webp/model/TW1643_MENS_SIGNATURE_SHORTS_HERO_SIDE.webp,mens-signature-shorts,black,4
Mens Signature Shorts — TW1643_MENS_SIGNATURE_SHORTS_BLACK_VIEW.webp,tw1643-tw1643-mens-signature-shorts-black-view,https://notanother-nz.github.io/total-image-product-assets/assets/TW1643_MENS_SIGNATURE_SHORTS/webp/product/TW1643_MENS_SIGNATURE_SHORTS_BLACK_VIEW.webp,mens-signature-shorts,black,5
Men's Signature Polo — TW1822_MEN'S_SIGNATURE_POLO_BLACK_HERO_FRONT.webp,tw1822-tw1822-mens-signature-polo-black-hero-front,https://notanother-nz.github.io/total-image-product-assets/assets/TW1822_MEN'S_SIGNATURE_POLO/webp/model/TW1822_MEN'S_SIGNATURE_POLO_BLACK_HERO_FRONT.webp,mens-signature-polo,black,1
Men's Signature Polo — TW1822_MEN'S_SIGNATURE_POLO_BLACK_HERO_BACK.webp,tw1822-tw1822-mens-signature-polo-black-hero-back,https://notanother-nz.github.io/total-image-product-assets/assets/TW1822_MEN'S_SIGNATURE_POLO/webp/model/TW1822_MEN'S_SIGNATURE_POLO_BLACK_HERO_BACK.webp,mens-signature-polo,black,2
Men's Signature Polo — TW1822_MEN'S_SIGNATURE_POLO_BLACK_HERO_CLOSEUP.webp,tw1822-tw1822-mens-signature-polo-black-hero-closeup,https://notanother-nz.github.io/total-image-product-assets/assets/TW1822_MEN'S_SIGNATURE_POLO/webp/model/TW1822_MEN'S_SIGNATURE_POLO_BLACK_HERO_CLOSEUP.webp,mens-signature-polo,black,3
Men's Signature Polo — TW1822_MEN'S_SIGNATURE_POLO_BLACK_HERO_SIDE.webp,tw1822-tw1822-mens-signature-polo-black-hero-side,https://notanother-nz.github.io/total-image-product-assets/assets/TW1822_MEN'S_SIGNATURE_POLO/webp/model/TW1822_MEN'S_SIGNATURE_POLO_BLACK_HERO_SIDE.webp,mens-signature-polo,black,4
Men's Signature Polo — TW1822_MEN'S_SIGNATURE_POLO_BLACK.webp,tw1822-tw1822-mens-signature-polo-black,https://notanother-nz.github.io/total-image-product-assets/assets/TW1822_MEN'S_SIGNATURE_POLO/webp/model/TW1822_MEN'S_SIGNATURE_POLO_BLACK.webp,mens-signature-polo,black,5
Women's Signature Polo — TW1823_WOMEN'S_SIGNATURE_POLO_BLACK_HERO_FRONT.webp,tw1823-tw1823-womens-signature-polo-black-hero-front,https://notanother-nz.github.io/total-image-product-assets/assets/TW1823_WOMEN'S_SIGNATURE_POLO/webp/model/TW1823_WOMEN'S_SIGNATURE_POLO_BLACK_HERO_FRONT.webp,womens-signature-polo,black,1
Women's Signature Polo — TW1823_WOMEN'S_SIGNATURE_POLO_BLACK_HERO_BACK.webp,tw1823-tw1823-womens-signature-polo-black-hero-back,https://notanother-nz.github.io/total-image-product-assets/assets/TW1823_WOMEN'S_SIGNATURE_POLO/webp/model/TW1823_WOMEN'S_SIGNATURE_POLO_BLACK_HERO_BACK.webp,womens-signature-polo,black,2
Women's Signature Polo — TW1823_WOMEN'S_SIGNATURE_POLO_BLACK_HERO_CLOSEUP.webp,tw1823-tw1823-womens-signature-polo-black-hero-closeup,https://notanother-nz.github.io/total-image-product-assets/assets/TW1823_WOMEN'S_SIGNATURE_POLO/webp/model/TW1823_WOMEN'S_SIGNATURE_POLO_BLACK_HERO_CLOSEUP.webp,womens-signature-polo,black,3
Women's Signature Polo — TW1823_WOMEN'S_SIGNATURE_POLO_BLACK_HERO_SIDE.webp,tw1823-tw1823-womens-signature-polo-black-hero-side,https://notanother-nz.github.io/total-image-product-assets/assets/TW1823_WOMEN'S_SIGNATURE_POLO/webp/model/TW1823_WOMEN'S_SIGNATURE_POLO_BLACK_HERO_SIDE.webp,womens-signature-polo,black,4
Women's Signature Polo — TW1823_BLACK.webp,tw1823-tw1823-black,https://notanother-nz.github.io/total-image-product-assets/assets/TW1823_WOMEN'S_SIGNATURE_POLO/webp/model/TW1823_BLACK.webp,womens-signature-polo,black,5
Men's Signature Long Sleeve Polo — TW1824_MEN'S_SIGNATURE_LONG_SLEEVE_POLO_BLACK_HERO_FRONT.webp,tw1824-tw1824-mens-signature-long-sleeve-polo-black-hero-front,https://notanother-nz.github.io/total-image-product-assets/assets/TW1824_MEN'S_SIGNATURE_LONG_SLEEVE_POLO/webp/model/TW1824_MEN'S_SIGNATURE_LONG_SLEEVE_POLO_BLACK_HERO_FRONT.webp,mens-signature-long-sleeve-polo,black,1
Men's Signature Long Sleeve Polo — TW1824_MEN'S_SIGNATURE_LONG_SLEEVE_POLO_BLACK_HERO_CLOSEUP.webp,tw1824-tw1824-mens-signature-long-sleeve-polo-black-hero-closeup,https://notanother-nz.github.io/total-image-product-assets/assets/TW1824_MEN'S_SIGNATURE_LONG_SLEEVE_POLO/webp/model/TW1824_MEN'S_SIGNATURE_LONG_SLEEVE_POLO_BLACK_HERO_CLOSEUP.webp,mens-signature-long-sleeve-polo,black,2
Men's Signature Long Sleeve Polo — TW1824_MEN'S_SIGNATURE_LONG_SLEEVE_POLO_BLACK_HERO_SIDE.webp,tw1824-tw1824-mens-signature-long-sleeve-polo-black-hero-side,https://notanother-nz.github.io/total-image-product-assets/assets/TW1824_MEN'S_SIGNATURE_LONG_SLEEVE_POLO/webp/model/TW1824_MEN'S_SIGNATURE_LONG_SLEEVE_POLO_BLACK_HERO_SIDE.webp,mens-signature-long-sleeve-polo,black,3
Men's Signature Long Sleeve Polo — TW1824_BLACK.webp,tw1824-tw1824-black,https://notanother-nz.github.io/total-image-product-assets/assets/TW1824_MEN'S_SIGNATURE_LONG_SLEEVE_POLO/webp/model/TW1824_BLACK.webp,mens-signature-long-sleeve-polo,black,4
Men's Signature Long Sleeve Polo — TW1824_MEN'S_SIGNATURE_LONG_SLEEVE_POLO_BLACK_HERO_BLACK.webp,tw1824-tw1824-mens-signature-long-sleeve-polo-black-hero-black,https://notanother-nz.github.io/total-image-product-assets/assets/TW1824_MEN'S_SIGNATURE_LONG_SLEEVE_POLO/webp/model/TW1824_MEN'S_SIGNATURE_LONG_SLEEVE_POLO_BLACK_HERO_BLACK.webp,mens-signature-long-sleeve-polo,black,5
Women's Signature Long Sleeve Polo — E-commerce_Catalogue_In_a_minimalist_photographic_style_the_back_view_OlWY_-cA.webp,tw1825-e-commerce-catalogue-in-a-minimalist-photographic-style-the-back-view-olwy-ca,https://notanother-nz.github.io/total-image-product-assets/assets/TW1825_WOMEN'S_SIGNATURE_LONG_SLEEVE_POLO/webp/model/E-commerce_Catalogue_In_a_minimalist_photographic_style_the_back_view_OlWY_-cA.webp,womens-signature-long-sleeve-polo,,1
Women's Signature Long Sleeve Polo — E-commerce_Catalogue_A_woman_with_dark_curly_hair_and_brown_eyes_is_YQyab2L3.webp,tw1825-e-commerce-catalogue-a-woman-with-dark-curly-hair-and-brown-eyes-is-yqyab2l3,https://notanother-nz.github.io/total-image-product-assets/assets/TW1825_WOMEN'S_SIGNATURE_LONG_SLEEVE_POLO/webp/model/E-commerce_Catalogue_A_woman_with_dark_curly_hair_and_brown_eyes_is_YQyab2L3.webp,womens-signature-long-sleeve-polo,brown,2
Women's Signature Long Sleeve Polo — E-commerce_Catalogue_In_a_studio_photography_style_a_woman_with_dark_mmOK_jUb.webp,tw1825-e-commerce-catalogue-in-a-studio-photography-style-a-woman-with-dark-mmok-jub,https://notanother-nz.github.io/total-image-product-assets/assets/TW1825_WOMEN'S_SIGNATURE_LONG_SLEEVE_POLO/webp/model/E-commerce_Catalogue_In_a_studio_photography_style_a_woman_with_dark_mmOK_jUb.webp,womens-signature-long-sleeve-polo,,3
Women's Signature Long Sleeve Polo — TW1825_BLACK.webp,tw1825-tw1825-black,https://notanother-nz.github.io/total-image-product-assets/assets/TW1825_WOMEN'S_SIGNATURE_LONG_SLEEVE_POLO/webp/model/TW1825_BLACK.webp,womens-signature-long-sleeve-polo,black,4
Women's Signature Long Sleeve Polo — TW1825_WOMEN'S_SIGNATURE_LONG_SLEEVE_POLO_CLOSEUP.webp,tw1825-tw1825-womens-signature-long-sleeve-polo-closeup,https://notanother-nz.github.io/total-image-product-assets/assets/TW1825_WOMEN'S_SIGNATURE_LONG_SLEEVE_POLO/webp/model/TW1825_WOMEN'S_SIGNATURE_LONG_SLEEVE_POLO_CLOSEUP.webp,womens-signature-long-sleeve-polo,,5
Women's Crew Pullover — TW1826_WOMENS_CREW_PULLOVER_FRONT.webp,tw1826-tw1826-womens-crew-pullover-front,https://notanother-nz.github.io/total-image-product-assets/assets/TW1826_WOMENS_CREW_PULLOVER/webp/model/TW1826_WOMENS_CREW_PULLOVER_FRONT.webp,womens-crew-pullover,,1
Women's Crew Pullover — TW1826_WOMENS_CREW_PULLOVER_BACK.webp,tw1826-tw1826-womens-crew-pullover-back,https://notanother-nz.github.io/total-image-product-assets/assets/TW1826_WOMENS_CREW_PULLOVER/webp/model/TW1826_WOMENS_CREW_PULLOVER_BACK.webp,womens-crew-pullover,,2
Women's Crew Pullover — TW1826_WOMENS_CREW_PULLOVER_SIDE.webp,tw1826-tw1826-womens-crew-pullover-side,https://notanother-nz.github.io/total-image-product-assets/assets/TW1826_WOMENS_CREW_PULLOVER/webp/model/TW1826_WOMENS_CREW_PULLOVER_SIDE.webp,womens-crew-pullover,,3
Women's Crew Pullover — TW1826_WOMENS_CREW_PULLOVER_CLOSEUP.webp,tw1826-tw1826-womens-crew-pullover-closeup,https://notanother-nz.github.io/total-image-product-assets/assets/TW1826_WOMENS_CREW_PULLOVER/webp/model/TW1826_WOMENS_CREW_PULLOVER_CLOSEUP.webp,womens-crew-pullover,,4
Women's Crew Pullover — TW1826_WOMENS_CREW_PULLOVER_BLACK_VIEW.webp,tw1826-tw1826-womens-crew-pullover-black-view,https://notanother-nz.github.io/total-image-product-assets/assets/TW1826_WOMENS_CREW_PULLOVER/webp/product/TW1826_WOMENS_CREW_PULLOVER_BLACK_VIEW.webp,womens-crew-pullover,black,5
Women's Crew Pullover — TW1826_WOMENS_CREW_PULLOVER_NAVY_VIEW.webp,tw1826-tw1826-womens-crew-pullover-navy-view,https://notanother-nz.github.io/total-image-product-assets/assets/TW1826_WOMENS_CREW_PULLOVER/webp/product/TW1826_WOMENS_CREW_PULLOVER_NAVY_VIEW.webp,womens-crew-pullover,navy,6
Men's Crew Pullover — TW1827_MEN'S_CREW_PULLOVER_HERO_FRONT.webp,tw1827-tw1827-mens-crew-pullover-hero-front,https://notanother-nz.github.io/total-image-product-assets/assets/TW1827_MEN'S_CREW_PULLOVER/webp/model/TW1827_MEN'S_CREW_PULLOVER_HERO_FRONT.webp,mens-crew-pullover,,1
Men's Crew Pullover — TW1827_MENS_CREW_PULLOVER_BLACK_HERO_FRONT.webp,tw1827-tw1827-mens-crew-pullover-black-hero-front,https://notanother-nz.github.io/total-image-product-assets/assets/TW1827_MEN'S_CREW_PULLOVER/webp/model/TW1827_MENS_CREW_PULLOVER_BLACK_HERO_FRONT.webp,mens-crew-pullover,black,2
Men's Crew Pullover — TW1827_MENS_CREW_PULLOVER_BLACK_HERO_BACK.webp,tw1827-tw1827-mens-crew-pullover-black-hero-back,https://notanother-nz.github.io/total-image-product-assets/assets/TW1827_MEN'S_CREW_PULLOVER/webp/model/TW1827_MENS_CREW_PULLOVER_BLACK_HERO_BACK.webp,mens-crew-pullover,black,3
Men's Crew Pullover — TW1827_MEN'S_CREW_PULLOVER_HERO_CLOSEUP.webp,tw1827-tw1827-mens-crew-pullover-hero-closeup,https://notanother-nz.github.io/total-image-product-assets/assets/TW1827_MEN'S_CREW_PULLOVER/webp/model/TW1827_MEN'S_CREW_PULLOVER_HERO_CLOSEUP.webp,mens-crew-pullover,,4
Men's Crew Pullover — TW1827_MEN'S_CREW_PULLOVER_HERO_SIDE.webp,tw1827-tw1827-mens-crew-pullover-hero-side,https://notanother-nz.github.io/total-image-product-assets/assets/TW1827_MEN'S_CREW_PULLOVER/webp/model/TW1827_MEN'S_CREW_PULLOVER_HERO_SIDE.webp,mens-crew-pullover,,5
Men's Crew Pullover — TW1827_MENS_CREW_PULLOVER_BLACK_HERO_SIDE.webp,tw1827-tw1827-mens-crew-pullover-black-hero-side,https://notanother-nz.github.io/total-image-product-assets/assets/TW1827_MEN'S_CREW_PULLOVER/webp/model/TW1827_MENS_CREW_PULLOVER_BLACK_HERO_SIDE.webp,mens-crew-pullover,black,6
Men's Crew Pullover — TW1827_MEN'S_CREW_PULLOVER_BLACK.webp,tw1827-tw1827-mens-crew-pullover-black,https://notanother-nz.github.io/total-image-product-assets/assets/TW1827_MEN'S_CREW_PULLOVER/webp/model/TW1827_MEN'S_CREW_PULLOVER_BLACK.webp,mens-crew-pullover,black,7
Men's Crew Pullover — TW1827_MEN'S_CREW_PULLOVER_HERO_BLACK.webp,tw1827-tw1827-mens-crew-pullover-hero-black,https://notanother-nz.github.io/total-image-product-assets/assets/TW1827_MEN'S_CREW_PULLOVER/webp/model/TW1827_MEN'S_CREW_PULLOVER_HERO_BLACK.webp,mens-crew-pullover,black,8
Men's Crew Pullover — TW1827_MENS_CREW_PULLOVER_BLACK_HERO_COLSEUP.webp,tw1827-tw1827-mens-crew-pullover-black-hero-colseup,https://notanother-nz.github.io/total-image-product-assets/assets/TW1827_MEN'S_CREW_PULLOVER/webp/model/TW1827_MENS_CREW_PULLOVER_BLACK_HERO_COLSEUP.webp,mens-crew-pullover,black,9
Men's Crew Pullover — TW1827_MENS_CREW_PULLOVER_BLACK.webp,tw1827-tw1827-mens-crew-pullover-black,https://notanother-nz.github.io/total-image-product-assets/assets/TW1827_MEN'S_CREW_PULLOVER/webp/model/TW1827_MENS_CREW_PULLOVER_BLACK.webp,mens-crew-pullover,black,10
Men's Crew Pullover — TW1827_MENS_CREW_PULLOVER_NAVY.webp,tw1827-tw1827-mens-crew-pullover-navy,https://notanother-nz.github.io/total-image-product-assets/assets/TW1827_MEN'S_CREW_PULLOVER/webp/model/TW1827_MENS_CREW_PULLOVER_NAVY.webp,mens-crew-pullover,navy,11
MEN'S_1-4_ZIP_PULLOVER — TW1828_MEN'S_1_4_ZIP_PULLOVER_BLACK_HERO_FRONT.webp,tw1828-tw1828-mens-1-4-zip-pullover-black-hero-front,https://notanother-nz.github.io/total-image-product-assets/assets/TW1828_MEN'S_1-4_ZIP_PULLOVER/webp/model/TW1828_MEN'S_1_4_ZIP_PULLOVER_BLACK_HERO_FRONT.webp,mens-1-4-zip-pullover,black,1
MEN'S_1-4_ZIP_PULLOVER — TW1828_MEN'S_1-4_ZIP_PULLOVER_NAVY_HERO_FRONT.webp,tw1828-tw1828-mens-1-4-zip-pullover-navy-hero-front,https://notanother-nz.github.io/total-image-product-assets/assets/TW1828_MEN'S_1-4_ZIP_PULLOVER/webp/model/TW1828_MEN'S_1-4_ZIP_PULLOVER_NAVY_HERO_FRONT.webp,mens-1-4-zip-pullover,navy,2
MEN'S_1-4_ZIP_PULLOVER — TW1828_MEN'S_1_4_ZIP_PULLOVER_BLACK_HERO_BACK.webp,tw1828-tw1828-mens-1-4-zip-pullover-black-hero-back,https://notanother-nz.github.io/total-image-product-assets/assets/TW1828_MEN'S_1-4_ZIP_PULLOVER/webp/model/TW1828_MEN'S_1_4_ZIP_PULLOVER_BLACK_HERO_BACK.webp,mens-1-4-zip-pullover,black,3
MEN'S_1-4_ZIP_PULLOVER — TW1828_MEN'S_1_4_ZIP_PULLOVER_BLACK_HERO_CLOSEUP.webp,tw1828-tw1828-mens-1-4-zip-pullover-black-hero-closeup,https://notanother-nz.github.io/total-image-product-assets/assets/TW1828_MEN'S_1-4_ZIP_PULLOVER/webp/model/TW1828_MEN'S_1_4_ZIP_PULLOVER_BLACK_HERO_CLOSEUP.webp,mens-1-4-zip-pullover,black,4
MEN'S_1-4_ZIP_PULLOVER — TW1828_MEN'S_1-4_ZIP_PULLOVER_NAVY_HERO_CLOSEUP.webp,tw1828-tw1828-mens-1-4-zip-pullover-navy-hero-closeup,https://notanother-nz.github.io/total-image-product-assets/assets/TW1828_MEN'S_1-4_ZIP_PULLOVER/webp/model/TW1828_MEN'S_1-4_ZIP_PULLOVER_NAVY_HERO_CLOSEUP.webp,mens-1-4-zip-pullover,navy,5
MEN'S_1-4_ZIP_PULLOVER — TW1828_MEN'S_1_4_ZIP_PULLOVER_BLACK_HERO_SIDE.webp,tw1828-tw1828-mens-1-4-zip-pullover-black-hero-side,https://notanother-nz.github.io/total-image-product-assets/assets/TW1828_MEN'S_1-4_ZIP_PULLOVER/webp/model/TW1828_MEN'S_1_4_ZIP_PULLOVER_BLACK_HERO_SIDE.webp,mens-1-4-zip-pullover,black,6
MEN'S_1-4_ZIP_PULLOVER — TW1828_MEN'S_1-4_ZIP_PULLOVER_NAVY_HERO_SIDE.webp,tw1828-tw1828-mens-1-4-zip-pullover-navy-hero-side,https://notanother-nz.github.io/total-image-product-assets/assets/TW1828_MEN'S_1-4_ZIP_PULLOVER/webp/model/TW1828_MEN'S_1-4_ZIP_PULLOVER_NAVY_HERO_SIDE.webp,mens-1-4-zip-pullover,navy,7
MEN'S_1-4_ZIP_PULLOVER — TW1828_NAVY.webp,tw1828-tw1828-navy,https://notanother-nz.github.io/total-image-product-assets/assets/TW1828_MEN'S_1-4_ZIP_PULLOVER/webp/model/TW1828_NAVY.webp,mens-1-4-zip-pullover,navy,8
Women's Signature Cardiagn — TW1829_WOMEN'S_SIGNATURE_CARDIAGN_NAVY_HERO_FRONT.webp,tw1829-tw1829-womens-signature-cardiagn-navy-hero-front,https://notanother-nz.github.io/total-image-product-assets/assets/TW1829_WOMEN'S_SIGNATURE_CARDIAGN/webp/model/TW1829_WOMEN'S_SIGNATURE_CARDIAGN_NAVY_HERO_FRONT.webp,womens-signature-cardiagn,navy,1
Women's Signature Cardiagn — TW1829_WOMEN'S_SIGNATURE_CARDIAGN_NAVY_HERO_BACK.webp,tw1829-tw1829-womens-signature-cardiagn-navy-hero-back,https://notanother-nz.github.io/total-image-product-assets/assets/TW1829_WOMEN'S_SIGNATURE_CARDIAGN/webp/model/TW1829_WOMEN'S_SIGNATURE_CARDIAGN_NAVY_HERO_BACK.webp,womens-signature-cardiagn,navy,2
Women's Signature Cardiagn — TW1829_WOMEN'S_SIGNATURE_CARDIAGN_NAVY_HERO_CLOSEUP.webp,tw1829-tw1829-womens-signature-cardiagn-navy-hero-closeup,https://notanother-nz.github.io/total-image-product-assets/assets/TW1829_WOMEN'S_SIGNATURE_CARDIAGN/webp/model/TW1829_WOMEN'S_SIGNATURE_CARDIAGN_NAVY_HERO_CLOSEUP.webp,womens-signature-cardiagn,navy,3
Women's Signature Cardiagn — TW1829_WOMEN'S_SIGNATURE_CARDIAGN_NAVY_HERO_SIDE.webp,tw1829-tw1829-womens-signature-cardiagn-navy-hero-side,https://notanother-nz.github.io/total-image-product-assets/assets/TW1829_WOMEN'S_SIGNATURE_CARDIAGN/webp/model/TW1829_WOMEN'S_SIGNATURE_CARDIAGN_NAVY_HERO_SIDE.webp,womens-signature-cardiagn,navy,4
Women's Signature Cardiagn — TW1829_NAVY.webp,tw1829-tw1829-navy,https://notanother-nz.github.io/total-image-product-assets/assets/TW1829_WOMEN'S_SIGNATURE_CARDIAGN/webp/model/TW1829_NAVY.webp,womens-signature-cardiagn,navy,5
Ladies Signature Trouser — TW1838_LADIES_SIGNATURE_TROUSER_HERO_FRONT.webp,tw1838-tw1838-ladies-signature-trouser-hero-front,https://notanother-nz.github.io/total-image-product-assets/assets/TW1838_LADIES_SIGNATURE_TROUSER/webp/model/TW1838_LADIES_SIGNATURE_TROUSER_HERO_FRONT.webp,ladies-signature-trouser,black,1
Ladies Signature Trouser — TW1838_LADIES_SIGNATURE_TROUSER_HERO_BACK.webp,tw1838-tw1838-ladies-signature-trouser-hero-back,https://notanother-nz.github.io/total-image-product-assets/assets/TW1838_LADIES_SIGNATURE_TROUSER/webp/model/TW1838_LADIES_SIGNATURE_TROUSER_HERO_BACK.webp,ladies-signature-trouser,black,2
Ladies Signature Trouser — TW1838_LADIES_SIGNATURE_TROUSER_HERO_CLOSEUP.webp,tw1838-tw1838-ladies-signature-trouser-hero-closeup,https://notanother-nz.github.io/total-image-product-assets/assets/TW1838_LADIES_SIGNATURE_TROUSER/webp/model/TW1838_LADIES_SIGNATURE_TROUSER_HERO_CLOSEUP.webp,ladies-signature-trouser,black,3
Ladies Signature Trouser — TW1838_LADIES_SIGNATURE_TROUSER_HERO_SIDE.webp,tw1838-tw1838-ladies-signature-trouser-hero-side,https://notanother-nz.github.io/total-image-product-assets/assets/TW1838_LADIES_SIGNATURE_TROUSER/webp/model/TW1838_LADIES_SIGNATURE_TROUSER_HERO_SIDE.webp,ladies-signature-trouser,black,4
Ladies Signature Trouser — TW1838_LADIES_SIGNATURE_TROUSER_BLACK_VIEW.webp,tw1838-tw1838-ladies-signature-trouser-black-view,https://notanother-nz.github.io/total-image-product-assets/assets/TW1838_LADIES_SIGNATURE_TROUSER/webp/product/TW1838_LADIES_SIGNATURE_TROUSER_BLACK_VIEW.webp,ladies-signature-trouser,black,5
SIGNATURE_HOODIE — TW1919_SIGNATURE_HOODIE_BLACK_HERO_FRONT.webp,tw1919-tw1919-signature-hoodie-black-hero-front,https://notanother-nz.github.io/total-image-product-assets/assets/TW1919_SIGNATURE_HOODIE/webp/model/TW1919_SIGNATURE_HOODIE_BLACK_HERO_FRONT.webp,signature-hoodie,black,1
SIGNATURE_HOODIE — TW1919_SIGNATURE_HOODIE_BLACK_HERO_BACK.webp,tw1919-tw1919-signature-hoodie-black-hero-back,https://notanother-nz.github.io/total-image-product-assets/assets/TW1919_SIGNATURE_HOODIE/webp/model/TW1919_SIGNATURE_HOODIE_BLACK_HERO_BACK.webp,signature-hoodie,black,2
SIGNATURE_HOODIE — TW1919_SIGNATURE_HOODIE_BLACK_HERO_CLOSEUP.webp,tw1919-tw1919-signature-hoodie-black-hero-closeup,https://notanother-nz.github.io/total-image-product-assets/assets/TW1919_SIGNATURE_HOODIE/webp/model/TW1919_SIGNATURE_HOODIE_BLACK_HERO_CLOSEUP.webp,signature-hoodie,black,3
SIGNATURE_HOODIE — TW1919_SIGNATURE_HOODIE_BLACK_HERO_SIDE.webp,tw1919-tw1919-signature-hoodie-black-hero-side,https://notanother-nz.github.io/total-image-product-assets/assets/TW1919_SIGNATURE_HOODIE/webp/model/TW1919_SIGNATURE_HOODIE_BLACK_HERO_SIDE.webp,signature-hoodie,black,4
SIGNATURE_HOODIE — TW1919_SIGNATURE_HOODIE_BLACK_HERO_PLUSE_MALE_FRONT.webp,tw1919-tw1919-signature-hoodie-black-hero-pluse-male-front,https://notanother-nz.github.io/total-image-product-assets/assets/TW1919_SIGNATURE_HOODIE/webp/model/TW1919_SIGNATURE_HOODIE_BLACK_HERO_PLUSE_MALE_FRONT.webp,signature-hoodie,black,5
SIGNATURE_HOODIE — TW1919_SIGNATURE_HOODIE_BLACK_HERO_PLUSE_MALE_BACK.webp,tw1919-tw1919-signature-hoodie-black-hero-pluse-male-back,https://notanother-nz.github.io/total-image-product-assets/assets/TW1919_SIGNATURE_HOODIE/webp/model/TW1919_SIGNATURE_HOODIE_BLACK_HERO_PLUSE_MALE_BACK.webp,signature-hoodie,black,6
SIGNATURE_HOODIE — TW1919_SIGNATURE_HOODIE_BLACK_HERO_PLUSE_MALE_SIDE.webp,tw1919-tw1919-signature-hoodie-black-hero-pluse-male-side,https://notanother-nz.github.io/total-image-product-assets/assets/TW1919_SIGNATURE_HOODIE/webp/model/TW1919_SIGNATURE_HOODIE_BLACK_HERO_PLUSE_MALE_SIDE.webp,signature-hoodie,black,7
SIGNATURE_HOODIE — TW1919_SIGNATURE_HOODIE_BLACK_HERO_PLUSE_MALE_CLOSEUP.webp,tw1919-tw1919-signature-hoodie-black-hero-pluse-male-closeup,https://notanother-nz.github.io/total-image-product-assets/assets/TW1919_SIGNATURE_HOODIE/webp/model/TW1919_SIGNATURE_HOODIE_BLACK_HERO_PLUSE_MALE_CLOSEUP.webp,signature-hoodie,black,8
SIGNATURE_HOODIE — TW1919_BLACK_FRONT.webp,tw1919-tw1919-black-front,https://notanother-nz.github.io/total-image-product-assets/assets/TW1919_SIGNATURE_HOODIE/webp/product/TW1919_BLACK_FRONT.webp,signature-hoodie,black,9
SIGNATURE_HOODIE — TW1919_BLACK_BACK.webp,tw1919-tw1919-black-back,https://notanother-nz.github.io/total-image-product-assets/assets/TW1919_SIGNATURE_HOODIE/webp/product/TW1919_BLACK_BACK.webp,signature-hoodie,black,10
Men’s Miller Long Sleeve Shirt — W44_MEN’S_MILLER_LONG_SLEEVE_SHIRT_BLACK_WHITE_HERO_FRONT.webp,w44-w44-mens-miller-long-sleeve-shirt-black-white-hero-front,https://notanother-nz.github.io/total-image-product-assets/assets/W44_MEN%E2%80%99S_MILLER_LONG_SLEEVE_SHIRT/webp/model/W44_MEN%E2%80%99S_MILLER_LONG_SLEEVE_SHIRT_BLACK_WHITE_HERO_FRONT.webp,mens-miller-long-sleeve-shirt,black-white,1
Men’s Miller Long Sleeve Shirt — W44_MEN’S_MILLER_LONG_SLEEVE_SHIRT_BLACK_WHITE_HERO_BACK.webp,w44-w44-mens-miller-long-sleeve-shirt-black-white-hero-back,https://notanother-nz.github.io/total-image-product-assets/assets/W44_MEN%E2%80%99S_MILLER_LONG_SLEEVE_SHIRT/webp/model/W44_MEN%E2%80%99S_MILLER_LONG_SLEEVE_SHIRT_BLACK_WHITE_HERO_BACK.webp,mens-miller-long-sleeve-shirt,black-white,2
Men’s Miller Long Sleeve Shirt — W44_MEN’S_MILLER_LONG_SLEEVE_SHIRT_BLACK_WHITE_HERO_CLOSEUP.webp,w44-w44-mens-miller-long-sleeve-shirt-black-white-hero-closeup,https://notanother-nz.github.io/total-image-product-assets/assets/W44_MEN%E2%80%99S_MILLER_LONG_SLEEVE_SHIRT/webp/model/W44_MEN%E2%80%99S_MILLER_LONG_SLEEVE_SHIRT_BLACK_WHITE_HERO_CLOSEUP.webp,mens-miller-long-sleeve-shirt,black-white,3
Men’s Miller Long Sleeve Shirt — W44_MEN’S_MILLER_LONG_SLEEVE_SHIRT_BLACK_WHITE_HERO_SIDE.webp,w44-w44-mens-miller-long-sleeve-shirt-black-white-hero-side,https://notanother-nz.github.io/total-image-product-assets/assets/W44_MEN%E2%80%99S_MILLER_LONG_SLEEVE_SHIRT/webp/model/W44_MEN%E2%80%99S_MILLER_LONG_SLEEVE_SHIRT_BLACK_WHITE_HERO_SIDE.webp,mens-miller-long-sleeve-shirt,black-white,4
Men’s Miller Long Sleeve Shirt — W44_MEN’S_MILLER_LONG_SLEEVE_SHIRT_BLACK_WHITE_FRONT.webp,w44-w44-mens-miller-long-sleeve-shirt-black-white-front,https://notanother-nz.github.io/total-image-product-assets/assets/W44_MEN%E2%80%99S_MILLER_LONG_SLEEVE_SHIRT/webp/product/W44_MEN%E2%80%99S_MILLER_LONG_SLEEVE_SHIRT_BLACK_WHITE_FRONT.webp,mens-miller-long-sleeve-shirt,black-white,5
Men’s Miller Long Sleeve Shirt — W44_MEN’S_MILLER_LONG_SLEEVE_SHIRT_GREEN_WHITE_FRONT.webp,w44-w44-mens-miller-long-sleeve-shirt-green-white-front,https://notanother-nz.github.io/total-image-product-assets/assets/W44_MEN%E2%80%99S_MILLER_LONG_SLEEVE_SHIRT/webp/product/W44_MEN%E2%80%99S_MILLER_LONG_SLEEVE_SHIRT_GREEN_WHITE_FRONT.webp,mens-miller-long-sleeve-shirt,green-white,6
Men’s Miller Long Sleeve Shirt — W44_MEN’S_MILLER_LONG_SLEEVE_SHIRT_NAVY_WHITE_FRONT.webp,w44-w44-mens-miller-long-sleeve-shirt-navy-white-front,https://notanother-nz.github.io/total-image-product-assets/assets/W44_MEN%E2%80%99S_MILLER_LONG_SLEEVE_SHIRT/webp/product/W44_MEN%E2%80%99S_MILLER_LONG_SLEEVE_SHIRT_NAVY_WHITE_FRONT.webp,mens-miller-long-sleeve-shirt,navy-white,7
Men’s Miller Long Sleeve Shirt — W44_MEN’S_MILLER_LONG_SLEEVE_SHIRT_RED_WHITE_FRONT.webp,w44-w44-mens-miller-long-sleeve-shirt-red-white-front,https://notanother-nz.github.io/total-image-product-assets/assets/W44_MEN%E2%80%99S_MILLER_LONG_SLEEVE_SHIRT/webp/product/W44_MEN%E2%80%99S_MILLER_LONG_SLEEVE_SHIRT_RED_WHITE_FRONT.webp,mens-miller-long-sleeve-shirt,red-white,8
Men’s Miller Long Sleeve Shirt — W44_MEN’S_MILLER_LONG_SLEEVE_SHIRT_SKY_BLUE_FRONT.webp,w44-w44-mens-miller-long-sleeve-shirt-sky-blue-front,https://notanother-nz.github.io/total-image-product-assets/assets/W44_MEN%E2%80%99S_MILLER_LONG_SLEEVE_SHIRT/webp/product/W44_MEN%E2%80%99S_MILLER_LONG_SLEEVE_SHIRT_SKY_BLUE_FRONT.webp,mens-miller-long-sleeve-shirt,sky-blue,9
Ladies Miller Long Sleeve Shirt — W45_LADIES_MILLER_LONG_SLEEVE_SHIRT_BLACKWHITE_HERO_FRONT.webp,w45-w45-ladies-miller-long-sleeve-shirt-blackwhite-hero-front,https://notanother-nz.github.io/total-image-product-assets/assets/W45_LADIES_MILLER_LONG_SLEEVE_SHIRT/webp/model/W45_LADIES_MILLER_LONG_SLEEVE_SHIRT_BLACKWHITE_HERO_FRONT.webp,ladies-miller-long-sleeve-shirt,black-white,1
Ladies Miller Long Sleeve Shirt — W45_LADIES_MILLER_LONG_SLEEVE_SHIRT_BLACKWHITE_HERO_BACK.webp,w45-w45-ladies-miller-long-sleeve-shirt-blackwhite-hero-back,https://notanother-nz.github.io/total-image-product-assets/assets/W45_LADIES_MILLER_LONG_SLEEVE_SHIRT/webp/model/W45_LADIES_MILLER_LONG_SLEEVE_SHIRT_BLACKWHITE_HERO_BACK.webp,ladies-miller-long-sleeve-shirt,black-white,2
Ladies Miller Long Sleeve Shirt — W45_LADIES_MILLER_LONG_SLEEVE_SHIRT_BLACKWHITE_HERO_CLOSEUP.webp,w45-w45-ladies-miller-long-sleeve-shirt-blackwhite-hero-closeup,https://notanother-nz.github.io/total-image-product-assets/assets/W45_LADIES_MILLER_LONG_SLEEVE_SHIRT/webp/model/W45_LADIES_MILLER_LONG_SLEEVE_SHIRT_BLACKWHITE_HERO_CLOSEUP.webp,ladies-miller-long-sleeve-shirt,black-white,3
Ladies Miller Long Sleeve Shirt — W45_LADIES_MILLER_LONG_SLEEVE_SHIRT_BLACKWHITE_HERO_SIDE.webp,w45-w45-ladies-miller-long-sleeve-shirt-blackwhite-hero-side,https://notanother-nz.github.io/total-image-product-assets/assets/W45_LADIES_MILLER_LONG_SLEEVE_SHIRT/webp/model/W45_LADIES_MILLER_LONG_SLEEVE_SHIRT_BLACKWHITE_HERO_SIDE.webp,ladies-miller-long-sleeve-shirt,black-white,4
Ladies Miller Long Sleeve Shirt — W45_LADIES_MILLER_LONG_SLEEVE_SHIRT_BLACKWHITE_FRONT.webp,w45-w45-ladies-miller-long-sleeve-shirt-blackwhite-front,https://notanother-nz.github.io/total-image-product-assets/assets/W45_LADIES_MILLER_LONG_SLEEVE_SHIRT/webp/product/W45_LADIES_MILLER_LONG_SLEEVE_SHIRT_BLACKWHITE_FRONT.webp,ladies-miller-long-sleeve-shirt,black-white,5
Ladies Miller Long Sleeve Shirt — W45_LADIES_MILLER_LONG_SLEEVE_SHIRT_NAVY_WHITE_FRONT.webp,w45-w45-ladies-miller-long-sleeve-shirt-navy-white-front,https://notanother-nz.github.io/total-image-product-assets/assets/W45_LADIES_MILLER_LONG_SLEEVE_SHIRT/webp/product/W45_LADIES_MILLER_LONG_SLEEVE_SHIRT_NAVY_WHITE_FRONT.webp,ladies-miller-long-sleeve-shirt,navy-white,6
Ladies Miller Long Sleeve Shirt — W45_LADIES_MILLER_LONG_SLEEVE_SHIRT_RACING_GREEN_WHITE_FRONT.webp,w45-w45-ladies-miller-long-sleeve-shirt-racing-green-white-front,https://notanother-nz.github.io/total-image-product-assets/assets/W45_LADIES_MILLER_LONG_SLEEVE_SHIRT/webp/product/W45_LADIES_MILLER_LONG_SLEEVE_SHIRT_RACING_GREEN_WHITE_FRONT.webp,ladies-miller-long-sleeve-shirt,racing-green-white,7
Ladies Miller Long Sleeve Shirt — W45_LADIES_MILLER_LONG_SLEEVE_SHIRT_RED_WHITE_FRONT.webp,w45-w45-ladies-miller-long-sleeve-shirt-red-white-front,https://notanother-nz.github.io/total-image-product-assets/assets/W45_LADIES_MILLER_LONG_SLEEVE_SHIRT/webp/product/W45_LADIES_MILLER_LONG_SLEEVE_SHIRT_RED_WHITE_FRONT.webp,ladies-miller-long-sleeve-shirt,red-white,8
Ladies Miller Long Sleeve Shirt — W45_LADIES_MILLER_LONG_SLEEVE_SKY_WHITE_FRONT.webp,w45-w45-ladies-miller-long-sleeve-sky-white-front,https://notanother-nz.github.io/total-image-product-assets/assets/W45_LADIES_MILLER_LONG_SLEEVE_SHIRT/webp/product/W45_LADIES_MILLER_LONG_SLEEVE_SKY_WHITE_FRONT.webp,ladies-miller-long-sleeve-shirt,sky-white,9
Men’s Miller Short Sleeve Shirt — W46_MEN’S_MILLER_SHORT_SLEEVE_SHIRT_BLACK_WHITE_HERO_FRONT.webp,w46-w46-mens-miller-short-sleeve-shirt-black-white-hero-front,https://notanother-nz.github.io/total-image-product-assets/assets/W46_MEN%E2%80%99S_MILLER_SHORT_SLEEVE_SHIRT/webp/model/W46_MEN%E2%80%99S_MILLER_SHORT_SLEEVE_SHIRT_BLACK_WHITE_HERO_FRONT.webp,mens-miller-short-sleeve-shirt,black-white,1
Men’s Miller Short Sleeve Shirt — W46_MEN’S_MILLER_SHORT_SLEEVE_SHIRT_BLACK_WHITE_HERO_BACK.webp,w46-w46-mens-miller-short-sleeve-shirt-black-white-hero-back,https://notanother-nz.github.io/total-image-product-assets/assets/W46_MEN%E2%80%99S_MILLER_SHORT_SLEEVE_SHIRT/webp/model/W46_MEN%E2%80%99S_MILLER_SHORT_SLEEVE_SHIRT_BLACK_WHITE_HERO_BACK.webp,mens-miller-short-sleeve-shirt,black-white,2
Men’s Miller Short Sleeve Shirt — W46_MEN’S_MILLER_SHORT_SLEEVE_SHIRT_BLACK_WHITE_HERO_CLOSEUP.webp,w46-w46-mens-miller-short-sleeve-shirt-black-white-hero-closeup,https://notanother-nz.github.io/total-image-product-assets/assets/W46_MEN%E2%80%99S_MILLER_SHORT_SLEEVE_SHIRT/webp/model/W46_MEN%E2%80%99S_MILLER_SHORT_SLEEVE_SHIRT_BLACK_WHITE_HERO_CLOSEUP.webp,mens-miller-short-sleeve-shirt,black-white,3
Men’s Miller Short Sleeve Shirt — W46_MEN’S_MILLER_SHORT_SLEEVE_SHIRT_BLACK_WHITE_HERO_SIDE.webp,w46-w46-mens-miller-short-sleeve-shirt-black-white-hero-side,https://notanother-nz.github.io/total-image-product-assets/assets/W46_MEN%E2%80%99S_MILLER_SHORT_SLEEVE_SHIRT/webp/model/W46_MEN%E2%80%99S_MILLER_SHORT_SLEEVE_SHIRT_BLACK_WHITE_HERO_SIDE.webp,mens-miller-short-sleeve-shirt,black-white,4
Men’s Miller Short Sleeve Shirt — W46_MEN’S_MILLER_SHORT_SLEEVE_SHIRT_BLACK_WHITE_FRONT.webp,w46-w46-mens-miller-short-sleeve-shirt-black-white-front,https://notanother-nz.github.io/total-image-product-assets/assets/W46_MEN%E2%80%99S_MILLER_SHORT_SLEEVE_SHIRT/webp/product/W46_MEN%E2%80%99S_MILLER_SHORT_SLEEVE_SHIRT_BLACK_WHITE_FRONT.webp,mens-miller-short-sleeve-shirt,black-white,5
Men’s Miller Short Sleeve Shirt — W46_MEN’S_MILLER_SHORT_SLEEVE_SHIRT_GREEN_WHITE_FRONT.webp,w46-w46-mens-miller-short-sleeve-shirt-green-white-front,https://notanother-nz.github.io/total-image-product-assets/assets/W46_MEN%E2%80%99S_MILLER_SHORT_SLEEVE_SHIRT/webp/product/W46_MEN%E2%80%99S_MILLER_SHORT_SLEEVE_SHIRT_GREEN_WHITE_FRONT.webp,mens-miller-short-sleeve-shirt,green-white,6
Men’s Miller Short Sleeve Shirt — W46_MEN’S_MILLER_SHORT_SLEEVE_SHIRT_NAVY_WHITE_FRONT.webp,w46-w46-mens-miller-short-sleeve-shirt-navy-white-front,https://notanother-nz.github.io/total-image-product-assets/assets/W46_MEN%E2%80%99S_MILLER_SHORT_SLEEVE_SHIRT/webp/product/W46_MEN%E2%80%99S_MILLER_SHORT_SLEEVE_SHIRT_NAVY_WHITE_FRONT.webp,mens-miller-short-sleeve-shirt,navy-white,7
Men’s Miller Short Sleeve Shirt — W46_MEN’S_MILLER_SHORT_SLEEVE_SHIRT_RED_WHITE_FRONT.webp,w46-w46-mens-miller-short-sleeve-shirt-red-white-front,https://notanother-nz.github.io/total-image-product-assets/assets/W46_MEN%E2%80%99S_MILLER_SHORT_SLEEVE_SHIRT/webp/product/W46_MEN%E2%80%99S_MILLER_SHORT_SLEEVE_SHIRT_RED_WHITE_FRONT.webp,mens-miller-short-sleeve-shirt,red-white,8
Men’s Miller Short Sleeve Shirt — W46_MEN’S_MILLER_SHORT_SLEEVE_SHIRT_SKY_WHITE_FRONT.webp,w46-w46-mens-miller-short-sleeve-shirt-sky-white-front,https://notanother-nz.github.io/total-image-product-assets/assets/W46_MEN%E2%80%99S_MILLER_SHORT_SLEEVE_SHIRT/webp/product/W46_MEN%E2%80%99S_MILLER_SHORT_SLEEVE_SHIRT_SKY_WHITE_FRONT.webp,mens-miller-short-sleeve-shirt,sky-white,9
Ladies Miller Short Sleeve Shirt — W47_LADIES_MILLER_SHORT_SLEEVE_SHIRT_BLACK_WHITE_HERO_FRONT.webp,w47-w47-ladies-miller-short-sleeve-shirt-black-white-hero-front,https://notanother-nz.github.io/total-image-product-assets/assets/W47_LADIES_MILLER_SHORT_SLEEVE_SHIRT/webp/model/W47_LADIES_MILLER_SHORT_SLEEVE_SHIRT_BLACK_WHITE_HERO_FRONT.webp,ladies-miller-short-sleeve-shirt,black-white,1
Ladies Miller Short Sleeve Shirt — W47_LADIES_MILLER_SHORT_SLEEVE_SHIRT_BLACK_WHITE_HERO_BACK.webp,w47-w47-ladies-miller-short-sleeve-shirt-black-white-hero-back,https://notanother-nz.github.io/total-image-product-assets/assets/W47_LADIES_MILLER_SHORT_SLEEVE_SHIRT/webp/model/W47_LADIES_MILLER_SHORT_SLEEVE_SHIRT_BLACK_WHITE_HERO_BACK.webp,ladies-miller-short-sleeve-shirt,black-white,2
Ladies Miller Short Sleeve Shirt — W47_LADIES_MILLER_SHORT_SLEEVE_SHIRT_BLACK_WHITE_HERO_CLOSEUP.webp,w47-w47-ladies-miller-short-sleeve-shirt-black-white-hero-closeup,https://notanother-nz.github.io/total-image-product-assets/assets/W47_LADIES_MILLER_SHORT_SLEEVE_SHIRT/webp/model/W47_LADIES_MILLER_SHORT_SLEEVE_SHIRT_BLACK_WHITE_HERO_CLOSEUP.webp,ladies-miller-short-sleeve-shirt,black-white,3
Ladies Miller Short Sleeve Shirt — W47_LADIES_MILLER_SHORT_SLEEVE_SHIRT_BLACK_WHITE_HERO_SIDE.webp,w47-w47-ladies-miller-short-sleeve-shirt-black-white-hero-side,https://notanother-nz.github.io/total-image-product-assets/assets/W47_LADIES_MILLER_SHORT_SLEEVE_SHIRT/webp/model/W47_LADIES_MILLER_SHORT_SLEEVE_SHIRT_BLACK_WHITE_HERO_SIDE.webp,ladies-miller-short-sleeve-shirt,black-white,4
Ladies Miller Short Sleeve Shirt — W47_LADIES_MILLER_SHORT_SLEEVE_SHIRT_BLACK_WHITE.webp,w47-w47-ladies-miller-short-sleeve-shirt-black-white,https://notanother-nz.github.io/total-image-product-assets/assets/W47_LADIES_MILLER_SHORT_SLEEVE_SHIRT/webp/product/W47_LADIES_MILLER_SHORT_SLEEVE_SHIRT_BLACK_WHITE.webp,ladies-miller-short-sleeve-shirt,black-white,5
Ladies Miller Short Sleeve Shirt — W47_LADIES_MILLER_SHORT_SLEEVE_SHIRT_NAVY_WHITE.webp,w47-w47-ladies-miller-short-sleeve-shirt-navy-white,https://notanother-nz.github.io/total-image-product-assets/assets/W47_LADIES_MILLER_SHORT_SLEEVE_SHIRT/webp/product/W47_LADIES_MILLER_SHORT_SLEEVE_SHIRT_NAVY_WHITE.webp,ladies-miller-short-sleeve-shirt,navy-white,6
Ladies Miller Short Sleeve Shirt — W47_LADIES_MILLER_SHORT_SLEEVE_SHIRT_RACING_GREEN_WHITE.webp,w47-w47-ladies-miller-short-sleeve-shirt-racing-green-white,https://notanother-nz.github.io/total-image-product-assets/assets/W47_LADIES_MILLER_SHORT_SLEEVE_SHIRT/webp/product/W47_LADIES_MILLER_SHORT_SLEEVE_SHIRT_RACING_GREEN_WHITE.webp,ladies-miller-short-sleeve-shirt,racing-green-white,7
Ladies Miller Short Sleeve Shirt — W47_LADIES_MILLER_SHORT_SLEEVE_SHIRT_RED_WHITE.webp,w47-w47-ladies-miller-short-sleeve-shirt-red-white,https://notanother-nz.github.io/total-image-product-assets/assets/W47_LADIES_MILLER_SHORT_SLEEVE_SHIRT/webp/product/W47_LADIES_MILLER_SHORT_SLEEVE_SHIRT_RED_WHITE.webp,ladies-miller-short-sleeve-shirt,red-white,8
Ladies Miller 3/4 Sleeve Shirt — W47Q_LadiesMiller34Shirt_Hero_Front.webp,w47q-w47q-ladiesmiller34shirt-hero-front,https://notanother-nz.github.io/total-image-product-assets/assets/W47Q_LADIES%20MILLER%203%3A4%20SLEEVE%20SHIRT/webp/model/W47Q_LadiesMiller34Shirt_Hero_Front.webp,ladies-miller-3-4-sleeve-shirt,,1
Ladies Miller 3/4 Sleeve Shirt — W47Q_LadiesMiller3:4Shirt_Hero_Back.webp,w47q-w47q-ladiesmiller3-4shirt-hero-back,https://notanother-nz.github.io/total-image-product-assets/assets/W47Q_LADIES%20MILLER%203%3A4%20SLEEVE%20SHIRT/webp/model/W47Q_LadiesMiller3%3A4Shirt_Hero_Back.webp,ladies-miller-3-4-sleeve-shirt,,2
Ladies Miller 3/4 Sleeve Shirt — W47Q_LadiesMiller3:4Shirt_Hero_Closeup.webp,w47q-w47q-ladiesmiller3-4shirt-hero-closeup,https://notanother-nz.github.io/total-image-product-assets/assets/W47Q_LADIES%20MILLER%203%3A4%20SLEEVE%20SHIRT/webp/model/W47Q_LadiesMiller3%3A4Shirt_Hero_Closeup.webp,ladies-miller-3-4-sleeve-shirt,,3
Ladies Miller 3/4 Sleeve Shirt — W47Q_LadiesMiller3:4Shirt_Hero_Side.webp,w47q-w47q-ladiesmiller3-4shirt-hero-side,https://notanother-nz.github.io/total-image-product-assets/assets/W47Q_LADIES%20MILLER%203%3A4%20SLEEVE%20SHIRT/webp/model/W47Q_LadiesMiller3%3A4Shirt_Hero_Side.webp,ladies-miller-3-4-sleeve-shirt,,4
Ladies Miller 3/4 Sleeve Shirt — W47Q_LADIES MILLER 3_4 SLEEVE SHIRT_ BLACK_WHITE_FRONT.webp,w47q-w47q-ladies-miller-3-4-sleeve-shirt-black-white-front,https://notanother-nz.github.io/total-image-product-assets/assets/W47Q_LADIES%20MILLER%203%3A4%20SLEEVE%20SHIRT/webp/product/W47Q_LADIES%20MILLER%203_4%20SLEEVE%20SHIRT_%20BLACK_WHITE_FRONT.webp,ladies-miller-3-4-sleeve-shirt,black-white,5
Ladies Miller 3/4 Sleeve Shirt — W47Q_LADIES MILLER 3_4 SLEEVE SHIRT_ NAVY_WHITE_FRONT.webp,w47q-w47q-ladies-miller-3-4-sleeve-shirt-navy-white-front,https://notanother-nz.github.io/total-image-product-assets/assets/W47Q_LADIES%20MILLER%203%3A4%20SLEEVE%20SHIRT/webp/product/W47Q_LADIES%20MILLER%203_4%20SLEEVE%20SHIRT_%20NAVY_WHITE_FRONT.webp,ladies-miller-3-4-sleeve-shirt,navy-white,6
Ladies Miller 3/4 Sleeve Shirt — W47Q_LADIES MILLER 3_4 SLEEVE SHIRT_ RACING GREEN_WHITE_FRONT.webp,w47q-w47q-ladies-miller-3-4-sleeve-shirt-racing-green-white-front,https://notanother-nz.github.io/total-image-product-assets/assets/W47Q_LADIES%20MILLER%203%3A4%20SLEEVE%20SHIRT/webp/product/W47Q_LADIES%20MILLER%203_4%20SLEEVE%20SHIRT_%20RACING%20GREEN_WHITE_FRONT.webp,ladies-miller-3-4-sleeve-shirt,racing-green-white,7
Ladies Miller 3/4 Sleeve Shirt — W47Q_LADIES MILLER 3_4 SLEEVE SHIRT_ RED_WHITE_FRONT.webp,w47q-w47q-ladies-miller-3-4-sleeve-shirt-red-white-front,https://notanother-nz.github.io/total-image-product-assets/assets/W47Q_LADIES%20MILLER%203%3A4%20SLEEVE%20SHIRT/webp/product/W47Q_LADIES%20MILLER%203_4%20SLEEVE%20SHIRT_%20RED_WHITE_FRONT.webp,ladies-miller-3-4-sleeve-shirt,red-white,8
Ladies Miller 3/4 Sleeve Shirt — W47Q_LADIES MILLER 3_4 SLEEVE SHIRT_ SKY_WHITE_FRONT.webp,w47q-w47q-ladies-miller-3-4-sleeve-shirt-sky-white-front,https://notanother-nz.github.io/total-image-product-assets/assets/W47Q_LADIES%20MILLER%203%3A4%20SLEEVE%20SHIRT/webp/product/W47Q_LADIES%20MILLER%203_4%20SLEEVE%20SHIRT_%20SKY_WHITE_FRONT.webp,ladies-miller-3-4-sleeve-shirt,sky-white,9
Mens Blue Denim Shirt Men’s Dylan Short Sleeve Shirt — W49_Mens_Dylan_Short_Sleeve_Shirt_Hero_Front.webp,w49-w49-mens-dylan-short-sleeve-shirt-hero-front,https://notanother-nz.github.io/total-image-product-assets/assets/W49_Mens_Dylan_Short_Sleeve_Shirt/webp/model/W49_Mens_Dylan_Short_Sleeve_Shirt_Hero_Front.webp,mens-blue-denim-shirt-mens-dylan-short-sleeve-shirt,,1
Mens Blue Denim Shirt Men’s Dylan Short Sleeve Shirt — W49_Mens_Dylan_Short_Sleeve_Shirt_Hero_Back.webp,w49-w49-mens-dylan-short-sleeve-shirt-hero-back,https://notanother-nz.github.io/total-image-product-assets/assets/W49_Mens_Dylan_Short_Sleeve_Shirt/webp/model/W49_Mens_Dylan_Short_Sleeve_Shirt_Hero_Back.webp,mens-blue-denim-shirt-mens-dylan-short-sleeve-shirt,,2
Mens Blue Denim Shirt Men’s Dylan Short Sleeve Shirt — W49_Mens_Dylan_Short_Sleeve_Shirt_Hero_CloseUp.webp,w49-w49-mens-dylan-short-sleeve-shirt-hero-closeup,https://notanother-nz.github.io/total-image-product-assets/assets/W49_Mens_Dylan_Short_Sleeve_Shirt/webp/model/W49_Mens_Dylan_Short_Sleeve_Shirt_Hero_CloseUp.webp,mens-blue-denim-shirt-mens-dylan-short-sleeve-shirt,,3
Mens Blue Denim Shirt Men’s Dylan Short Sleeve Shirt — W49_Mens_Dylan_Short_Sleeve_Shirt_Hero_Side.webp,w49-w49-mens-dylan-short-sleeve-shirt-hero-side,https://notanother-nz.github.io/total-image-product-assets/assets/W49_Mens_Dylan_Short_Sleeve_Shirt/webp/model/W49_Mens_Dylan_Short_Sleeve_Shirt_Hero_Side.webp,mens-blue-denim-shirt-mens-dylan-short-sleeve-shirt,,4
Mens Blue Denim Shirt Men’s Dylan Short Sleeve Shirt — W49_Mens_Dylan_Short_Sleeve_Shirt_Black_View.webp,w49-w49-mens-dylan-short-sleeve-shirt-black-view,https://notanother-nz.github.io/total-image-product-assets/assets/W49_Mens_Dylan_Short_Sleeve_Shirt/webp/product/W49_Mens_Dylan_Short_Sleeve_Shirt_Black_View.webp,mens-blue-denim-shirt-mens-dylan-short-sleeve-shirt,black,5
Mens Blue Denim Shirt Men’s Dylan Short Sleeve Shirt — W49_Mens_Dylan_Short_Sleeve_Shirt_IndigoBlue_View.webp,w49-w49-mens-dylan-short-sleeve-shirt-indigoblue-view,https://notanother-nz.github.io/total-image-product-assets/assets/W49_Mens_Dylan_Short_Sleeve_Shirt/webp/product/W49_Mens_Dylan_Short_Sleeve_Shirt_IndigoBlue_View.webp,mens-blue-denim-shirt-mens-dylan-short-sleeve-shirt,indigo-blue,6
Mens Blue Denim Shirt Men’s Dylan Short Sleeve Shirt — W49_Mens_Dylan_Short_Sleeve_Shirt_VintageBlue_View.webp,w49-w49-mens-dylan-short-sleeve-shirt-vintageblue-view,https://notanother-nz.github.io/total-image-product-assets/assets/W49_Mens_Dylan_Short_Sleeve_Shirt/webp/product/W49_Mens_Dylan_Short_Sleeve_Shirt_VintageBlue_View.webp,mens-blue-denim-shirt-mens-dylan-short-sleeve-shirt,vintage-blue,7
Men's Floyd Long Sleeve — W71_MENS_FLOYD_LONG_SLEEVE_SHIRT_HERO_FRONT.webp,w71-w71-mens-floyd-long-sleeve-shirt-hero-front,https://notanother-nz.github.io/total-image-product-assets/assets/W71_MENS_FLOYD_LONG_SLEEVE_SHIRT/webp/model/W71_MENS_FLOYD_LONG_SLEEVE_SHIRT_HERO_FRONT.webp,mens-floyd-long-sleeve,,1
Men's Floyd Long Sleeve — W71_MENS_FLOYD_LONG_SLEEVE_SHIRT_HERO_BACK.webp,w71-w71-mens-floyd-long-sleeve-shirt-hero-back,https://notanother-nz.github.io/total-image-product-assets/assets/W71_MENS_FLOYD_LONG_SLEEVE_SHIRT/webp/model/W71_MENS_FLOYD_LONG_SLEEVE_SHIRT_HERO_BACK.webp,mens-floyd-long-sleeve,,2
Men's Floyd Long Sleeve — W71_MENS_FLOYD_LONG_SLEEVE_SHIRT_HERO_CLOSEUP.webp,w71-w71-mens-floyd-long-sleeve-shirt-hero-closeup,https://notanother-nz.github.io/total-image-product-assets/assets/W71_MENS_FLOYD_LONG_SLEEVE_SHIRT/webp/model/W71_MENS_FLOYD_LONG_SLEEVE_SHIRT_HERO_CLOSEUP.webp,mens-floyd-long-sleeve,,3
Men's Floyd Long Sleeve — W71_MENS_FLOYD_LONG_SLEEVE_SHIRT_HERO_SIDE.webp,w71-w71-mens-floyd-long-sleeve-shirt-hero-side,https://notanother-nz.github.io/total-image-product-assets/assets/W71_MENS_FLOYD_LONG_SLEEVE_SHIRT/webp/model/W71_MENS_FLOYD_LONG_SLEEVE_SHIRT_HERO_SIDE.webp,mens-floyd-long-sleeve,,4
Men's Floyd Long Sleeve — W71_MENS_FLOYD_LONG_SLEEVE_SHIRT_BLACK_VIEW.webp,w71-w71-mens-floyd-long-sleeve-shirt-black-view,https://notanother-nz.github.io/total-image-product-assets/assets/W71_MENS_FLOYD_LONG_SLEEVE_SHIRT/webp/product/W71_MENS_FLOYD_LONG_SLEEVE_SHIRT_BLACK_VIEW.webp,mens-floyd-long-sleeve,black,5
Men's Floyd Long Sleeve — W71_MENS_FLOYD_LONG_SLEEVE_SHIRT_FRENCHBLUE_VIEW.webp,w71-w71-mens-floyd-long-sleeve-shirt-frenchblue-view,https://notanother-nz.github.io/total-image-product-assets/assets/W71_MENS_FLOYD_LONG_SLEEVE_SHIRT/webp/product/W71_MENS_FLOYD_LONG_SLEEVE_SHIRT_FRENCHBLUE_VIEW.webp,mens-floyd-long-sleeve,french-blue,6
Men's Floyd Long Sleeve — W71_MENS_FLOYD_LONG_SLEEVE_SHIRT_NAVY_VIEW.webp,w71-w71-mens-floyd-long-sleeve-shirt-navy-view,https://notanother-nz.github.io/total-image-product-assets/assets/W71_MENS_FLOYD_LONG_SLEEVE_SHIRT/webp/product/W71_MENS_FLOYD_LONG_SLEEVE_SHIRT_NAVY_VIEW.webp,mens-floyd-long-sleeve,navy,7
Men's Floyd Long Sleeve — W71_MENS_FLOYD_LONG_SLEEVE_SHIRT_SMOKEGREY_VIEW.webp,w71-w71-mens-floyd-long-sleeve-shirt-smokegrey-view,https://notanother-nz.github.io/total-image-product-assets/assets/W71_MENS_FLOYD_LONG_SLEEVE_SHIRT/webp/product/W71_MENS_FLOYD_LONG_SLEEVE_SHIRT_SMOKEGREY_VIEW.webp,mens-floyd-long-sleeve,smoke-grey,8
Men's Floyd Long Sleeve — W71_MENS_FLOYD_LONG_SLEEVE_SHIRT_WHITE_VIEW.webp,w71-w71-mens-floyd-long-sleeve-shirt-white-view,https://notanother-nz.github.io/total-image-product-assets/assets/W71_MENS_FLOYD_LONG_SLEEVE_SHIRT/webp/product/W71_MENS_FLOYD_LONG_SLEEVE_SHIRT_WHITE_VIEW.webp,mens-floyd-long-sleeve,white,9
Ladies Floyd Long Sleeve — W73_LADIES_FLOYD_LONG_SLEEVE_SHIRT_HERO_FRONT.webp,w73-w73-ladies-floyd-long-sleeve-shirt-hero-front,https://notanother-nz.github.io/total-image-product-assets/assets/W73_LADIES_FLOYD_LONG_SLEEVE_SHIRT/webp/model/W73_LADIES_FLOYD_LONG_SLEEVE_SHIRT_HERO_FRONT.webp,ladies-floyd-long-sleeve,,1
Ladies Floyd Long Sleeve — W73_LADIES_FLOYD_LONG_SLEEVE_SHIRT_HERO_BACK.webp,w73-w73-ladies-floyd-long-sleeve-shirt-hero-back,https://notanother-nz.github.io/total-image-product-assets/assets/W73_LADIES_FLOYD_LONG_SLEEVE_SHIRT/webp/model/W73_LADIES_FLOYD_LONG_SLEEVE_SHIRT_HERO_BACK.webp,ladies-floyd-long-sleeve,,2
Ladies Floyd Long Sleeve — W73_LADIES_FLOYD_LONG_SLEEVE_SHIRT_HERO_CLOSEUP.webp,w73-w73-ladies-floyd-long-sleeve-shirt-hero-closeup,https://notanother-nz.github.io/total-image-product-assets/assets/W73_LADIES_FLOYD_LONG_SLEEVE_SHIRT/webp/model/W73_LADIES_FLOYD_LONG_SLEEVE_SHIRT_HERO_CLOSEUP.webp,ladies-floyd-long-sleeve,,3
Ladies Floyd Long Sleeve — W73_LADIES_FLOYD_LONG_SLEEVE_SHIRT_HERO_SIDE.webp,w73-w73-ladies-floyd-long-sleeve-shirt-hero-side,https://notanother-nz.github.io/total-image-product-assets/assets/W73_LADIES_FLOYD_LONG_SLEEVE_SHIRT/webp/model/W73_LADIES_FLOYD_LONG_SLEEVE_SHIRT_HERO_SIDE.webp,ladies-floyd-long-sleeve,,4
Ladies Floyd Long Sleeve — W73_LADIES_FLOYD_LONG_SLEEVE_SHIRT_BLACK_VIEW.webp,w73-w73-ladies-floyd-long-sleeve-shirt-black-view,https://notanother-nz.github.io/total-image-product-assets/assets/W73_LADIES_FLOYD_LONG_SLEEVE_SHIRT/webp/product/W73_LADIES_FLOYD_LONG_SLEEVE_SHIRT_BLACK_VIEW.webp,ladies-floyd-long-sleeve,black,5
Ladies Floyd Long Sleeve — W73_LADIES_FLOYD_LONG_SLEEVE_SHIRT_FRENCHBLUE_VIEW.webp,w73-w73-ladies-floyd-long-sleeve-shirt-frenchblue-view,https://notanother-nz.github.io/total-image-product-assets/assets/W73_LADIES_FLOYD_LONG_SLEEVE_SHIRT/webp/product/W73_LADIES_FLOYD_LONG_SLEEVE_SHIRT_FRENCHBLUE_VIEW.webp,ladies-floyd-long-sleeve,french-blue,6
Ladies Floyd Long Sleeve — W73_LADIES_FLOYD_LONG_SLEEVE_SHIRT_NAVY_VIEW.webp,w73-w73-ladies-floyd-long-sleeve-shirt-navy-view,https://notanother-nz.github.io/total-image-product-assets/assets/W73_LADIES_FLOYD_LONG_SLEEVE_SHIRT/webp/product/W73_LADIES_FLOYD_LONG_SLEEVE_SHIRT_NAVY_VIEW.webp,ladies-floyd-long-sleeve,navy,7
Ladies Floyd Long Sleeve — W73_LADIES_FLOYD_LONG_SLEEVE_SHIRT_SMOKEGREY_VIEW.webp,w73-w73-ladies-floyd-long-sleeve-shirt-smokegrey-view,https://notanother-nz.github.io/total-image-product-assets/assets/W73_LADIES_FLOYD_LONG_SLEEVE_SHIRT/webp/product/W73_LADIES_FLOYD_LONG_SLEEVE_SHIRT_SMOKEGREY_VIEW.webp,ladies-floyd-long-sleeve,smoke-grey,8
Ladies Floyd Long Sleeve — W73_LADIES_FLOYD_LONG_SLEEVE_SHIRT_WHITE_VIEW.webp,w73-w73-ladies-floyd-long-sleeve-shirt-white-view,https://notanother-nz.github.io/total-image-product-assets/assets/W73_LADIES_FLOYD_LONG_SLEEVE_SHIRT/webp/product/W73_LADIES_FLOYD_LONG_SLEEVE_SHIRT_WHITE_VIEW.webp,ladies-floyd-long-sleeve,white,9
Men's Blake Long Sleeve Shirt — W90_Mens_Blake_Long_Sleeve_Shirt_Hero_Front.webp,w90-w90-mens-blake-long-sleeve-shirt-hero-front,https://notanother-nz.github.io/total-image-product-assets/assets/W90_Mens_Blake_Long_Sleeve_Shirt/webp/model/W90_Mens_Blake_Long_Sleeve_Shirt_Hero_Front.webp,mens-blake-long-sleeve-shirt,,1
Men's Blake Long Sleeve Shirt — W90_Mens_Blake_Long_Sleeve_Shirt_Hero_Back.webp,w90-w90-mens-blake-long-sleeve-shirt-hero-back,https://notanother-nz.github.io/total-image-product-assets/assets/W90_Mens_Blake_Long_Sleeve_Shirt/webp/model/W90_Mens_Blake_Long_Sleeve_Shirt_Hero_Back.webp,mens-blake-long-sleeve-shirt,,2
Men's Blake Long Sleeve Shirt — W90_Mens_Blake_Long_Sleeve_Shirt_Hero_Closeup.webp,w90-w90-mens-blake-long-sleeve-shirt-hero-closeup,https://notanother-nz.github.io/total-image-product-assets/assets/W90_Mens_Blake_Long_Sleeve_Shirt/webp/model/W90_Mens_Blake_Long_Sleeve_Shirt_Hero_Closeup.webp,mens-blake-long-sleeve-shirt,,3
Men's Blake Long Sleeve Shirt — W90_Mens_Blake_Long_Sleeve_Shirt_Hero_Side.webp,w90-w90-mens-blake-long-sleeve-shirt-hero-side,https://notanother-nz.github.io/total-image-product-assets/assets/W90_Mens_Blake_Long_Sleeve_Shirt/webp/model/W90_Mens_Blake_Long_Sleeve_Shirt_Hero_Side.webp,mens-blake-long-sleeve-shirt,,4
Men's Blake Long Sleeve Shirt — W90_Mens_Blake_Long_Sleeve_Shirt_Black_View.webp,w90-w90-mens-blake-long-sleeve-shirt-black-view,https://notanother-nz.github.io/total-image-product-assets/assets/W90_Mens_Blake_Long_Sleeve_Shirt/webp/product/W90_Mens_Blake_Long_Sleeve_Shirt_Black_View.webp,mens-blake-long-sleeve-shirt,black,5
Men's Blake Long Sleeve Shirt — W90_Mens_Blake_Long_Sleeve_Shirt_Navy_View.webp,w90-w90-mens-blake-long-sleeve-shirt-navy-view,https://notanother-nz.github.io/total-image-product-assets/assets/W90_Mens_Blake_Long_Sleeve_Shirt/webp/product/W90_Mens_Blake_Long_Sleeve_Shirt_Navy_View.webp,mens-blake-long-sleeve-shirt,navy,6
Men's Blake Long Sleeve Shirt — W90_Mens_Blake_Long_Sleeve_Shirt_White_View.webp,w90-w90-mens-blake-long-sleeve-shirt-white-view,https://notanother-nz.github.io/total-image-product-assets/assets/W90_Mens_Blake_Long_Sleeve_Shirt/webp/product/W90_Mens_Blake_Long_Sleeve_Shirt_White_View.webp,mens-blake-long-sleeve-shirt,white,7
Men's Blake Short Sleeve Shirt — W91_MENS_BLAKE_SHORT_SLEEVE_SHIRT_HERO_FRONT.webp,w91-w91-mens-blake-short-sleeve-shirt-hero-front,https://notanother-nz.github.io/total-image-product-assets/assets/W91_MENS_BLAKE_SHORT_SLEEVE_SHIRT/webp/model/W91_MENS_BLAKE_SHORT_SLEEVE_SHIRT_HERO_FRONT.webp,mens-blake-short-sleeve-shirt,,1
Men's Blake Short Sleeve Shirt — W91_MENS_BLAKE_SHORT_SLEEVE_SHIRT_HERO_BACK.webp,w91-w91-mens-blake-short-sleeve-shirt-hero-back,https://notanother-nz.github.io/total-image-product-assets/assets/W91_MENS_BLAKE_SHORT_SLEEVE_SHIRT/webp/model/W91_MENS_BLAKE_SHORT_SLEEVE_SHIRT_HERO_BACK.webp,mens-blake-short-sleeve-shirt,,2
Men's Blake Short Sleeve Shirt — W91_MENS_BLAKE_SHORT_SLEEVE_SHIRT_HERO_CLOSEUP.webp,w91-w91-mens-blake-short-sleeve-shirt-hero-closeup,https://notanother-nz.github.io/total-image-product-assets/assets/W91_MENS_BLAKE_SHORT_SLEEVE_SHIRT/webp/model/W91_MENS_BLAKE_SHORT_SLEEVE_SHIRT_HERO_CLOSEUP.webp,mens-blake-short-sleeve-shirt,,3
Men's Blake Short Sleeve Shirt — W91_MENS_BLAKE_SHORT_SLEEVE_SHIRT_HERO_SIDE.webp,w91-w91-mens-blake-short-sleeve-shirt-hero-side,https://notanother-nz.github.io/total-image-product-assets/assets/W91_MENS_BLAKE_SHORT_SLEEVE_SHIRT/webp/model/W91_MENS_BLAKE_SHORT_SLEEVE_SHIRT_HERO_SIDE.webp,mens-blake-short-sleeve-shirt,,4
Men's Blake Short Sleeve Shirt — W91_Mens_Blake_Short_Sleeve_Shirt_Black_View.webp,w91-w91-mens-blake-short-sleeve-shirt-black-view,https://notanother-nz.github.io/total-image-product-assets/assets/W91_MENS_BLAKE_SHORT_SLEEVE_SHIRT/webp/product/W91_Mens_Blake_Short_Sleeve_Shirt_Black_View.webp,mens-blake-short-sleeve-shirt,black,5
Men's Blake Short Sleeve Shirt — W91_Mens_Blake_Short_Sleeve_Shirt_Navy_View.webp,w91-w91-mens-blake-short-sleeve-shirt-navy-view,https://notanother-nz.github.io/total-image-product-assets/assets/W91_MENS_BLAKE_SHORT_SLEEVE_SHIRT/webp/product/W91_Mens_Blake_Short_Sleeve_Shirt_Navy_View.webp,mens-blake-short-sleeve-shirt,navy,6
Men's Blake Short Sleeve Shirt — W91_Mens_Blake_Short_Sleeve_Shirt_White_View.webp,w91-w91-mens-blake-short-sleeve-shirt-white-view,https://notanother-nz.github.io/total-image-product-assets/assets/W91_MENS_BLAKE_SHORT_SLEEVE_SHIRT/webp/product/W91_Mens_Blake_Short_Sleeve_Shirt_White_View.webp,mens-blake-short-sleeve-shirt,white,7
Ladies Blake Long Sleeve Shirt — W92_Ladies_Blake_Long_Sleeve_Shirt_Hero_Front.webp,w92-w92-ladies-blake-long-sleeve-shirt-hero-front,https://notanother-nz.github.io/total-image-product-assets/assets/W92_Ladies_Blake_Long_Sleeve_Shirt/webp/model/W92_Ladies_Blake_Long_Sleeve_Shirt_Hero_Front.webp,ladies-blake-long-sleeve-shirt,,1
Ladies Blake Long Sleeve Shirt — W92_Ladies_Blake_Long_Sleeve_Shirt_Hero_Back.webp,w92-w92-ladies-blake-long-sleeve-shirt-hero-back,https://notanother-nz.github.io/total-image-product-assets/assets/W92_Ladies_Blake_Long_Sleeve_Shirt/webp/model/W92_Ladies_Blake_Long_Sleeve_Shirt_Hero_Back.webp,ladies-blake-long-sleeve-shirt,,2
Ladies Blake Long Sleeve Shirt — W92_Ladies_Blake_Long_Sleeve_Shirt_Hero_Closeup.webp,w92-w92-ladies-blake-long-sleeve-shirt-hero-closeup,https://notanother-nz.github.io/total-image-product-assets/assets/W92_Ladies_Blake_Long_Sleeve_Shirt/webp/model/W92_Ladies_Blake_Long_Sleeve_Shirt_Hero_Closeup.webp,ladies-blake-long-sleeve-shirt,,3
Ladies Blake Long Sleeve Shirt — W92_Ladies_Blake_Long_Sleeve_Shirt_Hero_Side.webp,w92-w92-ladies-blake-long-sleeve-shirt-hero-side,https://notanother-nz.github.io/total-image-product-assets/assets/W92_Ladies_Blake_Long_Sleeve_Shirt/webp/model/W92_Ladies_Blake_Long_Sleeve_Shirt_Hero_Side.webp,ladies-blake-long-sleeve-shirt,,4
Ladies Blake Long Sleeve Shirt — W92_Ladies_Blake_Long_Sleeve_Shirt_Black_View.webp,w92-w92-ladies-blake-long-sleeve-shirt-black-view,https://notanother-nz.github.io/total-image-product-assets/assets/W92_Ladies_Blake_Long_Sleeve_Shirt/webp/product/W92_Ladies_Blake_Long_Sleeve_Shirt_Black_View.webp,ladies-blake-long-sleeve-shirt,black,5
Ladies Blake Long Sleeve Shirt — W92_Ladies_Blake_Long_Sleeve_Shirt_Navy_View.webp,w92-w92-ladies-blake-long-sleeve-shirt-navy-view,https://notanother-nz.github.io/total-image-product-assets/assets/W92_Ladies_Blake_Long_Sleeve_Shirt/webp/product/W92_Ladies_Blake_Long_Sleeve_Shirt_Navy_View.webp,ladies-blake-long-sleeve-shirt,navy,6
Ladies Blake Long Sleeve Shirt — W92_Ladies_Blake_Long_Sleeve_Shirt_White_View.webp,w92-w92-ladies-blake-long-sleeve-shirt-white-view,https://notanother-nz.github.io/total-image-product-assets/assets/W92_Ladies_Blake_Long_Sleeve_Shirt/webp/product/W92_Ladies_Blake_Long_Sleeve_Shirt_White_View.webp,ladies-blake-long-sleeve-shirt,white,7
Ladies Blake Short Sleeve Shirt — W93_Ladies_Blake_Short_Sleeve_Shirt_Hero_Front.webp,w93-w93-ladies-blake-short-sleeve-shirt-hero-front,https://notanother-nz.github.io/total-image-product-assets/assets/W93_Ladies_Blake_Short_Sleeve_Shirt/webp/model/W93_Ladies_Blake_Short_Sleeve_Shirt_Hero_Front.webp,ladies-blake-short-sleeve-shirt,,1
Ladies Blake Short Sleeve Shirt — W93_Ladies_Blake_Short_Sleeve_Shirt_Hero_Back.webp,w93-w93-ladies-blake-short-sleeve-shirt-hero-back,https://notanother-nz.github.io/total-image-product-assets/assets/W93_Ladies_Blake_Short_Sleeve_Shirt/webp/model/W93_Ladies_Blake_Short_Sleeve_Shirt_Hero_Back.webp,ladies-blake-short-sleeve-shirt,,2
Ladies Blake Short Sleeve Shirt — W93_Ladies_Blake_Short_Sleeve_Shirt_Hero_Closeup.webp,w93-w93-ladies-blake-short-sleeve-shirt-hero-closeup,https://notanother-nz.github.io/total-image-product-assets/assets/W93_Ladies_Blake_Short_Sleeve_Shirt/webp/model/W93_Ladies_Blake_Short_Sleeve_Shirt_Hero_Closeup.webp,ladies-blake-short-sleeve-shirt,,3
Ladies Blake Short Sleeve Shirt — W93_Ladies_Blake_Short_Sleeve_Shirt_Hero_Side.webp,w93-w93-ladies-blake-short-sleeve-shirt-hero-side,https://notanother-nz.github.io/total-image-product-assets/assets/W93_Ladies_Blake_Short_Sleeve_Shirt/webp/model/W93_Ladies_Blake_Short_Sleeve_Shirt_Hero_Side.webp,ladies-blake-short-sleeve-shirt,,4
Ladies Blake Short Sleeve Shirt — W93_Ladies_Blake_Short_Sleeve_Shirt_Black_View.webp,w93-w93-ladies-blake-short-sleeve-shirt-black-view,https://notanother-nz.github.io/total-image-product-assets/assets/W93_Ladies_Blake_Short_Sleeve_Shirt/webp/product/W93_Ladies_Blake_Short_Sleeve_Shirt_Black_View.webp,ladies-blake-short-sleeve-shirt,black,5
Ladies Blake Short Sleeve Shirt — W93_Ladies_Blake_Short_Sleeve_Shirt_Navy_View.webp,w93-w93-ladies-blake-short-sleeve-shirt-navy-view,https://notanother-nz.github.io/total-image-product-assets/assets/W93_Ladies_Blake_Short_Sleeve_Shirt/webp/product/W93_Ladies_Blake_Short_Sleeve_Shirt_Navy_View.webp,ladies-blake-short-sleeve-shirt,navy,6
Ladies Blake Short Sleeve Shirt — W93_Ladies_Blake_Short_Sleeve_Shirt_White_View.webp,w93-w93-ladies-blake-short-sleeve-shirt-white-view,https://notanother-nz.github.io/total-image-product-assets/assets/W93_Ladies_Blake_Short_Sleeve_Shirt/webp/product/W93_Ladies_Blake_Short_Sleeve_Shirt_White_View.webp,ladies-blake-short-sleeve-shirt,white,7
Men's Milano Pullover — WP417M_MEN'S_MILANO_PULLOVER_CHARCOAL_HERO_FRONT.webp,wp417m-wp417m-mens-milano-pullover-charcoal-hero-front,https://notanother-nz.github.io/total-image-product-assets/assets/WP417M_MEN'S_MILANO_PULLOVER/webp/model/WP417M_MEN'S_MILANO_PULLOVER_CHARCOAL_HERO_FRONT.webp,mens-milano-pullover,charcoal,1
Men's Milano Pullover — WP417M_MILANO_MENS_PULLOVER_BACK_HERO_FRONT.webp,wp417m-wp417m-milano-mens-pullover-back-hero-front,https://notanother-nz.github.io/total-image-product-assets/assets/WP417M_MEN'S_MILANO_PULLOVER/webp/model/WP417M_MILANO_MENS_PULLOVER_BACK_HERO_FRONT.webp,mens-milano-pullover,,2
Men's Milano Pullover — WP417M_MEN'S_MILANO_PULLOVER_CHARCOAL_HERO_BACK.webp,wp417m-wp417m-mens-milano-pullover-charcoal-hero-back,https://notanother-nz.github.io/total-image-product-assets/assets/WP417M_MEN'S_MILANO_PULLOVER/webp/model/WP417M_MEN'S_MILANO_PULLOVER_CHARCOAL_HERO_BACK.webp,mens-milano-pullover,charcoal,3
Men's Milano Pullover — WP417M_MILANO_MENS_PULLOVER_BACK_HERO_BACK.webp,wp417m-wp417m-milano-mens-pullover-back-hero-back,https://notanother-nz.github.io/total-image-product-assets/assets/WP417M_MEN'S_MILANO_PULLOVER/webp/model/WP417M_MILANO_MENS_PULLOVER_BACK_HERO_BACK.webp,mens-milano-pullover,,4
Men's Milano Pullover — WP417M_MILANO_MENS_PULLOVER_BACK_HERO_CLOSEUP.webp,wp417m-wp417m-milano-mens-pullover-back-hero-closeup,https://notanother-nz.github.io/total-image-product-assets/assets/WP417M_MEN'S_MILANO_PULLOVER/webp/model/WP417M_MILANO_MENS_PULLOVER_BACK_HERO_CLOSEUP.webp,mens-milano-pullover,,5
Men's Milano Pullover — WP417M_MILANO_MENS_PULLOVER_BACK_HERO_SIDE.webp,wp417m-wp417m-milano-mens-pullover-back-hero-side,https://notanother-nz.github.io/total-image-product-assets/assets/WP417M_MEN'S_MILANO_PULLOVER/webp/model/WP417M_MILANO_MENS_PULLOVER_BACK_HERO_SIDE.webp,mens-milano-pullover,,6
Men's Milano Pullover — WP417M_MEN'S_MILANO_PULLOVER_CHARCOAL_HERO_CLOSEUP.webp,wp417m-wp417m-mens-milano-pullover-charcoal-hero-closeup,https://notanother-nz.github.io/total-image-product-assets/assets/WP417M_MEN'S_MILANO_PULLOVER/webp/model/WP417M_MEN'S_MILANO_PULLOVER_CHARCOAL_HERO_CLOSEUP.webp,mens-milano-pullover,charcoal,7
Men's Milano Pullover — WP417M_MEN'S_MILANO_PULLOVER_CHARCOAL_HERO_SIDE.webp,wp417m-wp417m-mens-milano-pullover-charcoal-hero-side,https://notanother-nz.github.io/total-image-product-assets/assets/WP417M_MEN'S_MILANO_PULLOVER/webp/model/WP417M_MEN'S_MILANO_PULLOVER_CHARCOAL_HERO_SIDE.webp,mens-milano-pullover,charcoal,8
Men's Milano Pullover — WP417M_MEN'S_MILANO_PULLOVER_BLACK_FRONT.webp,wp417m-wp417m-mens-milano-pullover-black-front,https://notanother-nz.github.io/total-image-product-assets/assets/WP417M_MEN'S_MILANO_PULLOVER/webp/product/WP417M_MEN'S_MILANO_PULLOVER_BLACK_FRONT.webp,mens-milano-pullover,black,9
Men's Milano Pullover — WP417M_MEN'S_MILANO_PULLOVER_CHARCOAL_FRONT.webp,wp417m-wp417m-mens-milano-pullover-charcoal-front,https://notanother-nz.github.io/total-image-product-assets/assets/WP417M_MEN'S_MILANO_PULLOVER/webp/product/WP417M_MEN'S_MILANO_PULLOVER_CHARCOAL_FRONT.webp,mens-milano-pullover,charcoal,10
Men's Milano Pullover — WP417M_MEN'S_MILANO_PULLOVER_NAVY_FRONT.webp,wp417m-wp417m-mens-milano-pullover-navy-front,https://notanother-nz.github.io/total-image-product-assets/assets/WP417M_MEN'S_MILANO_PULLOVER/webp/product/WP417M_MEN'S_MILANO_PULLOVER_NAVY_FRONT.webp,mens-milano-pullover,navy,11
Men's Milano Pullover — WP417M_MEN'S_MILANO_PULLOVER_BLACK_BACK.webp,wp417m-wp417m-mens-milano-pullover-black-back,https://notanother-nz.github.io/total-image-product-assets/assets/WP417M_MEN'S_MILANO_PULLOVER/webp/product/WP417M_MEN'S_MILANO_PULLOVER_BLACK_BACK.webp,mens-milano-pullover,black,12
Men's Milano Pullover — WP417M_MEN'S_MILANO_PULLOVER_CHARCOAL_BACK.webp,wp417m-wp417m-mens-milano-pullover-charcoal-back,https://notanother-nz.github.io/total-image-product-assets/assets/WP417M_MEN'S_MILANO_PULLOVER/webp/product/WP417M_MEN'S_MILANO_PULLOVER_CHARCOAL_BACK.webp,mens-milano-pullover,charcoal,13
Men's Milano Pullover — WP417M_MEN'S_MILANO_PULLOVER_NAVY_BACK.webp,wp417m-wp417m-mens-milano-pullover-navy-back,https://notanother-nz.github.io/total-image-product-assets/assets/WP417M_MEN'S_MILANO_PULLOVER/webp/product/WP417M_MEN'S_MILANO_PULLOVER_NAVY_BACK.webp,mens-milano-pullover,navy,14
Basis Short Sleeve Tee Men's — X1001M_BASIS_SHORT_SLEEVE_TEE_MENS_WHITE_HERO_FRONT.webp,x1001m-x1001m-basis-short-sleeve-tee-mens-white-hero-front,https://notanother-nz.github.io/total-image-product-assets/assets/X1001M_BASIS_SHORT_SLEEVE_TEE_MENS/webp/model/X1001M_BASIS_SHORT_SLEEVE_TEE_MENS_WHITE_HERO_FRONT.webp,basis-short-sleeve-tee-mens,white,1
Basis Short Sleeve Tee Men's — X1001M_BASIS_SHORT_SLEEVE_TEE_MENS_WHITE_HERO_BACK.webp,x1001m-x1001m-basis-short-sleeve-tee-mens-white-hero-back,https://notanother-nz.github.io/total-image-product-assets/assets/X1001M_BASIS_SHORT_SLEEVE_TEE_MENS/webp/model/X1001M_BASIS_SHORT_SLEEVE_TEE_MENS_WHITE_HERO_BACK.webp,basis-short-sleeve-tee-mens,white,2
Basis Short Sleeve Tee Men's — X1001M_BASIS_SHORT_SLEEVE_TEE_MENS_WHITE_HERO_CLOSEUP.webp,x1001m-x1001m-basis-short-sleeve-tee-mens-white-hero-closeup,https://notanother-nz.github.io/total-image-product-assets/assets/X1001M_BASIS_SHORT_SLEEVE_TEE_MENS/webp/model/X1001M_BASIS_SHORT_SLEEVE_TEE_MENS_WHITE_HERO_CLOSEUP.webp,basis-short-sleeve-tee-mens,white,3
Basis Short Sleeve Tee Men's — X1001M_BASIS_SHORT_SLEEVE_TEE_MENS_WHITE_HERO_SIDE.webp,x1001m-x1001m-basis-short-sleeve-tee-mens-white-hero-side,https://notanother-nz.github.io/total-image-product-assets/assets/X1001M_BASIS_SHORT_SLEEVE_TEE_MENS/webp/model/X1001M_BASIS_SHORT_SLEEVE_TEE_MENS_WHITE_HERO_SIDE.webp,basis-short-sleeve-tee-mens,white,4
Basis Short Sleeve Tee Men's — X1001M_BASIS_SHORT_SLEEVE_TEE_MENS_BLACK_FRONT.webp,x1001m-x1001m-basis-short-sleeve-tee-mens-black-front,https://notanother-nz.github.io/total-image-product-assets/assets/X1001M_BASIS_SHORT_SLEEVE_TEE_MENS/webp/product/X1001M_BASIS_SHORT_SLEEVE_TEE_MENS_BLACK_FRONT.webp,basis-short-sleeve-tee-mens,black,5
Basis Short Sleeve Tee Men's — X1001M_BASIS_SHORT_SLEEVE_TEE_MENS_CHARCOAL_MARLE_FRONT.webp,x1001m-x1001m-basis-short-sleeve-tee-mens-charcoal-marle-front,https://notanother-nz.github.io/total-image-product-assets/assets/X1001M_BASIS_SHORT_SLEEVE_TEE_MENS/webp/product/X1001M_BASIS_SHORT_SLEEVE_TEE_MENS_CHARCOAL_MARLE_FRONT.webp,basis-short-sleeve-tee-mens,charcoal-marle,6
Basis Short Sleeve Tee Men's — X1001M_BASIS_SHORT_SLEEVE_TEE_MENS_NAVY_FRONT.webp,x1001m-x1001m-basis-short-sleeve-tee-mens-navy-front,https://notanother-nz.github.io/total-image-product-assets/assets/X1001M_BASIS_SHORT_SLEEVE_TEE_MENS/webp/product/X1001M_BASIS_SHORT_SLEEVE_TEE_MENS_NAVY_FRONT.webp,basis-short-sleeve-tee-mens,navy,7
Basis Short Sleeve Tee Men's — X1001M_BASIS_SHORT_SLEEVE_TEE_MENS_WHITE_FRONT.webp,x1001m-x1001m-basis-short-sleeve-tee-mens-white-front,https://notanother-nz.github.io/total-image-product-assets/assets/X1001M_BASIS_SHORT_SLEEVE_TEE_MENS/webp/product/X1001M_BASIS_SHORT_SLEEVE_TEE_MENS_WHITE_FRONT.webp,basis-short-sleeve-tee-mens,white,8
Basis Short Sleeve Tee Men's — X1001M_BASIS_SHORT_SLEEVE_TEE_MENS_BLACK_BACK.webp,x1001m-x1001m-basis-short-sleeve-tee-mens-black-back,https://notanother-nz.github.io/total-image-product-assets/assets/X1001M_BASIS_SHORT_SLEEVE_TEE_MENS/webp/product/X1001M_BASIS_SHORT_SLEEVE_TEE_MENS_BLACK_BACK.webp,basis-short-sleeve-tee-mens,black,9
Basis Short Sleeve Tee Men's — X1001M_BASIS_SHORT_SLEEVE_TEE_MENS_CHARCOAL_MARLE_BACK.webp,x1001m-x1001m-basis-short-sleeve-tee-mens-charcoal-marle-back,https://notanother-nz.github.io/total-image-product-assets/assets/X1001M_BASIS_SHORT_SLEEVE_TEE_MENS/webp/product/X1001M_BASIS_SHORT_SLEEVE_TEE_MENS_CHARCOAL_MARLE_BACK.webp,basis-short-sleeve-tee-mens,charcoal-marle,10
Basis Short Sleeve Tee Men's — X1001M_BASIS_SHORT_SLEEVE_TEE_MENS_NAVY_BACK.webp,x1001m-x1001m-basis-short-sleeve-tee-mens-navy-back,https://notanother-nz.github.io/total-image-product-assets/assets/X1001M_BASIS_SHORT_SLEEVE_TEE_MENS/webp/product/X1001M_BASIS_SHORT_SLEEVE_TEE_MENS_NAVY_BACK.webp,basis-short-sleeve-tee-mens,navy,11
Basis Short Sleeve Tee Men's — X1001M_BASIS_SHORT_SLEEVE_TEE_MENS_WHITE_BACK.webp,x1001m-x1001m-basis-short-sleeve-tee-mens-white-back,https://notanother-nz.github.io/total-image-product-assets/assets/X1001M_BASIS_SHORT_SLEEVE_TEE_MENS/webp/product/X1001M_BASIS_SHORT_SLEEVE_TEE_MENS_WHITE_BACK.webp,basis-short-sleeve-tee-mens,white,12
Women's Basis Short Sleeve Tee — X1001W_WOMEN'S_BASIS_SHORT_SLEEVE_TEE_WHITE_HERO_FRONT.webp,x1001w-x1001w-womens-basis-short-sleeve-tee-white-hero-front,https://notanother-nz.github.io/total-image-product-assets/assets/X1001W_WOMEN'S_BASIS_SHORT_SLEEVE_TEE/webp/model/X1001W_WOMEN'S_BASIS_SHORT_SLEEVE_TEE_WHITE_HERO_FRONT.webp,womens-basis-short-sleeve-tee,white,1
Women's Basis Short Sleeve Tee — X1001W_WOMEN'S_BASIS_SHORT_SLEEVE_TEE_WHITE_HERO_BACK.webp,x1001w-x1001w-womens-basis-short-sleeve-tee-white-hero-back,https://notanother-nz.github.io/total-image-product-assets/assets/X1001W_WOMEN'S_BASIS_SHORT_SLEEVE_TEE/webp/model/X1001W_WOMEN'S_BASIS_SHORT_SLEEVE_TEE_WHITE_HERO_BACK.webp,womens-basis-short-sleeve-tee,white,2
Women's Basis Short Sleeve Tee — X1001W_WOMEN'S_BASIS_SHORT_SLEEVE_TEE_WHITE_HERO_CLOSEUP.webp,x1001w-x1001w-womens-basis-short-sleeve-tee-white-hero-closeup,https://notanother-nz.github.io/total-image-product-assets/assets/X1001W_WOMEN'S_BASIS_SHORT_SLEEVE_TEE/webp/model/X1001W_WOMEN'S_BASIS_SHORT_SLEEVE_TEE_WHITE_HERO_CLOSEUP.webp,womens-basis-short-sleeve-tee,white,3
Women's Basis Short Sleeve Tee — X1001W_WOMEN'S_BASIS_SHORT_SLEEVE_TEE_WHITE_HERO_SIDE.webp,x1001w-x1001w-womens-basis-short-sleeve-tee-white-hero-side,https://notanother-nz.github.io/total-image-product-assets/assets/X1001W_WOMEN'S_BASIS_SHORT_SLEEVE_TEE/webp/model/X1001W_WOMEN'S_BASIS_SHORT_SLEEVE_TEE_WHITE_HERO_SIDE.webp,womens-basis-short-sleeve-tee,white,4
Women's Basis Short Sleeve Tee — X1001W_WOMEN'S_BASIS_SHORT_SLEEVE_TEE_BLACK_FRONT.webp,x1001w-x1001w-womens-basis-short-sleeve-tee-black-front,https://notanother-nz.github.io/total-image-product-assets/assets/X1001W_WOMEN'S_BASIS_SHORT_SLEEVE_TEE/webp/product/X1001W_WOMEN'S_BASIS_SHORT_SLEEVE_TEE_BLACK_FRONT.webp,womens-basis-short-sleeve-tee,black,5
Women's Basis Short Sleeve Tee — X1001W_WOMEN'S_BASIS_SHORT_SLEEVE_TEE_GREY_MARLE_FRONT.webp,x1001w-x1001w-womens-basis-short-sleeve-tee-grey-marle-front,https://notanother-nz.github.io/total-image-product-assets/assets/X1001W_WOMEN'S_BASIS_SHORT_SLEEVE_TEE/webp/product/X1001W_WOMEN'S_BASIS_SHORT_SLEEVE_TEE_GREY_MARLE_FRONT.webp,womens-basis-short-sleeve-tee,grey-marle,6
Women's Basis Short Sleeve Tee — X1001W_WOMEN'S_BASIS_SHORT_SLEEVE_TEE_INK_FRONT.webp,x1001w-x1001w-womens-basis-short-sleeve-tee-ink-front,https://notanother-nz.github.io/total-image-product-assets/assets/X1001W_WOMEN'S_BASIS_SHORT_SLEEVE_TEE/webp/product/X1001W_WOMEN'S_BASIS_SHORT_SLEEVE_TEE_INK_FRONT.webp,womens-basis-short-sleeve-tee,ink,7
Women's Basis Short Sleeve Tee — X1001W_WOMEN'S_BASIS_SHORT_SLEEVE_TEE_NAVY_FRONT.webp,x1001w-x1001w-womens-basis-short-sleeve-tee-navy-front,https://notanother-nz.github.io/total-image-product-assets/assets/X1001W_WOMEN'S_BASIS_SHORT_SLEEVE_TEE/webp/product/X1001W_WOMEN'S_BASIS_SHORT_SLEEVE_TEE_NAVY_FRONT.webp,womens-basis-short-sleeve-tee,navy,8
Women's Basis Short Sleeve Tee — X1001W_WOMEN'S_BASIS_SHORT_SLEEVE_TEE_WHITE_FRONT.webp,x1001w-x1001w-womens-basis-short-sleeve-tee-white-front,https://notanother-nz.github.io/total-image-product-assets/assets/X1001W_WOMEN'S_BASIS_SHORT_SLEEVE_TEE/webp/product/X1001W_WOMEN'S_BASIS_SHORT_SLEEVE_TEE_WHITE_FRONT.webp,womens-basis-short-sleeve-tee,white,9
Women's Basis Short Sleeve Tee — X1001W_WOMEN'S_BASIS_SHORT_SLEEVE_TEE_BLACK_BACK.webp,x1001w-x1001w-womens-basis-short-sleeve-tee-black-back,https://notanother-nz.github.io/total-image-product-assets/assets/X1001W_WOMEN'S_BASIS_SHORT_SLEEVE_TEE/webp/product/X1001W_WOMEN'S_BASIS_SHORT_SLEEVE_TEE_BLACK_BACK.webp,womens-basis-short-sleeve-tee,black,10
Women's Basis Short Sleeve Tee — X1001W_WOMEN'S_BASIS_SHORT_SLEEVE_TEE_GREY_MARLE_BACK.webp,x1001w-x1001w-womens-basis-short-sleeve-tee-grey-marle-back,https://notanother-nz.github.io/total-image-product-assets/assets/X1001W_WOMEN'S_BASIS_SHORT_SLEEVE_TEE/webp/product/X1001W_WOMEN'S_BASIS_SHORT_SLEEVE_TEE_GREY_MARLE_BACK.webp,womens-basis-short-sleeve-tee,grey-marle,11
Women's Basis Short Sleeve Tee — X1001W_WOMEN'S_BASIS_SHORT_SLEEVE_TEE_INK_BACK.webp,x1001w-x1001w-womens-basis-short-sleeve-tee-ink-back,https://notanother-nz.github.io/total-image-product-assets/assets/X1001W_WOMEN'S_BASIS_SHORT_SLEEVE_TEE/webp/product/X1001W_WOMEN'S_BASIS_SHORT_SLEEVE_TEE_INK_BACK.webp,womens-basis-short-sleeve-tee,ink,12
Women's Basis Short Sleeve Tee — X1001W_WOMEN'S_BASIS_SHORT_SLEEVE_TEE_NAVY_BACK.webp,x1001w-x1001w-womens-basis-short-sleeve-tee-navy-back,https://notanother-nz.github.io/total-image-product-assets/assets/X1001W_WOMEN'S_BASIS_SHORT_SLEEVE_TEE/webp/product/X1001W_WOMEN'S_BASIS_SHORT_SLEEVE_TEE_NAVY_BACK.webp,womens-basis-short-sleeve-tee,navy,13
Women's Basis Short Sleeve Tee — X1001W_WOMEN'S_BASIS_SHORT_SLEEVE_TEE_WHITE_BACK.webp,x1001w-x1001w-womens-basis-short-sleeve-tee-white-back,https://notanother-nz.github.io/total-image-product-assets/assets/X1001W_WOMEN'S_BASIS_SHORT_SLEEVE_TEE/webp/product/X1001W_WOMEN'S_BASIS_SHORT_SLEEVE_TEE_WHITE_BACK.webp,womens-basis-short-sleeve-tee,white,14
Black Men's Basis Long Sleeve Tee — X1002M_MEN'S_BASIS_LONG_SLEEVE_TEE_WHITE_HERO_FRONT.webp,x1002m-x1002m-mens-basis-long-sleeve-tee-white-hero-front,https://notanother-nz.github.io/total-image-product-assets/assets/X1002M_MEN'S_BASIS_LONG_SLEEVE_TEE/webp/model/X1002M_MEN'S_BASIS_LONG_SLEEVE_TEE_WHITE_HERO_FRONT.webp,black-mens-basis-long-sleeve-tee,white,1
Black Men's Basis Long Sleeve Tee — X1002M_MEN'S_BASIS_LONG_SLEEVE_TEE_WHITE_HERO_BACK.webp,x1002m-x1002m-mens-basis-long-sleeve-tee-white-hero-back,https://notanother-nz.github.io/total-image-product-assets/assets/X1002M_MEN'S_BASIS_LONG_SLEEVE_TEE/webp/model/X1002M_MEN'S_BASIS_LONG_SLEEVE_TEE_WHITE_HERO_BACK.webp,black-mens-basis-long-sleeve-tee,white,2
Black Men's Basis Long Sleeve Tee — X1002M_MEN'S_BASIS_LONG_SLEEVE_TEE_WHITE_HERO_CLOSEUP.webp,x1002m-x1002m-mens-basis-long-sleeve-tee-white-hero-closeup,https://notanother-nz.github.io/total-image-product-assets/assets/X1002M_MEN'S_BASIS_LONG_SLEEVE_TEE/webp/model/X1002M_MEN'S_BASIS_LONG_SLEEVE_TEE_WHITE_HERO_CLOSEUP.webp,black-mens-basis-long-sleeve-tee,white,3
Black Men's Basis Long Sleeve Tee — X1002M_MEN'S_BASIS_LONG_SLEEVE_TEE_WHITE_HERO_SIDE.webp,x1002m-x1002m-mens-basis-long-sleeve-tee-white-hero-side,https://notanother-nz.github.io/total-image-product-assets/assets/X1002M_MEN'S_BASIS_LONG_SLEEVE_TEE/webp/model/X1002M_MEN'S_BASIS_LONG_SLEEVE_TEE_WHITE_HERO_SIDE.webp,black-mens-basis-long-sleeve-tee,white,4
Black Men's Basis Long Sleeve Tee — X1002M_MEN'S_BASIS_LONG_SLEEVE_TEE_ARMY_FRONT.webp,x1002m-x1002m-mens-basis-long-sleeve-tee-army-front,https://notanother-nz.github.io/total-image-product-assets/assets/X1002M_MEN'S_BASIS_LONG_SLEEVE_TEE/webp/product/X1002M_MEN'S_BASIS_LONG_SLEEVE_TEE_ARMY_FRONT.webp,black-mens-basis-long-sleeve-tee,army,5
Black Men's Basis Long Sleeve Tee — X1002M_MEN'S_BASIS_LONG_SLEEVE_TEE_BLACK_FRONT.webp,x1002m-x1002m-mens-basis-long-sleeve-tee-black-front,https://notanother-nz.github.io/total-image-product-assets/assets/X1002M_MEN'S_BASIS_LONG_SLEEVE_TEE/webp/product/X1002M_MEN'S_BASIS_LONG_SLEEVE_TEE_BLACK_FRONT.webp,black-mens-basis-long-sleeve-tee,black,6
Black Men's Basis Long Sleeve Tee — X1002M_MEN'S_BASIS_LONG_SLEEVE_TEE_GREY_MARLE_FRONT.webp,x1002m-x1002m-mens-basis-long-sleeve-tee-grey-marle-front,https://notanother-nz.github.io/total-image-product-assets/assets/X1002M_MEN'S_BASIS_LONG_SLEEVE_TEE/webp/product/X1002M_MEN'S_BASIS_LONG_SLEEVE_TEE_GREY_MARLE_FRONT.webp,black-mens-basis-long-sleeve-tee,grey-marle,7
Black Men's Basis Long Sleeve Tee — X1002M_MEN'S_BASIS_LONG_SLEEVE_TEE_NAVY_FRONT.webp,x1002m-x1002m-mens-basis-long-sleeve-tee-navy-front,https://notanother-nz.github.io/total-image-product-assets/assets/X1002M_MEN'S_BASIS_LONG_SLEEVE_TEE/webp/product/X1002M_MEN'S_BASIS_LONG_SLEEVE_TEE_NAVY_FRONT.webp,black-mens-basis-long-sleeve-tee,navy,8
Black Men's Basis Long Sleeve Tee — X1002M_MEN'S_BASIS_LONG_SLEEVE_TEE_WHITE_FRONT.webp,x1002m-x1002m-mens-basis-long-sleeve-tee-white-front,https://notanother-nz.github.io/total-image-product-assets/assets/X1002M_MEN'S_BASIS_LONG_SLEEVE_TEE/webp/product/X1002M_MEN'S_BASIS_LONG_SLEEVE_TEE_WHITE_FRONT.webp,black-mens-basis-long-sleeve-tee,white,9
Black Men's Basis Long Sleeve Tee — X1002M_MEN'S_BASIS_LONG_SLEEVE_TEE_ARMY_BACK.webp,x1002m-x1002m-mens-basis-long-sleeve-tee-army-back,https://notanother-nz.github.io/total-image-product-assets/assets/X1002M_MEN'S_BASIS_LONG_SLEEVE_TEE/webp/product/X1002M_MEN'S_BASIS_LONG_SLEEVE_TEE_ARMY_BACK.webp,black-mens-basis-long-sleeve-tee,army,10
Black Men's Basis Long Sleeve Tee — X1002M_MEN'S_BASIS_LONG_SLEEVE_TEE_BLACK_BACK.webp,x1002m-x1002m-mens-basis-long-sleeve-tee-black-back,https://notanother-nz.github.io/total-image-product-assets/assets/X1002M_MEN'S_BASIS_LONG_SLEEVE_TEE/webp/product/X1002M_MEN'S_BASIS_LONG_SLEEVE_TEE_BLACK_BACK.webp,black-mens-basis-long-sleeve-tee,black,11
Black Men's Basis Long Sleeve Tee — X1002M_MEN'S_BASIS_LONG_SLEEVE_TEE_GREY_MARLE_BACK.webp,x1002m-x1002m-mens-basis-long-sleeve-tee-grey-marle-back,https://notanother-nz.github.io/total-image-product-assets/assets/X1002M_MEN'S_BASIS_LONG_SLEEVE_TEE/webp/product/X1002M_MEN'S_BASIS_LONG_SLEEVE_TEE_GREY_MARLE_BACK.webp,black-mens-basis-long-sleeve-tee,grey-marle,12
Black Men's Basis Long Sleeve Tee — X1002M_MEN'S_BASIS_LONG_SLEEVE_TEE_NAVY_BACK.webp,x1002m-x1002m-mens-basis-long-sleeve-tee-navy-back,https://notanother-nz.github.io/total-image-product-assets/assets/X1002M_MEN'S_BASIS_LONG_SLEEVE_TEE/webp/product/X1002M_MEN'S_BASIS_LONG_SLEEVE_TEE_NAVY_BACK.webp,black-mens-basis-long-sleeve-tee,navy,13
Black Men's Basis Long Sleeve Tee — X1002M_MEN'S_BASIS_LONG_SLEEVE_TEE_WHITE_BACK.webp,x1002m-x1002m-mens-basis-long-sleeve-tee-white-back,https://notanother-nz.github.io/total-image-product-assets/assets/X1002M_MEN'S_BASIS_LONG_SLEEVE_TEE/webp/product/X1002M_MEN'S_BASIS_LONG_SLEEVE_TEE_WHITE_BACK.webp,black-mens-basis-long-sleeve-tee,white,14
Women's Basis Long Sleeve Tee — X1002W_WOMEN'S_BASIS_LONG_SLEEVE_TEE_WHITE_HERO_FRONT.webp,x1002w-x1002w-womens-basis-long-sleeve-tee-white-hero-front,https://notanother-nz.github.io/total-image-product-assets/assets/X1002W_WOMEN'S_BASIS_LONG_SLEEVE_TEE/webp/model/X1002W_WOMEN'S_BASIS_LONG_SLEEVE_TEE_WHITE_HERO_FRONT.webp,womens-basis-long-sleeve-tee,white,1
Women's Basis Long Sleeve Tee — X1002W_WOMEN'S_BASIS_LONG_SLEEVE_TEE_WHITE_HERO_BACK.webp,x1002w-x1002w-womens-basis-long-sleeve-tee-white-hero-back,https://notanother-nz.github.io/total-image-product-assets/assets/X1002W_WOMEN'S_BASIS_LONG_SLEEVE_TEE/webp/model/X1002W_WOMEN'S_BASIS_LONG_SLEEVE_TEE_WHITE_HERO_BACK.webp,womens-basis-long-sleeve-tee,white,2
Women's Basis Long Sleeve Tee — X1002W_WOMEN'S_BASIS_LONG_SLEEVE_TEE_WHITE_HERO_CLOSEUP.webp,x1002w-x1002w-womens-basis-long-sleeve-tee-white-hero-closeup,https://notanother-nz.github.io/total-image-product-assets/assets/X1002W_WOMEN'S_BASIS_LONG_SLEEVE_TEE/webp/model/X1002W_WOMEN'S_BASIS_LONG_SLEEVE_TEE_WHITE_HERO_CLOSEUP.webp,womens-basis-long-sleeve-tee,white,3
Women's Basis Long Sleeve Tee — X1002W_WOMEN'S_BASIS_LONG_SLEEVE_TEE_WHITE_HERO_SIDE.webp,x1002w-x1002w-womens-basis-long-sleeve-tee-white-hero-side,https://notanother-nz.github.io/total-image-product-assets/assets/X1002W_WOMEN'S_BASIS_LONG_SLEEVE_TEE/webp/model/X1002W_WOMEN'S_BASIS_LONG_SLEEVE_TEE_WHITE_HERO_SIDE.webp,womens-basis-long-sleeve-tee,white,4
Women's Basis Long Sleeve Tee — X1002W_WOMEN'S_BASIS_LONG_SLEEVE_TEE_BLACK_FRONT.webp,x1002w-x1002w-womens-basis-long-sleeve-tee-black-front,https://notanother-nz.github.io/total-image-product-assets/assets/X1002W_WOMEN'S_BASIS_LONG_SLEEVE_TEE/webp/product/X1002W_WOMEN'S_BASIS_LONG_SLEEVE_TEE_BLACK_FRONT.webp,womens-basis-long-sleeve-tee,black,5
Women's Basis Long Sleeve Tee — X1002W_WOMEN'S_BASIS_LONG_SLEEVE_TEE_ECRU_FRONT.webp,x1002w-x1002w-womens-basis-long-sleeve-tee-ecru-front,https://notanother-nz.github.io/total-image-product-assets/assets/X1002W_WOMEN'S_BASIS_LONG_SLEEVE_TEE/webp/product/X1002W_WOMEN'S_BASIS_LONG_SLEEVE_TEE_ECRU_FRONT.webp,womens-basis-long-sleeve-tee,ecru,6
Women's Basis Long Sleeve Tee — X1002W_WOMEN'S_BASIS_LONG_SLEEVE_TEE_GREY_MARLE_FRONT.webp,x1002w-x1002w-womens-basis-long-sleeve-tee-grey-marle-front,https://notanother-nz.github.io/total-image-product-assets/assets/X1002W_WOMEN'S_BASIS_LONG_SLEEVE_TEE/webp/product/X1002W_WOMEN'S_BASIS_LONG_SLEEVE_TEE_GREY_MARLE_FRONT.webp,womens-basis-long-sleeve-tee,grey-marle,7
Women's Basis Long Sleeve Tee — X1002W_WOMEN'S_BASIS_LONG_SLEEVE_TEE_RED_FRONT.webp,x1002w-x1002w-womens-basis-long-sleeve-tee-red-front,https://notanother-nz.github.io/total-image-product-assets/assets/X1002W_WOMEN'S_BASIS_LONG_SLEEVE_TEE/webp/product/X1002W_WOMEN'S_BASIS_LONG_SLEEVE_TEE_RED_FRONT.webp,womens-basis-long-sleeve-tee,red,8
Women's Basis Long Sleeve Tee — X1002W_WOMEN'S_BASIS_LONG_SLEEVE_TEE_WHITE_FRONT.webp,x1002w-x1002w-womens-basis-long-sleeve-tee-white-front,https://notanother-nz.github.io/total-image-product-assets/assets/X1002W_WOMEN'S_BASIS_LONG_SLEEVE_TEE/webp/product/X1002W_WOMEN'S_BASIS_LONG_SLEEVE_TEE_WHITE_FRONT.webp,womens-basis-long-sleeve-tee,white,9
Women's Basis Long Sleeve Tee — X1002W_WOMEN'S_BASIS_LONG_SLEEVE_TEE_BLACK_BACK.webp,x1002w-x1002w-womens-basis-long-sleeve-tee-black-back,https://notanother-nz.github.io/total-image-product-assets/assets/X1002W_WOMEN'S_BASIS_LONG_SLEEVE_TEE/webp/product/X1002W_WOMEN'S_BASIS_LONG_SLEEVE_TEE_BLACK_BACK.webp,womens-basis-long-sleeve-tee,black,10
Women's Basis Long Sleeve Tee — X1002W_WOMEN'S_BASIS_LONG_SLEEVE_TEE_ECRU_BACK.webp,x1002w-x1002w-womens-basis-long-sleeve-tee-ecru-back,https://notanother-nz.github.io/total-image-product-assets/assets/X1002W_WOMEN'S_BASIS_LONG_SLEEVE_TEE/webp/product/X1002W_WOMEN'S_BASIS_LONG_SLEEVE_TEE_ECRU_BACK.webp,womens-basis-long-sleeve-tee,ecru,11
Women's Basis Long Sleeve Tee — X1002W_WOMEN'S_BASIS_LONG_SLEEVE_TEE_GREY_MARLE_BACK.webp,x1002w-x1002w-womens-basis-long-sleeve-tee-grey-marle-back,https://notanother-nz.github.io/total-image-product-assets/assets/X1002W_WOMEN'S_BASIS_LONG_SLEEVE_TEE/webp/product/X1002W_WOMEN'S_BASIS_LONG_SLEEVE_TEE_GREY_MARLE_BACK.webp,womens-basis-long-sleeve-tee,grey-marle,12
Women's Basis Long Sleeve Tee — X1002W_WOMEN'S_BASIS_LONG_SLEEVE_TEE_RED_BACK.webp,x1002w-x1002w-womens-basis-long-sleeve-tee-red-back,https://notanother-nz.github.io/total-image-product-assets/assets/X1002W_WOMEN'S_BASIS_LONG_SLEEVE_TEE/webp/product/X1002W_WOMEN'S_BASIS_LONG_SLEEVE_TEE_RED_BACK.webp,womens-basis-long-sleeve-tee,red,13
Women's Basis Long Sleeve Tee — X1002W_WOMEN'S_BASIS_LONG_SLEEVE_TEE_WHITE_BACK.webp,x1002w-x1002w-womens-basis-long-sleeve-tee-white-back,https://notanother-nz.github.io/total-image-product-assets/assets/X1002W_WOMEN'S_BASIS_LONG_SLEEVE_TEE/webp/product/X1002W_WOMEN'S_BASIS_LONG_SLEEVE_TEE_WHITE_BACK.webp,womens-basis-long-sleeve-tee,white,14
Everyday Short Sleeve Tee Men's — X2001M_EVERYDAY_SHORT_SLEEVE_TEE_MENS_WHITE_HERO_FRONT.webp,x2001m-x2001m-everyday-short-sleeve-tee-mens-white-hero-front,https://notanother-nz.github.io/total-image-product-assets/assets/X2001M_EVERYDAY_SHORT_SLEEVE_TEE_MENS/webp/model/X2001M_EVERYDAY_SHORT_SLEEVE_TEE_MENS_WHITE_HERO_FRONT.webp,everyday-short-sleeve-tee-mens,white,1
Everyday Short Sleeve Tee Men's — X2001M_EVERYDAY_SHORT_SLEEVE_TEE_MENS_WHITE_HERO_BACK.webp,x2001m-x2001m-everyday-short-sleeve-tee-mens-white-hero-back,https://notanother-nz.github.io/total-image-product-assets/assets/X2001M_EVERYDAY_SHORT_SLEEVE_TEE_MENS/webp/model/X2001M_EVERYDAY_SHORT_SLEEVE_TEE_MENS_WHITE_HERO_BACK.webp,everyday-short-sleeve-tee-mens,white,2
Everyday Short Sleeve Tee Men's — X2001M_EVERYDAY_SHORT_SLEEVE_TEE_MENS_WHITE_HERO_CLOSEUP.webp,x2001m-x2001m-everyday-short-sleeve-tee-mens-white-hero-closeup,https://notanother-nz.github.io/total-image-product-assets/assets/X2001M_EVERYDAY_SHORT_SLEEVE_TEE_MENS/webp/model/X2001M_EVERYDAY_SHORT_SLEEVE_TEE_MENS_WHITE_HERO_CLOSEUP.webp,everyday-short-sleeve-tee-mens,white,3
Everyday Short Sleeve Tee Men's — X2001M_EVERYDAY_SHORT_SLEEVE_TEE_MENS_WHITE_HERO_SIDE.webp,x2001m-x2001m-everyday-short-sleeve-tee-mens-white-hero-side,https://notanother-nz.github.io/total-image-product-assets/assets/X2001M_EVERYDAY_SHORT_SLEEVE_TEE_MENS/webp/model/X2001M_EVERYDAY_SHORT_SLEEVE_TEE_MENS_WHITE_HERO_SIDE.webp,everyday-short-sleeve-tee-mens,white,4
