Image Name,Slug,Image,Product,Color,Sort Order
Everyday Short Sleeve Tee Men's — X2001M_EVERYDAY_SHORT_SLEEVE_TEE_MENS_BLACK_FRONT.webp,x2001m-x2001m-everyday-short-sleeve-tee-mens-black-front,https://notanother-nz.github.io/total-image-product-assets/assets/X2001M_EVERYDAY_SHORT_SLEEVE_TEE_MENS/webp/product/X2001M_EVERYDAY_SHORT_SLEEVE_TEE_MENS_BLACK_FRONT.webp,everyday-short-sleeve-tee-mens,black,5
Everyday Short Sleeve Tee Men's — X2001M_EVERYDAY_SHORT_SLEEVE_TEE_MENS_NAVY_FRONT.webp,x2001m-x2001m-everyday-short-sleeve-tee-mens-navy-front,https://notanother-nz.github.io/total-image-product-assets/assets/X2001M_EVERYDAY_SHORT_SLEEVE_TEE_MENS/webp/product/X2001M_EVERYDAY_SHORT_SLEEVE_TEE_MENS_NAVY_FRONT.webp,everyday-short-sleeve-tee-mens,navy,6
Everyday Short Sleeve Tee Men's — X2001M_EVERYDAY_SHORT_SLEEVE_TEE_MENS_WHITE_FRONT.webp,x2001m-x2001m-everyday-short-sleeve-tee-mens-white-front,https://notanother-nz.github.io/total-image-product-assets/assets/X2001M_EVERYDAY_SHORT_SLEEVE_TEE_MENS/webp/product/X2001M_EVERYDAY_SHORT_SLEEVE_TEE_MENS_WHITE_FRONT.webp,everyday-short-sleeve-tee-mens,white,7
Everyday Short Sleeve Tee Men's — X2001M_EVERYDAY_SHORT_SLEEVE_TEE_MENS_BLACK_BACK.webp,x2001m-x2001m-everyday-short-sleeve-tee-mens-black-back,https://notanother-nz.github.io/total-image-product-assets/assets/X2001M_EVERYDAY_SHORT_SLEEVE_TEE_MENS/webp/product/X2001M_EVERYDAY_SHORT_SLEEVE_TEE_MENS_BLACK_BACK.webp,everyday-short-sleeve-tee-mens,black,8
Everyday Short Sleeve Tee Men's — X2001M_EVERYDAY_SHORT_SLEEVE_TEE_MENS_NAVY_BACK.webp,x2001m-x2001m-everyday-short-sleeve-tee-mens-navy-back,https://notanother-nz.github.io/total-image-product-assets/assets/X2001M_EVERYDAY_SHORT_SLEEVE_TEE_MENS/webp/product/X2001M_EVERYDAY_SHORT_SLEEVE_TEE_MENS_NAVY_BACK.webp,everyday-short-sleeve-tee-mens,navy,9
Everyday Short Sleeve Tee Men's — X2001M_EVERYDAY_SHORT_SLEEVE_TEE_MENS_WHITE_BACK.webp,x2001m-x2001m-everyday-short-sleeve-tee-mens-white-back,https://notanother-nz.github.io/total-image-product-assets/assets/X2001M_EVERYDAY_SHORT_SLEEVE_TEE_MENS/webp/product/X2001M_EVERYDAY_SHORT_SLEEVE_TEE_MENS_WHITE_BACK.webp,everyday-short-sleeve-tee-mens,white,10
Women's Everyday Short Sleeve Tee — X2001W_WOMEN'S_EVERYDAY_SHORT_SLEEVE_TEE_WHITE_HERO_FRONT.webp,x2001w-x2001w-womens-everyday-short-sleeve-tee-white-hero-front,https://notanother-nz.github.io/total-image-product-assets/assets/X2001W_WOMEN'S_EVERYDAY_SHORT_SLEEVE_TEE/webp/model/X2001W_WOMEN'S_EVERYDAY_SHORT_SLEEVE_TEE_WHITE_HERO_FRONT.webp,womens-everyday-short-sleeve-tee,white,1
Women's Everyday Short Sleeve Tee — X2001W_WOMEN'S_EVERYDAY_SHORT_SLEEVE_TEE_WHITE_HERO_BACK.webp,x2001w-x2001w-womens-everyday-short-sleeve-tee-white-hero-back,https://notanother-nz.github.io/total-image-product-assets/assets/X2001W_WOMEN'S_EVERYDAY_SHORT_SLEEVE_TEE/webp/model/X2001W_WOMEN'S_EVERYDAY_SHORT_SLEEVE_TEE_WHITE_HERO_BACK.webp,womens-everyday-short-sleeve-tee,white,2
Women's Everyday Short Sleeve Tee — X2001W_WOMEN'S_EVERYDAY_SHORT_SLEEVE_TEE_WHITE_HERO_CLOSEUP.webp,x2001w-x2001w-womens-everyday-short-sleeve-tee-white-hero-closeup,https://notanother-nz.github.io/total-image-product-assets/assets/X2001W_WOMEN'S_EVERYDAY_SHORT_SLEEVE_TEE/webp/model/X2001W_WOMEN'S_EVERYDAY_SHORT_SLEEVE_TEE_WHITE_HERO_CLOSEUP.webp,womens-everyday-short-sleeve-tee,white,3
Women's Everyday Short Sleeve Tee — X2001W_WOMEN'S_EVERYDAY_SHORT_SLEEVE_TEE_WHITE_HERO_SIDE.webp,x2001w-x2001w-womens-everyday-short-sleeve-tee-white-hero-side,https://notanother-nz.github.io/total-image-product-assets/assets/X2001W_WOMEN'S_EVERYDAY_SHORT_SLEEVE_TEE/webp/model/X2001W_WOMEN'S_EVERYDAY_SHORT_SLEEVE_TEE_WHITE_HERO_SIDE.webp,womens-everyday-short-sleeve-tee,white,4
Women's Everyday Short Sleeve Tee — X2001W_WOMEN'S_EVERYDAY_SHORT_SLEEVE_TEE_BLACK_FRONT.webp,x2001w-x2001w-womens-everyday-short-sleeve-tee-black-front,https://notanother-nz.github.io/total-image-product-assets/assets/X2001W_WOMEN'S_EVERYDAY_SHORT_SLEEVE_TEE/webp/product/X2001W_WOMEN'S_EVERYDAY_SHORT_SLEEVE_TEE_BLACK_FRONT.webp,womens-everyday-short-sleeve-tee,black,5
Women's Everyday Short Sleeve Tee — X2001W_WOMEN'S_EVERYDAY_SHORT_SLEEVE_TEE_ESPRESSO_FRONT.webp,x2001w-x2001w-womens-everyday-short-sleeve-tee-espresso-front,https://notanother-nz.github.io/total-image-product-assets/assets/X2001W_WOMEN'S_EVERYDAY_SHORT_SLEEVE_TEE/webp/product/X2001W_WOMEN'S_EVERYDAY_SHORT_SLEEVE_TEE_ESPRESSO_FRONT.webp,womens-everyday-short-sleeve-tee,espresso,6
Women's Everyday Short Sleeve Tee — X2001W_WOMEN'S_EVERYDAY_SHORT_SLEEVE_TEE_GREY_MARLE_FRONT.webp,x2001w-x2001w-womens-everyday-short-sleeve-tee-grey-marle-front,https://notanother-nz.github.io/total-image-product-assets/assets/X2001W_WOMEN'S_EVERYDAY_SHORT_SLEEVE_TEE/webp/product/X2001W_WOMEN'S_EVERYDAY_SHORT_SLEEVE_TEE_GREY_MARLE_FRONT.webp,womens-everyday-short-sleeve-tee,grey-marle,7
Women's Everyday Short Sleeve Tee — X2001W_WOMEN'S_EVERYDAY_SHORT_SLEEVE_TEE_NAVY_FRONT.webp,x2001w-x2001w-womens-everyday-short-sleeve-tee-navy-front,https://notanother-nz.github.io/total-image-product-assets/assets/X2001W_WOMEN'S_EVERYDAY_SHORT_SLEEVE_TEE/webp/product/X2001W_WOMEN'S_EVERYDAY_SHORT_SLEEVE_TEE_NAVY_FRONT.webp,womens-everyday-short-sleeve-tee,navy,8
Women's Everyday Short Sleeve Tee — X2001W_WOMEN'S_EVERYDAY_SHORT_SLEEVE_TEE_WHITE_FRONT.webp,x2001w-x2001w-womens-everyday-short-sleeve-tee-white-front,https://notanother-nz.github.io/total-image-product-assets/assets/X2001W_WOMEN'S_EVERYDAY_SHORT_SLEEVE_TEE/webp/product/X2001W_WOMEN'S_EVERYDAY_SHORT_SLEEVE_TEE_WHITE_FRONT.webp,womens-everyday-short-sleeve-tee,white,9
Women's Everyday Short Sleeve Tee — X2001W_WOMEN'S_EVERYDAY_SHORT_SLEEVE_TEE_BLACK_BACK.webp,x2001w-x2001w-womens-everyday-short-sleeve-tee-black-back,https://notanother-nz.github.io/total-image-product-assets/assets/X2001W_WOMEN'S_EVERYDAY_SHORT_SLEEVE_TEE/webp/product/X2001W_WOMEN'S_EVERYDAY_SHORT_SLEEVE_TEE_BLACK_BACK.webp,womens-everyday-short-sleeve-tee,black,10
Women's Everyday Short Sleeve Tee — X2001W_WOMEN'S_EVERYDAY_SHORT_SLEEVE_TEE_ESPRESSO_BACK.webp,x2001w-x2001w-womens-everyday-short-sleeve-tee-espresso-back,https://notanother-nz.github.io/total-image-product-assets/assets/X2001W_WOMEN'S_EVERYDAY_SHORT_SLEEVE_TEE/webp/product/X2001W_WOMEN'S_EVERYDAY_SHORT_SLEEVE_TEE_ESPRESSO_BACK.webp,womens-everyday-short-sleeve-tee,espresso,11
Women's Everyday Short Sleeve Tee — X2001W_WOMEN'S_EVERYDAY_SHORT_SLEEVE_TEE_GREY_MARLE_BACK.webp,x2001w-x2001w-womens-everyday-short-sleeve-tee-grey-marle-back,https://notanother-nz.github.io/total-image-product-assets/assets/X2001W_WOMEN'S_EVERYDAY_SHORT_SLEEVE_TEE/webp/product/X2001W_WOMEN'S_EVERYDAY_SHORT_SLEEVE_TEE_GREY_MARLE_BACK.webp,womens-everyday-short-sleeve-tee,grey-marle,12
Women's Everyday Short Sleeve Tee — X2001W_WOMEN'S_EVERYDAY_SHORT_SLEEVE_TEE_NAVY_BACK.webp,x2001w-x2001w-womens-everyday-short-sleeve-tee-navy-back,https://notanother-nz.github.io/total-image-product-assets/assets/X2001W_WOMEN'S_EVERYDAY_SHORT_SLEEVE_TEE/webp/product/X2001W_WOMEN'S_EVERYDAY_SHORT_SLEEVE_TEE_NAVY_BACK.webp,womens-everyday-short-sleeve-tee,navy,13
Women's Everyday Short Sleeve Tee — X2001W_WOMEN'S_EVERYDAY_SHORT_SLEEVE_TEE_WHITE_BACK.webp,x2001w-x2001w-womens-everyday-short-sleeve-tee-white-back,https://notanother-nz.github.io/total-image-product-assets/assets/X2001W_WOMEN'S_EVERYDAY_SHORT_SLEEVE_TEE/webp/product/X2001W_WOMEN'S_EVERYDAY_SHORT_SLEEVE_TEE_WHITE_BACK.webp,womens-everyday-short-sleeve-tee,white,14
Men's Comfort Back S/S Polo — ZH415_MEN'S_COMFORT_BACK_SHORT_SLEEVE_POLO_HERO_FRONT.webp,zh415-zh415-mens-comfort-back-short-sleeve-polo-hero-front,https://notanother-nz.github.io/total-image-product-assets/assets/ZH415_MEN'S_COMFORT_BACK_SHORT_SLEEVE_POLO/webp/model/ZH415_MEN'S_COMFORT_BACK_SHORT_SLEEVE_POLO_HERO_FRONT.webp,mens-comfort-back-s-s-polo,,1
Men's Comfort Back S/S Polo — ZH415_MEN'S_COMFORT_BACK_SHORT_SLEEVE_POLO_HERO_BACK.webp,zh415-zh415-mens-comfort-back-short-sleeve-polo-hero-back,https://notanother-nz.github.io/total-image-product-assets/assets/ZH415_MEN'S_COMFORT_BACK_SHORT_SLEEVE_POLO/webp/model/ZH415_MEN'S_COMFORT_BACK_SHORT_SLEEVE_POLO_HERO_BACK.webp,mens-comfort-back-s-s-polo,,2
Men's Comfort Back S/S Polo — ZH415_MEN'S_COMFORT_BACK_SHORT_SLEEVE_POLO_HERO_CLOSEUP.webp,zh415-zh415-mens-comfort-back-short-sleeve-polo-hero-closeup,https://notanother-nz.github.io/total-image-product-assets/assets/ZH415_MEN'S_COMFORT_BACK_SHORT_SLEEVE_POLO/webp/model/ZH415_MEN'S_COMFORT_BACK_SHORT_SLEEVE_POLO_HERO_CLOSEUP.webp,mens-comfort-back-s-s-polo,,3
Men's Comfort Back S/S Polo — ZH415_MEN'S_COMFORT_BACK_SHORT_SLEEVE_POLO_HERO_SIDE.webp,zh415-zh415-mens-comfort-back-short-sleeve-polo-hero-side,https://notanother-nz.github.io/total-image-product-assets/assets/ZH415_MEN'S_COMFORT_BACK_SHORT_SLEEVE_POLO/webp/model/ZH415_MEN'S_COMFORT_BACK_SHORT_SLEEVE_POLO_HERO_SIDE.webp,mens-comfort-back-s-s-polo,,4
Men's Comfort Back S/S Polo — ZH415_MEN'S_COMFORT_BACK_SHORT_SLEEVE_POLO_ORANGE_CHARCOAL_FRONT.webp,zh415-zh415-mens-comfort-back-short-sleeve-polo-orange-charcoal-front,https://notanother-nz.github.io/total-image-product-assets/assets/ZH415_MEN'S_COMFORT_BACK_SHORT_SLEEVE_POLO/webp/product/ZH415_MEN'S_COMFORT_BACK_SHORT_SLEEVE_POLO_ORANGE_CHARCOAL_FRONT.webp,mens-comfort-back-s-s-polo,orange-charcoal,5
Men's Comfort Back S/S Polo — ZH415_MEN'S_COMFORT_BACK_SHORT_SLEEVE_POLO_ORANGE_NAVY_FRONT.webp,zh415-zh415-mens-comfort-back-short-sleeve-polo-orange-navy-front,https://notanother-nz.github.io/total-image-product-assets/assets/ZH415_MEN'S_COMFORT_BACK_SHORT_SLEEVE_POLO/webp/product/ZH415_MEN'S_COMFORT_BACK_SHORT_SLEEVE_POLO_ORANGE_NAVY_FRONT.webp,mens-comfort-back-s-s-polo,orange-navy,6
Men's Comfort Back S/S Polo — ZH415_MEN'S_COMFORT_BACK_SHORT_SLEEVE_POLO_YELLOW_CHARCOAL_FRONT.webp,zh415-zh415-mens-comfort-back-short-sleeve-polo-yellow-charcoal-front,https://notanother-nz.github.io/total-image-product-assets/assets/ZH415_MEN'S_COMFORT_BACK_SHORT_SLEEVE_POLO/webp/product/ZH415_MEN'S_COMFORT_BACK_SHORT_SLEEVE_POLO_YELLOW_CHARCOAL_FRONT.webp,mens-comfort-back-s-s-polo,yellow-charcoal,7
Men's Comfort Back S/S Polo — ZH415_MEN'S_COMFORT_BACK_SHORT_SLEEVE_POLO_YELLOW_NAVY_FRONT.webp,zh415-zh415-mens-comfort-back-short-sleeve-polo-yellow-navy-front,https://notanother-nz.github.io/total-image-product-assets/assets/ZH415_MEN'S_COMFORT_BACK_SHORT_SLEEVE_POLO/webp/product/ZH415_MEN'S_COMFORT_BACK_SHORT_SLEEVE_POLO_YELLOW_NAVY_FRONT.webp,mens-comfort-back-s-s-polo,yellow-navy,8
Men's Comfort Back S/S Polo — ZH415_MEN'S_COMFORT_BACK_SHORT_SLEEVE_POLO_ORANGE_CHARCOAL_BACK.webp,zh415-zh415-mens-comfort-back-short-sleeve-polo-orange-charcoal-back,https://notanother-nz.github.io/total-image-product-assets/assets/ZH415_MEN'S_COMFORT_BACK_SHORT_SLEEVE_POLO/webp/product/ZH415_MEN'S_COMFORT_BACK_SHORT_SLEEVE_POLO_ORANGE_CHARCOAL_BACK.webp,mens-comfort-back-s-s-polo,orange-charcoal,9
Men's Comfort Back S/S Polo — ZH415_MEN'S_COMFORT_BACK_SHORT_SLEEVE_POLO_ORANGE_NAVY_BACK.webp,zh415-zh415-mens-comfort-back-short-sleeve-polo-orange-navy-back,https://notanother-nz.github.io/total-image-product-assets/assets/ZH415_MEN'S_COMFORT_BACK_SHORT_SLEEVE_POLO/webp/product/ZH415_MEN'S_COMFORT_BACK_SHORT_SLEEVE_POLO_ORANGE_NAVY_BACK.webp,mens-comfort-back-s-s-polo,orange-navy,10
Men's Comfort Back S/S Polo — ZH415_MEN'S_COMFORT_BACK_SHORT_SLEEVE_POLO_YELLOW_CHARCOAL_BACK.webp,zh415-zh415-mens-comfort-back-short-sleeve-polo-yellow-charcoal-back,https://notanother-nz.github.io/total-image-product-assets/assets/ZH415_MEN'S_COMFORT_BACK_SHORT_SLEEVE_POLO/webp/product/ZH415_MEN'S_COMFORT_BACK_SHORT_SLEEVE_POLO_YELLOW_CHARCOAL_BACK.webp,mens-comfort-back-s-s-polo,yellow-charcoal,11
Men's Comfort Back S/S Polo — ZH415_MEN'S_COMFORT_BACK_SHORT_SLEEVE_POLO_YELLOW_NAVY_BACK.webp,zh415-zh415-mens-comfort-back-short-sleeve-polo-yellow-navy-back,https://notanother-nz.github.io/total-image-product-assets/assets/ZH415_MEN'S_COMFORT_BACK_SHORT_SLEEVE_POLO/webp/product/ZH415_MEN'S_COMFORT_BACK_SHORT_SLEEVE_POLO_YELLOW_NAVY_BACK.webp,mens-comfort-back-s-s-polo,yellow-navy,12
Men's Hi Vis Waterproof Lightweight Jacket — ZJ355_MEN'S_HI_VIS_WATERPROOF_LIGHTWEIGHT_JACKET_HERO_FRONT.webp,zj355-zj355-mens-hi-vis-waterproof-lightweight-jacket-hero-front,https://notanother-nz.github.io/total-image-product-assets/assets/ZJ355_MEN'S_HI_VIS_WATERPROOF_LIGHTWEIGHT_JACKET/webp/model/ZJ355_MEN'S_HI_VIS_WATERPROOF_LIGHTWEIGHT_JACKET_HERO_FRONT.webp,mens-hi-vis-waterproof-lightweight-jacket,,1
Men's Hi Vis Waterproof Lightweight Jacket — ZJ355_MEN'S_HI_VIS_WATERPROOF_LIGHTWEIGHT_JACKET_HERO_BACK.webp,zj355-zj355-mens-hi-vis-waterproof-lightweight-jacket-hero-back,https://notanother-nz.github.io/total-image-product-assets/assets/ZJ355_MEN'S_HI_VIS_WATERPROOF_LIGHTWEIGHT_JACKET/webp/model/ZJ355_MEN'S_HI_VIS_WATERPROOF_LIGHTWEIGHT_JACKET_HERO_BACK.webp,mens-hi-vis-waterproof-lightweight-jacket,,2
Men's Hi Vis Waterproof Lightweight Jacket — ZJ355_MEN'S_HI_VIS_WATERPROOF_LIGHTWEIGHT_JACKET_HERO_CLOSEUP.webp,zj355-zj355-mens-hi-vis-waterproof-lightweight-jacket-hero-closeup,https://notanother-nz.github.io/total-image-product-assets/assets/ZJ355_MEN'S_HI_VIS_WATERPROOF_LIGHTWEIGHT_JACKET/webp/model/ZJ355_MEN'S_HI_VIS_WATERPROOF_LIGHTWEIGHT_JACKET_HERO_CLOSEUP.webp,mens-hi-vis-waterproof-lightweight-jacket,,3
Men's Hi Vis Waterproof Lightweight Jacket — ZJ355_MEN'S_HI_VIS_WATERPROOF_LIGHTWEIGHT_JACKET_HERO_SIDE.webp,zj355-zj355-mens-hi-vis-waterproof-lightweight-jacket-hero-side,https://notanother-nz.github.io/total-image-product-assets/assets/ZJ355_MEN'S_HI_VIS_WATERPROOF_LIGHTWEIGHT_JACKET/webp/model/ZJ355_MEN'S_HI_VIS_WATERPROOF_LIGHTWEIGHT_JACKET_HERO_SIDE.webp,mens-hi-vis-waterproof-lightweight-jacket,,4
Men's Hi Vis Waterproof Lightweight Jacket — ZJ355_MEN'S_HI_VIS_WATERPROOF_LIGHTWEIGHT_JACKET_ORANGE_NAVY_FRONT_2.webp,zj355-zj355-mens-hi-vis-waterproof-lightweight-jacket-orange-navy-front-2,https://notanother-nz.github.io/total-image-product-assets/assets/ZJ355_MEN'S_HI_VIS_WATERPROOF_LIGHTWEIGHT_JACKET/webp/product/ZJ355_MEN'S_HI_VIS_WATERPROOF_LIGHTWEIGHT_JACKET_ORANGE_NAVY_FRONT_2.webp,mens-hi-vis-waterproof-lightweight-jacket,orange-navy,5
Men's Hi Vis Waterproof Lightweight Jacket — ZJ355_MEN'S_HI_VIS_WATERPROOF_LIGHTWEIGHT_JACKET_ORANGE_NAVY_FRONT.webp,zj355-zj355-mens-hi-vis-waterproof-lightweight-jacket-orange-navy-front,https://notanother-nz.github.io/total-image-product-assets/assets/ZJ355_MEN'S_HI_VIS_WATERPROOF_LIGHTWEIGHT_JACKET/webp/product/ZJ355_MEN'S_HI_VIS_WATERPROOF_LIGHTWEIGHT_JACKET_ORANGE_NAVY_FRONT.webp,mens-hi-vis-waterproof-lightweight-jacket,orange-navy,6
Men's Hi Vis Waterproof Lightweight Jacket — ZJ355_MEN'S_HI_VIS_WATERPROOF_LIGHTWEIGHT_JACKET_YELLOW_NAVY_FRONT_2.webp,zj355-zj355-mens-hi-vis-waterproof-lightweight-jacket-yellow-navy-front-2,https://notanother-nz.github.io/total-image-product-assets/assets/ZJ355_MEN'S_HI_VIS_WATERPROOF_LIGHTWEIGHT_JACKET/webp/product/ZJ355_MEN'S_HI_VIS_WATERPROOF_LIGHTWEIGHT_JACKET_YELLOW_NAVY_FRONT_2.webp,mens-hi-vis-waterproof-lightweight-jacket,yellow-navy,7
Men's Hi Vis Waterproof Lightweight Jacket — ZJ355_MEN'S_HI_VIS_WATERPROOF_LIGHTWEIGHT_JACKET_YELLOW_NAVY_FRONT.webp,zj355-zj355-mens-hi-vis-waterproof-lightweight-jacket-yellow-navy-front,https://notanother-nz.github.io/total-image-product-assets/assets/ZJ355_MEN'S_HI_VIS_WATERPROOF_LIGHTWEIGHT_JACKET/webp/product/ZJ355_MEN'S_HI_VIS_WATERPROOF_LIGHTWEIGHT_JACKET_YELLOW_NAVY_FRONT.webp,mens-hi-vis-waterproof-lightweight-jacket,yellow-navy,8
Men's Hi Vis Waterproof Lightweight Jacket — ZJ355_MEN'S_HI_VIS_WATERPROOF_LIGHTWEIGHT_JACKET_ORANGE_NAVY_BACK_2.webp,zj355-zj355-mens-hi-vis-waterproof-lightweight-jacket-orange-navy-back-2,https://notanother-nz.github.io/total-image-product-assets/assets/ZJ355_MEN'S_HI_VIS_WATERPROOF_LIGHTWEIGHT_JACKET/webp/product/ZJ355_MEN'S_HI_VIS_WATERPROOF_LIGHTWEIGHT_JACKET_ORANGE_NAVY_BACK_2.webp,mens-hi-vis-waterproof-lightweight-jacket,orange-navy,9
Men's Hi Vis Waterproof Lightweight Jacket — ZJ355_MEN'S_HI_VIS_WATERPROOF_LIGHTWEIGHT_JACKET_ORANGE_NAVY_BACK.webp,zj355-zj355-mens-hi-vis-waterproof-lightweight-jacket-orange-navy-back,https://notanother-nz.github.io/total-image-product-assets/assets/ZJ355_MEN'S_HI_VIS_WATERPROOF_LIGHTWEIGHT_JACKET/webp/product/ZJ355_MEN'S_HI_VIS_WATERPROOF_LIGHTWEIGHT_JACKET_ORANGE_NAVY_BACK.webp,mens-hi-vis-waterproof-lightweight-jacket,orange-navy,10
Men's Hi Vis Waterproof Lightweight Jacket — ZJ355_MEN'S_HI_VIS_WATERPROOF_LIGHTWEIGHT_JACKET_YELLOW_NAVY_BACK_2.webp,zj355-zj355-mens-hi-vis-waterproof-lightweight-jacket-yellow-navy-back-2,https://notanother-nz.github.io/total-image-product-assets/assets/ZJ355_MEN'S_HI_VIS_WATERPROOF_LIGHTWEIGHT_JACKET/webp/product/ZJ355_MEN'S_HI_VIS_WATERPROOF_LIGHTWEIGHT_JACKET_YELLOW_NAVY_BACK_2.webp,mens-hi-vis-waterproof-lightweight-jacket,yellow-navy,11
Men's Hi Vis Waterproof Lightweight Jacket — ZJ355_MEN'S_HI_VIS_WATERPROOF_LIGHTWEIGHT_JACKET_YELLOW_NAVY_BACK.webp,zj355-zj355-mens-hi-vis-waterproof-lightweight-jacket-yellow-navy-back,https://notanother-nz.github.io/total-image-product-assets/assets/ZJ355_MEN'S_HI_VIS_WATERPROOF_LIGHTWEIGHT_JACKET/webp/product/ZJ355_MEN'S_HI_VIS_WATERPROOF_LIGHTWEIGHT_JACKET_YELLOW_NAVY_BACK.webp,mens-hi-vis-waterproof-lightweight-jacket,yellow-navy,12
Unisex Streetworx Beanie — ZMBEAN_UNISEX_STREETWORX_BEANIE_HERO_FRONT.webp,zmbean-zmbean-unisex-streetworx-beanie-hero-front,https://notanother-nz.github.io/total-image-product-assets/assets/ZMBEAN_UNISEX_STREETWORX_BEANIE/webp/model/ZMBEAN_UNISEX_STREETWORX_BEANIE_HERO_FRONT.webp,unisex-streetworx-beanie,,1
Unisex Streetworx Beanie — ZMBEAN_UNISEX_STREETWORX_BEANIE_HERO_BACK.webp,zmbean-zmbean-unisex-streetworx-beanie-hero-back,https://notanother-nz.github.io/total-image-product-assets/assets/ZMBEAN_UNISEX_STREETWORX_BEANIE/webp/model/ZMBEAN_UNISEX_STREETWORX_BEANIE_HERO_BACK.webp,unisex-streetworx-beanie,,2
Unisex Streetworx Beanie — ZMBEAN_UNISEX_STREETWORX_BEANIE_HERO_SIDE.webp,zmbean-zmbean-unisex-streetworx-beanie-hero-side,https://notanother-nz.github.io/total-image-product-assets/assets/ZMBEAN_UNISEX_STREETWORX_BEANIE/webp/model/ZMBEAN_UNISEX_STREETWORX_BEANIE_HERO_SIDE.webp,unisex-streetworx-beanie,,3
Unisex Streetworx Beanie — ZMBEAN_UNISEX_STREETWORX_BEANIE_BLACK.webp,zmbean-zmbean-unisex-streetworx-beanie-black,https://notanother-nz.github.io/total-image-product-assets/assets/ZMBEAN_UNISEX_STREETWORX_BEANIE/webp/product/ZMBEAN_UNISEX_STREETWORX_BEANIE_BLACK.webp,unisex-streetworx-beanie,black,4
Unisex Streetworx Beanie — ZMBEAN_UNISEX_STREETWORX_BEANIE_GREY.webp,zmbean-zmbean-unisex-streetworx-beanie-grey,https://notanother-nz.github.io/total-image-product-assets/assets/ZMBEAN_UNISEX_STREETWORX_BEANIE/webp/product/ZMBEAN_UNISEX_STREETWORX_BEANIE_GREY.webp,unisex-streetworx-beanie,grey,5
Unisex Streetworx Beanie — ZMBEAN_UNISEX_STREETWORX_BEANIE_NAVY.webp,zmbean-zmbean-unisex-streetworx-beanie-navy,https://notanother-nz.github.io/total-image-product-assets/assets/ZMBEAN_UNISEX_STREETWORX_BEANIE/webp/product/ZMBEAN_UNISEX_STREETWORX_BEANIE_NAVY.webp,unisex-streetworx-beanie,navy,6
Men's Essential Basic Stretch Cargo Pant — ZP230_MEN'S_ESSENTIAL_BASIC_STRETCH_CARGO_PANT_HERO_FRONT.webp,zp230-zp230-mens-essential-basic-stretch-cargo-pant-hero-front,https://notanother-nz.github.io/total-image-product-assets/assets/ZP230_MEN'S_ESSENTIAL_BASIC_STRETCH_CARGO_PANT/webp/model/ZP230_MEN'S_ESSENTIAL_BASIC_STRETCH_CARGO_PANT_HERO_FRONT.webp,mens-essential-basic-stretch-cargo-pant,,1
Men's Essential Basic Stretch Cargo Pant — ZP230_MEN'S_ESSENTIAL_BASIC_STRETCH_CARGO_PANT_HERO_BACK.webp,zp230-zp230-mens-essential-basic-stretch-cargo-pant-hero-back,https://notanother-nz.github.io/total-image-product-assets/assets/ZP230_MEN'S_ESSENTIAL_BASIC_STRETCH_CARGO_PANT/webp/model/ZP230_MEN'S_ESSENTIAL_BASIC_STRETCH_CARGO_PANT_HERO_BACK.webp,mens-essential-basic-stretch-cargo-pant,,2
Men's Essential Basic Stretch Cargo Pant — ZP230_MEN'S_ESSENTIAL_BASIC_STRETCH_CARGO_PANT_HERO_CLOSEUP.webp,zp230-zp230-mens-essential-basic-stretch-cargo-pant-hero-closeup,https://notanother-nz.github.io/total-image-product-assets/assets/ZP230_MEN'S_ESSENTIAL_BASIC_STRETCH_CARGO_PANT/webp/model/ZP230_MEN'S_ESSENTIAL_BASIC_STRETCH_CARGO_PANT_HERO_CLOSEUP.webp,mens-essential-basic-stretch-cargo-pant,,3
Men's Essential Basic Stretch Cargo Pant — ZP230_MEN'S_ESSENTIAL_BASIC_STRETCH_CARGO_PANT_HERO_SIDE.webp,zp230-zp230-mens-essential-basic-stretch-cargo-pant-hero-side,https://notanother-nz.github.io/total-image-product-assets/assets/ZP230_MEN'S_ESSENTIAL_BASIC_STRETCH_CARGO_PANT/webp/model/ZP230_MEN'S_ESSENTIAL_BASIC_STRETCH_CARGO_PANT_HERO_SIDE.webp,mens-essential-basic-stretch-cargo-pant,,4
Men's Essential Basic Stretch Cargo Pant — ZP230_MEN'S_ESSENTIAL_BASIC_STRETCH_CARGO_PANT_BLACK_FRONT.webp,zp230-zp230-mens-essential-basic-stretch-cargo-pant-black-front,https://notanother-nz.github.io/total-image-product-assets/assets/ZP230_MEN'S_ESSENTIAL_BASIC_STRETCH_CARGO_PANT/webp/product/ZP230_MEN'S_ESSENTIAL_BASIC_STRETCH_CARGO_PANT_BLACK_FRONT.webp,mens-essential-basic-stretch-cargo-pant,black,5
Men's Essential Basic Stretch Cargo Pant — ZP230_MEN'S_ESSENTIAL_BASIC_STRETCH_CARGO_PANT_CHARCOAL_FRONT.webp,zp230-zp230-mens-essential-basic-stretch-cargo-pant-charcoal-front,https://notanother-nz.github.io/total-image-product-assets/assets/ZP230_MEN'S_ESSENTIAL_BASIC_STRETCH_CARGO_PANT/webp/product/ZP230_MEN'S_ESSENTIAL_BASIC_STRETCH_CARGO_PANT_CHARCOAL_FRONT.webp,mens-essential-basic-stretch-cargo-pant,charcoal,6
Men's Essential Basic Stretch Cargo Pant — ZP230_MEN'S_ESSENTIAL_BASIC_STRETCH_CARGO_PANT_KHAKI_FRONT.webp,zp230-zp230-mens-essential-basic-stretch-cargo-pant-khaki-front,https://notanother-nz.github.io/total-image-product-assets/assets/ZP230_MEN'S_ESSENTIAL_BASIC_STRETCH_CARGO_PANT/webp/product/ZP230_MEN'S_ESSENTIAL_BASIC_STRETCH_CARGO_PANT_KHAKI_FRONT.webp,mens-essential-basic-stretch-cargo-pant,khaki,7
Men's Essential Basic Stretch Cargo Pant — ZP230_MEN'S_ESSENTIAL_BASIC_STRETCH_CARGO_PANT_NAVY_FRONT.webp,zp230-zp230-mens-essential-basic-stretch-cargo-pant-navy-front,https://notanother-nz.github.io/total-image-product-assets/assets/ZP230_MEN'S_ESSENTIAL_BASIC_STRETCH_CARGO_PANT/webp/product/ZP230_MEN'S_ESSENTIAL_BASIC_STRETCH_CARGO_PANT_NAVY_FRONT.webp,mens-essential-basic-stretch-cargo-pant,navy,8
Men's Essential Basic Stretch Cargo Pant — ZP230_MEN'S_ESSENTIAL_BASIC_STRETCH_CARGO_PANT_BLACK_BACK.webp,zp230-zp230-mens-essential-basic-stretch-cargo-pant-black-back,https://notanother-nz.github.io/total-image-product-assets/assets/ZP230_MEN'S_ESSENTIAL_BASIC_STRETCH_CARGO_PANT/webp/product/ZP230_MEN'S_ESSENTIAL_BASIC_STRETCH_CARGO_PANT_BLACK_BACK.webp,mens-essential-basic-stretch-cargo-pant,black,9
Men's Essential Basic Stretch Cargo Pant — ZP230_MEN'S_ESSENTIAL_BASIC_STRETCH_CARGO_PANT_CHARCOAL_BACK.webp,zp230-zp230-mens-essential-basic-stretch-cargo-pant-charcoal-back,https://notanother-nz.github.io/total-image-product-assets/assets/ZP230_MEN'S_ESSENTIAL_BASIC_STRETCH_CARGO_PANT/webp/product/ZP230_MEN'S_ESSENTIAL_BASIC_STRETCH_CARGO_PANT_CHARCOAL_BACK.webp,mens-essential-basic-stretch-cargo-pant,charcoal,10
Men's Essential Basic Stretch Cargo Pant — ZP230_MEN'S_ESSENTIAL_BASIC_STRETCH_CARGO_PANT_KHAKI_BACK.webp,zp230-zp230-mens-essential-basic-stretch-cargo-pant-khaki-back,https://notanother-nz.github.io/total-image-product-assets/assets/ZP230_MEN'S_ESSENTIAL_BASIC_STRETCH_CARGO_PANT/webp/product/ZP230_MEN'S_ESSENTIAL_BASIC_STRETCH_CARGO_PANT_KHAKI_BACK.webp,mens-essential-basic-stretch-cargo-pant,khaki,11
Men's Essential Basic Stretch Cargo Pant — ZP230_MEN'S_ESSENTIAL_BASIC_STRETCH_CARGO_PANT_NAVY_BACK.webp,zp230-zp230-mens-essential-basic-stretch-cargo-pant-navy-back,https://notanother-nz.github.io/total-image-product-assets/assets/ZP230_MEN'S_ESSENTIAL_BASIC_STRETCH_CARGO_PANT/webp/product/ZP230_MEN'S_ESSENTIAL_BASIC_STRETCH_CARGO_PANT_NAVY_BACK.webp,mens-essential-basic-stretch-cargo-pant,navy,12
Men's Streetworx Stretch Pant Non-Cuffed — ZP320_MEN'S_STREETWORX_STRETCH_PANT_NON_CUFFED_HERO_FRONT.webp,zp320-zp320-mens-streetworx-stretch-pant-non-cuffed-hero-front,https://notanother-nz.github.io/total-image-product-assets/assets/ZP320_MEN'S_STREETWORX_STRETCH_PANT_NON_CUFFED/webp/model/ZP320_MEN'S_STREETWORX_STRETCH_PANT_NON_CUFFED_HERO_FRONT.webp,mens-streetworx-stretch-pant-non-cuffed,,1
Men's Streetworx Stretch Pant Non-Cuffed — ZP320_MEN'S_STREETWORX_STRETCH_PANT_NON_CUFFED_HERO_BACK.webp,zp320-zp320-mens-streetworx-stretch-pant-non-cuffed-hero-back,https://notanother-nz.github.io/total-image-product-assets/assets/ZP320_MEN'S_STREETWORX_STRETCH_PANT_NON_CUFFED/webp/model/ZP320_MEN'S_STREETWORX_STRETCH_PANT_NON_CUFFED_HERO_BACK.webp,mens-streetworx-stretch-pant-non-cuffed,,2
Men's Streetworx Stretch Pant Non-Cuffed — ZP320_MEN'S_STREETWORX_STRETCH_PANT_NON_CUFFED_HERO_CLOSEUP.webp,zp320-zp320-mens-streetworx-stretch-pant-non-cuffed-hero-closeup,https://notanother-nz.github.io/total-image-product-assets/assets/ZP320_MEN'S_STREETWORX_STRETCH_PANT_NON_CUFFED/webp/model/ZP320_MEN'S_STREETWORX_STRETCH_PANT_NON_CUFFED_HERO_CLOSEUP.webp,mens-streetworx-stretch-pant-non-cuffed,,3
Men's Streetworx Stretch Pant Non-Cuffed — ZP320_MEN'S_STREETWORX_STRETCH_PANT_NON_CUFFED_HERO_SIDE.webp,zp320-zp320-mens-streetworx-stretch-pant-non-cuffed-hero-side,https://notanother-nz.github.io/total-image-product-assets/assets/ZP320_MEN'S_STREETWORX_STRETCH_PANT_NON_CUFFED/webp/model/ZP320_MEN'S_STREETWORX_STRETCH_PANT_NON_CUFFED_HERO_SIDE.webp,mens-streetworx-stretch-pant-non-cuffed,,4
Men's Streetworx Stretch Pant Non-Cuffed — ZP320_MEN'S_STREETWORX_STRETCH_PANT_NON_CUFFED_BLACK_FRONT.webp,zp320-zp320-mens-streetworx-stretch-pant-non-cuffed-black-front,https://notanother-nz.github.io/total-image-product-assets/assets/ZP320_MEN'S_STREETWORX_STRETCH_PANT_NON_CUFFED/webp/product/ZP320_MEN'S_STREETWORX_STRETCH_PANT_NON_CUFFED_BLACK_FRONT.webp,mens-streetworx-stretch-pant-non-cuffed,black,5
Men's Streetworx Stretch Pant Non-Cuffed — ZP320_MEN'S_STREETWORX_STRETCH_PANT_NON_CUFFED_CHARCOAL_FRONT.webp,zp320-zp320-mens-streetworx-stretch-pant-non-cuffed-charcoal-front,https://notanother-nz.github.io/total-image-product-assets/assets/ZP320_MEN'S_STREETWORX_STRETCH_PANT_NON_CUFFED/webp/product/ZP320_MEN'S_STREETWORX_STRETCH_PANT_NON_CUFFED_CHARCOAL_FRONT.webp,mens-streetworx-stretch-pant-non-cuffed,charcoal,6
Men's Streetworx Stretch Pant Non-Cuffed — ZP320_MEN'S_STREETWORX_STRETCH_PANT_NON_CUFFED_KHAKI_FRONT.webp,zp320-zp320-mens-streetworx-stretch-pant-non-cuffed-khaki-front,https://notanother-nz.github.io/total-image-product-assets/assets/ZP320_MEN'S_STREETWORX_STRETCH_PANT_NON_CUFFED/webp/product/ZP320_MEN'S_STREETWORX_STRETCH_PANT_NON_CUFFED_KHAKI_FRONT.webp,mens-streetworx-stretch-pant-non-cuffed,khaki,7
Men's Streetworx Stretch Pant Non-Cuffed — ZP320_MEN'S_STREETWORX_STRETCH_PANT_NON_CUFFED_NAVY_FRONT.webp,zp320-zp320-mens-streetworx-stretch-pant-non-cuffed-navy-front,https://notanother-nz.github.io/total-image-product-assets/assets/ZP320_MEN'S_STREETWORX_STRETCH_PANT_NON_CUFFED/webp/product/ZP320_MEN'S_STREETWORX_STRETCH_PANT_NON_CUFFED_NAVY_FRONT.webp,mens-streetworx-stretch-pant-non-cuffed,navy,8
Men's Streetworx Stretch Pant Non-Cuffed — ZP320_MEN'S_STREETWORX_STRETCH_PANT_NON_CUFFED_BLACK_BACK.webp,zp320-zp320-mens-streetworx-stretch-pant-non-cuffed-black-back,https://notanother-nz.github.io/total-image-product-assets/assets/ZP320_MEN'S_STREETWORX_STRETCH_PANT_NON_CUFFED/webp/product/ZP320_MEN'S_STREETWORX_STRETCH_PANT_NON_CUFFED_BLACK_BACK.webp,mens-streetworx-stretch-pant-non-cuffed,black,9
Men's Streetworx Stretch Pant Non-Cuffed — ZP320_MEN'S_STREETWORX_STRETCH_PANT_NON_CUFFED_CHARCOAL_BACK.webp,zp320-zp320-mens-streetworx-stretch-pant-non-cuffed-charcoal-back,https://notanother-nz.github.io/total-image-product-assets/assets/ZP320_MEN'S_STREETWORX_STRETCH_PANT_NON_CUFFED/webp/product/ZP320_MEN'S_STREETWORX_STRETCH_PANT_NON_CUFFED_CHARCOAL_BACK.webp,mens-streetworx-stretch-pant-non-cuffed,charcoal,10
Men's Streetworx Stretch Pant Non-Cuffed — ZP320_MEN'S_STREETWORX_STRETCH_PANT_NON_CUFFED_KHAKI_BACK.webp,zp320-zp320-mens-streetworx-stretch-pant-non-cuffed-khaki-back,https://notanother-nz.github.io/total-image-product-assets/assets/ZP320_MEN'S_STREETWORX_STRETCH_PANT_NON_CUFFED/webp/product/ZP320_MEN'S_STREETWORX_STRETCH_PANT_NON_CUFFED_KHAKI_BACK.webp,mens-streetworx-stretch-pant-non-cuffed,khaki,11
Men's Streetworx Stretch Pant Non-Cuffed — ZP320_MEN'S_STREETWORX_STRETCH_PANT_NON_CUFFED_NAVY_BACK.webp,zp320-zp320-mens-streetworx-stretch-pant-non-cuffed-navy-back,https://notanother-nz.github.io/total-image-product-assets/assets/ZP320_MEN'S_STREETWORX_STRETCH_PANT_NON_CUFFED/webp/product/ZP320_MEN'S_STREETWORX_STRETCH_PANT_NON_CUFFED_NAVY_BACK.webp,mens-streetworx-stretch-pant-non-cuffed,navy,12
Men's Basic Cargo Pant (Regular) — ZP501_MEN'S_BASIC_CARGO_PANT_(REGULAR)_HERO_FRONT.webp,zp501-zp501-mens-basic-cargo-pant-regular-hero-front,https://notanother-nz.github.io/total-image-product-assets/assets/ZP501_MEN'S_BASIC_CARGO_PANT_(REGULAR)/webp/model/ZP501_MEN'S_BASIC_CARGO_PANT_(REGULAR)_HERO_FRONT.webp,mens-basic-cargo-pant-regular,navy,1
Men's Basic Cargo Pant (Regular) — ZP501_MEN'S_BASIC_CARGO_PANT_(REGULAR)_HERO_BACK.webp,zp501-zp501-mens-basic-cargo-pant-regular-hero-back,https://notanother-nz.github.io/total-image-product-assets/assets/ZP501_MEN'S_BASIC_CARGO_PANT_(REGULAR)/webp/model/ZP501_MEN'S_BASIC_CARGO_PANT_(REGULAR)_HERO_BACK.webp,mens-basic-cargo-pant-regular,navy,2
Men's Basic Cargo Pant (Regular) — ZP501_MEN'S_BASIC_CARGO_PANT_(REGULAR)_HERO_CLOSEUP.webp,zp501-zp501-mens-basic-cargo-pant-regular-hero-closeup,https://notanother-nz.github.io/total-image-product-assets/assets/ZP501_MEN'S_BASIC_CARGO_PANT_(REGULAR)/webp/model/ZP501_MEN'S_BASIC_CARGO_PANT_(REGULAR)_HERO_CLOSEUP.webp,mens-basic-cargo-pant-regular,navy,3
Men's Basic Cargo Pant (Regular) — ZP501_MEN'S_BASIC_CARGO_PANT_(REGULAR)_HERO_SIDE.webp,zp501-zp501-mens-basic-cargo-pant-regular-hero-side,https://notanother-nz.github.io/total-image-product-assets/assets/ZP501_MEN'S_BASIC_CARGO_PANT_(REGULAR)/webp/model/ZP501_MEN'S_BASIC_CARGO_PANT_(REGULAR)_HERO_SIDE.webp,mens-basic-cargo-pant-regular,navy,4
Men's Basic Cargo Pant (Regular) — ZP501_MEN'S_BASIC_CARGO_PANT_(REGULAR)_NAVY_FRONT.webp,zp501-zp501-mens-basic-cargo-pant-regular-navy-front,https://notanother-nz.github.io/total-image-product-assets/assets/ZP501_MEN'S_BASIC_CARGO_PANT_(REGULAR)/webp/product/ZP501_MEN'S_BASIC_CARGO_PANT_(REGULAR)_NAVY_FRONT.webp,mens-basic-cargo-pant-regular,navy,5
Men's Basic Cargo Pant (Regular) — ZP501_MEN'S_BASIC_CARGO_PANT_(REGULAR)_NAVY_BACK.webp,zp501-zp501-mens-basic-cargo-pant-regular-navy-back,https://notanother-nz.github.io/total-image-product-assets/assets/ZP501_MEN'S_BASIC_CARGO_PANT_(REGULAR)/webp/product/ZP501_MEN'S_BASIC_CARGO_PANT_(REGULAR)_NAVY_BACK.webp,mens-basic-cargo-pant-regular,navy,6
Men's Rugged Cooling Cargo Pant (Regular) — ZP504_MEN'S_RUGGED_COOLING_CARGO_PANT_(REGULAR)_HERO_FRONT.webp,zp504-zp504-mens-rugged-cooling-cargo-pant-regular-hero-front,https://notanother-nz.github.io/total-image-product-assets/assets/ZP504_MEN'S_RUGGED_COOLING_CARGO_PANT_(REGULAR)/webp/model/ZP504_MEN'S_RUGGED_COOLING_CARGO_PANT_(REGULAR)_HERO_FRONT.webp,mens-rugged-cooling-cargo-pant-regular,,1
Men's Rugged Cooling Cargo Pant (Regular) — ZP504_MEN'S_RUGGED_COOLING_CARGO_PANT_(REGULAR)_HERO_BACK.webp,zp504-zp504-mens-rugged-cooling-cargo-pant-regular-hero-back,https://notanother-nz.github.io/total-image-product-assets/assets/ZP504_MEN'S_RUGGED_COOLING_CARGO_PANT_(REGULAR)/webp/model/ZP504_MEN'S_RUGGED_COOLING_CARGO_PANT_(REGULAR)_HERO_BACK.webp,mens-rugged-cooling-cargo-pant-regular,,2
Men's Rugged Cooling Cargo Pant (Regular) — ZP504_MEN'S_RUGGED_COOLING_CARGO_PANT_(REGULAR)_HERO_CLOSEUP.webp,zp504-zp504-mens-rugged-cooling-cargo-pant-regular-hero-closeup,https://notanother-nz.github.io/total-image-product-assets/assets/ZP504_MEN'S_RUGGED_COOLING_CARGO_PANT_(REGULAR)/webp/model/ZP504_MEN'S_RUGGED_COOLING_CARGO_PANT_(REGULAR)_HERO_CLOSEUP.webp,mens-rugged-cooling-cargo-pant-regular,,3
Men's Rugged Cooling Cargo Pant (Regular) — ZP504_MEN'S_RUGGED_COOLING_CARGO_PANT_(REGULAR)_HERO_SIDE.webp,zp504-zp504-mens-rugged-cooling-cargo-pant-regular-hero-side,https://notanother-nz.github.io/total-image-product-assets/assets/ZP504_MEN'S_RUGGED_COOLING_CARGO_PANT_(REGULAR)/webp/model/ZP504_MEN'S_RUGGED_COOLING_CARGO_PANT_(REGULAR)_HERO_SIDE.webp,mens-rugged-cooling-cargo-pant-regular,,4
Men's Rugged Cooling Cargo Pant (Regular) — ZP504_MEN'S_RUGGED_COOLING_CARGO_PANT_(REGULAR)_BLACK_FRONT.webp,zp504-zp504-mens-rugged-cooling-cargo-pant-regular-black-front,https://notanother-nz.github.io/total-image-product-assets/assets/ZP504_MEN'S_RUGGED_COOLING_CARGO_PANT_(REGULAR)/webp/product/ZP504_MEN'S_RUGGED_COOLING_CARGO_PANT_(REGULAR)_BLACK_FRONT.webp,mens-rugged-cooling-cargo-pant-regular,black,5
Men's Rugged Cooling Cargo Pant (Regular) — ZP504_MEN'S_RUGGED_COOLING_CARGO_PANT_(REGULAR)_CHARCOAL_FRONT.webp,zp504-zp504-mens-rugged-cooling-cargo-pant-regular-charcoal-front,https://notanother-nz.github.io/total-image-product-assets/assets/ZP504_MEN'S_RUGGED_COOLING_CARGO_PANT_(REGULAR)/webp/product/ZP504_MEN'S_RUGGED_COOLING_CARGO_PANT_(REGULAR)_CHARCOAL_FRONT.webp,mens-rugged-cooling-cargo-pant-regular,charcoal,6
Men's Rugged Cooling Cargo Pant (Regular) — ZP504_MEN'S_RUGGED_COOLING_CARGO_PANT_(REGULAR)_KHAKI_FRONT.webp,zp504-zp504-mens-rugged-cooling-cargo-pant-regular-khaki-front,https://notanother-nz.github.io/total-image-product-assets/assets/ZP504_MEN'S_RUGGED_COOLING_CARGO_PANT_(REGULAR)/webp/product/ZP504_MEN'S_RUGGED_COOLING_CARGO_PANT_(REGULAR)_KHAKI_FRONT.webp,mens-rugged-cooling-cargo-pant-regular,khaki,7
Men's Rugged Cooling Cargo Pant (Regular) — ZP504_MEN'S_RUGGED_COOLING_CARGO_PANT_(REGULAR)_NAVY_FRONT.webp,zp504-zp504-mens-rugged-cooling-cargo-pant-regular-navy-front,https://notanother-nz.github.io/total-image-product-assets/assets/ZP504_MEN'S_RUGGED_COOLING_CARGO_PANT_(REGULAR)/webp/product/ZP504_MEN'S_RUGGED_COOLING_CARGO_PANT_(REGULAR)_NAVY_FRONT.webp,mens-rugged-cooling-cargo-pant-regular,navy,8
Men's Rugged Cooling Cargo Pant (Regular) — ZP504_MEN'S_RUGGED_COOLING_CARGO_PANT_(REGULAR)_BLACK_BACK.webp,zp504-zp504-mens-rugged-cooling-cargo-pant-regular-black-back,https://notanother-nz.github.io/total-image-product-assets/assets/ZP504_MEN'S_RUGGED_COOLING_CARGO_PANT_(REGULAR)/webp/product/ZP504_MEN'S_RUGGED_COOLING_CARGO_PANT_(REGULAR)_BLACK_BACK.webp,mens-rugged-cooling-cargo-pant-regular,black,9
Men's Rugged Cooling Cargo Pant (Regular) — ZP504_MEN'S_RUGGED_COOLING_CARGO_PANT_(REGULAR)_CHARCOAL_BACK.webp,zp504-zp504-mens-rugged-cooling-cargo-pant-regular-charcoal-back,https://notanother-nz.github.io/total-image-product-assets/assets/ZP504_MEN'S_RUGGED_COOLING_CARGO_PANT_(REGULAR)/webp/product/ZP504_MEN'S_RUGGED_COOLING_CARGO_PANT_(REGULAR)_CHARCOAL_BACK.webp,mens-rugged-cooling-cargo-pant-regular,charcoal,10
Men's Rugged Cooling Cargo Pant (Regular) — ZP504_MEN'S_RUGGED_COOLING_CARGO_PANT_(REGULAR)_KHAKI_BACK.webp,zp504-zp504-mens-rugged-cooling-cargo-pant-regular-khaki-back,https://notanother-nz.github.io/total-image-product-assets/assets/ZP504_MEN'S_RUGGED_COOLING_CARGO_PANT_(REGULAR)/webp/product/ZP504_MEN'S_RUGGED_COOLING_CARGO_PANT_(REGULAR)_KHAKI_BACK.webp,mens-rugged-cooling-cargo-pant-regular,khaki,11
Men's Rugged Cooling Cargo Pant (Regular) — ZP504_MEN'S_RUGGED_COOLING_CARGO_PANT_(REGULAR)_NAVY_BACK.webp,zp504-zp504-mens-rugged-cooling-cargo-pant-regular-navy-back,https://notanother-nz.github.io/total-image-product-assets/assets/ZP504_MEN'S_RUGGED_COOLING_CARGO_PANT_(REGULAR)/webp/product/ZP504_MEN'S_RUGGED_COOLING_CARGO_PANT_(REGULAR)_NAVY_BACK.webp,mens-rugged-cooling-cargo-pant-regular,navy,12
Men's Lightweight Drill Cargo Pant — ZP505_MEN'S_LIGHTWEIGHT_DRILL_CARGO_PANT_HERO_FRONT.webp,zp505-zp505-mens-lightweight-drill-cargo-pant-hero-front,https://notanother-nz.github.io/total-image-product-assets/assets/ZP505_MEN'S_LIGHTWEIGHT_DRILL_CARGO_PANT/webp/model/ZP505_MEN'S_LIGHTWEIGHT_DRILL_CARGO_PANT_HERO_FRONT.webp,mens-lightweight-drill-cargo-pant,,1
Men's Lightweight Drill Cargo Pant — ZP505_MEN'S_LIGHTWEIGHT_DRILL_CARGO_PANT_HERO_BACK.webp,zp505-zp505-mens-lightweight-drill-cargo-pant-hero-back,https://notanother-nz.github.io/total-image-product-assets/assets/ZP505_MEN'S_LIGHTWEIGHT_DRILL_CARGO_PANT/webp/model/ZP505_MEN'S_LIGHTWEIGHT_DRILL_CARGO_PANT_HERO_BACK.webp,mens-lightweight-drill-cargo-pant,,2
Men's Lightweight Drill Cargo Pant — ZP505_MEN'S_LIGHTWEIGHT_DRILL_CARGO_PANT_HERO_CLOSEUP.webp,zp505-zp505-mens-lightweight-drill-cargo-pant-hero-closeup,https://notanother-nz.github.io/total-image-product-assets/assets/ZP505_MEN'S_LIGHTWEIGHT_DRILL_CARGO_PANT/webp/model/ZP505_MEN'S_LIGHTWEIGHT_DRILL_CARGO_PANT_HERO_CLOSEUP.webp,mens-lightweight-drill-cargo-pant,,3
Men's Lightweight Drill Cargo Pant — ZP505_MEN'S_LIGHTWEIGHT_DRILL_CARGO_PANT_HERO_SIDE.webp,zp505-zp505-mens-lightweight-drill-cargo-pant-hero-side,https://notanother-nz.github.io/total-image-product-assets/assets/ZP505_MEN'S_LIGHTWEIGHT_DRILL_CARGO_PANT/webp/model/ZP505_MEN'S_LIGHTWEIGHT_DRILL_CARGO_PANT_HERO_SIDE.webp,mens-lightweight-drill-cargo-pant,,4
Men's Lightweight Drill Cargo Pant — ZP505_MEN'S_LIGHTWEIGHT_DRILL_CARGO_PANT_BLACK_FRONT.webp,zp505-zp505-mens-lightweight-drill-cargo-pant-black-front,https://notanother-nz.github.io/total-image-product-assets/assets/ZP505_MEN'S_LIGHTWEIGHT_DRILL_CARGO_PANT/webp/product/ZP505_MEN'S_LIGHTWEIGHT_DRILL_CARGO_PANT_BLACK_FRONT.webp,mens-lightweight-drill-cargo-pant,black,5
Men's Lightweight Drill Cargo Pant — ZP505_MEN'S_LIGHTWEIGHT_DRILL_CARGO_PANT_CHARCOAL_FRONT.webp,zp505-zp505-mens-lightweight-drill-cargo-pant-charcoal-front,https://notanother-nz.github.io/total-image-product-assets/assets/ZP505_MEN'S_LIGHTWEIGHT_DRILL_CARGO_PANT/webp/product/ZP505_MEN'S_LIGHTWEIGHT_DRILL_CARGO_PANT_CHARCOAL_FRONT.webp,mens-lightweight-drill-cargo-pant,charcoal,6
Men's Lightweight Drill Cargo Pant — ZP505_MEN'S_LIGHTWEIGHT_DRILL_CARGO_PANT_NAVY_FRONT.webp,zp505-zp505-mens-lightweight-drill-cargo-pant-navy-front,https://notanother-nz.github.io/total-image-product-assets/assets/ZP505_MEN'S_LIGHTWEIGHT_DRILL_CARGO_PANT/webp/product/ZP505_MEN'S_LIGHTWEIGHT_DRILL_CARGO_PANT_NAVY_FRONT.webp,mens-lightweight-drill-cargo-pant,navy,7
Men's Lightweight Drill Cargo Pant — ZP505_MEN'S_LIGHTWEIGHT_DRILL_CARGO_PANT_BLACK_BACK.webp,zp505-zp505-mens-lightweight-drill-cargo-pant-black-back,https://notanother-nz.github.io/total-image-product-assets/assets/ZP505_MEN'S_LIGHTWEIGHT_DRILL_CARGO_PANT/webp/product/ZP505_MEN'S_LIGHTWEIGHT_DRILL_CARGO_PANT_BLACK_BACK.webp,mens-lightweight-drill-cargo-pant,black,8
Men's Lightweight Drill Cargo Pant — ZP505_MEN'S_LIGHTWEIGHT_DRILL_CARGO_PANT_CHARCOAL_BACK.webp,zp505-zp505-mens-lightweight-drill-cargo-pant-charcoal-back,https://notanother-nz.github.io/total-image-product-assets/assets/ZP505_MEN'S_LIGHTWEIGHT_DRILL_CARGO_PANT/webp/product/ZP505_MEN'S_LIGHTWEIGHT_DRILL_CARGO_PANT_CHARCOAL_BACK.webp,mens-lightweight-drill-cargo-pant,charcoal,9
Men's Lightweight Drill Cargo Pant — ZP505_MEN'S_LIGHTWEIGHT_DRILL_CARGO_PANT_NAVY_BACK.webp,zp505-zp505-mens-lightweight-drill-cargo-pant-navy-back,https://notanother-nz.github.io/total-image-product-assets/assets/ZP505_MEN'S_LIGHTWEIGHT_DRILL_CARGO_PANT/webp/product/ZP505_MEN'S_LIGHTWEIGHT_DRILL_CARGO_PANT_NAVY_BACK.webp,mens-lightweight-drill-cargo-pant,navy,10
Men's Rugged Cooling Stretch Pant — ZP604_MEN'S_RUGGED_COOLING_STRETCH_PANT_HERO_FRONT.webp,zp604-zp604-mens-rugged-cooling-stretch-pant-hero-front,https://notanother-nz.github.io/total-image-product-assets/assets/ZP604_MEN'S_RUGGED_COOLING_STRETCH_PANT/webp/model/ZP604_MEN'S_RUGGED_COOLING_STRETCH_PANT_HERO_FRONT.webp,mens-rugged-cooling-stretch-pant,,1
Men's Rugged Cooling Stretch Pant — ZP604_MEN'S_RUGGED_COOLING_STRETCH_PANT_HERO_BACK.webp,zp604-zp604-mens-rugged-cooling-stretch-pant-hero-back,https://notanother-nz.github.io/total-image-product-assets/assets/ZP604_MEN'S_RUGGED_COOLING_STRETCH_PANT/webp/model/ZP604_MEN'S_RUGGED_COOLING_STRETCH_PANT_HERO_BACK.webp,mens-rugged-cooling-stretch-pant,,2
Men's Rugged Cooling Stretch Pant — ZP604_MEN'S_RUGGED_COOLING_STRETCH_PANT_HERO_CLOSEUP.webp,zp604-zp604-mens-rugged-cooling-stretch-pant-hero-closeup,https://notanother-nz.github.io/total-image-product-assets/assets/ZP604_MEN'S_RUGGED_COOLING_STRETCH_PANT/webp/model/ZP604_MEN'S_RUGGED_COOLING_STRETCH_PANT_HERO_CLOSEUP.webp,mens-rugged-cooling-stretch-pant,,3
Men's Rugged Cooling Stretch Pant — ZP604_MEN'S_RUGGED_COOLING_STRETCH_PANT_HERO_SIDE.webp,zp604-zp604-mens-rugged-cooling-stretch-pant-hero-side,https://notanother-nz.github.io/total-image-product-assets/assets/ZP604_MEN'S_RUGGED_COOLING_STRETCH_PANT/webp/model/ZP604_MEN'S_RUGGED_COOLING_STRETCH_PANT_HERO_SIDE.webp,mens-rugged-cooling-stretch-pant,,4
Men's Rugged Cooling Stretch Pant — ZP604_MEN'S_RUGGED_COOLING_STRETCH_PANT_BLACK_FRONT.webp,zp604-zp604-mens-rugged-cooling-stretch-pant-black-front,https://notanother-nz.github.io/total-image-product-assets/assets/ZP604_MEN'S_RUGGED_COOLING_STRETCH_PANT/webp/product/ZP604_MEN'S_RUGGED_COOLING_STRETCH_PANT_BLACK_FRONT.webp,mens-rugged-cooling-stretch-pant,black,5
Men's Rugged Cooling Stretch Pant — ZP604_MEN'S_RUGGED_COOLING_STRETCH_PANT_CHARCOAL_FRONT.webp,zp604-zp604-mens-rugged-cooling-stretch-pant-charcoal-front,https://notanother-nz.github.io/total-image-product-assets/assets/ZP604_MEN'S_RUGGED_COOLING_STRETCH_PANT/webp/product/ZP604_MEN'S_RUGGED_COOLING_STRETCH_PANT_CHARCOAL_FRONT.webp,mens-rugged-cooling-stretch-pant,charcoal,6
Men's Rugged Cooling Stretch Pant — ZP604_MEN'S_RUGGED_COOLING_STRETCH_PANT_KHAKI_FRONT.webp,zp604-zp604-mens-rugged-cooling-stretch-pant-khaki-front,https://notanother-nz.github.io/total-image-product-assets/assets/ZP604_MEN'S_RUGGED_COOLING_STRETCH_PANT/webp/product/ZP604_MEN'S_RUGGED_COOLING_STRETCH_PANT_KHAKI_FRONT.webp,mens-rugged-cooling-stretch-pant,khaki,7
Men's Rugged Cooling Stretch Pant — ZP604_MEN'S_RUGGED_COOLING_STRETCH_PANT_NAVY_FRONT.webp,zp604-zp604-mens-rugged-cooling-stretch-pant-navy-front,https://notanother-nz.github.io/total-image-product-assets/assets/ZP604_MEN'S_RUGGED_COOLING_STRETCH_PANT/webp/product/ZP604_MEN'S_RUGGED_COOLING_STRETCH_PANT_NAVY_FRONT.webp,mens-rugged-cooling-stretch-pant,navy,8
Men's Rugged Cooling Stretch Pant — ZP604_MEN'S_RUGGED_COOLING_STRETCH_PANT_BLACK_BACK.webp,zp604-zp604-mens-rugged-cooling-stretch-pant-black-back,https://notanother-nz.github.io/total-image-product-assets/assets/ZP604_MEN'S_RUGGED_COOLING_STRETCH_PANT/webp/product/ZP604_MEN'S_RUGGED_COOLING_STRETCH_PANT_BLACK_BACK.webp,mens-rugged-cooling-stretch-pant,black,9
Men's Rugged Cooling Stretch Pant — ZP604_MEN'S_RUGGED_COOLING_STRETCH_PANT_CHARCOAL_BACK.webp,zp604-zp604-mens-rugged-cooling-stretch-pant-charcoal-back,https://notanother-nz.github.io/total-image-product-assets/assets/ZP604_MEN'S_RUGGED_COOLING_STRETCH_PANT/webp/product/ZP604_MEN'S_RUGGED_COOLING_STRETCH_PANT_CHARCOAL_BACK.webp,mens-rugged-cooling-stretch-pant,charcoal,10
Men's Rugged Cooling Stretch Pant — ZP604_MEN'S_RUGGED_COOLING_STRETCH_PANT_KHAKI_BACK.webp,zp604-zp604-mens-rugged-cooling-stretch-pant-khaki-back,https://notanother-nz.github.io/total-image-product-assets/assets/ZP604_MEN'S_RUGGED_COOLING_STRETCH_PANT/webp/product/ZP604_MEN'S_RUGGED_COOLING_STRETCH_PANT_KHAKI_BACK.webp,mens-rugged-cooling-stretch-pant,khaki,11
Men's Rugged Cooling Stretch Pant — ZP604_MEN'S_RUGGED_COOLING_STRETCH_PANT_NAVY_BACK.webp,zp604-zp604-mens-rugged-cooling-stretch-pant-navy-back,https://notanother-nz.github.io/total-image-product-assets/assets/ZP604_MEN'S_RUGGED_COOLING_STRETCH_PANT/webp/product/ZP604_MEN'S_RUGGED_COOLING_STRETCH_PANT_NAVY_BACK.webp,mens-rugged-cooling-stretch-pant,navy,12
Women's Essential Basic Stretch Cargo Pant — ZP730_WOMEN'S_ESSENTIAL_BASIC_STRETCH_CARGO_PANT_HERO_FRONT.webp,zp730-zp730-womens-essential-basic-stretch-cargo-pant-hero-front,https://notanother-nz.github.io/total-image-product-assets/assets/ZP730_WOMEN'S_ESSENTIAL_BASIC_STRETCH_CARGO_PANT/webp/model/ZP730_WOMEN'S_ESSENTIAL_BASIC_STRETCH_CARGO_PANT_HERO_FRONT.webp,womens-essential-basic-stretch-cargo-pant,,1
Women's Essential Basic Stretch Cargo Pant — ZP730_WOMEN'S_ESSENTIAL_BASIC_STRETCH_CARGO_PANT_HERO_BACK.webp,zp730-zp730-womens-essential-basic-stretch-cargo-pant-hero-back,https://notanother-nz.github.io/total-image-product-assets/assets/ZP730_WOMEN'S_ESSENTIAL_BASIC_STRETCH_CARGO_PANT/webp/model/ZP730_WOMEN'S_ESSENTIAL_BASIC_STRETCH_CARGO_PANT_HERO_BACK.webp,womens-essential-basic-stretch-cargo-pant,,2
Women's Essential Basic Stretch Cargo Pant — ZP730_WOMEN'S_ESSENTIAL_BASIC_STRETCH_CARGO_PANT_HERO_CLOSEUP.webp,zp730-zp730-womens-essential-basic-stretch-cargo-pant-hero-closeup,https://notanother-nz.github.io/total-image-product-assets/assets/ZP730_WOMEN'S_ESSENTIAL_BASIC_STRETCH_CARGO_PANT/webp/model/ZP730_WOMEN'S_ESSENTIAL_BASIC_STRETCH_CARGO_PANT_HERO_CLOSEUP.webp,womens-essential-basic-stretch-cargo-pant,,3
Women's Essential Basic Stretch Cargo Pant — ZP730_WOMEN'S_ESSENTIAL_BASIC_STRETCH_CARGO_PANT_HERO_SIDE.webp,zp730-zp730-womens-essential-basic-stretch-cargo-pant-hero-side,https://notanother-nz.github.io/total-image-product-assets/assets/ZP730_WOMEN'S_ESSENTIAL_BASIC_STRETCH_CARGO_PANT/webp/model/ZP730_WOMEN'S_ESSENTIAL_BASIC_STRETCH_CARGO_PANT_HERO_SIDE.webp,womens-essential-basic-stretch-cargo-pant,,4
Women's Essential Basic Stretch Cargo Pant — ZP730_WOMEN'S_ESSENTIAL_BASIC_STRETCH_CARGO_PANT_BLACK_FRONT.webp,zp730-zp730-womens-essential-basic-stretch-cargo-pant-black-front,https://notanother-nz.github.io/total-image-product-assets/assets/ZP730_WOMEN'S_ESSENTIAL_BASIC_STRETCH_CARGO_PANT/webp/product/ZP730_WOMEN'S_ESSENTIAL_BASIC_STRETCH_CARGO_PANT_BLACK_FRONT.webp,womens-essential-basic-stretch-cargo-pant,black,5
Women's Essential Basic Stretch Cargo Pant — ZP730_WOMEN'S_ESSENTIAL_BASIC_STRETCH_CARGO_PANT_CHARCOAL_FRONT.webp,zp730-zp730-womens-essential-basic-stretch-cargo-pant-charcoal-front,https://notanother-nz.github.io/total-image-product-assets/assets/ZP730_WOMEN'S_ESSENTIAL_BASIC_STRETCH_CARGO_PANT/webp/product/ZP730_WOMEN'S_ESSENTIAL_BASIC_STRETCH_CARGO_PANT_CHARCOAL_FRONT.webp,womens-essential-basic-stretch-cargo-pant,charcoal,6
Women's Essential Basic Stretch Cargo Pant — ZP730_WOMEN'S_ESSENTIAL_BASIC_STRETCH_CARGO_PANT_KHAKI_FRONT.webp,zp730-zp730-womens-essential-basic-stretch-cargo-pant-khaki-front,https://notanother-nz.github.io/total-image-product-assets/assets/ZP730_WOMEN'S_ESSENTIAL_BASIC_STRETCH_CARGO_PANT/webp/product/ZP730_WOMEN'S_ESSENTIAL_BASIC_STRETCH_CARGO_PANT_KHAKI_FRONT.webp,womens-essential-basic-stretch-cargo-pant,khaki,7
Women's Essential Basic Stretch Cargo Pant — ZP730_WOMEN'S_ESSENTIAL_BASIC_STRETCH_CARGO_PANT_NAVY_FRONT.webp,zp730-zp730-womens-essential-basic-stretch-cargo-pant-navy-front,https://notanother-nz.github.io/total-image-product-assets/assets/ZP730_WOMEN'S_ESSENTIAL_BASIC_STRETCH_CARGO_PANT/webp/product/ZP730_WOMEN'S_ESSENTIAL_BASIC_STRETCH_CARGO_PANT_NAVY_FRONT.webp,womens-essential-basic-stretch-cargo-pant,navy,8
Women's Essential Basic Stretch Cargo Pant — ZP730_WOMEN'S_ESSENTIAL_BASIC_STRETCH_CARGO_PANT_BLACK_BACK.webp,zp730-zp730-womens-essential-basic-stretch-cargo-pant-black-back,https://notanother-nz.github.io/total-image-product-assets/assets/ZP730_WOMEN'S_ESSENTIAL_BASIC_STRETCH_CARGO_PANT/webp/product/ZP730_WOMEN'S_ESSENTIAL_BASIC_STRETCH_CARGO_PANT_BLACK_BACK.webp,womens-essential-basic-stretch-cargo-pant,black,9
Women's Essential Basic Stretch Cargo Pant — ZP730_WOMEN'S_ESSENTIAL_BASIC_STRETCH_CARGO_PANT_CHARCOAL_BACK.webp,zp730-zp730-womens-essential-basic-stretch-cargo-pant-charcoal-back,https://notanother-nz.github.io/total-image-product-assets/assets/ZP730_WOMEN'S_ESSENTIAL_BASIC_STRETCH_CARGO_PANT/webp/product/ZP730_WOMEN'S_ESSENTIAL_BASIC_STRETCH_CARGO_PANT_CHARCOAL_BACK.webp,womens-essential-basic-stretch-cargo-pant,charcoal,10
Women's Essential Basic Stretch Cargo Pant — ZP730_WOMEN'S_ESSENTIAL_BASIC_STRETCH_CARGO_PANT_KHAKI_BACK.webp,zp730-zp730-womens-essential-basic-stretch-cargo-pant-khaki-back,https://notanother-nz.github.io/total-image-product-assets/assets/ZP730_WOMEN'S_ESSENTIAL_BASIC_STRETCH_CARGO_PANT/webp/product/ZP730_WOMEN'S_ESSENTIAL_BASIC_STRETCH_CARGO_PANT_KHAKI_BACK.webp,womens-essential-basic-stretch-cargo-pant,khaki,11
Women's Essential Basic Stretch Cargo Pant — ZP730_WOMEN'S_ESSENTIAL_BASIC_STRETCH_CARGO_PANT_NAVY_BACK.webp,zp730-zp730-womens-essential-basic-stretch-cargo-pant-navy-back,https://notanother-nz.github.io/total-image-product-assets/assets/ZP730_WOMEN'S_ESSENTIAL_BASIC_STRETCH_CARGO_PANT/webp/product/ZP730_WOMEN'S_ESSENTIAL_BASIC_STRETCH_CARGO_PANT_NAVY_BACK.webp,womens-essential-basic-stretch-cargo-pant,navy,12
Women's Essential Stretch Taped Cargo Pant — ZP733_WOMEN'S_ESSENTIAL_STRETCH_TAPED_CARGO_PANT_HERO_FRONT.webp,zp733-zp733-womens-essential-stretch-taped-cargo-pant-hero-front,https://notanother-nz.github.io/total-image-product-assets/assets/ZP733_WOMEN'S_ESSENTIAL_STRETCH_TAPED_CARGO_PANT/webp/model/ZP733_WOMEN'S_ESSENTIAL_STRETCH_TAPED_CARGO_PANT_HERO_FRONT.webp,womens-essential-stretch-taped-cargo-pant,navy,1
Women's Essential Stretch Taped Cargo Pant — ZP733_WOMEN'S_ESSENTIAL_STRETCH_TAPED_CARGO_PANT_HERO_BACK.webp,zp733-zp733-womens-essential-stretch-taped-cargo-pant-hero-back,https://notanother-nz.github.io/total-image-product-assets/assets/ZP733_WOMEN'S_ESSENTIAL_STRETCH_TAPED_CARGO_PANT/webp/model/ZP733_WOMEN'S_ESSENTIAL_STRETCH_TAPED_CARGO_PANT_HERO_BACK.webp,womens-essential-stretch-taped-cargo-pant,navy,2
Women's Essential Stretch Taped Cargo Pant — ZP733_WOMEN'S_ESSENTIAL_STRETCH_TAPED_CARGO_PANT_HERO_CLOSEUP.webp,zp733-zp733-womens-essential-stretch-taped-cargo-pant-hero-closeup,https://notanother-nz.github.io/total-image-product-assets/assets/ZP733_WOMEN'S_ESSENTIAL_STRETCH_TAPED_CARGO_PANT/webp/model/ZP733_WOMEN'S_ESSENTIAL_STRETCH_TAPED_CARGO_PANT_HERO_CLOSEUP.webp,womens-essential-stretch-taped-cargo-pant,navy,3
Women's Essential Stretch Taped Cargo Pant — ZP733_WOMEN'S_ESSENTIAL_STRETCH_TAPED_CARGO_PANT_HERO_SIDE.webp,zp733-zp733-womens-essential-stretch-taped-cargo-pant-hero-side,https://notanother-nz.github.io/total-image-product-assets/assets/ZP733_WOMEN'S_ESSENTIAL_STRETCH_TAPED_CARGO_PANT/webp/model/ZP733_WOMEN'S_ESSENTIAL_STRETCH_TAPED_CARGO_PANT_HERO_SIDE.webp,womens-essential-stretch-taped-cargo-pant,navy,4
Women's Essential Stretch Taped Cargo Pant — ZP733_WOMEN'S_ESSENTIAL_STRETCH_TAPED_CARGO_PANT_NAVY_FRONT.webp,zp733-zp733-womens-essential-stretch-taped-cargo-pant-navy-front,https://notanother-nz.github.io/total-image-product-assets/assets/ZP733_WOMEN'S_ESSENTIAL_STRETCH_TAPED_CARGO_PANT/webp/product/ZP733_WOMEN'S_ESSENTIAL_STRETCH_TAPED_CARGO_PANT_NAVY_FRONT.webp,womens-essential-stretch-taped-cargo-pant,navy,5
Women's Essential Stretch Taped Cargo Pant — ZP733_WOMEN'S_ESSENTIAL_STRETCH_TAPED_CARGO_PANT_NAVY_BACK.webp,zp733-zp733-womens-essential-stretch-taped-cargo-pant-navy-back,https://notanother-nz.github.io/total-image-product-assets/assets/ZP733_WOMEN'S_ESSENTIAL_STRETCH_TAPED_CARGO_PANT/webp/product/ZP733_WOMEN'S_ESSENTIAL_STRETCH_TAPED_CARGO_PANT_NAVY_BACK.webp,womens-essential-stretch-taped-cargo-pant,navy,6
Women's Essential Stretch Taped Cargo Pant - Cuffed — ZP735_WOMEN'S_ESSENTIAL_STRETCH_TAPED_CARGO_PANT_CUFFED_HERO_FRONT.webp,zp735-zp735-womens-essential-stretch-taped-cargo-pant-cuffed-hero-front,https://notanother-nz.github.io/total-image-product-assets/assets/ZP735_WOMEN'S_ESSENTIAL_STRETCH_TAPED_CARGO_PANT_CUFFED/webp/model/ZP735_WOMEN'S_ESSENTIAL_STRETCH_TAPED_CARGO_PANT_CUFFED_HERO_FRONT.webp,womens-essential-stretch-taped-cargo-pant-cuffed,navy,1
Women's Essential Stretch Taped Cargo Pant - Cuffed — ZP735_WOMEN'S_ESSENTIAL_STRETCH_TAPED_CARGO_PANT_CUFFED_HERO_BACK.webp,zp735-zp735-womens-essential-stretch-taped-cargo-pant-cuffed-hero-back,https://notanother-nz.github.io/total-image-product-assets/assets/ZP735_WOMEN'S_ESSENTIAL_STRETCH_TAPED_CARGO_PANT_CUFFED/webp/model/ZP735_WOMEN'S_ESSENTIAL_STRETCH_TAPED_CARGO_PANT_CUFFED_HERO_BACK.webp,womens-essential-stretch-taped-cargo-pant-cuffed,navy,2
Women's Essential Stretch Taped Cargo Pant - Cuffed — ZP735_WOMEN'S_ESSENTIAL_STRETCH_TAPED_CARGO_PANT_CUFFED_HERO_CLOSEUP.webp,zp735-zp735-womens-essential-stretch-taped-cargo-pant-cuffed-hero-closeup,https://notanother-nz.github.io/total-image-product-assets/assets/ZP735_WOMEN'S_ESSENTIAL_STRETCH_TAPED_CARGO_PANT_CUFFED/webp/model/ZP735_WOMEN'S_ESSENTIAL_STRETCH_TAPED_CARGO_PANT_CUFFED_HERO_CLOSEUP.webp,womens-essential-stretch-taped-cargo-pant-cuffed,navy,3
Women's Essential Stretch Taped Cargo Pant - Cuffed — ZP735_WOMEN'S_ESSENTIAL_STRETCH_TAPED_CARGO_PANT_CUFFED_HERO_SIDE.webp,zp735-zp735-womens-essential-stretch-taped-cargo-pant-cuffed-hero-side,https://notanother-nz.github.io/total-image-product-assets/assets/ZP735_WOMEN'S_ESSENTIAL_STRETCH_TAPED_CARGO_PANT_CUFFED/webp/model/ZP735_WOMEN'S_ESSENTIAL_STRETCH_TAPED_CARGO_PANT_CUFFED_HERO_SIDE.webp,womens-essential-stretch-taped-cargo-pant-cuffed,navy,4
Women's Essential Stretch Taped Cargo Pant - Cuffed — ZP735_WOMEN'S_ESSENTIAL_STRETCH_TAPED_CARGO_PANT_CUFFED_NAVY_FRONT.webp,zp735-zp735-womens-essential-stretch-taped-cargo-pant-cuffed-navy-front,https://notanother-nz.github.io/total-image-product-assets/assets/ZP735_WOMEN'S_ESSENTIAL_STRETCH_TAPED_CARGO_PANT_CUFFED/webp/product/ZP735_WOMEN'S_ESSENTIAL_STRETCH_TAPED_CARGO_PANT_CUFFED_NAVY_FRONT.webp,womens-essential-stretch-taped-cargo-pant-cuffed,navy,5
Women's Essential Stretch Taped Cargo Pant - Cuffed — ZP735_WOMEN'S_ESSENTIAL_STRETCH_TAPED_CARGO_PANT_CUFFED_NAVY_BACK.webp,zp735-zp735-womens-essential-stretch-taped-cargo-pant-cuffed-navy-back,https://notanother-nz.github.io/total-image-product-assets/assets/ZP735_WOMEN'S_ESSENTIAL_STRETCH_TAPED_CARGO_PANT_CUFFED/webp/product/ZP735_WOMEN'S_ESSENTIAL_STRETCH_TAPED_CARGO_PANT_CUFFED_NAVY_BACK.webp,womens-essential-stretch-taped-cargo-pant-cuffed,navy,6
Women's Streetworx Tough Pant — ZP750_WOMEN'S_STREETWORX_TOUGH_PANT_HERO_FRONT.webp,zp750-zp750-womens-streetworx-tough-pant-hero-front,https://notanother-nz.github.io/total-image-product-assets/assets/ZP750_WOMEN'S_STREETWORX_TOUGH_PANT/webp/model/ZP750_WOMEN'S_STREETWORX_TOUGH_PANT_HERO_FRONT.webp,womens-streetworx-tough-pant,,1
Women's Streetworx Tough Pant — ZP750_WOMEN'S_STREETWORX_TOUGH_PANT_HERO_BACK.webp,zp750-zp750-womens-streetworx-tough-pant-hero-back,https://notanother-nz.github.io/total-image-product-assets/assets/ZP750_WOMEN'S_STREETWORX_TOUGH_PANT/webp/model/ZP750_WOMEN'S_STREETWORX_TOUGH_PANT_HERO_BACK.webp,womens-streetworx-tough-pant,,2
Women's Streetworx Tough Pant — ZP750_WOMEN'S_STREETWORX_TOUGH_PANT_HERO_CLOSEUP.webp,zp750-zp750-womens-streetworx-tough-pant-hero-closeup,https://notanother-nz.github.io/total-image-product-assets/assets/ZP750_WOMEN'S_STREETWORX_TOUGH_PANT/webp/model/ZP750_WOMEN'S_STREETWORX_TOUGH_PANT_HERO_CLOSEUP.webp,womens-streetworx-tough-pant,,3
Women's Streetworx Tough Pant — ZP750_WOMEN'S_STREETWORX_TOUGH_PANT_HERO_SIDE.webp,zp750-zp750-womens-streetworx-tough-pant-hero-side,https://notanother-nz.github.io/total-image-product-assets/assets/ZP750_WOMEN'S_STREETWORX_TOUGH_PANT/webp/model/ZP750_WOMEN'S_STREETWORX_TOUGH_PANT_HERO_SIDE.webp,womens-streetworx-tough-pant,,4
Women's Streetworx Tough Pant — ZP750_WOMEN'S_STREETWORX_TOUGH_PANT_BLACK_FRONT.webp,zp750-zp750-womens-streetworx-tough-pant-black-front,https://notanother-nz.github.io/total-image-product-assets/assets/ZP750_WOMEN'S_STREETWORX_TOUGH_PANT/webp/product/ZP750_WOMEN'S_STREETWORX_TOUGH_PANT_BLACK_FRONT.webp,womens-streetworx-tough-pant,black,5
Women's Streetworx Tough Pant — ZP750_WOMEN'S_STREETWORX_TOUGH_PANT_CHARCOAL_FRONT.webp,zp750-zp750-womens-streetworx-tough-pant-charcoal-front,https://notanother-nz.github.io/total-image-product-assets/assets/ZP750_WOMEN'S_STREETWORX_TOUGH_PANT/webp/product/ZP750_WOMEN'S_STREETWORX_TOUGH_PANT_CHARCOAL_FRONT.webp,womens-streetworx-tough-pant,charcoal,6
Women's Streetworx Tough Pant — ZP750_WOMEN'S_STREETWORX_TOUGH_PANT_KHAKI_FRONT.webp,zp750-zp750-womens-streetworx-tough-pant-khaki-front,https://notanother-nz.github.io/total-image-product-assets/assets/ZP750_WOMEN'S_STREETWORX_TOUGH_PANT/webp/product/ZP750_WOMEN'S_STREETWORX_TOUGH_PANT_KHAKI_FRONT.webp,womens-streetworx-tough-pant,khaki,7
Women's Streetworx Tough Pant — ZP750_WOMEN'S_STREETWORX_TOUGH_PANT_NAVY_FRONT.webp,zp750-zp750-womens-streetworx-tough-pant-navy-front,https://notanother-nz.github.io/total-image-product-assets/assets/ZP750_WOMEN'S_STREETWORX_TOUGH_PANT/webp/product/ZP750_WOMEN'S_STREETWORX_TOUGH_PANT_NAVY_FRONT.webp,womens-streetworx-tough-pant,navy,8
Women's Streetworx Tough Pant — ZP750_WOMEN'S_STREETWORX_TOUGH_PANT_BLACK_BACK.webp,zp750-zp750-womens-streetworx-tough-pant-black-back,https://notanother-nz.github.io/total-image-product-assets/assets/ZP750_WOMEN'S_STREETWORX_TOUGH_PANT/webp/product/ZP750_WOMEN'S_STREETWORX_TOUGH_PANT_BLACK_BACK.webp,womens-streetworx-tough-pant,black,9
Women's Streetworx Tough Pant — ZP750_WOMEN'S_STREETWORX_TOUGH_PANT_CHARCOAL_BACK.webp,zp750-zp750-womens-streetworx-tough-pant-charcoal-back,https://notanother-nz.github.io/total-image-product-assets/assets/ZP750_WOMEN'S_STREETWORX_TOUGH_PANT/webp/product/ZP750_WOMEN'S_STREETWORX_TOUGH_PANT_CHARCOAL_BACK.webp,womens-streetworx-tough-pant,charcoal,10
Women's Streetworx Tough Pant — ZP750_WOMEN'S_STREETWORX_TOUGH_PANT_KHAKI_BACK.webp,zp750-zp750-womens-streetworx-tough-pant-khaki-back,https://notanother-nz.github.io/total-image-product-assets/assets/ZP750_WOMEN'S_STREETWORX_TOUGH_PANT/webp/product/ZP750_WOMEN'S_STREETWORX_TOUGH_PANT_KHAKI_BACK.webp,womens-streetworx-tough-pant,khaki,11
Women's Streetworx Tough Pant — ZP750_WOMEN'S_STREETWORX_TOUGH_PANT_NAVY_BACK.webp,zp750-zp750-womens-streetworx-tough-pant-navy-back,https://notanother-nz.github.io/total-image-product-assets/assets/ZP750_WOMEN'S_STREETWORX_TOUGH_PANT/webp/product/ZP750_WOMEN'S_STREETWORX_TOUGH_PANT_NAVY_BACK.webp,womens-streetworx-tough-pant,navy,12
Men's Streetworx Heritage Pant — ZP820_MEN'S_STREETWORX_HERITAGE_PANT_HERO_FRONT.webp,zp820-zp820-mens-streetworx-heritage-pant-hero-front,https://notanother-nz.github.io/total-image-product-assets/assets/ZP820_MEN'S_STREETWORX_HERITAGE_PANT/webp/model/ZP820_MEN'S_STREETWORX_HERITAGE_PANT_HERO_FRONT.webp,mens-streetworx-heritage-pant,,1
Men's Streetworx Heritage Pant — ZP820_MEN'S_STREETWORX_HERITAGE_PANT_HERO_BACK.webp,zp820-zp820-mens-streetworx-heritage-pant-hero-back,https://notanother-nz.github.io/total-image-product-assets/assets/ZP820_MEN'S_STREETWORX_HERITAGE_PANT/webp/model/ZP820_MEN'S_STREETWORX_HERITAGE_PANT_HERO_BACK.webp,mens-streetworx-heritage-pant,,2
Men's Streetworx Heritage Pant — ZP820_MEN'S_STREETWORX_HERITAGE_PANT_HERO_CLOSEUP.webp,zp820-zp820-mens-streetworx-heritage-pant-hero-closeup,https://notanother-nz.github.io/total-image-product-assets/assets/ZP820_MEN'S_STREETWORX_HERITAGE_PANT/webp/model/ZP820_MEN'S_STREETWORX_HERITAGE_PANT_HERO_CLOSEUP.webp,mens-streetworx-heritage-pant,,3
Men's Streetworx Heritage Pant — ZP820_MEN'S_STREETWORX_HERITAGE_PANT_HERO_SIDE.webp,zp820-zp820-mens-streetworx-heritage-pant-hero-side,https://notanother-nz.github.io/total-image-product-assets/assets/ZP820_MEN'S_STREETWORX_HERITAGE_PANT/webp/model/ZP820_MEN'S_STREETWORX_HERITAGE_PANT_HERO_SIDE.webp,mens-streetworx-heritage-pant,,4
Men's Streetworx Heritage Pant — ZP820_MEN'S_STREETWORX_HERITAGE_PANT_BLACK_FRONT.webp,zp820-zp820-mens-streetworx-heritage-pant-black-front,https://notanother-nz.github.io/total-image-product-assets/assets/ZP820_MEN'S_STREETWORX_HERITAGE_PANT/webp/product/ZP820_MEN'S_STREETWORX_HERITAGE_PANT_BLACK_FRONT.webp,mens-streetworx-heritage-pant,black,5
Men's Streetworx Heritage Pant — ZP820_MEN'S_STREETWORX_HERITAGE_PANT_CHARCOAL_FRONT.webp,zp820-zp820-mens-streetworx-heritage-pant-charcoal-front,https://notanother-nz.github.io/total-image-product-assets/assets/ZP820_MEN'S_STREETWORX_HERITAGE_PANT/webp/product/ZP820_MEN'S_STREETWORX_HERITAGE_PANT_CHARCOAL_FRONT.webp,mens-streetworx-heritage-pant,charcoal,6
Men's Streetworx Heritage Pant — ZP820_MEN'S_STREETWORX_HERITAGE_PANT_NAVY_FRONT.webp,zp820-zp820-mens-streetworx-heritage-pant-navy-front,https://notanother-nz.github.io/total-image-product-assets/assets/ZP820_MEN'S_STREETWORX_HERITAGE_PANT/webp/product/ZP820_MEN'S_STREETWORX_HERITAGE_PANT_NAVY_FRONT.webp,mens-streetworx-heritage-pant,navy,7
Men's Streetworx Heritage Pant — ZP820_MEN'S_STREETWORX_HERITAGE_PANT_STONE_FRONT.webp,zp820-zp820-mens-streetworx-heritage-pant-stone-front,https://notanother-nz.github.io/total-image-product-assets/assets/ZP820_MEN'S_STREETWORX_HERITAGE_PANT/webp/product/ZP820_MEN'S_STREETWORX_HERITAGE_PANT_STONE_FRONT.webp,mens-streetworx-heritage-pant,stone,8
Men's Streetworx Heritage Pant — ZP820_MEN'S_STREETWORX_HERITAGE_PANT_BLACK_BACK.webp,zp820-zp820-mens-streetworx-heritage-pant-black-back,https://notanother-nz.github.io/total-image-product-assets/assets/ZP820_MEN'S_STREETWORX_HERITAGE_PANT/webp/product/ZP820_MEN'S_STREETWORX_HERITAGE_PANT_BLACK_BACK.webp,mens-streetworx-heritage-pant,black,9
Men's Streetworx Heritage Pant — ZP820_MEN'S_STREETWORX_HERITAGE_PANT_CHARCOAL_BACK.webp,zp820-zp820-mens-streetworx-heritage-pant-charcoal-back,https://notanother-nz.github.io/total-image-product-assets/assets/ZP820_MEN'S_STREETWORX_HERITAGE_PANT/webp/product/ZP820_MEN'S_STREETWORX_HERITAGE_PANT_CHARCOAL_BACK.webp,mens-streetworx-heritage-pant,charcoal,10
Men's Streetworx Heritage Pant — ZP820_MEN'S_STREETWORX_HERITAGE_PANT_NAVY_BACK.webp,zp820-zp820-mens-streetworx-heritage-pant-navy-back,https://notanother-nz.github.io/total-image-product-assets/assets/ZP820_MEN'S_STREETWORX_HERITAGE_PANT/webp/product/ZP820_MEN'S_STREETWORX_HERITAGE_PANT_NAVY_BACK.webp,mens-streetworx-heritage-pant,navy,11
Men's Streetworx Heritage Pant — ZP820_MEN'S_STREETWORX_HERITAGE_PANT_STONE_BACK.webp,zp820-zp820-mens-streetworx-heritage-pant-stone-back,https://notanother-nz.github.io/total-image-product-assets/assets/ZP820_MEN'S_STREETWORX_HERITAGE_PANT/webp/product/ZP820_MEN'S_STREETWORX_HERITAGE_PANT_STONE_BACK.webp,mens-streetworx-heritage-pant,stone,12
Men's Essential Stretch Taped Cargo Pant — ZP923_MEN'S_ESSENTIAL_STRETCH_TAPED_CARGO_PANT_HERO_FRONT.webp,zp923-zp923-mens-essential-stretch-taped-cargo-pant-hero-front,https://notanother-nz.github.io/total-image-product-assets/assets/ZP923_MEN'S_ESSENTIAL_STRETCH_TAPED_CARGO_PANT/webp/model/ZP923_MEN'S_ESSENTIAL_STRETCH_TAPED_CARGO_PANT_HERO_FRONT.webp,mens-essential-stretch-taped-cargo-pant,navy,1
Men's Essential Stretch Taped Cargo Pant — ZP923_MEN'S_ESSENTIAL_STRETCH_TAPED_CARGO_PANT_HERO_BACK.webp,zp923-zp923-mens-essential-stretch-taped-cargo-pant-hero-back,https://notanother-nz.github.io/total-image-product-assets/assets/ZP923_MEN'S_ESSENTIAL_STRETCH_TAPED_CARGO_PANT/webp/model/ZP923_MEN'S_ESSENTIAL_STRETCH_TAPED_CARGO_PANT_HERO_BACK.webp,mens-essential-stretch-taped-cargo-pant,navy,2
Men's Essential Stretch Taped Cargo Pant — ZP923_MEN'S_ESSENTIAL_STRETCH_TAPED_CARGO_PANT_HERO_CLOSEUP.webp,zp923-zp923-mens-essential-stretch-taped-cargo-pant-hero-closeup,https://notanother-nz.github.io/total-image-product-assets/assets/ZP923_MEN'S_ESSENTIAL_STRETCH_TAPED_CARGO_PANT/webp/model/ZP923_MEN'S_ESSENTIAL_STRETCH_TAPED_CARGO_PANT_HERO_CLOSEUP.webp,mens-essential-stretch-taped-cargo-pant,navy,3
Men's Essential Stretch Taped Cargo Pant — ZP923_MEN'S_ESSENTIAL_STRETCH_TAPED_CARGO_PANT_HERO_SIDE.webp,zp923-zp923-mens-essential-stretch-taped-cargo-pant-hero-side,https://notanother-nz.github.io/total-image-product-assets/assets/ZP923_MEN'S_ESSENTIAL_STRETCH_TAPED_CARGO_PANT/webp/model/ZP923_MEN'S_ESSENTIAL_STRETCH_TAPED_CARGO_PANT_HERO_SIDE.webp,mens-essential-stretch-taped-cargo-pant,navy,4
Men's Essential Stretch Taped Cargo Pant — ZP923_MEN'S_ESSENTIAL_STRETCH_TAPED_CARGO_PANT_NAVY_FRONT.webp,zp923-zp923-mens-essential-stretch-taped-cargo-pant-navy-front,https://notanother-nz.github.io/total-image-product-assets/assets/ZP923_MEN'S_ESSENTIAL_STRETCH_TAPED_CARGO_PANT/webp/product/ZP923_MEN'S_ESSENTIAL_STRETCH_TAPED_CARGO_PANT_NAVY_FRONT.webp,mens-essential-stretch-taped-cargo-pant,navy,5
Men's Essential Stretch Taped Cargo Pant — ZP923_MEN'S_ESSENTIAL_STRETCH_TAPED_CARGO_PANT_NAVY_BACK.webp,zp923-zp923-mens-essential-stretch-taped-cargo-pant-navy-back,https://notanother-nz.github.io/total-image-product-assets/assets/ZP923_MEN'S_ESSENTIAL_STRETCH_TAPED_CARGO_PANT/webp/product/ZP923_MEN'S_ESSENTIAL_STRETCH_TAPED_CARGO_PANT_NAVY_BACK.webp,mens-essential-stretch-taped-cargo-pant,navy,6
Men's Rugged Cooling Stretch Segmented Taped Pant — ZP924_MEN'S_RUGGED_COOLING_STRETCH_SEGMENTED_TAPED_PANT_HERO_FRONT.webp,zp924-zp924-mens-rugged-cooling-stretch-segmented-taped-pant-hero-front,https://notanother-nz.github.io/total-image-product-assets/assets/ZP924_MEN'S_RUGGED_COOLING_STRETCH_SEGMENTED_TAPED_PANT/webp/model/ZP924_MEN'S_RUGGED_COOLING_STRETCH_SEGMENTED_TAPED_PANT_HERO_FRONT.webp,mens-rugged-cooling-stretch-segmented-taped-pant,navy,1
Men's Rugged Cooling Stretch Segmented Taped Pant — ZP924_MEN'S_RUGGED_COOLING_STRETCH_SEGMENTED_TAPED_PANT_HERO_BACK.webp,zp924-zp924-mens-rugged-cooling-stretch-segmented-taped-pant-hero-back,https://notanother-nz.github.io/total-image-product-assets/assets/ZP924_MEN'S_RUGGED_COOLING_STRETCH_SEGMENTED_TAPED_PANT/webp/model/ZP924_MEN'S_RUGGED_COOLING_STRETCH_SEGMENTED_TAPED_PANT_HERO_BACK.webp,mens-rugged-cooling-stretch-segmented-taped-pant,navy,2
Men's Rugged Cooling Stretch Segmented Taped Pant — ZP924_MEN'S_RUGGED_COOLING_STRETCH_SEGMENTED_TAPED_PANT_HERO_CLOSEUP.webp,zp924-zp924-mens-rugged-cooling-stretch-segmented-taped-pant-hero-closeup,https://notanother-nz.github.io/total-image-product-assets/assets/ZP924_MEN'S_RUGGED_COOLING_STRETCH_SEGMENTED_TAPED_PANT/webp/model/ZP924_MEN'S_RUGGED_COOLING_STRETCH_SEGMENTED_TAPED_PANT_HERO_CLOSEUP.webp,mens-rugged-cooling-stretch-segmented-taped-pant,navy,3
Men's Rugged Cooling Stretch Segmented Taped Pant — ZP924_MEN'S_RUGGED_COOLING_STRETCH_SEGMENTED_TAPED_PANT_HERO_SIDE.webp,zp924-zp924-mens-rugged-cooling-stretch-segmented-taped-pant-hero-side,https://notanother-nz.github.io/total-image-product-assets/assets/ZP924_MEN'S_RUGGED_COOLING_STRETCH_SEGMENTED_TAPED_PANT/webp/model/ZP924_MEN'S_RUGGED_COOLING_STRETCH_SEGMENTED_TAPED_PANT_HERO_SIDE.webp,mens-rugged-cooling-stretch-segmented-taped-pant,navy,4
Men's Rugged Cooling Stretch Segmented Taped Pant — ZP924_MEN'S_RUGGED_COOLING_STRETCH_SEGMENTED_TAPED_PANT_NAVY_FRONT.webp,zp924-zp924-mens-rugged-cooling-stretch-segmented-taped-pant-navy-front,https://notanother-nz.github.io/total-image-product-assets/assets/ZP924_MEN'S_RUGGED_COOLING_STRETCH_SEGMENTED_TAPED_PANT/webp/product/ZP924_MEN'S_RUGGED_COOLING_STRETCH_SEGMENTED_TAPED_PANT_NAVY_FRONT.webp,mens-rugged-cooling-stretch-segmented-taped-pant,navy,5
Men's Rugged Cooling Stretch Segmented Taped Pant — ZP924_MEN'S_RUGGED_COOLING_STRETCH_SEGMENTED_TAPED_PANT_NAVY_BACK.webp,zp924-zp924-mens-rugged-cooling-stretch-segmented-taped-pant-navy-back,https://notanother-nz.github.io/total-image-product-assets/assets/ZP924_MEN'S_RUGGED_COOLING_STRETCH_SEGMENTED_TAPED_PANT/webp/product/ZP924_MEN'S_RUGGED_COOLING_STRETCH_SEGMENTED_TAPED_PANT_NAVY_BACK.webp,mens-rugged-cooling-stretch-segmented-taped-pant,navy,6
Men's Essential Stretch Taped Cargo Pant - Cuffed — ZP935_MEN'S_ESSENTIAL_STRETCH_TAPED_CARGO_PANT_CUFFED_HERO_FRONT.webp,zp935-zp935-mens-essential-stretch-taped-cargo-pant-cuffed-hero-front,https://notanother-nz.github.io/total-image-product-assets/assets/ZP935_MEN'S_ESSENTIAL_STRETCH_TAPED_CARGO_PANT_CUFFED/webp/model/ZP935_MEN'S_ESSENTIAL_STRETCH_TAPED_CARGO_PANT_CUFFED_HERO_FRONT.webp,mens-essential-stretch-taped-cargo-pant-cuffed,navy,1
Men's Essential Stretch Taped Cargo Pant - Cuffed — ZP935_MEN'S_ESSENTIAL_STRETCH_TAPED_CARGO_PANT_CUFFED_HERO_BACK.webp,zp935-zp935-mens-essential-stretch-taped-cargo-pant-cuffed-hero-back,https://notanother-nz.github.io/total-image-product-assets/assets/ZP935_MEN'S_ESSENTIAL_STRETCH_TAPED_CARGO_PANT_CUFFED/webp/model/ZP935_MEN'S_ESSENTIAL_STRETCH_TAPED_CARGO_PANT_CUFFED_HERO_BACK.webp,mens-essential-stretch-taped-cargo-pant-cuffed,navy,2
Men's Essential Stretch Taped Cargo Pant - Cuffed — ZP935_MEN'S_ESSENTIAL_STRETCH_TAPED_CARGO_PANT_CUFFED_HERO_CLOSEUP.webp,zp935-zp935-mens-essential-stretch-taped-cargo-pant-cuffed-hero-closeup,https://notanother-nz.github.io/total-image-product-assets/assets/ZP935_MEN'S_ESSENTIAL_STRETCH_TAPED_CARGO_PANT_CUFFED/webp/model/ZP935_MEN'S_ESSENTIAL_STRETCH_TAPED_CARGO_PANT_CUFFED_HERO_CLOSEUP.webp,mens-essential-stretch-taped-cargo-pant-cuffed,navy,3
Men's Essential Stretch Taped Cargo Pant - Cuffed — ZP935_MEN'S_ESSENTIAL_STRETCH_TAPED_CARGO_PANT_CUFFED_HERO_SIDE.webp,zp935-zp935-mens-essential-stretch-taped-cargo-pant-cuffed-hero-side,https://notanother-nz.github.io/total-image-product-assets/assets/ZP935_MEN'S_ESSENTIAL_STRETCH_TAPED_CARGO_PANT_CUFFED/webp/model/ZP935_MEN'S_ESSENTIAL_STRETCH_TAPED_CARGO_PANT_CUFFED_HERO_SIDE.webp,mens-essential-stretch-taped-cargo-pant-cuffed,navy,4
Men's Essential Stretch Taped Cargo Pant - Cuffed — ZP935_MEN'S_ESSENTIAL_STRETCH_TAPED_CARGO_PANT_CUFFED_NAVY_FRONT.webp,zp935-zp935-mens-essential-stretch-taped-cargo-pant-cuffed-navy-front,https://notanother-nz.github.io/total-image-product-assets/assets/ZP935_MEN'S_ESSENTIAL_STRETCH_TAPED_CARGO_PANT_CUFFED/webp/product/ZP935_MEN'S_ESSENTIAL_STRETCH_TAPED_CARGO_PANT_CUFFED_NAVY_FRONT.webp,mens-essential-stretch-taped-cargo-pant-cuffed,navy,5
Men's Essential Stretch Taped Cargo Pant - Cuffed — ZP935_MEN'S_ESSENTIAL_STRETCH_TAPED_CARGO_PANT_CUFFED_NAVY_BACK.webp,zp935-zp935-mens-essential-stretch-taped-cargo-pant-cuffed-navy-back,https://notanother-nz.github.io/total-image-product-assets/assets/ZP935_MEN'S_ESSENTIAL_STRETCH_TAPED_CARGO_PANT_CUFFED/webp/product/ZP935_MEN'S_ESSENTIAL_STRETCH_TAPED_CARGO_PANT_CUFFED_NAVY_BACK.webp,mens-essential-stretch-taped-cargo-pant-cuffed,navy,6
Men's Summer Cargo Short — ZS146_MEN'S_SUMMER_CARGO_SHORT_HERO_FRONT.webp,zs146-zs146-mens-summer-cargo-short-hero-front,https://notanother-nz.github.io/total-image-product-assets/assets/ZS146_MEN'S_SUMMER_CARGO_SHORT/webp/model/ZS146_MEN'S_SUMMER_CARGO_SHORT_HERO_FRONT.webp,mens-summer-cargo-short,,1
Men's Summer Cargo Short — ZS146_MEN'S_SUMMER_CARGO_SHORT_HERO_BACK.webp,zs146-zs146-mens-summer-cargo-short-hero-back,https://notanother-nz.github.io/total-image-product-assets/assets/ZS146_MEN'S_SUMMER_CARGO_SHORT/webp/model/ZS146_MEN'S_SUMMER_CARGO_SHORT_HERO_BACK.webp,mens-summer-cargo-short,,2
Men's Summer Cargo Short — ZS146_MEN'S_SUMMER_CARGO_SHORT_HERO_CLOSEUP.webp,zs146-zs146-mens-summer-cargo-short-hero-closeup,https://notanother-nz.github.io/total-image-product-assets/assets/ZS146_MEN'S_SUMMER_CARGO_SHORT/webp/model/ZS146_MEN'S_SUMMER_CARGO_SHORT_HERO_CLOSEUP.webp,mens-summer-cargo-short,,3
Men's Summer Cargo Short — ZS146_MEN'S_SUMMER_CARGO_SHORT_HERO_SIDE.webp,zs146-zs146-mens-summer-cargo-short-hero-side,https://notanother-nz.github.io/total-image-product-assets/assets/ZS146_MEN'S_SUMMER_CARGO_SHORT/webp/model/ZS146_MEN'S_SUMMER_CARGO_SHORT_HERO_SIDE.webp,mens-summer-cargo-short,,4
Men's Summer Cargo Short — ZS146_MEN'S_SUMMER_CARGO_SHORT_BLACK_FRONT.webp,zs146-zs146-mens-summer-cargo-short-black-front,https://notanother-nz.github.io/total-image-product-assets/assets/ZS146_MEN'S_SUMMER_CARGO_SHORT/webp/product/ZS146_MEN'S_SUMMER_CARGO_SHORT_BLACK_FRONT.webp,mens-summer-cargo-short,black,5
Men's Summer Cargo Short — ZS146_MEN'S_SUMMER_CARGO_SHORT_CHARCOAL_FRONT.webp,zs146-zs146-mens-summer-cargo-short-charcoal-front,https://notanother-nz.github.io/total-image-product-assets/assets/ZS146_MEN'S_SUMMER_CARGO_SHORT/webp/product/ZS146_MEN'S_SUMMER_CARGO_SHORT_CHARCOAL_FRONT.webp,mens-summer-cargo-short,charcoal,6
Men's Summer Cargo Short — ZS146_MEN'S_SUMMER_CARGO_SHORT_KHAKI_FRONT.webp,zs146-zs146-mens-summer-cargo-short-khaki-front,https://notanother-nz.github.io/total-image-product-assets/assets/ZS146_MEN'S_SUMMER_CARGO_SHORT/webp/product/ZS146_MEN'S_SUMMER_CARGO_SHORT_KHAKI_FRONT.webp,mens-summer-cargo-short,khaki,7
Men's Summer Cargo Short — ZS146_MEN'S_SUMMER_CARGO_SHORT_NAVY_FRONT.webp,zs146-zs146-mens-summer-cargo-short-navy-front,https://notanother-nz.github.io/total-image-product-assets/assets/ZS146_MEN'S_SUMMER_CARGO_SHORT/webp/product/ZS146_MEN'S_SUMMER_CARGO_SHORT_NAVY_FRONT.webp,mens-summer-cargo-short,navy,8
Men's Summer Cargo Short — ZS146_MEN'S_SUMMER_CARGO_SHORT_BLACK_BACK.webp,zs146-zs146-mens-summer-cargo-short-black-back,https://notanother-nz.github.io/total-image-product-assets/assets/ZS146_MEN'S_SUMMER_CARGO_SHORT/webp/product/ZS146_MEN'S_SUMMER_CARGO_SHORT_BLACK_BACK.webp,mens-summer-cargo-short,black,9
Men's Summer Cargo Short — ZS146_MEN'S_SUMMER_CARGO_SHORT_CHARCOAL_BACK.webp,zs146-zs146-mens-summer-cargo-short-charcoal-back,https://notanother-nz.github.io/total-image-product-assets/assets/ZS146_MEN'S_SUMMER_CARGO_SHORT/webp/product/ZS146_MEN'S_SUMMER_CARGO_SHORT_CHARCOAL_BACK.webp,mens-summer-cargo-short,charcoal,10
Men's Summer Cargo Short — ZS146_MEN'S_SUMMER_CARGO_SHORT_KHAKI_BACK.webp,zs146-zs146-mens-summer-cargo-short-khaki-back,https://notanother-nz.github.io/total-image-product-assets/assets/ZS146_MEN'S_SUMMER_CARGO_SHORT/webp/product/ZS146_MEN'S_SUMMER_CARGO_SHORT_KHAKI_BACK.webp,mens-summer-cargo-short,khaki,11
Men's Summer Cargo Short — ZS146_MEN'S_SUMMER_CARGO_SHORT_NAVY_BACK.webp,zs146-zs146-mens-summer-cargo-short-navy-back,https://notanother-nz.github.io/total-image-product-assets/assets/ZS146_MEN'S_SUMMER_CARGO_SHORT/webp/product/ZS146_MEN'S_SUMMER_CARGO_SHORT_NAVY_BACK.webp,mens-summer-cargo-short,navy,12
Men's Basic Cargo Short — ZS502_MEN'S_BASIC_CARGO_SHORT_HERO_FRONT.webp,zs502-zs502-mens-basic-cargo-short-hero-front,https://notanother-nz.github.io/total-image-product-assets/assets/ZS502_MEN'S_BASIC_CARGO_SHORT/webp/model/ZS502_MEN'S_BASIC_CARGO_SHORT_HERO_FRONT.webp,mens-basic-cargo-short,navy,1
Men's Basic Cargo Short — ZS502_MEN'S_BASIC_CARGO_SHORT_HERO_BACK.webp,zs502-zs502-mens-basic-cargo-short-hero-back,https://notanother-nz.github.io/total-image-product-assets/assets/ZS502_MEN'S_BASIC_CARGO_SHORT/webp/model/ZS502_MEN'S_BASIC_CARGO_SHORT_HERO_BACK.webp,mens-basic-cargo-short,navy,2
Men's Basic Cargo Short — ZS502_MEN'S_BASIC_CARGO_SHORT_HERO_CLOSEUP.webp,zs502-zs502-mens-basic-cargo-short-hero-closeup,https://notanother-nz.github.io/total-image-product-assets/assets/ZS502_MEN'S_BASIC_CARGO_SHORT/webp/model/ZS502_MEN'S_BASIC_CARGO_SHORT_HERO_CLOSEUP.webp,mens-basic-cargo-short,navy,3
Men's Basic Cargo Short — ZS502_MEN'S_BASIC_CARGO_SHORT_HERO_SIDE.webp,zs502-zs502-mens-basic-cargo-short-hero-side,https://notanother-nz.github.io/total-image-product-assets/assets/ZS502_MEN'S_BASIC_CARGO_SHORT/webp/model/ZS502_MEN'S_BASIC_CARGO_SHORT_HERO_SIDE.webp,mens-basic-cargo-short,navy,4
Men's Basic Cargo Short — ZS502_MEN'S_BASIC_CARGO_SHORT_NAVY_FRONT.webp,zs502-zs502-mens-basic-cargo-short-navy-front,https://notanother-nz.github.io/total-image-product-assets/assets/ZS502_MEN'S_BASIC_CARGO_SHORT/webp/product/ZS502_MEN'S_BASIC_CARGO_SHORT_NAVY_FRONT.webp,mens-basic-cargo-short,navy,5
Men's Basic Cargo Short — ZS502_MEN'S_BASIC_CARGO_SHORT_NAVY_BACK.webp,zs502-zs502-mens-basic-cargo-short-navy-back,https://notanother-nz.github.io/total-image-product-assets/assets/ZS502_MEN'S_BASIC_CARGO_SHORT/webp/product/ZS502_MEN'S_BASIC_CARGO_SHORT_NAVY_BACK.webp,mens-basic-cargo-short,navy,6
Men's Streetworx Heritage Short — ZS822_MEN'S_STREETWORX_HERITAGE_SHORT_HERO_FRONT.webp,zs822-zs822-mens-streetworx-heritage-short-hero-front,https://notanother-nz.github.io/total-image-product-assets/assets/ZS822_MEN'S_STREETWORX_HERITAGE_SHORT/webp/model/ZS822_MEN'S_STREETWORX_HERITAGE_SHORT_HERO_FRONT.webp,mens-streetworx-heritage-short,,1
Men's Streetworx Heritage Short — ZS822_MEN'S_STREETWORX_HERITAGE_SHORT_HERO_BACK.webp,zs822-zs822-mens-streetworx-heritage-short-hero-back,https://notanother-nz.github.io/total-image-product-assets/assets/ZS822_MEN'S_STREETWORX_HERITAGE_SHORT/webp/model/ZS822_MEN'S_STREETWORX_HERITAGE_SHORT_HERO_BACK.webp,mens-streetworx-heritage-short,,2
Men's Streetworx Heritage Short — ZS822_MEN'S_STREETWORX_HERITAGE_SHORT_HERO_CLOSEUP.webp,zs822-zs822-mens-streetworx-heritage-short-hero-closeup,https://notanother-nz.github.io/total-image-product-assets/assets/ZS822_MEN'S_STREETWORX_HERITAGE_SHORT/webp/model/ZS822_MEN'S_STREETWORX_HERITAGE_SHORT_HERO_CLOSEUP.webp,mens-streetworx-heritage-short,,3
Men's Streetworx Heritage Short — ZS822_MEN'S_STREETWORX_HERITAGE_SHORT_HERO_SIDE.webp,zs822-zs822-mens-streetworx-heritage-short-hero-side,https://notanother-nz.github.io/total-image-product-assets/assets/ZS822_MEN'S_STREETWORX_HERITAGE_SHORT/webp/model/ZS822_MEN'S_STREETWORX_HERITAGE_SHORT_HERO_SIDE.webp,mens-streetworx-heritage-short,,4
Men's Streetworx Heritage Short — ZS822_MEN'S_STREETWORX_HERITAGE_SHORT_BLACK_FRONT.webp,zs822-zs822-mens-streetworx-heritage-short-black-front,https://notanother-nz.github.io/total-image-product-assets/assets/ZS822_MEN'S_STREETWORX_HERITAGE_SHORT/webp/product/ZS822_MEN'S_STREETWORX_HERITAGE_SHORT_BLACK_FRONT.webp,mens-streetworx-heritage-short,black,5
Men's Streetworx Heritage Short — ZS822_MEN'S_STREETWORX_HERITAGE_SHORT_CHARCOAL_FRONT.webp,zs822-zs822-mens-streetworx-heritage-short-charcoal-front,https://notanother-nz.github.io/total-image-product-assets/assets/ZS822_MEN'S_STREETWORX_HERITAGE_SHORT/webp/product/ZS822_MEN'S_STREETWORX_HERITAGE_SHORT_CHARCOAL_FRONT.webp,mens-streetworx-heritage-short,charcoal,6
Men's Streetworx Heritage Short — ZS822_MEN'S_STREETWORX_HERITAGE_SHORT_NAVY_FRONT.webp,zs822-zs822-mens-streetworx-heritage-short-navy-front,https://notanother-nz.github.io/total-image-product-assets/assets/ZS822_MEN'S_STREETWORX_HERITAGE_SHORT/webp/product/ZS822_MEN'S_STREETWORX_HERITAGE_SHORT_NAVY_FRONT.webp,mens-streetworx-heritage-short,navy,7
Men's Streetworx Heritage Short — ZS822_MEN'S_STREETWORX_HERITAGE_SHORT_STONE_FRONT.webp,zs822-zs822-mens-streetworx-heritage-short-stone-front,https://notanother-nz.github.io/total-image-product-assets/assets/ZS822_MEN'S_STREETWORX_HERITAGE_SHORT/webp/product/ZS822_MEN'S_STREETWORX_HERITAGE_SHORT_STONE_FRONT.webp,mens-streetworx-heritage-short,stone,8
Men's Streetworx Heritage Short — ZS822_MEN'S_STREETWORX_HERITAGE_SHORT_BLACK_BACK.webp,zs822-zs822-mens-streetworx-heritage-short-black-back,https://notanother-nz.github.io/total-image-product-assets/assets/ZS822_MEN'S_STREETWORX_HERITAGE_SHORT/webp/product/ZS822_MEN'S_STREETWORX_HERITAGE_SHORT_BLACK_BACK.webp,mens-streetworx-heritage-short,black,9
Men's Streetworx Heritage Short — ZS822_MEN'S_STREETWORX_HERITAGE_SHORT_CHARCOAL_BACK.webp,zs822-zs822-mens-streetworx-heritage-short-charcoal-back,https://notanother-nz.github.io/total-image-product-assets/assets/ZS822_MEN'S_STREETWORX_HERITAGE_SHORT/webp/product/ZS822_MEN'S_STREETWORX_HERITAGE_SHORT_CHARCOAL_BACK.webp,mens-streetworx-heritage-short,charcoal,10
Men's Streetworx Heritage Short — ZS822_MEN'S_STREETWORX_HERITAGE_SHORT_NAVY_BACK.webp,zs822-zs822-mens-streetworx-heritage-short-navy-back,https://notanother-nz.github.io/total-image-product-assets/assets/ZS822_MEN'S_STREETWORX_HERITAGE_SHORT/webp/product/ZS822_MEN'S_STREETWORX_HERITAGE_SHORT_NAVY_BACK.webp,mens-streetworx-heritage-short,navy,11
Men's Streetworx Heritage Short — ZS822_MEN'S_STREETWORX_HERITAGE_SHORT_STONE_BACK.webp,zs822-zs822-mens-streetworx-heritage-short-stone-back,https://notanother-nz.github.io/total-image-product-assets/assets/ZS822_MEN'S_STREETWORX_HERITAGE_SHORT/webp/product/ZS822_MEN'S_STREETWORX_HERITAGE_SHORT_STONE_BACK.webp,mens-streetworx-heritage-short,stone,12
Hi Vis Half Zip Polar Fleece Jumper — ZT460_HI_VIS_HALF_ZIP_POLAR_FLEECE_JUMPER_HERO_FRONT.webp,zt460-zt460-hi-vis-half-zip-polar-fleece-jumper-hero-front,https://notanother-nz.github.io/total-image-product-assets/assets/ZT460_HI_VIS_HALF_ZIP_POLAR_FLEECE_JUMPER/webp/model/ZT460_HI_VIS_HALF_ZIP_POLAR_FLEECE_JUMPER_HERO_FRONT.webp,hi-vis-half-zip-polar-fleece-jumper,,1
Hi Vis Half Zip Polar Fleece Jumper — ZT460_HI_VIS_HALF_ZIP_POLAR_FLEECE_JUMPER_HERO_BACK.webp,zt460-zt460-hi-vis-half-zip-polar-fleece-jumper-hero-back,https://notanother-nz.github.io/total-image-product-assets/assets/ZT460_HI_VIS_HALF_ZIP_POLAR_FLEECE_JUMPER/webp/model/ZT460_HI_VIS_HALF_ZIP_POLAR_FLEECE_JUMPER_HERO_BACK.webp,hi-vis-half-zip-polar-fleece-jumper,,2
Hi Vis Half Zip Polar Fleece Jumper — ZT460_HI_VIS_HALF_ZIP_POLAR_FLEECE_JUMPER_HERO_CLOSEUP.webp,zt460-zt460-hi-vis-half-zip-polar-fleece-jumper-hero-closeup,https://notanother-nz.github.io/total-image-product-assets/assets/ZT460_HI_VIS_HALF_ZIP_POLAR_FLEECE_JUMPER/webp/model/ZT460_HI_VIS_HALF_ZIP_POLAR_FLEECE_JUMPER_HERO_CLOSEUP.webp,hi-vis-half-zip-polar-fleece-jumper,,3
Hi Vis Half Zip Polar Fleece Jumper — ZT460_HI_VIS_HALF_ZIP_POLAR_FLEECE_JUMPER_HERO_SIDE.webp,zt460-zt460-hi-vis-half-zip-polar-fleece-jumper-hero-side,https://notanother-nz.github.io/total-image-product-assets/assets/ZT460_HI_VIS_HALF_ZIP_POLAR_FLEECE_JUMPER/webp/model/ZT460_HI_VIS_HALF_ZIP_POLAR_FLEECE_JUMPER_HERO_SIDE.webp,hi-vis-half-zip-polar-fleece-jumper,,4
Hi Vis Half Zip Polar Fleece Jumper — ZT460_HI_VIS_HALF_ZIP_POLAR_FLEECE_JUMPER_ORANGE_NAVY_FRONT.webp,zt460-zt460-hi-vis-half-zip-polar-fleece-jumper-orange-navy-front,https://notanother-nz.github.io/total-image-product-assets/assets/ZT460_HI_VIS_HALF_ZIP_POLAR_FLEECE_JUMPER/webp/product/ZT460_HI_VIS_HALF_ZIP_POLAR_FLEECE_JUMPER_ORANGE_NAVY_FRONT.webp,hi-vis-half-zip-polar-fleece-jumper,orange-navy,5
Hi Vis Half Zip Polar Fleece Jumper — ZT460_HI_VIS_HALF_ZIP_POLAR_FLEECE_JUMPER_YELLOW_NAVY_FRONT.webp,zt460-zt460-hi-vis-half-zip-polar-fleece-jumper-yellow-navy-front,https://notanother-nz.github.io/total-image-product-assets/assets/ZT460_HI_VIS_HALF_ZIP_POLAR_FLEECE_JUMPER/webp/product/ZT460_HI_VIS_HALF_ZIP_POLAR_FLEECE_JUMPER_YELLOW_NAVY_FRONT.webp,hi-vis-half-zip-polar-fleece-jumper,yellow-navy,6
Hi Vis Half Zip Polar Fleece Jumper — ZT460_HI_VIS_HALF_ZIP_POLAR_FLEECE_JUMPER_ORANGE_NAVY_BACK.webp,zt460-zt460-hi-vis-half-zip-polar-fleece-jumper-orange-navy-back,https://notanother-nz.github.io/total-image-product-assets/assets/ZT460_HI_VIS_HALF_ZIP_POLAR_FLEECE_JUMPER/webp/product/ZT460_HI_VIS_HALF_ZIP_POLAR_FLEECE_JUMPER_ORANGE_NAVY_BACK.webp,hi-vis-half-zip-polar-fleece-jumper,orange-navy,7
Hi Vis Half Zip Polar Fleece Jumper — ZT460_HI_VIS_HALF_ZIP_POLAR_FLEECE_JUMPER_YELLOW_NAVY_BACK.webp,zt460-zt460-hi-vis-half-zip-polar-fleece-jumper-yellow-navy-back,https://notanother-nz.github.io/total-image-product-assets/assets/ZT460_HI_VIS_HALF_ZIP_POLAR_FLEECE_JUMPER/webp/product/ZT460_HI_VIS_HALF_ZIP_POLAR_FLEECE_JUMPER_YELLOW_NAVY_BACK.webp,hi-vis-half-zip-polar-fleece-jumper,yellow-navy,8
Hi Vis Polar Fleece Jumper - Hoop Taped — ZT461_HI_VIS_POLAR_FLEECE_JUMPER_HOOP_TAPED_HERO_FRONT.webp,zt461-zt461-hi-vis-polar-fleece-jumper-hoop-taped-hero-front,https://notanother-nz.github.io/total-image-product-assets/assets/ZT461_HI_VIS_POLAR_FLEECE_JUMPER_HOOP_TAPED/webp/model/ZT461_HI_VIS_POLAR_FLEECE_JUMPER_HOOP_TAPED_HERO_FRONT.webp,hi-vis-polar-fleece-jumper-hoop-taped,,1
Hi Vis Polar Fleece Jumper - Hoop Taped — ZT461_HI_VIS_POLAR_FLEECE_JUMPER_HOOP_TAPED_HERO_BACK.webp,zt461-zt461-hi-vis-polar-fleece-jumper-hoop-taped-hero-back,https://notanother-nz.github.io/total-image-product-assets/assets/ZT461_HI_VIS_POLAR_FLEECE_JUMPER_HOOP_TAPED/webp/model/ZT461_HI_VIS_POLAR_FLEECE_JUMPER_HOOP_TAPED_HERO_BACK.webp,hi-vis-polar-fleece-jumper-hoop-taped,,2
Hi Vis Polar Fleece Jumper - Hoop Taped — ZT461_HI_VIS_POLAR_FLEECE_JUMPER_HOOP_TAPED_HERO_CLOSEUP.webp,zt461-zt461-hi-vis-polar-fleece-jumper-hoop-taped-hero-closeup,https://notanother-nz.github.io/total-image-product-assets/assets/ZT461_HI_VIS_POLAR_FLEECE_JUMPER_HOOP_TAPED/webp/model/ZT461_HI_VIS_POLAR_FLEECE_JUMPER_HOOP_TAPED_HERO_CLOSEUP.webp,hi-vis-polar-fleece-jumper-hoop-taped,,3
Hi Vis Polar Fleece Jumper - Hoop Taped — ZT461_HI_VIS_POLAR_FLEECE_JUMPER_HOOP_TAPED_HERO_SIDE.webp,zt461-zt461-hi-vis-polar-fleece-jumper-hoop-taped-hero-side,https://notanother-nz.github.io/total-image-product-assets/assets/ZT461_HI_VIS_POLAR_FLEECE_JUMPER_HOOP_TAPED/webp/model/ZT461_HI_VIS_POLAR_FLEECE_JUMPER_HOOP_TAPED_HERO_SIDE.webp,hi-vis-polar-fleece-jumper-hoop-taped,,4
Hi Vis Polar Fleece Jumper - Hoop Taped — ZT461_HI_VIS_POLAR_FLEECE_JUMPER_HOOP_TAPED_ORANGE_NAVY_FRONT.webp,zt461-zt461-hi-vis-polar-fleece-jumper-hoop-taped-orange-navy-front,https://notanother-nz.github.io/total-image-product-assets/assets/ZT461_HI_VIS_POLAR_FLEECE_JUMPER_HOOP_TAPED/webp/product/ZT461_HI_VIS_POLAR_FLEECE_JUMPER_HOOP_TAPED_ORANGE_NAVY_FRONT.webp,hi-vis-polar-fleece-jumper-hoop-taped,orange-navy,5
Hi Vis Polar Fleece Jumper - Hoop Taped — ZT461_HI_VIS_POLAR_FLEECE_JUMPER_HOOP_TAPED_YELLOW_NAVY_FRONT.webp,zt461-zt461-hi-vis-polar-fleece-jumper-hoop-taped-yellow-navy-front,https://notanother-nz.github.io/total-image-product-assets/assets/ZT461_HI_VIS_POLAR_FLEECE_JUMPER_HOOP_TAPED/webp/product/ZT461_HI_VIS_POLAR_FLEECE_JUMPER_HOOP_TAPED_YELLOW_NAVY_FRONT.webp,hi-vis-polar-fleece-jumper-hoop-taped,yellow-navy,6
Hi Vis Polar Fleece Jumper - Hoop Taped — ZT461_HI_VIS_POLAR_FLEECE_JUMPER_HOOP_TAPED_ORANGE_NAVY_BACK.webp,zt461-zt461-hi-vis-polar-fleece-jumper-hoop-taped-orange-navy-back,https://notanother-nz.github.io/total-image-product-assets/assets/ZT461_HI_VIS_POLAR_FLEECE_JUMPER_HOOP_TAPED/webp/product/ZT461_HI_VIS_POLAR_FLEECE_JUMPER_HOOP_TAPED_ORANGE_NAVY_BACK.webp,hi-vis-polar-fleece-jumper-hoop-taped,orange-navy,7
Hi Vis Polar Fleece Jumper - Hoop Taped — ZT461_HI_VIS_POLAR_FLEECE_JUMPER_HOOP_TAPED_YELLOW_NAVY_BACK.webp,zt461-zt461-hi-vis-polar-fleece-jumper-hoop-taped-yellow-navy-back,https://notanother-nz.github.io/total-image-product-assets/assets/ZT461_HI_VIS_POLAR_FLEECE_JUMPER_HOOP_TAPED/webp/product/ZT461_HI_VIS_POLAR_FLEECE_JUMPER_HOOP_TAPED_YELLOW_NAVY_BACK.webp,hi-vis-polar-fleece-jumper-hoop-taped,yellow-navy,8
Unisex Streetworx Hooded Puffer Vest — ZV245_UNISEX_STREETWORX_HOODED_PUFFER_VEST_HERO_FRONT.webp,zv245-zv245-unisex-streetworx-hooded-puffer-vest-hero-front,https://notanother-nz.github.io/total-image-product-assets/assets/ZV245_UNISEX_STREETWORX_HOODED_PUFFER_VEST/webp/model/ZV245_UNISEX_STREETWORX_HOODED_PUFFER_VEST_HERO_FRONT.webp,unisex-streetworx-hooded-puffer-vest,,1
Unisex Streetworx Hooded Puffer Vest — ZV245_UNISEX_STREETWORX_HOODED_PUFFER_VEST_HERO_BACK.webp,zv245-zv245-unisex-streetworx-hooded-puffer-vest-hero-back,https://notanother-nz.github.io/total-image-product-assets/assets/ZV245_UNISEX_STREETWORX_HOODED_PUFFER_VEST/webp/model/ZV245_UNISEX_STREETWORX_HOODED_PUFFER_VEST_HERO_BACK.webp,unisex-streetworx-hooded-puffer-vest,,2
Unisex Streetworx Hooded Puffer Vest — ZV245_UNISEX_STREETWORX_HOODED_PUFFER_VEST_HERO_CLOSEUP.webp,zv245-zv245-unisex-streetworx-hooded-puffer-vest-hero-closeup,https://notanother-nz.github.io/total-image-product-assets/assets/ZV245_UNISEX_STREETWORX_HOODED_PUFFER_VEST/webp/model/ZV245_UNISEX_STREETWORX_HOODED_PUFFER_VEST_HERO_CLOSEUP.webp,unisex-streetworx-hooded-puffer-vest,,3
Unisex Streetworx Hooded Puffer Vest — ZV245_UNISEX_STREETWORX_HOODED_PUFFER_VEST_HERO_SIDE.webp,zv245-zv245-unisex-streetworx-hooded-puffer-vest-hero-side,https://notanother-nz.github.io/total-image-product-assets/assets/ZV245_UNISEX_STREETWORX_HOODED_PUFFER_VEST/webp/model/ZV245_UNISEX_STREETWORX_HOODED_PUFFER_VEST_HERO_SIDE.webp,unisex-streetworx-hooded-puffer-vest,,4
Unisex Streetworx Hooded Puffer Vest — ZV245_UNISEX_STREETWORX_HOODED_PUFFER_VEST_BLACK_FRONT.webp,zv245-zv245-unisex-streetworx-hooded-puffer-vest-black-front,https://notanother-nz.github.io/total-image-product-assets/assets/ZV245_UNISEX_STREETWORX_HOODED_PUFFER_VEST/webp/product/ZV245_UNISEX_STREETWORX_HOODED_PUFFER_VEST_BLACK_FRONT.webp,unisex-streetworx-hooded-puffer-vest,black,5
Unisex Streetworx Hooded Puffer Vest — ZV245_UNISEX_STREETWORX_HOODED_PUFFER_VEST_NAVY_FRONT.webp,zv245-zv245-unisex-streetworx-hooded-puffer-vest-navy-front,https://notanother-nz.github.io/total-image-product-assets/assets/ZV245_UNISEX_STREETWORX_HOODED_PUFFER_VEST/webp/product/ZV245_UNISEX_STREETWORX_HOODED_PUFFER_VEST_NAVY_FRONT.webp,unisex-streetworx-hooded-puffer-vest,navy,6
Unisex Streetworx Hooded Puffer Vest — ZV245_UNISEX_STREETWORX_HOODED_PUFFER_VEST_BLACK_BACK.webp,zv245-zv245-unisex-streetworx-hooded-puffer-vest-black-back,https://notanother-nz.github.io/total-image-product-assets/assets/ZV245_UNISEX_STREETWORX_HOODED_PUFFER_VEST/webp/product/ZV245_UNISEX_STREETWORX_HOODED_PUFFER_VEST_BLACK_BACK.webp,unisex-streetworx-hooded-puffer-vest,black,7
Unisex Streetworx Hooded Puffer Vest — ZV245_UNISEX_STREETWORX_HOODED_PUFFER_VEST_NAVY_BACK.webp,zv245-zv245-unisex-streetworx-hooded-puffer-vest-navy-back,https://notanother-nz.github.io/total-image-product-assets/assets/ZV245_UNISEX_STREETWORX_HOODED_PUFFER_VEST/webp/product/ZV245_UNISEX_STREETWORX_HOODED_PUFFER_VEST_NAVY_BACK.webp,unisex-streetworx-hooded-puffer-vest,navy,8
Men's Midweight Drill Cargo Pant (Stout) — ZW001S_MEN'S_MIDWEIGHT_DRILL_CARGO_PANT_(STOUT)_HERO_FRONT.webp,zw001s-zw001s-mens-midweight-drill-cargo-pant-stout-hero-front,https://notanother-nz.github.io/total-image-product-assets/assets/ZW001S_MEN'S_MIDWEIGHT_DRILL_CARGO_PANT_(STOUT)/webp/model/ZW001S_MEN'S_MIDWEIGHT_DRILL_CARGO_PANT_(STOUT)_HERO_FRONT.webp,mens-midweight-drill-cargo-pant-stout,,1
Men's Midweight Drill Cargo Pant (Stout) — ZW001S_MEN'S_MIDWEIGHT_DRILL_CARGO_PANT_(STOUT)_HERO_BACK.webp,zw001s-zw001s-mens-midweight-drill-cargo-pant-stout-hero-back,https://notanother-nz.github.io/total-image-product-assets/assets/ZW001S_MEN'S_MIDWEIGHT_DRILL_CARGO_PANT_(STOUT)/webp/model/ZW001S_MEN'S_MIDWEIGHT_DRILL_CARGO_PANT_(STOUT)_HERO_BACK.webp,mens-midweight-drill-cargo-pant-stout,,2
Men's Midweight Drill Cargo Pant (Stout) — ZW001S_MEN'S_MIDWEIGHT_DRILL_CARGO_PANT_(STOUT)_HERO_CLOSEUP.webp,zw001s-zw001s-mens-midweight-drill-cargo-pant-stout-hero-closeup,https://notanother-nz.github.io/total-image-product-assets/assets/ZW001S_MEN'S_MIDWEIGHT_DRILL_CARGO_PANT_(STOUT)/webp/model/ZW001S_MEN'S_MIDWEIGHT_DRILL_CARGO_PANT_(STOUT)_HERO_CLOSEUP.webp,mens-midweight-drill-cargo-pant-stout,,3
Men's Midweight Drill Cargo Pant (Stout) — ZW001S_MEN'S_MIDWEIGHT_DRILL_CARGO_PANT_(STOUT)_HERO_SIDE.webp,zw001s-zw001s-mens-midweight-drill-cargo-pant-stout-hero-side,https://notanother-nz.github.io/total-image-product-assets/assets/ZW001S_MEN'S_MIDWEIGHT_DRILL_CARGO_PANT_(STOUT)/webp/model/ZW001S_MEN'S_MIDWEIGHT_DRILL_CARGO_PANT_(STOUT)_HERO_SIDE.webp,mens-midweight-drill-cargo-pant-stout,,4
Men's Midweight Drill Cargo Pant (Stout) — ZW001S_MEN'S_MIDWEIGHT_DRILL_CARGO_PANT_(STOUT)_BLACK_FRONT.webp,zw001s-zw001s-mens-midweight-drill-cargo-pant-stout-black-front,https://notanother-nz.github.io/total-image-product-assets/assets/ZW001S_MEN'S_MIDWEIGHT_DRILL_CARGO_PANT_(STOUT)/webp/product/ZW001S_MEN'S_MIDWEIGHT_DRILL_CARGO_PANT_(STOUT)_BLACK_FRONT.webp,mens-midweight-drill-cargo-pant-stout,black,5
Men's Midweight Drill Cargo Pant (Stout) — ZW001S_MEN'S_MIDWEIGHT_DRILL_CARGO_PANT_(STOUT)_CHARCOAL_FRONT.webp,zw001s-zw001s-mens-midweight-drill-cargo-pant-stout-charcoal-front,https://notanother-nz.github.io/total-image-product-assets/assets/ZW001S_MEN'S_MIDWEIGHT_DRILL_CARGO_PANT_(STOUT)/webp/product/ZW001S_MEN'S_MIDWEIGHT_DRILL_CARGO_PANT_(STOUT)_CHARCOAL_FRONT.webp,mens-midweight-drill-cargo-pant-stout,charcoal,6
Men's Midweight Drill Cargo Pant (Stout) — ZW001S_MEN'S_MIDWEIGHT_DRILL_CARGO_PANT_(STOUT)_NAVY_FRONT.webp,zw001s-zw001s-mens-midweight-drill-cargo-pant-stout-navy-front,https://notanother-nz.github.io/total-image-product-assets/assets/ZW001S_MEN'S_MIDWEIGHT_DRILL_CARGO_PANT_(STOUT)/webp/product/ZW001S_MEN'S_MIDWEIGHT_DRILL_CARGO_PANT_(STOUT)_NAVY_FRONT.webp,mens-midweight-drill-cargo-pant-stout,navy,7
Men's Midweight Drill Cargo Pant (Stout) — ZW001S_MEN'S_MIDWEIGHT_DRILL_CARGO_PANT_(STOUT)_BLACK_BACK.webp,zw001s-zw001s-mens-midweight-drill-cargo-pant-stout-black-back,https://notanother-nz.github.io/total-image-product-assets/assets/ZW001S_MEN'S_MIDWEIGHT_DRILL_CARGO_PANT_(STOUT)/webp/product/ZW001S_MEN'S_MIDWEIGHT_DRILL_CARGO_PANT_(STOUT)_BLACK_BACK.webp,mens-midweight-drill-cargo-pant-stout,black,8
Men's Midweight Drill Cargo Pant (Stout) — ZW001S_MEN'S_MIDWEIGHT_DRILL_CARGO_PANT_(STOUT)_CHARCOAL_BACK.webp,zw001s-zw001s-mens-midweight-drill-cargo-pant-stout-charcoal-back,https://notanother-nz.github.io/total-image-product-assets/assets/ZW001S_MEN'S_MIDWEIGHT_DRILL_CARGO_PANT_(STOUT)/webp/product/ZW001S_MEN'S_MIDWEIGHT_DRILL_CARGO_PANT_(STOUT)_CHARCOAL_BACK.webp,mens-midweight-drill-cargo-pant-stout,charcoal,9
Men's Midweight Drill Cargo Pant (Stout) — ZW001S_MEN'S_MIDWEIGHT_DRILL_CARGO_PANT_(STOUT)_NAVY_BACK.webp,zw001s-zw001s-mens-midweight-drill-cargo-pant-stout-navy-back,https://notanother-nz.github.io/total-image-product-assets/assets/ZW001S_MEN'S_MIDWEIGHT_DRILL_CARGO_PANT_(STOUT)/webp/product/ZW001S_MEN'S_MIDWEIGHT_DRILL_CARGO_PANT_(STOUT)_NAVY_BACK.webp,mens-midweight-drill-cargo-pant-stout,navy,10
Men's Taped Utility Pant (Regular) — ZW004_MEN'S_TAPED_UTILITY_PANT_(REGULAR)_HERO_FRONT.webp,zw004-zw004-mens-taped-utility-pant-regular-hero-front,https://notanother-nz.github.io/total-image-product-assets/assets/ZW004_MEN'S_TAPED_UTILITY_PANT_(REGULAR)/webp/model/ZW004_MEN'S_TAPED_UTILITY_PANT_(REGULAR)_HERO_FRONT.webp,mens-taped-utility-pant-regular,,1
Men's Taped Utility Pant (Regular) — ZW004_MEN'S_TAPED_UTILITY_PANT_(REGULAR)_HERO_BACK.webp,zw004-zw004-mens-taped-utility-pant-regular-hero-back,https://notanother-nz.github.io/total-image-product-assets/assets/ZW004_MEN'S_TAPED_UTILITY_PANT_(REGULAR)/webp/model/ZW004_MEN'S_TAPED_UTILITY_PANT_(REGULAR)_HERO_BACK.webp,mens-taped-utility-pant-regular,,2
Men's Taped Utility Pant (Regular) — ZW004_MEN'S_TAPED_UTILITY_PANT_(REGULAR)_HERO_CLOSEUP.webp,zw004-zw004-mens-taped-utility-pant-regular-hero-closeup,https://notanother-nz.github.io/total-image-product-assets/assets/ZW004_MEN'S_TAPED_UTILITY_PANT_(REGULAR)/webp/model/ZW004_MEN'S_TAPED_UTILITY_PANT_(REGULAR)_HERO_CLOSEUP.webp,mens-taped-utility-pant-regular,,3
Men's Taped Utility Pant (Regular) — ZW004_MEN'S_TAPED_UTILITY_PANT_(REGULAR)_HERO_SIDE.webp,zw004-zw004-mens-taped-utility-pant-regular-hero-side,https://notanother-nz.github.io/total-image-product-assets/assets/ZW004_MEN'S_TAPED_UTILITY_PANT_(REGULAR)/webp/model/ZW004_MEN'S_TAPED_UTILITY_PANT_(REGULAR)_HERO_SIDE.webp,mens-taped-utility-pant-regular,,4
Men's Taped Utility Pant (Regular) — ZW004_MEN'S_TAPED_UTILITY_PANT_(REGULAR)_BLACK_FRONT.webp,zw004-zw004-mens-taped-utility-pant-regular-black-front,https://notanother-nz.github.io/total-image-product-assets/assets/ZW004_MEN'S_TAPED_UTILITY_PANT_(REGULAR)/webp/product/ZW004_MEN'S_TAPED_UTILITY_PANT_(REGULAR)_BLACK_FRONT.webp,mens-taped-utility-pant-regular,black,5
Men's Taped Utility Pant (Regular) — ZW004_MEN'S_TAPED_UTILITY_PANT_(REGULAR)_NAVY_FRONT.webp,zw004-zw004-mens-taped-utility-pant-regular-navy-front,https://notanother-nz.github.io/total-image-product-assets/assets/ZW004_MEN'S_TAPED_UTILITY_PANT_(REGULAR)/webp/product/ZW004_MEN'S_TAPED_UTILITY_PANT_(REGULAR)_NAVY_FRONT.webp,mens-taped-utility-pant-regular,navy,6
Men's Taped Utility Pant (Regular) — ZW004_MEN'S_TAPED_UTILITY_PANT_(REGULAR)_BLACK_BACK.webp,zw004-zw004-mens-taped-utility-pant-regular-black-back,https://notanother-nz.github.io/total-image-product-assets/assets/ZW004_MEN'S_TAPED_UTILITY_PANT_(REGULAR)/webp/product/ZW004_MEN'S_TAPED_UTILITY_PANT_(REGULAR)_BLACK_BACK.webp,mens-taped-utility-pant-regular,black,7
Men's Taped Utility Pant (Regular) — ZW004_MEN'S_TAPED_UTILITY_PANT_(REGULAR)_NAVY_BACK.webp,zw004-zw004-mens-taped-utility-pant-regular-navy-back,https://notanother-nz.github.io/total-image-product-assets/assets/ZW004_MEN'S_TAPED_UTILITY_PANT_(REGULAR)/webp/product/ZW004_MEN'S_TAPED_UTILITY_PANT_(REGULAR)_NAVY_BACK.webp,mens-taped-utility-pant-regular,navy,8
Men's Hi Vis Short Sleeve Shirt — ZW115_MEN'S_HI_VIS_SHORT_SLEEVE_SHIRT_HERO_FRONT.webp,zw115-zw115-mens-hi-vis-short-sleeve-shirt-hero-front,https://notanother-nz.github.io/total-image-product-assets/assets/ZW115_MEN'S_HI_VIS_SHORT_SLEEVE_SHIRT/webp/model/ZW115_MEN'S_HI_VIS_SHORT_SLEEVE_SHIRT_HERO_FRONT.webp,mens-hi-vis-short-sleeve-shirt,,1
Men's Hi Vis Short Sleeve Shirt — ZW115_MEN'S_HI_VIS_SHORT_SLEEVE_SHIRT_HERO_BACK.webp,zw115-zw115-mens-hi-vis-short-sleeve-shirt-hero-back,https://notanother-nz.github.io/total-image-product-assets/assets/ZW115_MEN'S_HI_VIS_SHORT_SLEEVE_SHIRT/webp/model/ZW115_MEN'S_HI_VIS_SHORT_SLEEVE_SHIRT_HERO_BACK.webp,mens-hi-vis-short-sleeve-shirt,,2
Men's Hi Vis Short Sleeve Shirt — ZW115_MEN'S_HI_VIS_SHORT_SLEEVE_SHIRT_HERO_CLOSEUP.webp,zw115-zw115-mens-hi-vis-short-sleeve-shirt-hero-closeup,https://notanother-nz.github.io/total-image-product-assets/assets/ZW115_MEN'S_HI_VIS_SHORT_SLEEVE_SHIRT/webp/model/ZW115_MEN'S_HI_VIS_SHORT_SLEEVE_SHIRT_HERO_CLOSEUP.webp,mens-hi-vis-short-sleeve-shirt,,3
Men's Hi Vis Short Sleeve Shirt — ZW115_MEN'S_HI_VIS_SHORT_SLEEVE_SHIRT_HERO_SIDE.webp,zw115-zw115-mens-hi-vis-short-sleeve-shirt-hero-side,https://notanother-nz.github.io/total-image-product-assets/assets/ZW115_MEN'S_HI_VIS_SHORT_SLEEVE_SHIRT/webp/model/ZW115_MEN'S_HI_VIS_SHORT_SLEEVE_SHIRT_HERO_SIDE.webp,mens-hi-vis-short-sleeve-shirt,,4
Men's Hi Vis Short Sleeve Shirt — ZW115_MEN'S_HI_VIS_SHORT_SLEEVE_SHIRT_ORANGE_NAVY_FRONT.webp,zw115-zw115-mens-hi-vis-short-sleeve-shirt-orange-navy-front,https://notanother-nz.github.io/total-image-product-assets/assets/ZW115_MEN'S_HI_VIS_SHORT_SLEEVE_SHIRT/webp/product/ZW115_MEN'S_HI_VIS_SHORT_SLEEVE_SHIRT_ORANGE_NAVY_FRONT.webp,mens-hi-vis-short-sleeve-shirt,orange-navy,5
Men's Hi Vis Short Sleeve Shirt — ZW115_MEN'S_HI_VIS_SHORT_SLEEVE_SHIRT_YELLOW_NAVY_FRONT.webp,zw115-zw115-mens-hi-vis-short-sleeve-shirt-yellow-navy-front,https://notanother-nz.github.io/total-image-product-assets/assets/ZW115_MEN'S_HI_VIS_SHORT_SLEEVE_SHIRT/webp/product/ZW115_MEN'S_HI_VIS_SHORT_SLEEVE_SHIRT_YELLOW_NAVY_FRONT.webp,mens-hi-vis-short-sleeve-shirt,yellow-navy,6
Men's Hi Vis Short Sleeve Shirt — ZW115_MEN'S_HI_VIS_SHORT_SLEEVE_SHIRT_ORANGE_NAVY_BACK.webp,zw115-zw115-mens-hi-vis-short-sleeve-shirt-orange-navy-back,https://notanother-nz.github.io/total-image-product-assets/assets/ZW115_MEN'S_HI_VIS_SHORT_SLEEVE_SHIRT/webp/product/ZW115_MEN'S_HI_VIS_SHORT_SLEEVE_SHIRT_ORANGE_NAVY_BACK.webp,mens-hi-vis-short-sleeve-shirt,orange-navy,7
Men's Hi Vis Short Sleeve Shirt — ZW115_MEN'S_HI_VIS_SHORT_SLEEVE_SHIRT_YELLO_NAVY_BACK.webp,zw115-zw115-mens-hi-vis-short-sleeve-shirt-yello-navy-back,https://notanother-nz.github.io/total-image-product-assets/assets/ZW115_MEN'S_HI_VIS_SHORT_SLEEVE_SHIRT/webp/product/ZW115_MEN'S_HI_VIS_SHORT_SLEEVE_SHIRT_YELLO_NAVY_BACK.webp,mens-hi-vis-short-sleeve-shirt,,8
Men's Light Weight Tradie S/S Shirt — ZW120_MEN'S_LIGHT_WEIGHT_TRADIE_SHORT_SLEEVE_SHIRT_HERO_FRONT.webp,zw120-zw120-mens-light-weight-tradie-short-sleeve-shirt-hero-front,https://notanother-nz.github.io/total-image-product-assets/assets/ZW120_MEN'S_LIGHT_WEIGHT_TRADIE_SHORT_SLEEVE_SHIRT/webp/model/ZW120_MEN'S_LIGHT_WEIGHT_TRADIE_SHORT_SLEEVE_SHIRT_HERO_FRONT.webp,mens-light-weight-tradie-s-s-shirt,,1
Men's Light Weight Tradie S/S Shirt — ZW120_MEN'S_LIGHT_WEIGHT_TRADIE_SHORT_SLEEVE_SHIRT_HERO_BACK.webp,zw120-zw120-mens-light-weight-tradie-short-sleeve-shirt-hero-back,https://notanother-nz.github.io/total-image-product-assets/assets/ZW120_MEN'S_LIGHT_WEIGHT_TRADIE_SHORT_SLEEVE_SHIRT/webp/model/ZW120_MEN'S_LIGHT_WEIGHT_TRADIE_SHORT_SLEEVE_SHIRT_HERO_BACK.webp,mens-light-weight-tradie-s-s-shirt,,2
Men's Light Weight Tradie S/S Shirt — ZW120_MEN'S_LIGHT_WEIGHT_TRADIE_SHORT_SLEEVE_SHIRT_HERO_CLOSEUP.webp,zw120-zw120-mens-light-weight-tradie-short-sleeve-shirt-hero-closeup,https://notanother-nz.github.io/total-image-product-assets/assets/ZW120_MEN'S_LIGHT_WEIGHT_TRADIE_SHORT_SLEEVE_SHIRT/webp/model/ZW120_MEN'S_LIGHT_WEIGHT_TRADIE_SHORT_SLEEVE_SHIRT_HERO_CLOSEUP.webp,mens-light-weight-tradie-s-s-shirt,,3
Men's Light Weight Tradie S/S Shirt — ZW120_MEN'S_LIGHT_WEIGHT_TRADIE_SHORT_SLEEVE_SHIRT_HERO_SIDE.webp,zw120-zw120-mens-light-weight-tradie-short-sleeve-shirt-hero-side,https://notanother-nz.github.io/total-image-product-assets/assets/ZW120_MEN'S_LIGHT_WEIGHT_TRADIE_SHORT_SLEEVE_SHIRT/webp/model/ZW120_MEN'S_LIGHT_WEIGHT_TRADIE_SHORT_SLEEVE_SHIRT_HERO_SIDE.webp,mens-light-weight-tradie-s-s-shirt,,4
Men's Light Weight Tradie S/S Shirt — ZW120_MEN'S_LIGHT_WEIGHT_TRADIE_SHORT_SLEEVE_SHIRT_BLACK_FRONT.webp,zw120-zw120-mens-light-weight-tradie-short-sleeve-shirt-black-front,https://notanother-nz.github.io/total-image-product-assets/assets/ZW120_MEN'S_LIGHT_WEIGHT_TRADIE_SHORT_SLEEVE_SHIRT/webp/product/ZW120_MEN'S_LIGHT_WEIGHT_TRADIE_SHORT_SLEEVE_SHIRT_BLACK_FRONT.webp,mens-light-weight-tradie-s-s-shirt,black,5
Men's Light Weight Tradie S/S Shirt — ZW120_MEN'S_LIGHT_WEIGHT_TRADIE_SHORT_SLEEVE_SHIRT_BLUE_FRONT.webp,zw120-zw120-mens-light-weight-tradie-short-sleeve-shirt-blue-front,https://notanother-nz.github.io/total-image-product-assets/assets/ZW120_MEN'S_LIGHT_WEIGHT_TRADIE_SHORT_SLEEVE_SHIRT/webp/product/ZW120_MEN'S_LIGHT_WEIGHT_TRADIE_SHORT_SLEEVE_SHIRT_BLUE_FRONT.webp,mens-light-weight-tradie-s-s-shirt,blue,6
Men's Light Weight Tradie S/S Shirt — ZW120_MEN'S_LIGHT_WEIGHT_TRADIE_SHORT_SLEEVE_SHIRT_GREY_FRONT.webp,zw120-zw120-mens-light-weight-tradie-short-sleeve-shirt-grey-front,https://notanother-nz.github.io/total-image-product-assets/assets/ZW120_MEN'S_LIGHT_WEIGHT_TRADIE_SHORT_SLEEVE_SHIRT/webp/product/ZW120_MEN'S_LIGHT_WEIGHT_TRADIE_SHORT_SLEEVE_SHIRT_GREY_FRONT.webp,mens-light-weight-tradie-s-s-shirt,grey,7
Men's Light Weight Tradie S/S Shirt — ZW120_MEN'S_LIGHT_WEIGHT_TRADIE_SHORT_SLEEVE_SHIRT_SAND_FRONT.webp,zw120-zw120-mens-light-weight-tradie-short-sleeve-shirt-sand-front,https://notanother-nz.github.io/total-image-product-assets/assets/ZW120_MEN'S_LIGHT_WEIGHT_TRADIE_SHORT_SLEEVE_SHIRT/webp/product/ZW120_MEN'S_LIGHT_WEIGHT_TRADIE_SHORT_SLEEVE_SHIRT_SAND_FRONT.webp,mens-light-weight-tradie-s-s-shirt,sand,8
Men's Light Weight Tradie S/S Shirt — ZW120_MEN'S_LIGHT_WEIGHT_TRADIE_SHORT_SLEEVE_SHIRT_BLACK_BACK.webp,zw120-zw120-mens-light-weight-tradie-short-sleeve-shirt-black-back,https://notanother-nz.github.io/total-image-product-assets/assets/ZW120_MEN'S_LIGHT_WEIGHT_TRADIE_SHORT_SLEEVE_SHIRT/webp/product/ZW120_MEN'S_LIGHT_WEIGHT_TRADIE_SHORT_SLEEVE_SHIRT_BLACK_BACK.webp,mens-light-weight-tradie-s-s-shirt,black,9
Men's Light Weight Tradie S/S Shirt — ZW120_MEN'S_LIGHT_WEIGHT_TRADIE_SHORT_SLEEVE_SHIRT_BLUE_BACK.webp,zw120-zw120-mens-light-weight-tradie-short-sleeve-shirt-blue-back,https://notanother-nz.github.io/total-image-product-assets/assets/ZW120_MEN'S_LIGHT_WEIGHT_TRADIE_SHORT_SLEEVE_SHIRT/webp/product/ZW120_MEN'S_LIGHT_WEIGHT_TRADIE_SHORT_SLEEVE_SHIRT_BLUE_BACK.webp,mens-light-weight-tradie-s-s-shirt,blue,10
Men's Light Weight Tradie S/S Shirt — ZW120_MEN'S_LIGHT_WEIGHT_TRADIE_SHORT_SLEEVE_SHIRT_GREY_BACK.webp,zw120-zw120-mens-light-weight-tradie-short-sleeve-shirt-grey-back,https://notanother-nz.github.io/total-image-product-assets/assets/ZW120_MEN'S_LIGHT_WEIGHT_TRADIE_SHORT_SLEEVE_SHIRT/webp/product/ZW120_MEN'S_LIGHT_WEIGHT_TRADIE_SHORT_SLEEVE_SHIRT_GREY_BACK.webp,mens-light-weight-tradie-s-s-shirt,grey,11
Men's Light Weight Tradie S/S Shirt — ZW120_MEN'S_LIGHT_WEIGHT_TRADIE_SHORT_SLEEVE_SHIRT_SAND_BACK.webp,zw120-zw120-mens-light-weight-tradie-short-sleeve-shirt-sand-back,https://notanother-nz.github.io/total-image-product-assets/assets/ZW120_MEN'S_LIGHT_WEIGHT_TRADIE_SHORT_SLEEVE_SHIRT/webp/product/ZW120_MEN'S_LIGHT_WEIGHT_TRADIE_SHORT_SLEEVE_SHIRT_SAND_BACK.webp,mens-light-weight-tradie-s-s-shirt,sand,12
Men's Lightweight Tradie L/S Shirt — ZW121_MEN'S_LIGHTWEIGHT_TRADIE_LONG_SLEEVE_SHIRT_HERO_FRONT.webp,zw121-zw121-mens-lightweight-tradie-long-sleeve-shirt-hero-front,https://notanother-nz.github.io/total-image-product-assets/assets/ZW121_MEN'S_LIGHTWEIGHT_TRADIE_LONG_SLEEVE_SHIRT/webp/model/ZW121_MEN'S_LIGHTWEIGHT_TRADIE_LONG_SLEEVE_SHIRT_HERO_FRONT.webp,mens-lightweight-tradie-l-s-shirt,,1
Men's Lightweight Tradie L/S Shirt — ZW121_MEN'S_LIGHTWEIGHT_TRADIE_LONG_SLEEVE_SHIRT_HERO_BACK.webp,zw121-zw121-mens-lightweight-tradie-long-sleeve-shirt-hero-back,https://notanother-nz.github.io/total-image-product-assets/assets/ZW121_MEN'S_LIGHTWEIGHT_TRADIE_LONG_SLEEVE_SHIRT/webp/model/ZW121_MEN'S_LIGHTWEIGHT_TRADIE_LONG_SLEEVE_SHIRT_HERO_BACK.webp,mens-lightweight-tradie-l-s-shirt,,2
Men's Lightweight Tradie L/S Shirt — ZW121_MEN'S_LIGHTWEIGHT_TRADIE_LONG_SLEEVE_SHIRT_HERO_CLOSEUP.webp,zw121-zw121-mens-lightweight-tradie-long-sleeve-shirt-hero-closeup,https://notanother-nz.github.io/total-image-product-assets/assets/ZW121_MEN'S_LIGHTWEIGHT_TRADIE_LONG_SLEEVE_SHIRT/webp/model/ZW121_MEN'S_LIGHTWEIGHT_TRADIE_LONG_SLEEVE_SHIRT_HERO_CLOSEUP.webp,mens-lightweight-tradie-l-s-shirt,,3
Men's Lightweight Tradie L/S Shirt — ZW121_MEN'S_LIGHTWEIGHT_TRADIE_LONG_SLEEVE_SHIRT_HERO_SIDE.webp,zw121-zw121-mens-lightweight-tradie-long-sleeve-shirt-hero-side,https://notanother-nz.github.io/total-image-product-assets/assets/ZW121_MEN'S_LIGHTWEIGHT_TRADIE_LONG_SLEEVE_SHIRT/webp/model/ZW121_MEN'S_LIGHTWEIGHT_TRADIE_LONG_SLEEVE_SHIRT_HERO_SIDE.webp,mens-lightweight-tradie-l-s-shirt,,4
Men's Lightweight Tradie L/S Shirt — ZW121_MEN'S_LIGHTWEIGHT_TRADIE_LONG_SLEEVE_SHIRT_BLACK_FRONT.webp,zw121-zw121-mens-lightweight-tradie-long-sleeve-shirt-black-front,https://notanother-nz.github.io/total-image-product-assets/assets/ZW121_MEN'S_LIGHTWEIGHT_TRADIE_LONG_SLEEVE_SHIRT/webp/product/ZW121_MEN'S_LIGHTWEIGHT_TRADIE_LONG_SLEEVE_SHIRT_BLACK_FRONT.webp,mens-lightweight-tradie-l-s-shirt,black,5
Men's Lightweight Tradie L/S Shirt — ZW121_MEN'S_LIGHTWEIGHT_TRADIE_LONG_SLEEVE_SHIRT_BLUE_FRONT.webp,zw121-zw121-mens-lightweight-tradie-long-sleeve-shirt-blue-front,https://notanother-nz.github.io/total-image-product-assets/assets/ZW121_MEN'S_LIGHTWEIGHT_TRADIE_LONG_SLEEVE_SHIRT/webp/product/ZW121_MEN'S_LIGHTWEIGHT_TRADIE_LONG_SLEEVE_SHIRT_BLUE_FRONT.webp,mens-lightweight-tradie-l-s-shirt,blue,6
Men's Lightweight Tradie L/S Shirt — ZW121_MEN'S_LIGHTWEIGHT_TRADIE_LONG_SLEEVE_SHIRT_GREY_FRONT.webp,zw121-zw121-mens-lightweight-tradie-long-sleeve-shirt-grey-front,https://notanother-nz.github.io/total-image-product-assets/assets/ZW121_MEN'S_LIGHTWEIGHT_TRADIE_LONG_SLEEVE_SHIRT/webp/product/ZW121_MEN'S_LIGHTWEIGHT_TRADIE_LONG_SLEEVE_SHIRT_GREY_FRONT.webp,mens-lightweight-tradie-l-s-shirt,grey,7
Men's Lightweight Tradie L/S Shirt — ZW121_MEN'S_LIGHTWEIGHT_TRADIE_LONG_SLEEVE_SHIRT_SAND_FRONT.webp,zw121-zw121-mens-lightweight-tradie-long-sleeve-shirt-sand-front,https://notanother-nz.github.io/total-image-product-assets/assets/ZW121_MEN'S_LIGHTWEIGHT_TRADIE_LONG_SLEEVE_SHIRT/webp/product/ZW121_MEN'S_LIGHTWEIGHT_TRADIE_LONG_SLEEVE_SHIRT_SAND_FRONT.webp,mens-lightweight-tradie-l-s-shirt,sand,8
Men's Lightweight Tradie L/S Shirt — ZW121_MEN'S_LIGHTWEIGHT_TRADIE_LONG_SLEEVE_SHIRT_BLACK_BACK.webp,zw121-zw121-mens-lightweight-tradie-long-sleeve-shirt-black-back,https://notanother-nz.github.io/total-image-product-assets/assets/ZW121_MEN'S_LIGHTWEIGHT_TRADIE_LONG_SLEEVE_SHIRT/webp/product/ZW121_MEN'S_LIGHTWEIGHT_TRADIE_LONG_SLEEVE_SHIRT_BLACK_BACK.webp,mens-lightweight-tradie-l-s-shirt,black,9
Men's Lightweight Tradie L/S Shirt — ZW121_MEN'S_LIGHTWEIGHT_TRADIE_LONG_SLEEVE_SHIRT_BLUE_BACK.webp,zw121-zw121-mens-lightweight-tradie-long-sleeve-shirt-blue-back,https://notanother-nz.github.io/total-image-product-assets/assets/ZW121_MEN'S_LIGHTWEIGHT_TRADIE_LONG_SLEEVE_SHIRT/webp/product/ZW121_MEN'S_LIGHTWEIGHT_TRADIE_LONG_SLEEVE_SHIRT_BLUE_BACK.webp,mens-lightweight-tradie-l-s-shirt,blue,10
Men's Lightweight Tradie L/S Shirt — ZW121_MEN'S_LIGHTWEIGHT_TRADIE_LONG_SLEEVE_SHIRT_GREY_BACK.webp,zw121-zw121-mens-lightweight-tradie-long-sleeve-shirt-grey-back,https://notanother-nz.github.io/total-image-product-assets/assets/ZW121_MEN'S_LIGHTWEIGHT_TRADIE_LONG_SLEEVE_SHIRT/webp/product/ZW121_MEN'S_LIGHTWEIGHT_TRADIE_LONG_SLEEVE_SHIRT_GREY_BACK.webp,mens-lightweight-tradie-l-s-shirt,grey,11
Men's Lightweight Tradie L/S Shirt — ZW121_MEN'S_LIGHTWEIGHT_TRADIE_LONG_SLEEVE_SHIRT_SAND_BACK.webp,zw121-zw121-mens-lightweight-tradie-long-sleeve-shirt-sand-back,https://notanother-nz.github.io/total-image-product-assets/assets/ZW121_MEN'S_LIGHTWEIGHT_TRADIE_LONG_SLEEVE_SHIRT/webp/product/ZW121_MEN'S_LIGHTWEIGHT_TRADIE_LONG_SLEEVE_SHIRT_SAND_BACK.webp,mens-lightweight-tradie-l-s-shirt,sand,12
Men's Rugged Cooling Hi Vis Spliced Shirt — ZW128_MEN'S_RUGGED_COOLING_HI_VIS_SPLICED_SHIRT_HERO_FRONT.webp,zw128-zw128-mens-rugged-cooling-hi-vis-spliced-shirt-hero-front,https://notanother-nz.github.io/total-image-product-assets/assets/ZW128_MEN'S_RUGGED_COOLING_HI_VIS_SPLICED_SHIRT/webp/model/ZW128_MEN'S_RUGGED_COOLING_HI_VIS_SPLICED_SHIRT_HERO_FRONT.webp,mens-rugged-cooling-hi-vis-spliced-shirt,,1
Men's Rugged Cooling Hi Vis Spliced Shirt — ZW128_MEN'S_RUGGED_COOLING_HI_VIS_SPLICED_SHIRT_HERO_BACK.webp,zw128-zw128-mens-rugged-cooling-hi-vis-spliced-shirt-hero-back,https://notanother-nz.github.io/total-image-product-assets/assets/ZW128_MEN'S_RUGGED_COOLING_HI_VIS_SPLICED_SHIRT/webp/model/ZW128_MEN'S_RUGGED_COOLING_HI_VIS_SPLICED_SHIRT_HERO_BACK.webp,mens-rugged-cooling-hi-vis-spliced-shirt,,2
Men's Rugged Cooling Hi Vis Spliced Shirt — ZW128_MEN'S_RUGGED_COOLING_HI_VIS_SPLICED_SHIRT_HERO_CLOSEUP.webp,zw128-zw128-mens-rugged-cooling-hi-vis-spliced-shirt-hero-closeup,https://notanother-nz.github.io/total-image-product-assets/assets/ZW128_MEN'S_RUGGED_COOLING_HI_VIS_SPLICED_SHIRT/webp/model/ZW128_MEN'S_RUGGED_COOLING_HI_VIS_SPLICED_SHIRT_HERO_CLOSEUP.webp,mens-rugged-cooling-hi-vis-spliced-shirt,,3
Men's Rugged Cooling Hi Vis Spliced Shirt — ZW128_MEN'S_RUGGED_COOLING_HI_VIS_SPLICED_SHIRT_HERO_SIDE.webp,zw128-zw128-mens-rugged-cooling-hi-vis-spliced-shirt-hero-side,https://notanother-nz.github.io/total-image-product-assets/assets/ZW128_MEN'S_RUGGED_COOLING_HI_VIS_SPLICED_SHIRT/webp/model/ZW128_MEN'S_RUGGED_COOLING_HI_VIS_SPLICED_SHIRT_HERO_SIDE.webp,mens-rugged-cooling-hi-vis-spliced-shirt,,4
Men's Rugged Cooling Hi Vis Spliced Shirt — ZW128_MEN'S_RUGGED_COOLING_HI_VIS_SPLICED_SHIRT_ORANGE_CHARCOAL_FRONT.webp,zw128-zw128-mens-rugged-cooling-hi-vis-spliced-shirt-orange-charcoal-front,https://notanother-nz.github.io/total-image-product-assets/assets/ZW128_MEN'S_RUGGED_COOLING_HI_VIS_SPLICED_SHIRT/webp/product/ZW128_MEN'S_RUGGED_COOLING_HI_VIS_SPLICED_SHIRT_ORANGE_CHARCOAL_FRONT.webp,mens-rugged-cooling-hi-vis-spliced-shirt,orange-charcoal,5
Men's Rugged Cooling Hi Vis Spliced Shirt — ZW128_MEN'S_RUGGED_COOLING_HI_VIS_SPLICED_SHIRT_ORANGE_NAVY_FRONT.webp,zw128-zw128-mens-rugged-cooling-hi-vis-spliced-shirt-orange-navy-front,https://notanother-nz.github.io/total-image-product-assets/assets/ZW128_MEN'S_RUGGED_COOLING_HI_VIS_SPLICED_SHIRT/webp/product/ZW128_MEN'S_RUGGED_COOLING_HI_VIS_SPLICED_SHIRT_ORANGE_NAVY_FRONT.webp,mens-rugged-cooling-hi-vis-spliced-shirt,orange-navy,6
Men's Rugged Cooling Hi Vis Spliced Shirt — ZW128_MEN'S_RUGGED_COOLING_HI_VIS_SPLICED_SHIRT_YELLOW_CHARCOAL_FRONT.webp,zw128-zw128-mens-rugged-cooling-hi-vis-spliced-shirt-yellow-charcoal-front,https://notanother-nz.github.io/total-image-product-assets/assets/ZW128_MEN'S_RUGGED_COOLING_HI_VIS_SPLICED_SHIRT/webp/product/ZW128_MEN'S_RUGGED_COOLING_HI_VIS_SPLICED_SHIRT_YELLOW_CHARCOAL_FRONT.webp,mens-rugged-cooling-hi-vis-spliced-shirt,yellow-charcoal,7
Men's Rugged Cooling Hi Vis Spliced Shirt — ZW128_MEN'S_RUGGED_COOLING_HI_VIS_SPLICED_SHIRT_YELLOW_NAVY_FRONT.webp,zw128-zw128-mens-rugged-cooling-hi-vis-spliced-shirt-yellow-navy-front,https://notanother-nz.github.io/total-image-product-assets/assets/ZW128_MEN'S_RUGGED_COOLING_HI_VIS_SPLICED_SHIRT/webp/product/ZW128_MEN'S_RUGGED_COOLING_HI_VIS_SPLICED_SHIRT_YELLOW_NAVY_FRONT.webp,mens-rugged-cooling-hi-vis-spliced-shirt,yellow-navy,8
Men's Rugged Cooling Hi Vis Spliced Shirt — ZW128_MEN'S_RUGGED_COOLING_HI_VIS_SPLICED_SHIRT_ORANGE_CHARCOAL_BACK.webp,zw128-zw128-mens-rugged-cooling-hi-vis-spliced-shirt-orange-charcoal-back,https://notanother-nz.github.io/total-image-product-assets/assets/ZW128_MEN'S_RUGGED_COOLING_HI_VIS_SPLICED_SHIRT/webp/product/ZW128_MEN'S_RUGGED_COOLING_HI_VIS_SPLICED_SHIRT_ORANGE_CHARCOAL_BACK.webp,mens-rugged-cooling-hi-vis-spliced-shirt,orange-charcoal,9
Men's Rugged Cooling Hi Vis Spliced Shirt — ZW128_MEN'S_RUGGED_COOLING_HI_VIS_SPLICED_SHIRT_ORANGE_NAVY_BACK.webp,zw128-zw128-mens-rugged-cooling-hi-vis-spliced-shirt-orange-navy-back,https://notanother-nz.github.io/total-image-product-assets/assets/ZW128_MEN'S_RUGGED_COOLING_HI_VIS_SPLICED_SHIRT/webp/product/ZW128_MEN'S_RUGGED_COOLING_HI_VIS_SPLICED_SHIRT_ORANGE_NAVY_BACK.webp,mens-rugged-cooling-hi-vis-spliced-shirt,orange-navy,10
Men's Rugged Cooling Hi Vis Spliced Shirt — ZW128_MEN'S_RUGGED_COOLING_HI_VIS_SPLICED_SHIRT_YELLOW_CHARCOAL_BACK.webp,zw128-zw128-mens-rugged-cooling-hi-vis-spliced-shirt-yellow-charcoal-back,https://notanother-nz.github.io/total-image-product-assets/assets/ZW128_MEN'S_RUGGED_COOLING_HI_VIS_SPLICED_SHIRT/webp/product/ZW128_MEN'S_RUGGED_COOLING_HI_VIS_SPLICED_SHIRT_YELLOW_CHARCOAL_BACK.webp,mens-rugged-cooling-hi-vis-spliced-shirt,yellow-charcoal,11
Men's Rugged Cooling Hi Vis Spliced Shirt — ZW128_MEN'S_RUGGED_COOLING_HI_VIS_SPLICED_SHIRT_YELLOW_NAVY_BACK.webp,zw128-zw128-mens-rugged-cooling-hi-vis-spliced-shirt-yellow-navy-back,https://notanother-nz.github.io/total-image-product-assets/assets/ZW128_MEN'S_RUGGED_COOLING_HI_VIS_SPLICED_SHIRT/webp/product/ZW128_MEN'S_RUGGED_COOLING_HI_VIS_SPLICED_SHIRT_YELLOW_NAVY_BACK.webp,mens-rugged-cooling-hi-vis-spliced-shirt,yellow-navy,12
Men's Rugged Cooling Hi Vis Segmented Tape L/S Shirt — ZW229_MEN'S_RUGGED_COOLING_HI_VIS_SEGMENTED_TAPE_LONG_SLEEVE_SHIRT_HERO_FRONT.webp,zw229-zw229-mens-rugged-cooling-hi-vis-segmented-tape-long-sleeve-shirt-hero-front,https://notanother-nz.github.io/total-image-product-assets/assets/ZW229_MEN'S_RUGGED_COOLING_HI_VIS_SEGMENTED_TAPE_LONG_SLEEVE_SHIRT/webp/model/ZW229_MEN'S_RUGGED_COOLING_HI_VIS_SEGMENTED_TAPE_LONG_SLEEVE_SHIRT_HERO_FRONT.webp,mens-rugged-cooling-hi-vis-segmented-tape-l-s-shirt,,1
Men's Rugged Cooling Hi Vis Segmented Tape L/S Shirt — ZW229_MEN'S_RUGGED_COOLING_HI_VIS_SEGMENTED_TAPE_LONG_SLEEVE_SHIRT_HERO_BACK.webp,zw229-zw229-mens-rugged-cooling-hi-vis-segmented-tape-long-sleeve-shirt-hero-back,https://notanother-nz.github.io/total-image-product-assets/assets/ZW229_MEN'S_RUGGED_COOLING_HI_VIS_SEGMENTED_TAPE_LONG_SLEEVE_SHIRT/webp/model/ZW229_MEN'S_RUGGED_COOLING_HI_VIS_SEGMENTED_TAPE_LONG_SLEEVE_SHIRT_HERO_BACK.webp,mens-rugged-cooling-hi-vis-segmented-tape-l-s-shirt,,2
Men's Rugged Cooling Hi Vis Segmented Tape L/S Shirt — ZW229_MEN'S_RUGGED_COOLING_HI_VIS_SEGMENTED_TAPE_LONG_SLEEVE_SHIRT_HERO_CLOSEUP.webp,zw229-zw229-mens-rugged-cooling-hi-vis-segmented-tape-long-sleeve-shirt-hero-closeup,https://notanother-nz.github.io/total-image-product-assets/assets/ZW229_MEN'S_RUGGED_COOLING_HI_VIS_SEGMENTED_TAPE_LONG_SLEEVE_SHIRT/webp/model/ZW229_MEN'S_RUGGED_COOLING_HI_VIS_SEGMENTED_TAPE_LONG_SLEEVE_SHIRT_HERO_CLOSEUP.webp,mens-rugged-cooling-hi-vis-segmented-tape-l-s-shirt,,3
Men's Rugged Cooling Hi Vis Segmented Tape L/S Shirt — ZW229_MEN'S_RUGGED_COOLING_HI_VIS_SEGMENTED_TAPE_LONG_SLEEVE_SHIRT_HERO_SIDE.webp,zw229-zw229-mens-rugged-cooling-hi-vis-segmented-tape-long-sleeve-shirt-hero-side,https://notanother-nz.github.io/total-image-product-assets/assets/ZW229_MEN'S_RUGGED_COOLING_HI_VIS_SEGMENTED_TAPE_LONG_SLEEVE_SHIRT/webp/model/ZW229_MEN'S_RUGGED_COOLING_HI_VIS_SEGMENTED_TAPE_LONG_SLEEVE_SHIRT_HERO_SIDE.webp,mens-rugged-cooling-hi-vis-segmented-tape-l-s-shirt,,4
Men's Rugged Cooling Hi Vis Segmented Tape L/S Shirt — ZW229_MEN'S_RUGGED_COOLING_HI_VIS_SEGMENTED_TAPE_LONG_SLEEVE_SHIRT_ORANGE_NAVY_FRONT.webp,zw229-zw229-mens-rugged-cooling-hi-vis-segmented-tape-long-sleeve-shirt-orange-navy-front,https://notanother-nz.github.io/total-image-product-assets/assets/ZW229_MEN'S_RUGGED_COOLING_HI_VIS_SEGMENTED_TAPE_LONG_SLEEVE_SHIRT/webp/product/ZW229_MEN'S_RUGGED_COOLING_HI_VIS_SEGMENTED_TAPE_LONG_SLEEVE_SHIRT_ORANGE_NAVY_FRONT.webp,mens-rugged-cooling-hi-vis-segmented-tape-l-s-shirt,orange-navy,5
Men's Rugged Cooling Hi Vis Segmented Tape L/S Shirt — ZW229_MEN'S_RUGGED_COOLING_HI_VIS_SEGMENTED_TAPE_LONG_SLEEVE_SHIRT_YELLOW_NAVY_FRONT.webp,zw229-zw229-mens-rugged-cooling-hi-vis-segmented-tape-long-sleeve-shirt-yellow-navy-front,https://notanother-nz.github.io/total-image-product-assets/assets/ZW229_MEN'S_RUGGED_COOLING_HI_VIS_SEGMENTED_TAPE_LONG_SLEEVE_SHIRT/webp/product/ZW229_MEN'S_RUGGED_COOLING_HI_VIS_SEGMENTED_TAPE_LONG_SLEEVE_SHIRT_YELLOW_NAVY_FRONT.webp,mens-rugged-cooling-hi-vis-segmented-tape-l-s-shirt,yellow-navy,6
Men's Rugged Cooling Hi Vis Segmented Tape L/S Shirt — ZW229_MEN'S_RUGGED_COOLING_HI_VIS_SEGMENTED_TAPE_LONG_SLEEVE_SHIRT_ORANGE_NAVY_BACK.webp,zw229-zw229-mens-rugged-cooling-hi-vis-segmented-tape-long-sleeve-shirt-orange-navy-back,https://notanother-nz.github.io/total-image-product-assets/assets/ZW229_MEN'S_RUGGED_COOLING_HI_VIS_SEGMENTED_TAPE_LONG_SLEEVE_SHIRT/webp/product/ZW229_MEN'S_RUGGED_COOLING_HI_VIS_SEGMENTED_TAPE_LONG_SLEEVE_SHIRT_ORANGE_NAVY_BACK.webp,mens-rugged-cooling-hi-vis-segmented-tape-l-s-shirt,orange-navy,7
Men's Rugged Cooling Hi Vis Segmented Tape L/S Shirt — ZW229_MEN'S_RUGGED_COOLING_HI_VIS_SEGMENTED_TAPE_LONG_SLEEVE_SHIRT_YELLOW_NAVY_BACK.webp,zw229-zw229-mens-rugged-cooling-hi-vis-segmented-tape-long-sleeve-shirt-yellow-navy-back,https://notanother-nz.github.io/total-image-product-assets/assets/ZW229_MEN'S_RUGGED_COOLING_HI_VIS_SEGMENTED_TAPE_LONG_SLEEVE_SHIRT/webp/product/ZW229_MEN'S_RUGGED_COOLING_HI_VIS_SEGMENTED_TAPE_LONG_SLEEVE_SHIRT_YELLOW_NAVY_BACK.webp,mens-rugged-cooling-hi-vis-segmented-tape-l-s-shirt,yellow-navy,8
Men's Rugged Cooling Men's L/S Shirt — ZW400_MEN'S_RUGGED_COOLING_LONG_SLEEVE_SHIRT_HERO_FRONT.webp,zw400-zw400-mens-rugged-cooling-long-sleeve-shirt-hero-front,https://notanother-nz.github.io/total-image-product-assets/assets/ZW400_MEN'S_RUGGED_COOLING_LONG_SLEEVE_SHIRT/webp/model/ZW400_MEN'S_RUGGED_COOLING_LONG_SLEEVE_SHIRT_HERO_FRONT.webp,mens-rugged-cooling-mens-l-s-shirt,,1
Men's Rugged Cooling Men's L/S Shirt — ZW400_MEN'S_RUGGED_COOLING_LONG_SLEEVE_SHIRT_HERO_BACK.webp,zw400-zw400-mens-rugged-cooling-long-sleeve-shirt-hero-back,https://notanother-nz.github.io/total-image-product-assets/assets/ZW400_MEN'S_RUGGED_COOLING_LONG_SLEEVE_SHIRT/webp/model/ZW400_MEN'S_RUGGED_COOLING_LONG_SLEEVE_SHIRT_HERO_BACK.webp,mens-rugged-cooling-mens-l-s-shirt,,2
Men's Rugged Cooling Men's L/S Shirt — ZW400_MEN'S_RUGGED_COOLING_LONG_SLEEVE_SHIRT_HERO_CLOSEUP.webp,zw400-zw400-mens-rugged-cooling-long-sleeve-shirt-hero-closeup,https://notanother-nz.github.io/total-image-product-assets/assets/ZW400_MEN'S_RUGGED_COOLING_LONG_SLEEVE_SHIRT/webp/model/ZW400_MEN'S_RUGGED_COOLING_LONG_SLEEVE_SHIRT_HERO_CLOSEUP.webp,mens-rugged-cooling-mens-l-s-shirt,,3
Men's Rugged Cooling Men's L/S Shirt — ZW400_MEN'S_RUGGED_COOLING_LONG_SLEEVE_SHIRT_HERO_SIDE.webp,zw400-zw400-mens-rugged-cooling-long-sleeve-shirt-hero-side,https://notanother-nz.github.io/total-image-product-assets/assets/ZW400_MEN'S_RUGGED_COOLING_LONG_SLEEVE_SHIRT/webp/model/ZW400_MEN'S_RUGGED_COOLING_LONG_SLEEVE_SHIRT_HERO_SIDE.webp,mens-rugged-cooling-mens-l-s-shirt,,4
Men's Rugged Cooling Men's L/S Shirt — ZW400_MEN'S_RUGGED_COOLING_LONG_SLEEVE_SHIRT_CHARCOAL_FRONT.webp,zw400-zw400-mens-rugged-cooling-long-sleeve-shirt-charcoal-front,https://notanother-nz.github.io/total-image-product-assets/assets/ZW400_MEN'S_RUGGED_COOLING_LONG_SLEEVE_SHIRT/webp/product/ZW400_MEN'S_RUGGED_COOLING_LONG_SLEEVE_SHIRT_CHARCOAL_FRONT.webp,mens-rugged-cooling-mens-l-s-shirt,charcoal,5
Men's Rugged Cooling Men's L/S Shirt — ZW400_MEN'S_RUGGED_COOLING_LONG_SLEEVE_SHIRT_FRONT.webp,zw400-zw400-mens-rugged-cooling-long-sleeve-shirt-front,https://notanother-nz.github.io/total-image-product-assets/assets/ZW400_MEN'S_RUGGED_COOLING_LONG_SLEEVE_SHIRT/webp/product/ZW400_MEN'S_RUGGED_COOLING_LONG_SLEEVE_SHIRT_FRONT.webp,mens-rugged-cooling-mens-l-s-shirt,,6
Men's Rugged Cooling Men's L/S Shirt — ZW400_MEN'S_RUGGED_COOLING_LONG_SLEEVE_SHIRT_KHAKI_FRONT.webp,zw400-zw400-mens-rugged-cooling-long-sleeve-shirt-khaki-front,https://notanother-nz.github.io/total-image-product-assets/assets/ZW400_MEN'S_RUGGED_COOLING_LONG_SLEEVE_SHIRT/webp/product/ZW400_MEN'S_RUGGED_COOLING_LONG_SLEEVE_SHIRT_KHAKI_FRONT.webp,mens-rugged-cooling-mens-l-s-shirt,khaki,7
Men's Rugged Cooling Men's L/S Shirt — ZW400_MEN'S_RUGGED_COOLING_LONG_SLEEVE_SHIRT_NAVY_FRONT.webp,zw400-zw400-mens-rugged-cooling-long-sleeve-shirt-navy-front,https://notanother-nz.github.io/total-image-product-assets/assets/ZW400_MEN'S_RUGGED_COOLING_LONG_SLEEVE_SHIRT/webp/product/ZW400_MEN'S_RUGGED_COOLING_LONG_SLEEVE_SHIRT_NAVY_FRONT.webp,mens-rugged-cooling-mens-l-s-shirt,navy,8
Men's Rugged Cooling Men's L/S Shirt — ZW400_MEN'S_RUGGED_COOLING_LONG_SLEEVE_SHIRT_BLACK_BACK.webp,zw400-zw400-mens-rugged-cooling-long-sleeve-shirt-black-back,https://notanother-nz.github.io/total-image-product-assets/assets/ZW400_MEN'S_RUGGED_COOLING_LONG_SLEEVE_SHIRT/webp/product/ZW400_MEN'S_RUGGED_COOLING_LONG_SLEEVE_SHIRT_BLACK_BACK.webp,mens-rugged-cooling-mens-l-s-shirt,black,9
Men's Rugged Cooling Men's L/S Shirt — ZW400_MEN'S_RUGGED_COOLING_LONG_SLEEVE_SHIRT_CHARCOAL_BACK.webp,zw400-zw400-mens-rugged-cooling-long-sleeve-shirt-charcoal-back,https://notanother-nz.github.io/total-image-product-assets/assets/ZW400_MEN'S_RUGGED_COOLING_LONG_SLEEVE_SHIRT/webp/product/ZW400_MEN'S_RUGGED_COOLING_LONG_SLEEVE_SHIRT_CHARCOAL_BACK.webp,mens-rugged-cooling-mens-l-s-shirt,charcoal,10
Men's Rugged Cooling Men's L/S Shirt — ZW400_MEN'S_RUGGED_COOLING_LONG_SLEEVE_SHIRT_KHAKI_BACK.webp,zw400-zw400-mens-rugged-cooling-long-sleeve-shirt-khaki-back,https://notanother-nz.github.io/total-image-product-assets/assets/ZW400_MEN'S_RUGGED_COOLING_LONG_SLEEVE_SHIRT/webp/product/ZW400_MEN'S_RUGGED_COOLING_LONG_SLEEVE_SHIRT_KHAKI_BACK.webp,mens-rugged-cooling-mens-l-s-shirt,khaki,11
Men's Rugged Cooling Men's L/S Shirt — ZW400_MEN'S_RUGGED_COOLING_LONG_SLEEVE_SHIRT_NAVY_BACK.webp,zw400-zw400-mens-rugged-cooling-long-sleeve-shirt-navy-back,https://notanother-nz.github.io/total-image-product-assets/assets/ZW400_MEN'S_RUGGED_COOLING_LONG_SLEEVE_SHIRT/webp/product/ZW400_MEN'S_RUGGED_COOLING_LONG_SLEEVE_SHIRT_NAVY_BACK.webp,mens-rugged-cooling-mens-l-s-shirt,navy,12
Men's Outdoor L/S Shirt — ZW460_MEN'S_OUTDOOR_LONG_SLEEVE_SHIRT_HERO_FRONT.webp,zw460-zw460-mens-outdoor-long-sleeve-shirt-hero-front,https://notanother-nz.github.io/total-image-product-assets/assets/ZW460_MEN'S_OUTDOOR_LONG_SLEEVE_SHIRT/webp/model/ZW460_MEN'S_OUTDOOR_LONG_SLEEVE_SHIRT_HERO_FRONT.webp,mens-outdoor-l-s-shirt,,1
Men's Outdoor L/S Shirt — ZW460_MEN'S_OUTDOOR_LONG_SLEEVE_SHIRT_HERO_BACK.webp,zw460-zw460-mens-outdoor-long-sleeve-shirt-hero-back,https://notanother-nz.github.io/total-image-product-assets/assets/ZW460_MEN'S_OUTDOOR_LONG_SLEEVE_SHIRT/webp/model/ZW460_MEN'S_OUTDOOR_LONG_SLEEVE_SHIRT_HERO_BACK.webp,mens-outdoor-l-s-shirt,,2
Men's Outdoor L/S Shirt — ZW460_MEN'S_OUTDOOR_LONG_SLEEVE_SHIRT_HERO_CLOSEUP.webp,zw460-zw460-mens-outdoor-long-sleeve-shirt-hero-closeup,https://notanother-nz.github.io/total-image-product-assets/assets/ZW460_MEN'S_OUTDOOR_LONG_SLEEVE_SHIRT/webp/model/ZW460_MEN'S_OUTDOOR_LONG_SLEEVE_SHIRT_HERO_CLOSEUP.webp,mens-outdoor-l-s-shirt,,3
Men's Outdoor L/S Shirt — ZW460_MEN'S_OUTDOOR_LONG_SLEEVE_SHIRT_HERO_SIDE.webp,zw460-zw460-mens-outdoor-long-sleeve-shirt-hero-side,https://notanother-nz.github.io/total-image-product-assets/assets/ZW460_MEN'S_OUTDOOR_LONG_SLEEVE_SHIRT/webp/model/ZW460_MEN'S_OUTDOOR_LONG_SLEEVE_SHIRT_HERO_SIDE.webp,mens-outdoor-l-s-shirt,,4
Men's Outdoor L/S Shirt — ZW460_MEN'S_OUTDOOR_LONG_SLEEVE_SHIRT_ARMY_FRONT.webp,zw460-zw460-mens-outdoor-long-sleeve-shirt-army-front,https://notanother-nz.github.io/total-image-product-assets/assets/ZW460_MEN'S_OUTDOOR_LONG_SLEEVE_SHIRT/webp/product/ZW460_MEN'S_OUTDOOR_LONG_SLEEVE_SHIRT_ARMY_FRONT.webp,mens-outdoor-l-s-shirt,army,5
Men's Outdoor L/S Shirt — ZW460_MEN'S_OUTDOOR_LONG_SLEEVE_SHIRT_BLACK_FRONT.webp,zw460-zw460-mens-outdoor-long-sleeve-shirt-black-front,https://notanother-nz.github.io/total-image-product-assets/assets/ZW460_MEN'S_OUTDOOR_LONG_SLEEVE_SHIRT/webp/product/ZW460_MEN'S_OUTDOOR_LONG_SLEEVE_SHIRT_BLACK_FRONT.webp,mens-outdoor-l-s-shirt,black,6
Men's Outdoor L/S Shirt — ZW460_MEN'S_OUTDOOR_LONG_SLEEVE_SHIRT_BLUE_FRONT.webp,zw460-zw460-mens-outdoor-long-sleeve-shirt-blue-front,https://notanother-nz.github.io/total-image-product-assets/assets/ZW460_MEN'S_OUTDOOR_LONG_SLEEVE_SHIRT/webp/product/ZW460_MEN'S_OUTDOOR_LONG_SLEEVE_SHIRT_BLUE_FRONT.webp,mens-outdoor-l-s-shirt,blue,7
Men's Outdoor L/S Shirt — ZW460_MEN'S_OUTDOOR_LONG_SLEEVE_SHIRT_COBALT_FRONT.webp,zw460-zw460-mens-outdoor-long-sleeve-shirt-cobalt-front,https://notanother-nz.github.io/total-image-product-assets/assets/ZW460_MEN'S_OUTDOOR_LONG_SLEEVE_SHIRT/webp/product/ZW460_MEN'S_OUTDOOR_LONG_SLEEVE_SHIRT_COBALT_FRONT.webp,mens-outdoor-l-s-shirt,,8
Men's Outdoor L/S Shirt — ZW460_MEN'S_OUTDOOR_LONG_SLEEVE_SHIRT_DEISEL_FRONT.webp,zw460-zw460-mens-outdoor-long-sleeve-shirt-deisel-front,https://notanother-nz.github.io/total-image-product-assets/assets/ZW460_MEN'S_OUTDOOR_LONG_SLEEVE_SHIRT/webp/product/ZW460_MEN'S_OUTDOOR_LONG_SLEEVE_SHIRT_DEISEL_FRONT.webp,mens-outdoor-l-s-shirt,,9
Men's Outdoor L/S Shirt — ZW460_MEN'S_OUTDOOR_LONG_SLEEVE_SHIRT_GREEN_FRONT.webp,zw460-zw460-mens-outdoor-long-sleeve-shirt-green-front,https://notanother-nz.github.io/total-image-product-assets/assets/ZW460_MEN'S_OUTDOOR_LONG_SLEEVE_SHIRT/webp/product/ZW460_MEN'S_OUTDOOR_LONG_SLEEVE_SHIRT_GREEN_FRONT.webp,mens-outdoor-l-s-shirt,green,10
Men's Outdoor L/S Shirt — ZW460_MEN'S_OUTDOOR_LONG_SLEEVE_SHIRT_NATURAL_FRONT.webp,zw460-zw460-mens-outdoor-long-sleeve-shirt-natural-front,https://notanother-nz.github.io/total-image-product-assets/assets/ZW460_MEN'S_OUTDOOR_LONG_SLEEVE_SHIRT/webp/product/ZW460_MEN'S_OUTDOOR_LONG_SLEEVE_SHIRT_NATURAL_FRONT.webp,mens-outdoor-l-s-shirt,natural,11
Men's Outdoor L/S Shirt — ZW460_MEN'S_OUTDOOR_LONG_SLEEVE_SHIRT_NAVY_FRONT.webp,zw460-zw460-mens-outdoor-long-sleeve-shirt-navy-front,https://notanother-nz.github.io/total-image-product-assets/assets/ZW460_MEN'S_OUTDOOR_LONG_SLEEVE_SHIRT/webp/product/ZW460_MEN'S_OUTDOOR_LONG_SLEEVE_SHIRT_NAVY_FRONT.webp,mens-outdoor-l-s-shirt,navy,12
Men's Outdoor L/S Shirt — ZW460_MEN'S_OUTDOOR_LONG_SLEEVE_SHIRT_SAND_FRONT.webp,zw460-zw460-mens-outdoor-long-sleeve-shirt-sand-front,https://notanother-nz.github.io/total-image-product-assets/assets/ZW460_MEN'S_OUTDOOR_LONG_SLEEVE_SHIRT/webp/product/ZW460_MEN'S_OUTDOOR_LONG_SLEEVE_SHIRT_SAND_FRONT.webp,mens-outdoor-l-s-shirt,sand,13
Men's Outdoor L/S Shirt — ZW460_MEN'S_OUTDOOR_LONG_SLEEVE_SHIRT_STONE_FRONT.webp,zw460-zw460-mens-outdoor-long-sleeve-shirt-stone-front,https://notanother-nz.github.io/total-image-product-assets/assets/ZW460_MEN'S_OUTDOOR_LONG_SLEEVE_SHIRT/webp/product/ZW460_MEN'S_OUTDOOR_LONG_SLEEVE_SHIRT_STONE_FRONT.webp,mens-outdoor-l-s-shirt,stone,14
Men's Outdoor L/S Shirt — ZW460_MEN'S_OUTDOOR_LONG_SLEEVE_SHIRT_ARMY_BACK.webp,zw460-zw460-mens-outdoor-long-sleeve-shirt-army-back,https://notanother-nz.github.io/total-image-product-assets/assets/ZW460_MEN'S_OUTDOOR_LONG_SLEEVE_SHIRT/webp/product/ZW460_MEN'S_OUTDOOR_LONG_SLEEVE_SHIRT_ARMY_BACK.webp,mens-outdoor-l-s-shirt,army,15
Men's Outdoor L/S Shirt — ZW460_MEN'S_OUTDOOR_LONG_SLEEVE_SHIRT_BLACK_BACK.webp,zw460-zw460-mens-outdoor-long-sleeve-shirt-black-back,https://notanother-nz.github.io/total-image-product-assets/assets/ZW460_MEN'S_OUTDOOR_LONG_SLEEVE_SHIRT/webp/product/ZW460_MEN'S_OUTDOOR_LONG_SLEEVE_SHIRT_BLACK_BACK.webp,mens-outdoor-l-s-shirt,black,16
Men's Outdoor L/S Shirt — ZW460_MEN'S_OUTDOOR_LONG_SLEEVE_SHIRT_BLUE_BACK.webp,zw460-zw460-mens-outdoor-long-sleeve-shirt-blue-back,https://notanother-nz.github.io/total-image-product-assets/assets/ZW460_MEN'S_OUTDOOR_LONG_SLEEVE_SHIRT/webp/product/ZW460_MEN'S_OUTDOOR_LONG_SLEEVE_SHIRT_BLUE_BACK.webp,mens-outdoor-l-s-shirt,blue,17
Men's Outdoor L/S Shirt — ZW460_MEN'S_OUTDOOR_LONG_SLEEVE_SHIRT_COBALT_BACK.webp,zw460-zw460-mens-outdoor-long-sleeve-shirt-cobalt-back,https://notanother-nz.github.io/total-image-product-assets/assets/ZW460_MEN'S_OUTDOOR_LONG_SLEEVE_SHIRT/webp/product/ZW460_MEN'S_OUTDOOR_LONG_SLEEVE_SHIRT_COBALT_BACK.webp,mens-outdoor-l-s-shirt,,18
Men's Outdoor L/S Shirt — ZW460_MEN'S_OUTDOOR_LONG_SLEEVE_SHIRT_DIESEL_BACK.webp,zw460-zw460-mens-outdoor-long-sleeve-shirt-diesel-back,https://notanother-nz.github.io/total-image-product-assets/assets/ZW460_MEN'S_OUTDOOR_LONG_SLEEVE_SHIRT/webp/product/ZW460_MEN'S_OUTDOOR_LONG_SLEEVE_SHIRT_DIESEL_BACK.webp,mens-outdoor-l-s-shirt,,19
Men's Outdoor L/S Shirt — ZW460_MEN'S_OUTDOOR_LONG_SLEEVE_SHIRT_GREEN_BACK.webp,zw460-zw460-mens-outdoor-long-sleeve-shirt-green-back,https://notanother-nz.github.io/total-image-product-assets/assets/ZW460_MEN'S_OUTDOOR_LONG_SLEEVE_SHIRT/webp/product/ZW460_MEN'S_OUTDOOR_LONG_SLEEVE_SHIRT_GREEN_BACK.webp,mens-outdoor-l-s-shirt,green,20
Men's Outdoor L/S Shirt — ZW460_MEN'S_OUTDOOR_LONG_SLEEVE_SHIRT_NATURAL_BACK.webp,zw460-zw460-mens-outdoor-long-sleeve-shirt-natural-back,https://notanother-nz.github.io/total-image-product-assets/assets/ZW460_MEN'S_OUTDOOR_LONG_SLEEVE_SHIRT/webp/product/ZW460_MEN'S_OUTDOOR_LONG_SLEEVE_SHIRT_NATURAL_BACK.webp,mens-outdoor-l-s-shirt,natural,21
Men's Outdoor L/S Shirt — ZW460_MEN'S_OUTDOOR_LONG_SLEEVE_SHIRT_NAVY_BACK.webp,zw460-zw460-mens-outdoor-long-sleeve-shirt-navy-back,https://notanother-nz.github.io/total-image-product-assets/assets/ZW460_MEN'S_OUTDOOR_LONG_SLEEVE_SHIRT/webp/product/ZW460_MEN'S_OUTDOOR_LONG_SLEEVE_SHIRT_NAVY_BACK.webp,mens-outdoor-l-s-shirt,navy,22
Men's Outdoor L/S Shirt — ZW460_MEN'S_OUTDOOR_LONG_SLEEVE_SHIRT_SAND_BACK.webp,zw460-zw460-mens-outdoor-long-sleeve-shirt-sand-back,https://notanother-nz.github.io/total-image-product-assets/assets/ZW460_MEN'S_OUTDOOR_LONG_SLEEVE_SHIRT/webp/product/ZW460_MEN'S_OUTDOOR_LONG_SLEEVE_SHIRT_SAND_BACK.webp,mens-outdoor-l-s-shirt,sand,23
Men's Outdoor L/S Shirt — ZW460_MEN'S_OUTDOOR_LONG_SLEEVE_SHIRT_STONE_BACK.webp,zw460-zw460-mens-outdoor-long-sleeve-shirt-stone-back,https://notanother-nz.github.io/total-image-product-assets/assets/ZW460_MEN'S_OUTDOOR_LONG_SLEEVE_SHIRT/webp/product/ZW460_MEN'S_OUTDOOR_LONG_SLEEVE_SHIRT_STONE_BACK.webp,mens-outdoor-l-s-shirt,stone,24
Men's Outdoor S/S Shirt — ZW465_MEN'S_OUTDOOR_SHORT_SLEEVE_SHIRT_HERO_FRONT.webp,zw465-zw465-mens-outdoor-short-sleeve-shirt-hero-front,https://notanother-nz.github.io/total-image-product-assets/assets/ZW465_MEN'S_OUTDOOR_SHORT_SLEEVE_SHIRT/webp/model/ZW465_MEN'S_OUTDOOR_SHORT_SLEEVE_SHIRT_HERO_FRONT.webp,mens-outdoor-s-s-shirt,,1
Men's Outdoor S/S Shirt — ZW465_MEN'S_OUTDOOR_SHORT_SLEEVE_SHIRT_HERO_BACK.webp,zw465-zw465-mens-outdoor-short-sleeve-shirt-hero-back,https://notanother-nz.github.io/total-image-product-assets/assets/ZW465_MEN'S_OUTDOOR_SHORT_SLEEVE_SHIRT/webp/model/ZW465_MEN'S_OUTDOOR_SHORT_SLEEVE_SHIRT_HERO_BACK.webp,mens-outdoor-s-s-shirt,,2
Men's Outdoor S/S Shirt — ZW465_MEN'S_OUTDOOR_SHORT_SLEEVE_SHIRT_HERO_CLOSEUP.webp,zw465-zw465-mens-outdoor-short-sleeve-shirt-hero-closeup,https://notanother-nz.github.io/total-image-product-assets/assets/ZW465_MEN'S_OUTDOOR_SHORT_SLEEVE_SHIRT/webp/model/ZW465_MEN'S_OUTDOOR_SHORT_SLEEVE_SHIRT_HERO_CLOSEUP.webp,mens-outdoor-s-s-shirt,,3
Men's Outdoor S/S Shirt — ZW465_MEN'S_OUTDOOR_SHORT_SLEEVE_SHIRT_HERO_SIDE.webp,zw465-zw465-mens-outdoor-short-sleeve-shirt-hero-side,https://notanother-nz.github.io/total-image-product-assets/assets/ZW465_MEN'S_OUTDOOR_SHORT_SLEEVE_SHIRT/webp/model/ZW465_MEN'S_OUTDOOR_SHORT_SLEEVE_SHIRT_HERO_SIDE.webp,mens-outdoor-s-s-shirt,,4
Men's Outdoor S/S Shirt — ZW465_MEN'S_OUTDOOR_SHORT_SLEEVE_SHIRT_ARMY_FRONT.webp,zw465-zw465-mens-outdoor-short-sleeve-shirt-army-front,https://notanother-nz.github.io/total-image-product-assets/assets/ZW465_MEN'S_OUTDOOR_SHORT_SLEEVE_SHIRT/webp/product/ZW465_MEN'S_OUTDOOR_SHORT_SLEEVE_SHIRT_ARMY_FRONT.webp,mens-outdoor-s-s-shirt,army,5
Men's Outdoor S/S Shirt — ZW465_MEN'S_OUTDOOR_SHORT_SLEEVE_SHIRT_BLACK_FRONT.webp,zw465-zw465-mens-outdoor-short-sleeve-shirt-black-front,https://notanother-nz.github.io/total-image-product-assets/assets/ZW465_MEN'S_OUTDOOR_SHORT_SLEEVE_SHIRT/webp/product/ZW465_MEN'S_OUTDOOR_SHORT_SLEEVE_SHIRT_BLACK_FRONT.webp,mens-outdoor-s-s-shirt,black,6
Men's Outdoor S/S Shirt — ZW465_MEN'S_OUTDOOR_SHORT_SLEEVE_SHIRT_BLUE_FRONT.webp,zw465-zw465-mens-outdoor-short-sleeve-shirt-blue-front,https://notanother-nz.github.io/total-image-product-assets/assets/ZW465_MEN'S_OUTDOOR_SHORT_SLEEVE_SHIRT/webp/product/ZW465_MEN'S_OUTDOOR_SHORT_SLEEVE_SHIRT_BLUE_FRONT.webp,mens-outdoor-s-s-shirt,blue,7
Men's Outdoor S/S Shirt — ZW465_MEN'S_OUTDOOR_SHORT_SLEEVE_SHIRT_COBALT_FRONT.webp,zw465-zw465-mens-outdoor-short-sleeve-shirt-cobalt-front,https://notanother-nz.github.io/total-image-product-assets/assets/ZW465_MEN'S_OUTDOOR_SHORT_SLEEVE_SHIRT/webp/product/ZW465_MEN'S_OUTDOOR_SHORT_SLEEVE_SHIRT_COBALT_FRONT.webp,mens-outdoor-s-s-shirt,,8
Men's Outdoor S/S Shirt — ZW465_MEN'S_OUTDOOR_SHORT_SLEEVE_SHIRT_DIESEL_FRONT.webp,zw465-zw465-mens-outdoor-short-sleeve-shirt-diesel-front,https://notanother-nz.github.io/total-image-product-assets/assets/ZW465_MEN'S_OUTDOOR_SHORT_SLEEVE_SHIRT/webp/product/ZW465_MEN'S_OUTDOOR_SHORT_SLEEVE_SHIRT_DIESEL_FRONT.webp,mens-outdoor-s-s-shirt,,9
Men's Outdoor S/S Shirt — ZW465_MEN'S_OUTDOOR_SHORT_SLEEVE_SHIRT_GREEN_FRONT.webp,zw465-zw465-mens-outdoor-short-sleeve-shirt-green-front,https://notanother-nz.github.io/total-image-product-assets/assets/ZW465_MEN'S_OUTDOOR_SHORT_SLEEVE_SHIRT/webp/product/ZW465_MEN'S_OUTDOOR_SHORT_SLEEVE_SHIRT_GREEN_FRONT.webp,mens-outdoor-s-s-shirt,green,10
Men's Outdoor S/S Shirt — ZW465_MEN'S_OUTDOOR_SHORT_SLEEVE_SHIRT_NATURAL_FRONT.webp,zw465-zw465-mens-outdoor-short-sleeve-shirt-natural-front,https://notanother-nz.github.io/total-image-product-assets/assets/ZW465_MEN'S_OUTDOOR_SHORT_SLEEVE_SHIRT/webp/product/ZW465_MEN'S_OUTDOOR_SHORT_SLEEVE_SHIRT_NATURAL_FRONT.webp,mens-outdoor-s-s-shirt,natural,11
Men's Outdoor S/S Shirt — ZW465_MEN'S_OUTDOOR_SHORT_SLEEVE_SHIRT_NAVY_FRONT.webp,zw465-zw465-mens-outdoor-short-sleeve-shirt-navy-front,https://notanother-nz.github.io/total-image-product-assets/assets/ZW465_MEN'S_OUTDOOR_SHORT_SLEEVE_SHIRT/webp/product/ZW465_MEN'S_OUTDOOR_SHORT_SLEEVE_SHIRT_NAVY_FRONT.webp,mens-outdoor-s-s-shirt,navy,12
Men's Outdoor S/S Shirt — ZW465_MEN'S_OUTDOOR_SHORT_SLEEVE_SHIRT_SAND_FRONT.webp,zw465-zw465-mens-outdoor-short-sleeve-shirt-sand-front,https://notanother-nz.github.io/total-image-product-assets/assets/ZW465_MEN'S_OUTDOOR_SHORT_SLEEVE_SHIRT/webp/product/ZW465_MEN'S_OUTDOOR_SHORT_SLEEVE_SHIRT_SAND_FRONT.webp,mens-outdoor-s-s-shirt,sand,13
Men's Outdoor S/S Shirt — ZW465_MEN'S_OUTDOOR_SHORT_SLEEVE_SHIRT_STONE_FRONT.webp,zw465-zw465-mens-outdoor-short-sleeve-shirt-stone-front,https://notanother-nz.github.io/total-image-product-assets/assets/ZW465_MEN'S_OUTDOOR_SHORT_SLEEVE_SHIRT/webp/product/ZW465_MEN'S_OUTDOOR_SHORT_SLEEVE_SHIRT_STONE_FRONT.webp,mens-outdoor-s-s-shirt,stone,14
Men's Outdoor S/S Shirt — ZW465_MEN'S_OUTDOOR_SHORT_SLEEVE_SHIRT_ARMY_BACK.webp,zw465-zw465-mens-outdoor-short-sleeve-shirt-army-back,https://notanother-nz.github.io/total-image-product-assets/assets/ZW465_MEN'S_OUTDOOR_SHORT_SLEEVE_SHIRT/webp/product/ZW465_MEN'S_OUTDOOR_SHORT_SLEEVE_SHIRT_ARMY_BACK.webp,mens-outdoor-s-s-shirt,army,15
Men's Outdoor S/S Shirt — ZW465_MEN'S_OUTDOOR_SHORT_SLEEVE_SHIRT_BLACK_BACK.webp,zw465-zw465-mens-outdoor-short-sleeve-shirt-black-back,https://notanother-nz.github.io/total-image-product-assets/assets/ZW465_MEN'S_OUTDOOR_SHORT_SLEEVE_SHIRT/webp/product/ZW465_MEN'S_OUTDOOR_SHORT_SLEEVE_SHIRT_BLACK_BACK.webp,mens-outdoor-s-s-shirt,black,16
Men's Outdoor S/S Shirt — ZW465_MEN'S_OUTDOOR_SHORT_SLEEVE_SHIRT_BLUE_BACK.webp,zw465-zw465-mens-outdoor-short-sleeve-shirt-blue-back,https://notanother-nz.github.io/total-image-product-assets/assets/ZW465_MEN'S_OUTDOOR_SHORT_SLEEVE_SHIRT/webp/product/ZW465_MEN'S_OUTDOOR_SHORT_SLEEVE_SHIRT_BLUE_BACK.webp,mens-outdoor-s-s-shirt,blue,17
Men's Outdoor S/S Shirt — ZW465_MEN'S_OUTDOOR_SHORT_SLEEVE_SHIRT_COBALT_BACK.webp,zw465-zw465-mens-outdoor-short-sleeve-shirt-cobalt-back,https://notanother-nz.github.io/total-image-product-assets/assets/ZW465_MEN'S_OUTDOOR_SHORT_SLEEVE_SHIRT/webp/product/ZW465_MEN'S_OUTDOOR_SHORT_SLEEVE_SHIRT_COBALT_BACK.webp,mens-outdoor-s-s-shirt,,18
Men's Outdoor S/S Shirt — ZW465_MEN'S_OUTDOOR_SHORT_SLEEVE_SHIRT_DIESEL_BACK.webp,zw465-zw465-mens-outdoor-short-sleeve-shirt-diesel-back,https://notanother-nz.github.io/total-image-product-assets/assets/ZW465_MEN'S_OUTDOOR_SHORT_SLEEVE_SHIRT/webp/product/ZW465_MEN'S_OUTDOOR_SHORT_SLEEVE_SHIRT_DIESEL_BACK.webp,mens-outdoor-s-s-shirt,,19
Men's Outdoor S/S Shirt — ZW465_MEN'S_OUTDOOR_SHORT_SLEEVE_SHIRT_GREEN_BACK.webp,zw465-zw465-mens-outdoor-short-sleeve-shirt-green-back,https://notanother-nz.github.io/total-image-product-assets/assets/ZW465_MEN'S_OUTDOOR_SHORT_SLEEVE_SHIRT/webp/product/ZW465_MEN'S_OUTDOOR_SHORT_SLEEVE_SHIRT_GREEN_BACK.webp,mens-outdoor-s-s-shirt,green,20
Men's Outdoor S/S Shirt — ZW465_MEN'S_OUTDOOR_SHORT_SLEEVE_SHIRT_NATURAL_BACK.webp,zw465-zw465-mens-outdoor-short-sleeve-shirt-natural-back,https://notanother-nz.github.io/total-image-product-assets/assets/ZW465_MEN'S_OUTDOOR_SHORT_SLEEVE_SHIRT/webp/product/ZW465_MEN'S_OUTDOOR_SHORT_SLEEVE_SHIRT_NATURAL_BACK.webp,mens-outdoor-s-s-shirt,natural,21
Men's Outdoor S/S Shirt — ZW465_MEN'S_OUTDOOR_SHORT_SLEEVE_SHIRT_NAVY_BACK.webp,zw465-zw465-mens-outdoor-short-sleeve-shirt-navy-back,https://notanother-nz.github.io/total-image-product-assets/assets/ZW465_MEN'S_OUTDOOR_SHORT_SLEEVE_SHIRT/webp/product/ZW465_MEN'S_OUTDOOR_SHORT_SLEEVE_SHIRT_NAVY_BACK.webp,mens-outdoor-s-s-shirt,navy,22
Men's Outdoor S/S Shirt — ZW465_MEN'S_OUTDOOR_SHORT_SLEEVE_SHIRT_SAND_BACK.webp,zw465-zw465-mens-outdoor-short-sleeve-shirt-sand-back,https://notanother-nz.github.io/total-image-product-assets/assets/ZW465_MEN'S_OUTDOOR_SHORT_SLEEVE_SHIRT/webp/product/ZW465_MEN'S_OUTDOOR_SHORT_SLEEVE_SHIRT_SAND_BACK.webp,mens-outdoor-s-s-shirt,sand,23
Men's Outdoor S/S Shirt — ZW465_MEN'S_OUTDOOR_SHORT_SLEEVE_SHIRT_STONE_BACK.webp,zw465-zw465-mens-outdoor-short-sleeve-shirt-stone-back,https://notanother-nz.github.io/total-image-product-assets/assets/ZW465_MEN'S_OUTDOOR_SHORT_SLEEVE_SHIRT/webp/product/ZW465_MEN'S_OUTDOOR_SHORT_SLEEVE_SHIRT_STONE_BACK.webp,mens-outdoor-s-s-shirt,stone,24
Men's Hi Vis Outdoor L/S Shirt — ZW468_MEN'S_HI_VIS_OUTDOOR_LONG_SLEEVE_SHIRT_HERO_FRONT.webp,zw468-zw468-mens-hi-vis-outdoor-long-sleeve-shirt-hero-front,https://notanother-nz.github.io/total-image-product-assets/assets/ZW468_MEN'S_HI_VIS_OUTDOOR_LONG_SLEEVE_SHIRT/webp/model/ZW468_MEN'S_HI_VIS_OUTDOOR_LONG_SLEEVE_SHIRT_HERO_FRONT.webp,mens-hi-vis-outdoor-l-s-shirt,,1
Men's Hi Vis Outdoor L/S Shirt — ZW468_MEN'S_HI_VIS_OUTDOOR_LONG_SLEEVE_SHIRT_HERO_BACK.webp,zw468-zw468-mens-hi-vis-outdoor-long-sleeve-shirt-hero-back,https://notanother-nz.github.io/total-image-product-assets/assets/ZW468_MEN'S_HI_VIS_OUTDOOR_LONG_SLEEVE_SHIRT/webp/model/ZW468_MEN'S_HI_VIS_OUTDOOR_LONG_SLEEVE_SHIRT_HERO_BACK.webp,mens-hi-vis-outdoor-l-s-shirt,,2
Men's Hi Vis Outdoor L/S Shirt — ZW468_MEN'S_HI_VIS_OUTDOOR_LONG_SLEEVE_SHIRT_HERO_CLOSEUP.webp,zw468-zw468-mens-hi-vis-outdoor-long-sleeve-shirt-hero-closeup,https://notanother-nz.github.io/total-image-product-assets/assets/ZW468_MEN'S_HI_VIS_OUTDOOR_LONG_SLEEVE_SHIRT/webp/model/ZW468_MEN'S_HI_VIS_OUTDOOR_LONG_SLEEVE_SHIRT_HERO_CLOSEUP.webp,mens-hi-vis-outdoor-l-s-shirt,,3
Men's Hi Vis Outdoor L/S Shirt — ZW468_MEN'S_HI_VIS_OUTDOOR_LONG_SLEEVE_SHIRT_HERO_SIDE.webp,zw468-zw468-mens-hi-vis-outdoor-long-sleeve-shirt-hero-side,https://notanother-nz.github.io/total-image-product-assets/assets/ZW468_MEN'S_HI_VIS_OUTDOOR_LONG_SLEEVE_SHIRT/webp/model/ZW468_MEN'S_HI_VIS_OUTDOOR_LONG_SLEEVE_SHIRT_HERO_SIDE.webp,mens-hi-vis-outdoor-l-s-shirt,,4
Men's Hi Vis Outdoor L/S Shirt — ZW468_MEN'S_HI_VIS_OUTDOOR_LONG_SLEEVE_SHIRT_ORANGE_NAVY_FRONT.webp,zw468-zw468-mens-hi-vis-outdoor-long-sleeve-shirt-orange-navy-front,https://notanother-nz.github.io/total-image-product-assets/assets/ZW468_MEN'S_HI_VIS_OUTDOOR_LONG_SLEEVE_SHIRT/webp/product/ZW468_MEN'S_HI_VIS_OUTDOOR_LONG_SLEEVE_SHIRT_ORANGE_NAVY_FRONT.webp,mens-hi-vis-outdoor-l-s-shirt,orange-navy,5
Men's Hi Vis Outdoor L/S Shirt — ZW468_MEN'S_HI_VIS_OUTDOOR_LONG_SLEEVE_SHIRT_YELLOW_NAVY_FRONT.webp,zw468-zw468-mens-hi-vis-outdoor-long-sleeve-shirt-yellow-navy-front,https://notanother-nz.github.io/total-image-product-assets/assets/ZW468_MEN'S_HI_VIS_OUTDOOR_LONG_SLEEVE_SHIRT/webp/product/ZW468_MEN'S_HI_VIS_OUTDOOR_LONG_SLEEVE_SHIRT_YELLOW_NAVY_FRONT.webp,mens-hi-vis-outdoor-l-s-shirt,yellow-navy,6
Men's Hi Vis Outdoor L/S Shirt — ZW468_MEN'S_HI_VIS_OUTDOOR_LONG_SLEEVE_SHIRT_ORANGE_NAVY_BACK.webp,zw468-zw468-mens-hi-vis-outdoor-long-sleeve-shirt-orange-navy-back,https://notanother-nz.github.io/total-image-product-assets/assets/ZW468_MEN'S_HI_VIS_OUTDOOR_LONG_SLEEVE_SHIRT/webp/product/ZW468_MEN'S_HI_VIS_OUTDOOR_LONG_SLEEVE_SHIRT_ORANGE_NAVY_BACK.webp,mens-hi-vis-outdoor-l-s-shirt,orange-navy,7
Men's Hi Vis Outdoor L/S Shirt — ZW468_MEN'S_HI_VIS_OUTDOOR_LONG_SLEEVE_SHIRT_YELLOW_NAVY_BACK.webp,zw468-zw468-mens-hi-vis-outdoor-long-sleeve-shirt-yellow-navy-back,https://notanother-nz.github.io/total-image-product-assets/assets/ZW468_MEN'S_HI_VIS_OUTDOOR_LONG_SLEEVE_SHIRT/webp/product/ZW468_MEN'S_HI_VIS_OUTDOOR_LONG_SLEEVE_SHIRT_YELLOW_NAVY_BACK.webp,mens-hi-vis-outdoor-l-s-shirt,yellow-navy,8
Men's Bio Motion Vic Rail Shirt — ZW680_MEN'S_BIO_MOTION_VIC_RAIL_SHIRT_HERO_FRONT.webp,zw680-zw680-mens-bio-motion-vic-rail-shirt-hero-front,https://notanother-nz.github.io/total-image-product-assets/assets/ZW680_MEN'S_BIO_MOTION_VIC_RAIL_SHIRT/webp/model/ZW680_MEN'S_BIO_MOTION_VIC_RAIL_SHIRT_HERO_FRONT.webp,mens-bio-motion-vic-rail-shirt,vic-rail-orange,1
Men's Bio Motion Vic Rail Shirt — ZW680_MEN'S_BIO_MOTION_VIC_RAIL_SHIRT_HERO_BACK.webp,zw680-zw680-mens-bio-motion-vic-rail-shirt-hero-back,https://notanother-nz.github.io/total-image-product-assets/assets/ZW680_MEN'S_BIO_MOTION_VIC_RAIL_SHIRT/webp/model/ZW680_MEN'S_BIO_MOTION_VIC_RAIL_SHIRT_HERO_BACK.webp,mens-bio-motion-vic-rail-shirt,vic-rail-orange,2
Men's Bio Motion Vic Rail Shirt — ZW680_MEN'S_BIO_MOTION_VIC_RAIL_SHIRT_HERO_CLOSEUP.webp,zw680-zw680-mens-bio-motion-vic-rail-shirt-hero-closeup,https://notanother-nz.github.io/total-image-product-assets/assets/ZW680_MEN'S_BIO_MOTION_VIC_RAIL_SHIRT/webp/model/ZW680_MEN'S_BIO_MOTION_VIC_RAIL_SHIRT_HERO_CLOSEUP.webp,mens-bio-motion-vic-rail-shirt,vic-rail-orange,3
Men's Bio Motion Vic Rail Shirt — ZW680_MEN'S_BIO_MOTION_VIC_RAIL_SHIRT_HERO_SIDE.webp,zw680-zw680-mens-bio-motion-vic-rail-shirt-hero-side,https://notanother-nz.github.io/total-image-product-assets/assets/ZW680_MEN'S_BIO_MOTION_VIC_RAIL_SHIRT/webp/model/ZW680_MEN'S_BIO_MOTION_VIC_RAIL_SHIRT_HERO_SIDE.webp,mens-bio-motion-vic-rail-shirt,vic-rail-orange,4
Men's Bio Motion Vic Rail Shirt — ZW680_MEN'S_BIO_MOTION_VIC_RAIL_SHIRT_VIC_RAIL_ORANGE_FRONT.webp,zw680-zw680-mens-bio-motion-vic-rail-shirt-vic-rail-orange-front,https://notanother-nz.github.io/total-image-product-assets/assets/ZW680_MEN'S_BIO_MOTION_VIC_RAIL_SHIRT/webp/product/ZW680_MEN'S_BIO_MOTION_VIC_RAIL_SHIRT_VIC_RAIL_ORANGE_FRONT.webp,mens-bio-motion-vic-rail-shirt,vic-rail-orange,5
Men's Bio Motion Vic Rail Shirt — ZW680_MEN'S_BIO_MOTION_VIC_RAIL_SHIRT_VIC_RAI_LORANGE_BACK.webp,zw680-zw680-mens-bio-motion-vic-rail-shirt-vic-rai-lorange-back,https://notanother-nz.github.io/total-image-product-assets/assets/ZW680_MEN'S_BIO_MOTION_VIC_RAIL_SHIRT/webp/product/ZW680_MEN'S_BIO_MOTION_VIC_RAIL_SHIRT_VIC_RAI_LORANGE_BACK.webp,mens-bio-motion-vic-rail-shirt,vic-rail-orange,6
Women's Outdoor Long Sleeve Shirt — ZW760_WOMEN'S_OUTDOOR_LONG_SLEEVE_SHIRT_HERO_FRONT.webp,zw760-zw760-womens-outdoor-long-sleeve-shirt-hero-front,https://notanother-nz.github.io/total-image-product-assets/assets/ZW760_WOMEN'S_OUTDOOR_LONG_SLEEVE_SHIRT/webp/model/ZW760_WOMEN'S_OUTDOOR_LONG_SLEEVE_SHIRT_HERO_FRONT.webp,womens-outdoor-long-sleeve-shirt,,1
Women's Outdoor Long Sleeve Shirt — ZW760_WOMEN'S_OUTDOOR_LONG_SLEEVE_SHIRT_HERO_BACK.webp,zw760-zw760-womens-outdoor-long-sleeve-shirt-hero-back,https://notanother-nz.github.io/total-image-product-assets/assets/ZW760_WOMEN'S_OUTDOOR_LONG_SLEEVE_SHIRT/webp/model/ZW760_WOMEN'S_OUTDOOR_LONG_SLEEVE_SHIRT_HERO_BACK.webp,womens-outdoor-long-sleeve-shirt,,2
Women's Outdoor Long Sleeve Shirt — ZW760_WOMEN'S_OUTDOOR_LONG_SLEEVE_SHIRT_HERO_CLOSEUP.webp,zw760-zw760-womens-outdoor-long-sleeve-shirt-hero-closeup,https://notanother-nz.github.io/total-image-product-assets/assets/ZW760_WOMEN'S_OUTDOOR_LONG_SLEEVE_SHIRT/webp/model/ZW760_WOMEN'S_OUTDOOR_LONG_SLEEVE_SHIRT_HERO_CLOSEUP.webp,womens-outdoor-long-sleeve-shirt,,3
Women's Outdoor Long Sleeve Shirt — ZW760_WOMEN'S_OUTDOOR_LONG_SLEEVE_SHIRT_HERO_SIDE.webp,zw760-zw760-womens-outdoor-long-sleeve-shirt-hero-side,https://notanother-nz.github.io/total-image-product-assets/assets/ZW760_WOMEN'S_OUTDOOR_LONG_SLEEVE_SHIRT/webp/model/ZW760_WOMEN'S_OUTDOOR_LONG_SLEEVE_SHIRT_HERO_SIDE.webp,womens-outdoor-long-sleeve-shirt,,4
Women's Outdoor Long Sleeve Shirt — ZW760_WOMEN'S_OUTDOOR_LONG_SLEEVE_SHIRT_ARMY_FRONT.webp,zw760-zw760-womens-outdoor-long-sleeve-shirt-army-front,https://notanother-nz.github.io/total-image-product-assets/assets/ZW760_WOMEN'S_OUTDOOR_LONG_SLEEVE_SHIRT/webp/product/ZW760_WOMEN'S_OUTDOOR_LONG_SLEEVE_SHIRT_ARMY_FRONT.webp,womens-outdoor-long-sleeve-shirt,army,5
Women's Outdoor Long Sleeve Shirt — ZW760_WOMEN'S_OUTDOOR_LONG_SLEEVE_SHIRT_BLACK_FRONT.webp,zw760-zw760-womens-outdoor-long-sleeve-shirt-black-front,https://notanother-nz.github.io/total-image-product-assets/assets/ZW760_WOMEN'S_OUTDOOR_LONG_SLEEVE_SHIRT/webp/product/ZW760_WOMEN'S_OUTDOOR_LONG_SLEEVE_SHIRT_BLACK_FRONT.webp,womens-outdoor-long-sleeve-shirt,black,6
Women's Outdoor Long Sleeve Shirt — ZW760_WOMEN'S_OUTDOOR_LONG_SLEEVE_SHIRT_BLUE_FRONT.webp,zw760-zw760-womens-outdoor-long-sleeve-shirt-blue-front,https://notanother-nz.github.io/total-image-product-assets/assets/ZW760_WOMEN'S_OUTDOOR_LONG_SLEEVE_SHIRT/webp/product/ZW760_WOMEN'S_OUTDOOR_LONG_SLEEVE_SHIRT_BLUE_FRONT.webp,womens-outdoor-long-sleeve-shirt,blue,7
Women's Outdoor Long Sleeve Shirt — ZW760_WOMEN'S_OUTDOOR_LONG_SLEEVE_SHIRT_COBALT_FRONT.webp,zw760-zw760-womens-outdoor-long-sleeve-shirt-cobalt-front,https://notanother-nz.github.io/total-image-product-assets/assets/ZW760_WOMEN'S_OUTDOOR_LONG_SLEEVE_SHIRT/webp/product/ZW760_WOMEN'S_OUTDOOR_LONG_SLEEVE_SHIRT_COBALT_FRONT.webp,womens-outdoor-long-sleeve-shirt,,8
Women's Outdoor Long Sleeve Shirt — ZW760_WOMEN'S_OUTDOOR_LONG_SLEEVE_SHIRT_DIESEL_FRONT.webp,zw760-zw760-womens-outdoor-long-sleeve-shirt-diesel-front,https://notanother-nz.github.io/total-image-product-assets/assets/ZW760_WOMEN'S_OUTDOOR_LONG_SLEEVE_SHIRT/webp/product/ZW760_WOMEN'S_OUTDOOR_LONG_SLEEVE_SHIRT_DIESEL_FRONT.webp,womens-outdoor-long-sleeve-shirt,,9
Women's Outdoor Long Sleeve Shirt — ZW760_WOMEN'S_OUTDOOR_LONG_SLEEVE_SHIRT_GREEN_FRONT.webp,zw760-zw760-womens-outdoor-long-sleeve-shirt-green-front,https://notanother-nz.github.io/total-image-product-assets/assets/ZW760_WOMEN'S_OUTDOOR_LONG_SLEEVE_SHIRT/webp/product/ZW760_WOMEN'S_OUTDOOR_LONG_SLEEVE_SHIRT_GREEN_FRONT.webp,womens-outdoor-long-sleeve-shirt,green,10
Women's Outdoor Long Sleeve Shirt — ZW760_WOMEN'S_OUTDOOR_LONG_SLEEVE_SHIRT_NATURAL_FRONT.webp,zw760-zw760-womens-outdoor-long-sleeve-shirt-natural-front,https://notanother-nz.github.io/total-image-product-assets/assets/ZW760_WOMEN'S_OUTDOOR_LONG_SLEEVE_SHIRT/webp/product/ZW760_WOMEN'S_OUTDOOR_LONG_SLEEVE_SHIRT_NATURAL_FRONT.webp,womens-outdoor-long-sleeve-shirt,natural,11
Women's Outdoor Long Sleeve Shirt — ZW760_WOMEN'S_OUTDOOR_LONG_SLEEVE_SHIRT_NAVY_FRONT.webp,zw760-zw760-womens-outdoor-long-sleeve-shirt-navy-front,https://notanother-nz.github.io/total-image-product-assets/assets/ZW760_WOMEN'S_OUTDOOR_LONG_SLEEVE_SHIRT/webp/product/ZW760_WOMEN'S_OUTDOOR_LONG_SLEEVE_SHIRT_NAVY_FRONT.webp,womens-outdoor-long-sleeve-shirt,navy,12
Women's Outdoor Long Sleeve Shirt — ZW760_WOMEN'S_OUTDOOR_LONG_SLEEVE_SHIRT_PINK_FRONT.webp,zw760-zw760-womens-outdoor-long-sleeve-shirt-pink-front,https://notanother-nz.github.io/total-image-product-assets/assets/ZW760_WOMEN'S_OUTDOOR_LONG_SLEEVE_SHIRT/webp/product/ZW760_WOMEN'S_OUTDOOR_LONG_SLEEVE_SHIRT_PINK_FRONT.webp,womens-outdoor-long-sleeve-shirt,pink,13
Women's Outdoor Long Sleeve Shirt — ZW760_WOMEN'S_OUTDOOR_LONG_SLEEVE_SHIRT_SAND_FRONT.webp,zw760-zw760-womens-outdoor-long-sleeve-shirt-sand-front,https://notanother-nz.github.io/total-image-product-assets/assets/ZW760_WOMEN'S_OUTDOOR_LONG_SLEEVE_SHIRT/webp/product/ZW760_WOMEN'S_OUTDOOR_LONG_SLEEVE_SHIRT_SAND_FRONT.webp,womens-outdoor-long-sleeve-shirt,sand,14
Women's Outdoor Long Sleeve Shirt — ZW760_WOMEN'S_OUTDOOR_LONG_SLEEVE_SHIRT_STONE_FRONT.webp,zw760-zw760-womens-outdoor-long-sleeve-shirt-stone-front,https://notanother-nz.github.io/total-image-product-assets/assets/ZW760_WOMEN'S_OUTDOOR_LONG_SLEEVE_SHIRT/webp/product/ZW760_WOMEN'S_OUTDOOR_LONG_SLEEVE_SHIRT_STONE_FRONT.webp,womens-outdoor-long-sleeve-shirt,stone,15
Women's Outdoor Long Sleeve Shirt — ZW760_WOMEN'S_OUTDOOR_LONG_SLEEVE_SHIRT_ARMY_BACK.webp,zw760-zw760-womens-outdoor-long-sleeve-shirt-army-back,https://notanother-nz.github.io/total-image-product-assets/assets/ZW760_WOMEN'S_OUTDOOR_LONG_SLEEVE_SHIRT/webp/product/ZW760_WOMEN'S_OUTDOOR_LONG_SLEEVE_SHIRT_ARMY_BACK.webp,womens-outdoor-long-sleeve-shirt,army,16
Women's Outdoor Long Sleeve Shirt — ZW760_WOMEN'S_OUTDOOR_LONG_SLEEVE_SHIRT_BLACK_BACK.webp,zw760-zw760-womens-outdoor-long-sleeve-shirt-black-back,https://notanother-nz.github.io/total-image-product-assets/assets/ZW760_WOMEN'S_OUTDOOR_LONG_SLEEVE_SHIRT/webp/product/ZW760_WOMEN'S_OUTDOOR_LONG_SLEEVE_SHIRT_BLACK_BACK.webp,womens-outdoor-long-sleeve-shirt,black,17
Women's Outdoor Long Sleeve Shirt — ZW760_WOMEN'S_OUTDOOR_LONG_SLEEVE_SHIRT_BLUE_BACK.webp,zw760-zw760-womens-outdoor-long-sleeve-shirt-blue-back,https://notanother-nz.github.io/total-image-product-assets/assets/ZW760_WOMEN'S_OUTDOOR_LONG_SLEEVE_SHIRT/webp/product/ZW760_WOMEN'S_OUTDOOR_LONG_SLEEVE_SHIRT_BLUE_BACK.webp,womens-outdoor-long-sleeve-shirt,blue,18
Women's Outdoor Long Sleeve Shirt — ZW760_WOMEN'S_OUTDOOR_LONG_SLEEVE_SHIRT_COBALT_BACK.webp,zw760-zw760-womens-outdoor-long-sleeve-shirt-cobalt-back,https://notanother-nz.github.io/total-image-product-assets/assets/ZW760_WOMEN'S_OUTDOOR_LONG_SLEEVE_SHIRT/webp/product/ZW760_WOMEN'S_OUTDOOR_LONG_SLEEVE_SHIRT_COBALT_BACK.webp,womens-outdoor-long-sleeve-shirt,,19
Women's Outdoor Long Sleeve Shirt — ZW760_WOMEN'S_OUTDOOR_LONG_SLEEVE_SHIRT_DIESEL_BACK.webp,zw760-zw760-womens-outdoor-long-sleeve-shirt-diesel-back,https://notanother-nz.github.io/total-image-product-assets/assets/ZW760_WOMEN'S_OUTDOOR_LONG_SLEEVE_SHIRT/webp/product/ZW760_WOMEN'S_OUTDOOR_LONG_SLEEVE_SHIRT_DIESEL_BACK.webp,womens-outdoor-long-sleeve-shirt,,20
Women's Outdoor Long Sleeve Shirt — ZW760_WOMEN'S_OUTDOOR_LONG_SLEEVE_SHIRT_GREEN_BACK.webp,zw760-zw760-womens-outdoor-long-sleeve-shirt-green-back,https://notanother-nz.github.io/total-image-product-assets/assets/ZW760_WOMEN'S_OUTDOOR_LONG_SLEEVE_SHIRT/webp/product/ZW760_WOMEN'S_OUTDOOR_LONG_SLEEVE_SHIRT_GREEN_BACK.webp,womens-outdoor-long-sleeve-shirt,green,21
Women's Outdoor Long Sleeve Shirt — ZW760_WOMEN'S_OUTDOOR_LONG_SLEEVE_SHIRT_NATURAL_BACK.webp,zw760-zw760-womens-outdoor-long-sleeve-shirt-natural-back,https://notanother-nz.github.io/total-image-product-assets/assets/ZW760_WOMEN'S_OUTDOOR_LONG_SLEEVE_SHIRT/webp/product/ZW760_WOMEN'S_OUTDOOR_LONG_SLEEVE_SHIRT_NATURAL_BACK.webp,womens-outdoor-long-sleeve-shirt,natural,22
Women's Outdoor Long Sleeve Shirt — ZW760_WOMEN'S_OUTDOOR_LONG_SLEEVE_SHIRT_NAVY_BACK.webp,zw760-zw760-womens-outdoor-long-sleeve-shirt-navy-back,https://notanother-nz.github.io/total-image-product-assets/assets/ZW760_WOMEN'S_OUTDOOR_LONG_SLEEVE_SHIRT/webp/product/ZW760_WOMEN'S_OUTDOOR_LONG_SLEEVE_SHIRT_NAVY_BACK.webp,womens-outdoor-long-sleeve-shirt,navy,23
Women's Outdoor Long Sleeve Shirt — ZW760_WOMEN'S_OUTDOOR_LONG_SLEEVE_SHIRT_PINK_BACK.webp,zw760-zw760-womens-outdoor-long-sleeve-shirt-pink-back,https://notanother-nz.github.io/total-image-product-assets/assets/ZW760_WOMEN'S_OUTDOOR_LONG_SLEEVE_SHIRT/webp/product/ZW760_WOMEN'S_OUTDOOR_LONG_SLEEVE_SHIRT_PINK_BACK.webp,womens-outdoor-long-sleeve-shirt,pink,24
Women's Outdoor Long Sleeve Shirt — ZW760_WOMEN'S_OUTDOOR_LONG_SLEEVE_SHIRT_SAND_BACK.webp,zw760-zw760-womens-outdoor-long-sleeve-shirt-sand-back,https://notanother-nz.github.io/total-image-product-assets/assets/ZW760_WOMEN'S_OUTDOOR_LONG_SLEEVE_SHIRT/webp/product/ZW760_WOMEN'S_OUTDOOR_LONG_SLEEVE_SHIRT_SAND_BACK.webp,womens-outdoor-long-sleeve-shirt,sand,25
Women's Outdoor Long Sleeve Shirt — ZW760_WOMEN'S_OUTDOOR_LONG_SLEEVE_SHIRT_STONE_BACK.webp,zw760-zw760-womens-outdoor-long-sleeve-shirt-stone-back,https://notanother-nz.github.io/total-image-product-assets/assets/ZW760_WOMEN'S_OUTDOOR_LONG_SLEEVE_SHIRT/webp/product/ZW760_WOMEN'S_OUTDOOR_LONG_SLEEVE_SHIRT_STONE_BACK.webp,womens-outdoor-long-sleeve-shirt,stone,26
Women's Outdoor Short Sleeve Shirt — ZW765_WOMEN'S_OUTDOOR_SHORT_SLEEVE_SHIRT_HERO_FRONT.webp,zw765-zw765-womens-outdoor-short-sleeve-shirt-hero-front,https://notanother-nz.github.io/total-image-product-assets/assets/ZW765_WOMEN'S_OUTDOOR_SHORT_SLEEVE_SHIRT/webp/model/ZW765_WOMEN'S_OUTDOOR_SHORT_SLEEVE_SHIRT_HERO_FRONT.webp,womens-outdoor-short-sleeve-shirt,,1
Women's Outdoor Short Sleeve Shirt — ZW765_WOMEN'S_OUTDOOR_SHORT_SLEEVE_SHIRT_HERO_BACK.webp,zw765-zw765-womens-outdoor-short-sleeve-shirt-hero-back,https://notanother-nz.github.io/total-image-product-assets/assets/ZW765_WOMEN'S_OUTDOOR_SHORT_SLEEVE_SHIRT/webp/model/ZW765_WOMEN'S_OUTDOOR_SHORT_SLEEVE_SHIRT_HERO_BACK.webp,womens-outdoor-short-sleeve-shirt,,2
Women's Outdoor Short Sleeve Shirt — ZW765_WOMEN'S_OUTDOOR_SHORT_SLEEVE_SHIRT_HERO_CLOSEUP.webp,zw765-zw765-womens-outdoor-short-sleeve-shirt-hero-closeup,https://notanother-nz.github.io/total-image-product-assets/assets/ZW765_WOMEN'S_OUTDOOR_SHORT_SLEEVE_SHIRT/webp/model/ZW765_WOMEN'S_OUTDOOR_SHORT_SLEEVE_SHIRT_HERO_CLOSEUP.webp,womens-outdoor-short-sleeve-shirt,,3
Women's Outdoor Short Sleeve Shirt — ZW765_WOMEN'S_OUTDOOR_SHORT_SLEEVE_SHIRT_HERO_SIDE.webp,zw765-zw765-womens-outdoor-short-sleeve-shirt-hero-side,https://notanother-nz.github.io/total-image-product-assets/assets/ZW765_WOMEN'S_OUTDOOR_SHORT_SLEEVE_SHIRT/webp/model/ZW765_WOMEN'S_OUTDOOR_SHORT_SLEEVE_SHIRT_HERO_SIDE.webp,womens-outdoor-short-sleeve-shirt,,4
Women's Outdoor Short Sleeve Shirt — ZW765_WOMEN'S_OUTDOOR_SHORT_SLEEVE_SHIRT_ARMY_FRONT.webp,zw765-zw765-womens-outdoor-short-sleeve-shirt-army-front,https://notanother-nz.github.io/total-image-product-assets/assets/ZW765_WOMEN'S_OUTDOOR_SHORT_SLEEVE_SHIRT/webp/product/ZW765_WOMEN'S_OUTDOOR_SHORT_SLEEVE_SHIRT_ARMY_FRONT.webp,womens-outdoor-short-sleeve-shirt,army,5
Women's Outdoor Short Sleeve Shirt — ZW765_WOMEN'S_OUTDOOR_SHORT_SLEEVE_SHIRT_BLACK_FRONT.webp,zw765-zw765-womens-outdoor-short-sleeve-shirt-black-front,https://notanother-nz.github.io/total-image-product-assets/assets/ZW765_WOMEN'S_OUTDOOR_SHORT_SLEEVE_SHIRT/webp/product/ZW765_WOMEN'S_OUTDOOR_SHORT_SLEEVE_SHIRT_BLACK_FRONT.webp,womens-outdoor-short-sleeve-shirt,black,6
Women's Outdoor Short Sleeve Shirt — ZW765_WOMEN'S_OUTDOOR_SHORT_SLEEVE_SHIRT_BLUE_FRONT.webp,zw765-zw765-womens-outdoor-short-sleeve-shirt-blue-front,https://notanother-nz.github.io/total-image-product-assets/assets/ZW765_WOMEN'S_OUTDOOR_SHORT_SLEEVE_SHIRT/webp/product/ZW765_WOMEN'S_OUTDOOR_SHORT_SLEEVE_SHIRT_BLUE_FRONT.webp,womens-outdoor-short-sleeve-shirt,blue,7
Women's Outdoor Short Sleeve Shirt — ZW765_WOMEN'S_OUTDOOR_SHORT_SLEEVE_SHIRT_COBALT_FRONT.webp,zw765-zw765-womens-outdoor-short-sleeve-shirt-cobalt-front,https://notanother-nz.github.io/total-image-product-assets/assets/ZW765_WOMEN'S_OUTDOOR_SHORT_SLEEVE_SHIRT/webp/product/ZW765_WOMEN'S_OUTDOOR_SHORT_SLEEVE_SHIRT_COBALT_FRONT.webp,womens-outdoor-short-sleeve-shirt,,8
Women's Outdoor Short Sleeve Shirt — ZW765_WOMEN'S_OUTDOOR_SHORT_SLEEVE_SHIRT_DIESEL_FRONT.webp,zw765-zw765-womens-outdoor-short-sleeve-shirt-diesel-front,https://notanother-nz.github.io/total-image-product-assets/assets/ZW765_WOMEN'S_OUTDOOR_SHORT_SLEEVE_SHIRT/webp/product/ZW765_WOMEN'S_OUTDOOR_SHORT_SLEEVE_SHIRT_DIESEL_FRONT.webp,womens-outdoor-short-sleeve-shirt,,9
Women's Outdoor Short Sleeve Shirt — ZW765_WOMEN'S_OUTDOOR_SHORT_SLEEVE_SHIRT_NATURAL_FRONT.webp,zw765-zw765-womens-outdoor-short-sleeve-shirt-natural-front,https://notanother-nz.github.io/total-image-product-assets/assets/ZW765_WOMEN'S_OUTDOOR_SHORT_SLEEVE_SHIRT/webp/product/ZW765_WOMEN'S_OUTDOOR_SHORT_SLEEVE_SHIRT_NATURAL_FRONT.webp,womens-outdoor-short-sleeve-shirt,natural,10
Women's Outdoor Short Sleeve Shirt — ZW765_WOMEN'S_OUTDOOR_SHORT_SLEEVE_SHIRT_NAVY_FRONT.webp,zw765-zw765-womens-outdoor-short-sleeve-shirt-navy-front,https://notanother-nz.github.io/total-image-product-assets/assets/ZW765_WOMEN'S_OUTDOOR_SHORT_SLEEVE_SHIRT/webp/product/ZW765_WOMEN'S_OUTDOOR_SHORT_SLEEVE_SHIRT_NAVY_FRONT.webp,womens-outdoor-short-sleeve-shirt,navy,11
Women's Outdoor Short Sleeve Shirt — ZW765_WOMEN'S_OUTDOOR_SHORT_SLEEVE_SHIRT_PINK_FRONT.webp,zw765-zw765-womens-outdoor-short-sleeve-shirt-pink-front,https://notanother-nz.github.io/total-image-product-assets/assets/ZW765_WOMEN'S_OUTDOOR_SHORT_SLEEVE_SHIRT/webp/product/ZW765_WOMEN'S_OUTDOOR_SHORT_SLEEVE_SHIRT_PINK_FRONT.webp,womens-outdoor-short-sleeve-shirt,pink,12
Women's Outdoor Short Sleeve Shirt — ZW765_WOMEN'S_OUTDOOR_SHORT_SLEEVE_SHIRT_SAND_FRONT.webp,zw765-zw765-womens-outdoor-short-sleeve-shirt-sand-front,https://notanother-nz.github.io/total-image-product-assets/assets/ZW765_WOMEN'S_OUTDOOR_SHORT_SLEEVE_SHIRT/webp/product/ZW765_WOMEN'S_OUTDOOR_SHORT_SLEEVE_SHIRT_SAND_FRONT.webp,womens-outdoor-short-sleeve-shirt,sand,13
Women's Outdoor Short Sleeve Shirt — ZW765_WOMEN'S_OUTDOOR_SHORT_SLEEVE_SHIRT_STONE_FRONT.webp,zw765-zw765-womens-outdoor-short-sleeve-shirt-stone-front,https://notanother-nz.github.io/total-image-product-assets/assets/ZW765_WOMEN'S_OUTDOOR_SHORT_SLEEVE_SHIRT/webp/product/ZW765_WOMEN'S_OUTDOOR_SHORT_SLEEVE_SHIRT_STONE_FRONT.webp,womens-outdoor-short-sleeve-shirt,stone,14
Women's Outdoor Short Sleeve Shirt — ZW765_WOMEN'S_OUTDOOR_SHORT_SLEEVE_SHIRT_ARMY_BACK.webp,zw765-zw765-womens-outdoor-short-sleeve-shirt-army-back,https://notanother-nz.github.io/total-image-product-assets/assets/ZW765_WOMEN'S_OUTDOOR_SHORT_SLEEVE_SHIRT/webp/product/ZW765_WOMEN'S_OUTDOOR_SHORT_SLEEVE_SHIRT_ARMY_BACK.webp,womens-outdoor-short-sleeve-shirt,army,15
Women's Outdoor Short Sleeve Shirt — ZW765_WOMEN'S_OUTDOOR_SHORT_SLEEVE_SHIRT_BLACK_BACK.webp,zw765-zw765-womens-outdoor-short-sleeve-shirt-black-back,https://notanother-nz.github.io/total-image-product-assets/assets/ZW765_WOMEN'S_OUTDOOR_SHORT_SLEEVE_SHIRT/webp/product/ZW765_WOMEN'S_OUTDOOR_SHORT_SLEEVE_SHIRT_BLACK_BACK.webp,womens-outdoor-short-sleeve-shirt,black,16
Women's Outdoor Short Sleeve Shirt — ZW765_WOMEN'S_OUTDOOR_SHORT_SLEEVE_SHIRT_BLUE_BACK.webp,zw765-zw765-womens-outdoor-short-sleeve-shirt-blue-back,https://notanother-nz.github.io/total-image-product-assets/assets/ZW765_WOMEN'S_OUTDOOR_SHORT_SLEEVE_SHIRT/webp/product/ZW765_WOMEN'S_OUTDOOR_SHORT_SLEEVE_SHIRT_BLUE_BACK.webp,womens-outdoor-short-sleeve-shirt,blue,17
Women's Outdoor Short Sleeve Shirt — ZW765_WOMEN'S_OUTDOOR_SHORT_SLEEVE_SHIRT_COBALT_BACK.webp,zw765-zw765-womens-outdoor-short-sleeve-shirt-cobalt-back,https://notanother-nz.github.io/total-image-product-assets/assets/ZW765_WOMEN'S_OUTDOOR_SHORT_SLEEVE_SHIRT/webp/product/ZW765_WOMEN'S_OUTDOOR_SHORT_SLEEVE_SHIRT_COBALT_BACK.webp,womens-outdoor-short-sleeve-shirt,,18
Women's Outdoor Short Sleeve Shirt — ZW765_WOMEN'S_OUTDOOR_SHORT_SLEEVE_SHIRT_DIESEL_BACK.webp,zw765-zw765-womens-outdoor-short-sleeve-shirt-diesel-back,https://notanother-nz.github.io/total-image-product-assets/assets/ZW765_WOMEN'S_OUTDOOR_SHORT_SLEEVE_SHIRT/webp/product/ZW765_WOMEN'S_OUTDOOR_SHORT_SLEEVE_SHIRT_DIESEL_BACK.webp,womens-outdoor-short-sleeve-shirt,,19
Women's Outdoor Short Sleeve Shirt — ZW765_WOMEN'S_OUTDOOR_SHORT_SLEEVE_SHIRT_NATURAL_BACK.webp,zw765-zw765-womens-outdoor-short-sleeve-shirt-natural-back,https://notanother-nz.github.io/total-image-product-assets/assets/ZW765_WOMEN'S_OUTDOOR_SHORT_SLEEVE_SHIRT/webp/product/ZW765_WOMEN'S_OUTDOOR_SHORT_SLEEVE_SHIRT_NATURAL_BACK.webp,womens-outdoor-short-sleeve-shirt,natural,20
Women's Outdoor Short Sleeve Shirt — ZW765_WOMEN'S_OUTDOOR_SHORT_SLEEVE_SHIRT_NAVY_BACK.webp,zw765-zw765-womens-outdoor-short-sleeve-shirt-navy-back,https://notanother-nz.github.io/total-image-product-assets/assets/ZW765_WOMEN'S_OUTDOOR_SHORT_SLEEVE_SHIRT/webp/product/ZW765_WOMEN'S_OUTDOOR_SHORT_SLEEVE_SHIRT_NAVY_BACK.webp,womens-outdoor-short-sleeve-shirt,navy,21
Women's Outdoor Short Sleeve Shirt — ZW765_WOMEN'S_OUTDOOR_SHORT_SLEEVE_SHIRT_PINK_BACK.webp,zw765-zw765-womens-outdoor-short-sleeve-shirt-pink-back,https://notanother-nz.github.io/total-image-product-assets/assets/ZW765_WOMEN'S_OUTDOOR_SHORT_SLEEVE_SHIRT/webp/product/ZW765_WOMEN'S_OUTDOOR_SHORT_SLEEVE_SHIRT_PINK_BACK.webp,womens-outdoor-short-sleeve-shirt,pink,22
Women's Outdoor Short Sleeve Shirt — ZW765_WOMEN'S_OUTDOOR_SHORT_SLEEVE_SHIRT_SAND_BACK.webp,zw765-zw765-womens-outdoor-short-sleeve-shirt-sand-back,https://notanother-nz.github.io/total-image-product-assets/assets/ZW765_WOMEN'S_OUTDOOR_SHORT_SLEEVE_SHIRT/webp/product/ZW765_WOMEN'S_OUTDOOR_SHORT_SLEEVE_SHIRT_SAND_BACK.webp,womens-outdoor-short-sleeve-shirt,sand,23
Women's Outdoor Short Sleeve Shirt — ZW765_WOMEN'S_OUTDOOR_SHORT_SLEEVE_SHIRT_STONE_BACK.webp,zw765-zw765-womens-outdoor-short-sleeve-shirt-stone-back,https://notanother-nz.github.io/total-image-product-assets/assets/ZW765_WOMEN'S_OUTDOOR_SHORT_SLEEVE_SHIRT/webp/product/ZW765_WOMEN'S_OUTDOOR_SHORT_SLEEVE_SHIRT_STONE_BACK.webp,womens-outdoor-short-sleeve-shirt,stone,24
Men's Rugged Cooling Hi Vis Spliced S/S Shirt — ZW815_MEN'S_RUGGED_COOLING_HI_VIS_SPLICED_SHORT_SLEEVE_SHIRT_HERO_FRONT.webp,zw815-zw815-mens-rugged-cooling-hi-vis-spliced-short-sleeve-shirt-hero-front,https://notanother-nz.github.io/total-image-product-assets/assets/ZW815_MEN'S_RUGGED_COOLING_HI_VIS_SPLICED_SHORT_SLEEVE_SHIRT/webp/model/ZW815_MEN'S_RUGGED_COOLING_HI_VIS_SPLICED_SHORT_SLEEVE_SHIRT_HERO_FRONT.webp,mens-rugged-cooling-hi-vis-spliced-s-s-shirt,,1
Men's Rugged Cooling Hi Vis Spliced S/S Shirt — ZW815_MEN'S_RUGGED_COOLING_HI_VIS_SPLICED_SHORT_SLEEVE_SHIRT_HERO_BACK.webp,zw815-zw815-mens-rugged-cooling-hi-vis-spliced-short-sleeve-shirt-hero-back,https://notanother-nz.github.io/total-image-product-assets/assets/ZW815_MEN'S_RUGGED_COOLING_HI_VIS_SPLICED_SHORT_SLEEVE_SHIRT/webp/model/ZW815_MEN'S_RUGGED_COOLING_HI_VIS_SPLICED_SHORT_SLEEVE_SHIRT_HERO_BACK.webp,mens-rugged-cooling-hi-vis-spliced-s-s-shirt,,2
Men's Rugged Cooling Hi Vis Spliced S/S Shirt — ZW815_MEN'S_RUGGED_COOLING_HI_VIS_SPLICED_SHORT_SLEEVE_SHIRT_HERO_CLOSEUP.webp,zw815-zw815-mens-rugged-cooling-hi-vis-spliced-short-sleeve-shirt-hero-closeup,https://notanother-nz.github.io/total-image-product-assets/assets/ZW815_MEN'S_RUGGED_COOLING_HI_VIS_SPLICED_SHORT_SLEEVE_SHIRT/webp/model/ZW815_MEN'S_RUGGED_COOLING_HI_VIS_SPLICED_SHORT_SLEEVE_SHIRT_HERO_CLOSEUP.webp,mens-rugged-cooling-hi-vis-spliced-s-s-shirt,,3
Men's Rugged Cooling Hi Vis Spliced S/S Shirt — ZW815_MEN'S_RUGGED_COOLING_HI_VIS_SPLICED_SHORT_SLEEVE_SHIRT_HERO_SIDE.webp,zw815-zw815-mens-rugged-cooling-hi-vis-spliced-short-sleeve-shirt-hero-side,https://notanother-nz.github.io/total-image-product-assets/assets/ZW815_MEN'S_RUGGED_COOLING_HI_VIS_SPLICED_SHORT_SLEEVE_SHIRT/webp/model/ZW815_MEN'S_RUGGED_COOLING_HI_VIS_SPLICED_SHORT_SLEEVE_SHIRT_HERO_SIDE.webp,mens-rugged-cooling-hi-vis-spliced-s-s-shirt,,4
Men's Rugged Cooling Hi Vis Spliced S/S Shirt — ZW815_MEN'S_RUGGED_COOLING_HI_VIS_SPLICED_SHORT_SLEEVE_SHIRT_ORANGE_CHARCOAL_FRONT.webp,zw815-zw815-mens-rugged-cooling-hi-vis-spliced-short-sleeve-shirt-orange-charcoal-front,https://notanother-nz.github.io/total-image-product-assets/assets/ZW815_MEN'S_RUGGED_COOLING_HI_VIS_SPLICED_SHORT_SLEEVE_SHIRT/webp/product/ZW815_MEN'S_RUGGED_COOLING_HI_VIS_SPLICED_SHORT_SLEEVE_SHIRT_ORANGE_CHARCOAL_FRONT.webp,mens-rugged-cooling-hi-vis-spliced-s-s-shirt,orange-charcoal,5
Men's Rugged Cooling Hi Vis Spliced S/S Shirt — ZW815_MEN'S_RUGGED_COOLING_HI_VIS_SPLICED_SHORT_SLEEVE_SHIRT_ORANGE_NAVY_FRONT.webp,zw815-zw815-mens-rugged-cooling-hi-vis-spliced-short-sleeve-shirt-orange-navy-front,https://notanother-nz.github.io/total-image-product-assets/assets/ZW815_MEN'S_RUGGED_COOLING_HI_VIS_SPLICED_SHORT_SLEEVE_SHIRT/webp/product/ZW815_MEN'S_RUGGED_COOLING_HI_VIS_SPLICED_SHORT_SLEEVE_SHIRT_ORANGE_NAVY_FRONT.webp,mens-rugged-cooling-hi-vis-spliced-s-s-shirt,orange-navy,6
Men's Rugged Cooling Hi Vis Spliced S/S Shirt — ZW815_MEN'S_RUGGED_COOLING_HI_VIS_SPLICED_SHORT_SLEEVE_SHIRT_YELLOW_CHARCOAL_FRONT.webp,zw815-zw815-mens-rugged-cooling-hi-vis-spliced-short-sleeve-shirt-yellow-charcoal-front,https://notanother-nz.github.io/total-image-product-assets/assets/ZW815_MEN'S_RUGGED_COOLING_HI_VIS_SPLICED_SHORT_SLEEVE_SHIRT/webp/product/ZW815_MEN'S_RUGGED_COOLING_HI_VIS_SPLICED_SHORT_SLEEVE_SHIRT_YELLOW_CHARCOAL_FRONT.webp,mens-rugged-cooling-hi-vis-spliced-s-s-shirt,yellow-charcoal,7
Men's Rugged Cooling Hi Vis Spliced S/S Shirt — ZW815_MEN'S_RUGGED_COOLING_HI_VIS_SPLICED_SHORT_SLEEVE_SHIRT_YELLOW_NAVY_FRONT.webp,zw815-zw815-mens-rugged-cooling-hi-vis-spliced-short-sleeve-shirt-yellow-navy-front,https://notanother-nz.github.io/total-image-product-assets/assets/ZW815_MEN'S_RUGGED_COOLING_HI_VIS_SPLICED_SHORT_SLEEVE_SHIRT/webp/product/ZW815_MEN'S_RUGGED_COOLING_HI_VIS_SPLICED_SHORT_SLEEVE_SHIRT_YELLOW_NAVY_FRONT.webp,mens-rugged-cooling-hi-vis-spliced-s-s-shirt,yellow-navy,8
Men's Rugged Cooling Hi Vis Spliced S/S Shirt — ZW815_MEN'S_RUGGED_COOLING_HI_VIS_SPLICED_SHORT_SLEEVE_SHIRT_ORANGE_CHARCOAL_BACK.webp,zw815-zw815-mens-rugged-cooling-hi-vis-spliced-short-sleeve-shirt-orange-charcoal-back,https://notanother-nz.github.io/total-image-product-assets/assets/ZW815_MEN'S_RUGGED_COOLING_HI_VIS_SPLICED_SHORT_SLEEVE_SHIRT/webp/product/ZW815_MEN'S_RUGGED_COOLING_HI_VIS_SPLICED_SHORT_SLEEVE_SHIRT_ORANGE_CHARCOAL_BACK.webp,mens-rugged-cooling-hi-vis-spliced-s-s-shirt,orange-charcoal,9
Men's Rugged Cooling Hi Vis Spliced S/S Shirt — ZW815_MEN'S_RUGGED_COOLING_HI_VIS_SPLICED_SHORT_SLEEVE_SHIRT_ORANGE_NAVY_BACK.webp,zw815-zw815-mens-rugged-cooling-hi-vis-spliced-short-sleeve-shirt-orange-navy-back,https://notanother-nz.github.io/total-image-product-assets/assets/ZW815_MEN'S_RUGGED_COOLING_HI_VIS_SPLICED_SHORT_SLEEVE_SHIRT/webp/product/ZW815_MEN'S_RUGGED_COOLING_HI_VIS_SPLICED_SHORT_SLEEVE_SHIRT_ORANGE_NAVY_BACK.webp,mens-rugged-cooling-hi-vis-spliced-s-s-shirt,orange-navy,10
Men's Rugged Cooling Hi Vis Spliced S/S Shirt — ZW815_MEN'S_RUGGED_COOLING_HI_VIS_SPLICED_SHORT_SLEEVE_SHIRT_YELLOW_CHARCOAL_BACK.webp,zw815-zw815-mens-rugged-cooling-hi-vis-spliced-short-sleeve-shirt-yellow-charcoal-back,https://notanother-nz.github.io/total-image-product-assets/assets/ZW815_MEN'S_RUGGED_COOLING_HI_VIS_SPLICED_SHORT_SLEEVE_SHIRT/webp/product/ZW815_MEN'S_RUGGED_COOLING_HI_VIS_SPLICED_SHORT_SLEEVE_SHIRT_YELLOW_CHARCOAL_BACK.webp,mens-rugged-cooling-hi-vis-spliced-s-s-shirt,yellow-charcoal,11
Men's Rugged Cooling Hi Vis Spliced S/S Shirt — ZW815_MEN'S_RUGGED_COOLING_HI_VIS_SPLICED_SHORT_SLEEVE_SHIRT_YELLOW_NAVY_BACK.webp,zw815-zw815-mens-rugged-cooling-hi-vis-spliced-short-sleeve-shirt-yellow-navy-back,https://notanother-nz.github.io/total-image-product-assets/assets/ZW815_MEN'S_RUGGED_COOLING_HI_VIS_SPLICED_SHORT_SLEEVE_SHIRT/webp/product/ZW815_MEN'S_RUGGED_COOLING_HI_VIS_SPLICED_SHORT_SLEEVE_SHIRT_YELLOW_NAVY_BACK.webp,mens-rugged-cooling-hi-vis-spliced-s-s-shirt,yellow-navy,12
Men's Rugged Cooling Taped Hi Vis Spliced S/S Shirt — ZW835_MEN'S_RUGGED_COOLING_HI_VIS_TAPED_SHORT_SLEEVE_SHIRT_HERO_FRONT.webp,zw835-zw835-mens-rugged-cooling-hi-vis-taped-short-sleeve-shirt-hero-front,https://notanother-nz.github.io/total-image-product-assets/assets/ZW835_MEN'S_RUGGED_COOLING_HI_VIS_TAPED_SHORT_SLEEVE_SHIRT/webp/model/ZW835_MEN'S_RUGGED_COOLING_HI_VIS_TAPED_SHORT_SLEEVE_SHIRT_HERO_FRONT.webp,mens-rugged-cooling-taped-hi-vis-spliced-s-s-shirt,,1
Men's Rugged Cooling Taped Hi Vis Spliced S/S Shirt — ZW835_MEN'S_RUGGED_COOLING_HI_VIS_TAPED_SHORT_SLEEVE_SHIRT_HERO_BACK.webp,zw835-zw835-mens-rugged-cooling-hi-vis-taped-short-sleeve-shirt-hero-back,https://notanother-nz.github.io/total-image-product-assets/assets/ZW835_MEN'S_RUGGED_COOLING_HI_VIS_TAPED_SHORT_SLEEVE_SHIRT/webp/model/ZW835_MEN'S_RUGGED_COOLING_HI_VIS_TAPED_SHORT_SLEEVE_SHIRT_HERO_BACK.webp,mens-rugged-cooling-taped-hi-vis-spliced-s-s-shirt,,2
Men's Rugged Cooling Taped Hi Vis Spliced S/S Shirt — ZW835_MEN'S_RUGGED_COOLING_HI_VIS_TAPED_SHORT_SLEEVE_SHIRT_HERO_CLOSEUP.webp,zw835-zw835-mens-rugged-cooling-hi-vis-taped-short-sleeve-shirt-hero-closeup,https://notanother-nz.github.io/total-image-product-assets/assets/ZW835_MEN'S_RUGGED_COOLING_HI_VIS_TAPED_SHORT_SLEEVE_SHIRT/webp/model/ZW835_MEN'S_RUGGED_COOLING_HI_VIS_TAPED_SHORT_SLEEVE_SHIRT_HERO_CLOSEUP.webp,mens-rugged-cooling-taped-hi-vis-spliced-s-s-shirt,,3
Men's Rugged Cooling Taped Hi Vis Spliced S/S Shirt — ZW835_MEN'S_RUGGED_COOLING_HI_VIS_TAPED_SHORT_SLEEVE_SHIRT_HERO_SIDE.webp,zw835-zw835-mens-rugged-cooling-hi-vis-taped-short-sleeve-shirt-hero-side,https://notanother-nz.github.io/total-image-product-assets/assets/ZW835_MEN'S_RUGGED_COOLING_HI_VIS_TAPED_SHORT_SLEEVE_SHIRT/webp/model/ZW835_MEN'S_RUGGED_COOLING_HI_VIS_TAPED_SHORT_SLEEVE_SHIRT_HERO_SIDE.webp,mens-rugged-cooling-taped-hi-vis-spliced-s-s-shirt,,4
Men's Rugged Cooling Taped Hi Vis Spliced S/S Shirt — ZW835_MEN'S_RUGGED_COOLING_HI_VIS_TAPED_SHORT_SLEEVE_SHIRT_ORANGE_CHARCOAL_FRONT.webp,zw835-zw835-mens-rugged-cooling-hi-vis-taped-short-sleeve-shirt-orange-charcoal-front,https://notanother-nz.github.io/total-image-product-assets/assets/ZW835_MEN'S_RUGGED_COOLING_HI_VIS_TAPED_SHORT_SLEEVE_SHIRT/webp/product/ZW835_MEN'S_RUGGED_COOLING_HI_VIS_TAPED_SHORT_SLEEVE_SHIRT_ORANGE_CHARCOAL_FRONT.webp,mens-rugged-cooling-taped-hi-vis-spliced-s-s-shirt,orange-charcoal,5
Men's Rugged Cooling Taped Hi Vis Spliced S/S Shirt — ZW835_MEN'S_RUGGED_COOLING_HI_VIS_TAPED_SHORT_SLEEVE_SHIRT_ORANGE_NAVY_FRONT.webp,zw835-zw835-mens-rugged-cooling-hi-vis-taped-short-sleeve-shirt-orange-navy-front,https://notanother-nz.github.io/total-image-product-assets/assets/ZW835_MEN'S_RUGGED_COOLING_HI_VIS_TAPED_SHORT_SLEEVE_SHIRT/webp/product/ZW835_MEN'S_RUGGED_COOLING_HI_VIS_TAPED_SHORT_SLEEVE_SHIRT_ORANGE_NAVY_FRONT.webp,mens-rugged-cooling-taped-hi-vis-spliced-s-s-shirt,orange-navy,6
Men's Rugged Cooling Taped Hi Vis Spliced S/S Shirt — ZW835_MEN'S_RUGGED_COOLING_HI_VIS_TAPED_SHORT_SLEEVE_SHIRT_YELLOW_BACK_FRONT.webp,zw835-zw835-mens-rugged-cooling-hi-vis-taped-short-sleeve-shirt-yellow-back-front,https://notanother-nz.github.io/total-image-product-assets/assets/ZW835_MEN'S_RUGGED_COOLING_HI_VIS_TAPED_SHORT_SLEEVE_SHIRT/webp/product/ZW835_MEN'S_RUGGED_COOLING_HI_VIS_TAPED_SHORT_SLEEVE_SHIRT_YELLOW_BACK_FRONT.webp,mens-rugged-cooling-taped-hi-vis-spliced-s-s-shirt,,7
Men's Rugged Cooling Taped Hi Vis Spliced S/S Shirt — ZW835_MEN'S_RUGGED_COOLING_HI_VIS_TAPED_SHORT_SLEEVE_SHIRT_YELLOW_CHARCOAL_FRONT.webp,zw835-zw835-mens-rugged-cooling-hi-vis-taped-short-sleeve-shirt-yellow-charcoal-front,https://notanother-nz.github.io/total-image-product-assets/assets/ZW835_MEN'S_RUGGED_COOLING_HI_VIS_TAPED_SHORT_SLEEVE_SHIRT/webp/product/ZW835_MEN'S_RUGGED_COOLING_HI_VIS_TAPED_SHORT_SLEEVE_SHIRT_YELLOW_CHARCOAL_FRONT.webp,mens-rugged-cooling-taped-hi-vis-spliced-s-s-shirt,yellow-charcoal,8
Men's Rugged Cooling Taped Hi Vis Spliced S/S Shirt — ZW835_MEN'S_RUGGED_COOLING_HI_VIS_TAPED_SHORT_SLEEVE_SHIRT_ORANGE_CHARCOAL_BACK.webp,zw835-zw835-mens-rugged-cooling-hi-vis-taped-short-sleeve-shirt-orange-charcoal-back,https://notanother-nz.github.io/total-image-product-assets/assets/ZW835_MEN'S_RUGGED_COOLING_HI_VIS_TAPED_SHORT_SLEEVE_SHIRT/webp/product/ZW835_MEN'S_RUGGED_COOLING_HI_VIS_TAPED_SHORT_SLEEVE_SHIRT_ORANGE_CHARCOAL_BACK.webp,mens-rugged-cooling-taped-hi-vis-spliced-s-s-shirt,orange-charcoal,9
Men's Rugged Cooling Taped Hi Vis Spliced S/S Shirt — ZW835_MEN'S_RUGGED_COOLING_HI_VIS_TAPED_SHORT_SLEEVE_SHIRT_ORANGE_NAVY_BACK.webp,zw835-zw835-mens-rugged-cooling-hi-vis-taped-short-sleeve-shirt-orange-navy-back,https://notanother-nz.github.io/total-image-product-assets/assets/ZW835_MEN'S_RUGGED_COOLING_HI_VIS_TAPED_SHORT_SLEEVE_SHIRT/webp/product/ZW835_MEN'S_RUGGED_COOLING_HI_VIS_TAPED_SHORT_SLEEVE_SHIRT_ORANGE_NAVY_BACK.webp,mens-rugged-cooling-taped-hi-vis-spliced-s-s-shirt,orange-navy,10
Men's Rugged Cooling Taped Hi Vis Spliced S/S Shirt — ZW835_MEN'S_RUGGED_COOLING_HI_VIS_TAPED_SHORT_SLEEVE_SHIRT_YELLOW_CHARCOAL_BACK.webp,zw835-zw835-mens-rugged-cooling-hi-vis-taped-short-sleeve-shirt-yellow-charcoal-back,https://notanother-nz.github.io/total-image-product-assets/assets/ZW835_MEN'S_RUGGED_COOLING_HI_VIS_TAPED_SHORT_SLEEVE_SHIRT/webp/product/ZW835_MEN'S_RUGGED_COOLING_HI_VIS_TAPED_SHORT_SLEEVE_SHIRT_YELLOW_CHARCOAL_BACK.webp,mens-rugged-cooling-taped-hi-vis-spliced-s-s-shirt,yellow-charcoal,11
Men's Rugged Cooling Taped Hi Vis Spliced S/S Shirt — ZW835_MEN'S_RUGGED_COOLING_HI_VIS_TAPED_SHORT_SLEEVE_SHIRT_YELLOW_NAVY_BACK.webp,zw835-zw835-mens-rugged-cooling-hi-vis-taped-short-sleeve-shirt-yellow-navy-back,https://notanother-nz.github.io/total-image-product-assets/assets/ZW835_MEN'S_RUGGED_COOLING_HI_VIS_TAPED_SHORT_SLEEVE_SHIRT/webp/product/ZW835_MEN'S_RUGGED_COOLING_HI_VIS_TAPED_SHORT_SLEEVE_SHIRT_YELLOW_NAVY_BACK.webp,mens-rugged-cooling-taped-hi-vis-spliced-s-s-shirt,yellow-navy,12
Women's Lightweight Tradie S/S Shirt — ZWL120_WOMEN'S_LIGHTWEIGHT_TRADIE_SHORT_SLEEVE_SHIRT_HERO_FRONT.webp,zwl120-zwl120-womens-lightweight-tradie-short-sleeve-shirt-hero-front,https://notanother-nz.github.io/total-image-product-assets/assets/ZWL120_WOMEN'S_LIGHTWEIGHT_TRADIE_SHORT_SLEEVE_SHIRT/webp/model/ZWL120_WOMEN'S_LIGHTWEIGHT_TRADIE_SHORT_SLEEVE_SHIRT_HERO_FRONT.webp,womens-lightweight-tradie-s-s-shirt,,1
Women's Lightweight Tradie S/S Shirt — ZWL120_WOMEN'S_LIGHTWEIGHT_TRADIE_SHORT_SLEEVE_SHIRT_HERO_BACK.webp,zwl120-zwl120-womens-lightweight-tradie-short-sleeve-shirt-hero-back,https://notanother-nz.github.io/total-image-product-assets/assets/ZWL120_WOMEN'S_LIGHTWEIGHT_TRADIE_SHORT_SLEEVE_SHIRT/webp/model/ZWL120_WOMEN'S_LIGHTWEIGHT_TRADIE_SHORT_SLEEVE_SHIRT_HERO_BACK.webp,womens-lightweight-tradie-s-s-shirt,,2
Women's Lightweight Tradie S/S Shirt — ZWL120_WOMEN'S_LIGHTWEIGHT_TRADIE_SHORT_SLEEVE_SHIRT_HERO_CLOSEUP.webp,zwl120-zwl120-womens-lightweight-tradie-short-sleeve-shirt-hero-closeup,https://notanother-nz.github.io/total-image-product-assets/assets/ZWL120_WOMEN'S_LIGHTWEIGHT_TRADIE_SHORT_SLEEVE_SHIRT/webp/model/ZWL120_WOMEN'S_LIGHTWEIGHT_TRADIE_SHORT_SLEEVE_SHIRT_HERO_CLOSEUP.webp,womens-lightweight-tradie-s-s-shirt,,3
Women's Lightweight Tradie S/S Shirt — ZWL120_WOMEN'S_LIGHTWEIGHT_TRADIE_SHORT_SLEEVE_SHIRT_HERO_SIDE.webp,zwl120-zwl120-womens-lightweight-tradie-short-sleeve-shirt-hero-side,https://notanother-nz.github.io/total-image-product-assets/assets/ZWL120_WOMEN'S_LIGHTWEIGHT_TRADIE_SHORT_SLEEVE_SHIRT/webp/model/ZWL120_WOMEN'S_LIGHTWEIGHT_TRADIE_SHORT_SLEEVE_SHIRT_HERO_SIDE.webp,womens-lightweight-tradie-s-s-shirt,,4
Women's Lightweight Tradie S/S Shirt — ZWL120_WOMEN'S_LIGHTWEIGHT_TRADIE_SHORT_SLEEVE_SHIRT_BLACK_FRONT.webp,zwl120-zwl120-womens-lightweight-tradie-short-sleeve-shirt-black-front,https://notanother-nz.github.io/total-image-product-assets/assets/ZWL120_WOMEN'S_LIGHTWEIGHT_TRADIE_SHORT_SLEEVE_SHIRT/webp/product/ZWL120_WOMEN'S_LIGHTWEIGHT_TRADIE_SHORT_SLEEVE_SHIRT_BLACK_FRONT.webp,womens-lightweight-tradie-s-s-shirt,black,5
Women's Lightweight Tradie S/S Shirt — ZWL120_WOMEN'S_LIGHTWEIGHT_TRADIE_SHORT_SLEEVE_SHIRT_BLUE_FRONT.webp,zwl120-zwl120-womens-lightweight-tradie-short-sleeve-shirt-blue-front,https://notanother-nz.github.io/total-image-product-assets/assets/ZWL120_WOMEN'S_LIGHTWEIGHT_TRADIE_SHORT_SLEEVE_SHIRT/webp/product/ZWL120_WOMEN'S_LIGHTWEIGHT_TRADIE_SHORT_SLEEVE_SHIRT_BLUE_FRONT.webp,womens-lightweight-tradie-s-s-shirt,blue,6
Women's Lightweight Tradie S/S Shirt — ZWL120_WOMEN'S_LIGHTWEIGHT_TRADIE_SHORT_SLEEVE_SHIRT_GREY_FRONT.webp,zwl120-zwl120-womens-lightweight-tradie-short-sleeve-shirt-grey-front,https://notanother-nz.github.io/total-image-product-assets/assets/ZWL120_WOMEN'S_LIGHTWEIGHT_TRADIE_SHORT_SLEEVE_SHIRT/webp/product/ZWL120_WOMEN'S_LIGHTWEIGHT_TRADIE_SHORT_SLEEVE_SHIRT_GREY_FRONT.webp,womens-lightweight-tradie-s-s-shirt,grey,7
Women's Lightweight Tradie S/S Shirt — ZWL120_WOMEN'S_LIGHTWEIGHT_TRADIE_SHORT_SLEEVE_SHIRT_SAND_FRONT.webp,zwl120-zwl120-womens-lightweight-tradie-short-sleeve-shirt-sand-front,https://notanother-nz.github.io/total-image-product-assets/assets/ZWL120_WOMEN'S_LIGHTWEIGHT_TRADIE_SHORT_SLEEVE_SHIRT/webp/product/ZWL120_WOMEN'S_LIGHTWEIGHT_TRADIE_SHORT_SLEEVE_SHIRT_SAND_FRONT.webp,womens-lightweight-tradie-s-s-shirt,sand,8
Women's Lightweight Tradie S/S Shirt — ZWL120_WOMEN'S_LIGHTWEIGHT_TRADIE_SHORT_SLEEVE_SHIRT_BLACK_BACK.webp,zwl120-zwl120-womens-lightweight-tradie-short-sleeve-shirt-black-back,https://notanother-nz.github.io/total-image-product-assets/assets/ZWL120_WOMEN'S_LIGHTWEIGHT_TRADIE_SHORT_SLEEVE_SHIRT/webp/product/ZWL120_WOMEN'S_LIGHTWEIGHT_TRADIE_SHORT_SLEEVE_SHIRT_BLACK_BACK.webp,womens-lightweight-tradie-s-s-shirt,black,9
Women's Lightweight Tradie S/S Shirt — ZWL120_WOMEN'S_LIGHTWEIGHT_TRADIE_SHORT_SLEEVE_SHIRT_BLUE_BACK.webp,zwl120-zwl120-womens-lightweight-tradie-short-sleeve-shirt-blue-back,https://notanother-nz.github.io/total-image-product-assets/assets/ZWL120_WOMEN'S_LIGHTWEIGHT_TRADIE_SHORT_SLEEVE_SHIRT/webp/product/ZWL120_WOMEN'S_LIGHTWEIGHT_TRADIE_SHORT_SLEEVE_SHIRT_BLUE_BACK.webp,womens-lightweight-tradie-s-s-shirt,blue,10
Women's Lightweight Tradie S/S Shirt — ZWL120_WOMEN'S_LIGHTWEIGHT_TRADIE_SHORT_SLEEVE_SHIRT_GREY_BACK.webp,zwl120-zwl120-womens-lightweight-tradie-short-sleeve-shirt-grey-back,https://notanother-nz.github.io/total-image-product-assets/assets/ZWL120_WOMEN'S_LIGHTWEIGHT_TRADIE_SHORT_SLEEVE_SHIRT/webp/product/ZWL120_WOMEN'S_LIGHTWEIGHT_TRADIE_SHORT_SLEEVE_SHIRT_GREY_BACK.webp,womens-lightweight-tradie-s-s-shirt,grey,11
Women's Lightweight Tradie S/S Shirt — ZWL120_WOMEN'S_LIGHTWEIGHT_TRADIE_SHORT_SLEEVE_SHIRT_SAND_BACK.webp,zwl120-zwl120-womens-lightweight-tradie-short-sleeve-shirt-sand-back,https://notanother-nz.github.io/total-image-product-assets/assets/ZWL120_WOMEN'S_LIGHTWEIGHT_TRADIE_SHORT_SLEEVE_SHIRT/webp/product/ZWL120_WOMEN'S_LIGHTWEIGHT_TRADIE_SHORT_SLEEVE_SHIRT_SAND_BACK.webp,womens-lightweight-tradie-s-s-shirt,sand,12
