Image Name,Slug,Image,Product,Color,Sort Order
Bisley Recycle X Taped Hi Vis Drill Shirt — BS6266XT_BISLEY_RECYCLE_X_TAPED_HI_VIS_DRILL_SHIRT_BACK.webp,bs6266xt-product-bs6266xt-bisley-recycle-x-taped-hi-vis-drill-shirt-back,https://notanother-nz.github.io/total-image-product-assets/assets/BS6266XT_BISLEY_RECYCLE_X_TAPED_HI_VIS_DRILL_SHIRT/webp/product/BS6266XT_BISLEY_RECYCLE_X_TAPED_HI_VIS_DRILL_SHIRT_BACK.webp,bisley-recycle-x-taped-hi-vis-drill-shirt-bs6266xt,orange,6
Taped Hi Vis Cool Lightweight Shirt — BS6896_TAPED_HI_VIS_COOL_LIGHTWEIGHT_SHIRT_HERO_FRONT.webp,bs6896-model-bs6896-taped-hi-vis-cool-lightweight-shirt-hero-front,https://notanother-nz.github.io/total-image-product-assets/assets/BS6896_TAPED_HI_VIS_COOL_LIGHTWEIGHT_SHIRT/webp/model/BS6896_TAPED_HI_VIS_COOL_LIGHTWEIGHT_SHIRT_HERO_FRONT.webp,taped-hi-vis-cool-lightweight-shirt-bs6896,,1
Taped Hi Vis Cool Lightweight Shirt — BS6896_TAPED_HI_VIS_COOL_LIGHTWEIGHT_SHIRT_HERO_BACK.webp,bs6896-model-bs6896-taped-hi-vis-cool-lightweight-shirt-hero-back,https://notanother-nz.github.io/total-image-product-assets/assets/BS6896_TAPED_HI_VIS_COOL_LIGHTWEIGHT_SHIRT/webp/model/BS6896_TAPED_HI_VIS_COOL_LIGHTWEIGHT_SHIRT_HERO_BACK.webp,taped-hi-vis-cool-lightweight-shirt-bs6896,,2
Taped Hi Vis Cool Lightweight Shirt — BS6896_TAPED_HI_VIS_COOL_LIGHTWEIGHT_SHIRT_HERO_CLOSEUP.webp,bs6896-model-bs6896-taped-hi-vis-cool-lightweight-shirt-hero-closeup,https://notanother-nz.github.io/total-image-product-assets/assets/BS6896_TAPED_HI_VIS_COOL_LIGHTWEIGHT_SHIRT/webp/model/BS6896_TAPED_HI_VIS_COOL_LIGHTWEIGHT_SHIRT_HERO_CLOSEUP.webp,taped-hi-vis-cool-lightweight-shirt-bs6896,,3
Taped Hi Vis Cool Lightweight Shirt — BS6896_TAPED_HI_VIS_COOL_LIGHTWEIGHT_SHIRT_HERO_SIDE.webp,bs6896-model-bs6896-taped-hi-vis-cool-lightweight-shirt-hero-side,https://notanother-nz.github.io/total-image-product-assets/assets/BS6896_TAPED_HI_VIS_COOL_LIGHTWEIGHT_SHIRT/webp/model/BS6896_TAPED_HI_VIS_COOL_LIGHTWEIGHT_SHIRT_HERO_SIDE.webp,taped-hi-vis-cool-lightweight-shirt-bs6896,,4
Taped Hi Vis Cool Lightweight Shirt — BS6896_TAPED_HI_VIS_COOL_LIGHTWEIGHT_SHIRT_ORANGE_NAVY_FRONT.webp,bs6896-product-bs6896-taped-hi-vis-cool-lightweight-shirt-orange-navy-front,https://notanother-nz.github.io/total-image-product-assets/assets/BS6896_TAPED_HI_VIS_COOL_LIGHTWEIGHT_SHIRT/webp/product/BS6896_TAPED_HI_VIS_COOL_LIGHTWEIGHT_SHIRT_ORANGE_NAVY_FRONT.webp,taped-hi-vis-cool-lightweight-shirt-bs6896,orange-navy,5
Taped Hi Vis Cool Lightweight Shirt — BS6896_TAPED_HI_VIS_COOL_LIGHTWEIGHT_SHIRT_PINK_NAVY_FRONT.webp,bs6896-product-bs6896-taped-hi-vis-cool-lightweight-shirt-pink-navy-front,https://notanother-nz.github.io/total-image-product-assets/assets/BS6896_TAPED_HI_VIS_COOL_LIGHTWEIGHT_SHIRT/webp/product/BS6896_TAPED_HI_VIS_COOL_LIGHTWEIGHT_SHIRT_PINK_NAVY_FRONT.webp,taped-hi-vis-cool-lightweight-shirt-bs6896,pink-navy,6
Taped Hi Vis Cool Lightweight Shirt — BS6896_TAPED_HI_VIS_COOL_LIGHTWEIGHT_SHIRT_YELLOW_BOTTLE_FRONT.webp,bs6896-product-bs6896-taped-hi-vis-cool-lightweight-shirt-yellow-bottle-front,https://notanother-nz.github.io/total-image-product-assets/assets/BS6896_TAPED_HI_VIS_COOL_LIGHTWEIGHT_SHIRT/webp/product/BS6896_TAPED_HI_VIS_COOL_LIGHTWEIGHT_SHIRT_YELLOW_BOTTLE_FRONT.webp,taped-hi-vis-cool-lightweight-shirt-bs6896,yellow-bottle,7
Taped Hi Vis Cool Lightweight Shirt — BS6896_TAPED_HI_VIS_COOL_LIGHTWEIGHT_SHIRT_YELLOW_NAVY_FRONT.webp,bs6896-product-bs6896-taped-hi-vis-cool-lightweight-shirt-yellow-navy-front,https://notanother-nz.github.io/total-image-product-assets/assets/BS6896_TAPED_HI_VIS_COOL_LIGHTWEIGHT_SHIRT/webp/product/BS6896_TAPED_HI_VIS_COOL_LIGHTWEIGHT_SHIRT_YELLOW_NAVY_FRONT.webp,taped-hi-vis-cool-lightweight-shirt-bs6896,yellow-navy,8
Taped Hi Vis Cool Lightweight Shirt — BS6896_TAPED_HI_VIS_COOL_LIGHTWEIGHT_SHIRT_ORANGE_NAVY_BACK.webp,bs6896-product-bs6896-taped-hi-vis-cool-lightweight-shirt-orange-navy-back,https://notanother-nz.github.io/total-image-product-assets/assets/BS6896_TAPED_HI_VIS_COOL_LIGHTWEIGHT_SHIRT/webp/product/BS6896_TAPED_HI_VIS_COOL_LIGHTWEIGHT_SHIRT_ORANGE_NAVY_BACK.webp,taped-hi-vis-cool-lightweight-shirt-bs6896,orange-navy,9
Taped Hi Vis Cool Lightweight Shirt — BS6896_TAPED_HI_VIS_COOL_LIGHTWEIGHT_SHIRT_PINK_NAVY_BACK.webp,bs6896-product-bs6896-taped-hi-vis-cool-lightweight-shirt-pink-navy-back,https://notanother-nz.github.io/total-image-product-assets/assets/BS6896_TAPED_HI_VIS_COOL_LIGHTWEIGHT_SHIRT/webp/product/BS6896_TAPED_HI_VIS_COOL_LIGHTWEIGHT_SHIRT_PINK_NAVY_BACK.webp,taped-hi-vis-cool-lightweight-shirt-bs6896,pink-navy,10
Taped Hi Vis Cool Lightweight Shirt — BS6896_TAPED_HI_VIS_COOL_LIGHTWEIGHT_SHIRT_YELLOW_BOTTLE_BACK.webp,bs6896-product-bs6896-taped-hi-vis-cool-lightweight-shirt-yellow-bottle-back,https://notanother-nz.github.io/total-image-product-assets/assets/BS6896_TAPED_HI_VIS_COOL_LIGHTWEIGHT_SHIRT/webp/product/BS6896_TAPED_HI_VIS_COOL_LIGHTWEIGHT_SHIRT_YELLOW_BOTTLE_BACK.webp,taped-hi-vis-cool-lightweight-shirt-bs6896,yellow-bottle,11
Taped Hi Vis Cool Lightweight Shirt — BS6896_TAPED_HI_VIS_COOL_LIGHTWEIGHT_SHIRT_YELLOW_NAVY_BACK.webp,bs6896-product-bs6896-taped-hi-vis-cool-lightweight-shirt-yellow-navy-back,https://notanother-nz.github.io/total-image-product-assets/assets/BS6896_TAPED_HI_VIS_COOL_LIGHTWEIGHT_SHIRT/webp/product/BS6896_TAPED_HI_VIS_COOL_LIGHTWEIGHT_SHIRT_YELLOW_NAVY_BACK.webp,taped-hi-vis-cool-lightweight-shirt-bs6896,yellow-navy,12
Ladies Lawson Chino Pant — BS724L_LADIES_LAWSON_CHINO_PANT_BLACK_ASIAN_HERO_FRONT.webp,bs724l-model-bs724l-ladies-lawson-chino-pant-black-asian-hero-front,https://notanother-nz.github.io/total-image-product-assets/assets/BS724L_LADIES_LAWSON_CHINO_PANT/webp/model/BS724L_LADIES_LAWSON_CHINO_PANT_BLACK_ASIAN_HERO_FRONT.webp,ladies-lawson-chino-pant-bs724l,black,1
Ladies Lawson Chino Pant — BS724L_LADIES_LAWSON_CHINO_PANT_BLACK_HERO_FRONT.webp,bs724l-model-bs724l-ladies-lawson-chino-pant-black-hero-front,https://notanother-nz.github.io/total-image-product-assets/assets/BS724L_LADIES_LAWSON_CHINO_PANT/webp/model/BS724L_LADIES_LAWSON_CHINO_PANT_BLACK_HERO_FRONT.webp,ladies-lawson-chino-pant-bs724l,black,2
Ladies Lawson Chino Pant — BS724L_LADIES_LAWSON_CHINO_PANT_HERO_FRONT.webp,bs724l-model-bs724l-ladies-lawson-chino-pant-hero-front,https://notanother-nz.github.io/total-image-product-assets/assets/BS724L_LADIES_LAWSON_CHINO_PANT/webp/model/BS724L_LADIES_LAWSON_CHINO_PANT_HERO_FRONT.webp,ladies-lawson-chino-pant-bs724l,,3
Ladies Lawson Chino Pant — BS724L_LADIES_LAWSON_CHINO_PANT_NAVY_AFRICAN_HERO_FRONT.webp,bs724l-model-bs724l-ladies-lawson-chino-pant-navy-african-hero-front,https://notanother-nz.github.io/total-image-product-assets/assets/BS724L_LADIES_LAWSON_CHINO_PANT/webp/model/BS724L_LADIES_LAWSON_CHINO_PANT_NAVY_AFRICAN_HERO_FRONT.webp,ladies-lawson-chino-pant-bs724l,navy,4
Ladies Lawson Chino Pant — BS724L_LADIES_LAWSON_CHINO_PANT_NAVY_HERO_FRONT.webp,bs724l-model-bs724l-ladies-lawson-chino-pant-navy-hero-front,https://notanother-nz.github.io/total-image-product-assets/assets/BS724L_LADIES_LAWSON_CHINO_PANT/webp/model/BS724L_LADIES_LAWSON_CHINO_PANT_NAVY_HERO_FRONT.webp,ladies-lawson-chino-pant-bs724l,navy,5
Ladies Lawson Chino Pant — BS724L_LADIES_LAWSON_CHINO_PANT_BLACK_ASIAN_HERO_BACK.webp,bs724l-model-bs724l-ladies-lawson-chino-pant-black-asian-hero-back,https://notanother-nz.github.io/total-image-product-assets/assets/BS724L_LADIES_LAWSON_CHINO_PANT/webp/model/BS724L_LADIES_LAWSON_CHINO_PANT_BLACK_ASIAN_HERO_BACK.webp,ladies-lawson-chino-pant-bs724l,black,6
Ladies Lawson Chino Pant — BS724L_LADIES_LAWSON_CHINO_PANT_BLACK_HERO_BACK.webp,bs724l-model-bs724l-ladies-lawson-chino-pant-black-hero-back,https://notanother-nz.github.io/total-image-product-assets/assets/BS724L_LADIES_LAWSON_CHINO_PANT/webp/model/BS724L_LADIES_LAWSON_CHINO_PANT_BLACK_HERO_BACK.webp,ladies-lawson-chino-pant-bs724l,black,7
Ladies Lawson Chino Pant — BS724L_LADIES_LAWSON_CHINO_PANT_HERO_BACK.webp,bs724l-model-bs724l-ladies-lawson-chino-pant-hero-back,https://notanother-nz.github.io/total-image-product-assets/assets/BS724L_LADIES_LAWSON_CHINO_PANT/webp/model/BS724L_LADIES_LAWSON_CHINO_PANT_HERO_BACK.webp,ladies-lawson-chino-pant-bs724l,,8
Ladies Lawson Chino Pant — BS724L_LADIES_LAWSON_CHINO_PANT_NAVY_AFRICAN_HERO_BACK.webp,bs724l-model-bs724l-ladies-lawson-chino-pant-navy-african-hero-back,https://notanother-nz.github.io/total-image-product-assets/assets/BS724L_LADIES_LAWSON_CHINO_PANT/webp/model/BS724L_LADIES_LAWSON_CHINO_PANT_NAVY_AFRICAN_HERO_BACK.webp,ladies-lawson-chino-pant-bs724l,navy,9
Ladies Lawson Chino Pant — BS724L_LADIES_LAWSON_CHINO_PANT_NAVY_HERO_BACK.webp,bs724l-model-bs724l-ladies-lawson-chino-pant-navy-hero-back,https://notanother-nz.github.io/total-image-product-assets/assets/BS724L_LADIES_LAWSON_CHINO_PANT/webp/model/BS724L_LADIES_LAWSON_CHINO_PANT_NAVY_HERO_BACK.webp,ladies-lawson-chino-pant-bs724l,navy,10
Ladies Lawson Chino Pant — BS724L_LADIES_LAWSON_CHINO_PANT_BLACK_ASIAN_HERO_CLOSEUP.webp,bs724l-model-bs724l-ladies-lawson-chino-pant-black-asian-hero-closeup,https://notanother-nz.github.io/total-image-product-assets/assets/BS724L_LADIES_LAWSON_CHINO_PANT/webp/model/BS724L_LADIES_LAWSON_CHINO_PANT_BLACK_ASIAN_HERO_CLOSEUP.webp,ladies-lawson-chino-pant-bs724l,black,11
Ladies Lawson Chino Pant — BS724L_LADIES_LAWSON_CHINO_PANT_BLACK_HERO_CLOSEUP.webp,bs724l-model-bs724l-ladies-lawson-chino-pant-black-hero-closeup,https://notanother-nz.github.io/total-image-product-assets/assets/BS724L_LADIES_LAWSON_CHINO_PANT/webp/model/BS724L_LADIES_LAWSON_CHINO_PANT_BLACK_HERO_CLOSEUP.webp,ladies-lawson-chino-pant-bs724l,black,12
Ladies Lawson Chino Pant — BS724L_LADIES_LAWSON_CHINO_PANT_NAVY_AFRICAN_HERO_CLOSEUP.webp,bs724l-model-bs724l-ladies-lawson-chino-pant-navy-african-hero-closeup,https://notanother-nz.github.io/total-image-product-assets/assets/BS724L_LADIES_LAWSON_CHINO_PANT/webp/model/BS724L_LADIES_LAWSON_CHINO_PANT_NAVY_AFRICAN_HERO_CLOSEUP.webp,ladies-lawson-chino-pant-bs724l,navy,13
Ladies Lawson Chino Pant — BS724L_LADIES_LAWSON_CHINO_PANT_NAVY_HERO_CLOSEUP.webp,bs724l-model-bs724l-ladies-lawson-chino-pant-navy-hero-closeup,https://notanother-nz.github.io/total-image-product-assets/assets/BS724L_LADIES_LAWSON_CHINO_PANT/webp/model/BS724L_LADIES_LAWSON_CHINO_PANT_NAVY_HERO_CLOSEUP.webp,ladies-lawson-chino-pant-bs724l,navy,14
Ladies Lawson Chino Pant — BS724L_LADIES_LAWSON_CHINO_PANT_BLACK_ASIAN_HERO_SIDE.webp,bs724l-model-bs724l-ladies-lawson-chino-pant-black-asian-hero-side,https://notanother-nz.github.io/total-image-product-assets/assets/BS724L_LADIES_LAWSON_CHINO_PANT/webp/model/BS724L_LADIES_LAWSON_CHINO_PANT_BLACK_ASIAN_HERO_SIDE.webp,ladies-lawson-chino-pant-bs724l,black,15
Ladies Lawson Chino Pant — BS724L_LADIES_LAWSON_CHINO_PANT_BLACK_HERO_SIDE.webp,bs724l-model-bs724l-ladies-lawson-chino-pant-black-hero-side,https://notanother-nz.github.io/total-image-product-assets/assets/BS724L_LADIES_LAWSON_CHINO_PANT/webp/model/BS724L_LADIES_LAWSON_CHINO_PANT_BLACK_HERO_SIDE.webp,ladies-lawson-chino-pant-bs724l,black,16
Ladies Lawson Chino Pant — BS724L_LADIES_LAWSON_CHINO_PANT_HERO_SIDE.webp,bs724l-model-bs724l-ladies-lawson-chino-pant-hero-side,https://notanother-nz.github.io/total-image-product-assets/assets/BS724L_LADIES_LAWSON_CHINO_PANT/webp/model/BS724L_LADIES_LAWSON_CHINO_PANT_HERO_SIDE.webp,ladies-lawson-chino-pant-bs724l,,17
Ladies Lawson Chino Pant — BS724L_LADIES_LAWSON_CHINO_PANT_NAVY_AFRICAN_HERO_SIDE.webp,bs724l-model-bs724l-ladies-lawson-chino-pant-navy-african-hero-side,https://notanother-nz.github.io/total-image-product-assets/assets/BS724L_LADIES_LAWSON_CHINO_PANT/webp/model/BS724L_LADIES_LAWSON_CHINO_PANT_NAVY_AFRICAN_HERO_SIDE.webp,ladies-lawson-chino-pant-bs724l,navy,18
Ladies Lawson Chino Pant — BS724L_LADIES_LAWSON_CHINO_PANT_NAVY_HERO_SIDE.webp,bs724l-model-bs724l-ladies-lawson-chino-pant-navy-hero-side,https://notanother-nz.github.io/total-image-product-assets/assets/BS724L_LADIES_LAWSON_CHINO_PANT/webp/model/BS724L_LADIES_LAWSON_CHINO_PANT_NAVY_HERO_SIDE.webp,ladies-lawson-chino-pant-bs724l,navy,19
Ladies Lawson Chino Pant — BS724L__LADIES_LAWSON_CHINO_PANT_BLACK_FRONT.webp,bs724l-product-bs724l-ladies-lawson-chino-pant-black-front,https://notanother-nz.github.io/total-image-product-assets/assets/BS724L_LADIES_LAWSON_CHINO_PANT/webp/product/BS724L__LADIES_LAWSON_CHINO_PANT_BLACK_FRONT.webp,ladies-lawson-chino-pant-bs724l,black,20
Ladies Lawson Chino Pant — BS724L__LADIES_LAWSON_CHINO_PANT_DARKSTONE_FRONT.webp,bs724l-product-bs724l-ladies-lawson-chino-pant-darkstone-front,https://notanother-nz.github.io/total-image-product-assets/assets/BS724L_LADIES_LAWSON_CHINO_PANT/webp/product/BS724L__LADIES_LAWSON_CHINO_PANT_DARKSTONE_FRONT.webp,ladies-lawson-chino-pant-bs724l,dark-stone,21
Ladies Lawson Chino Pant — BS724L__LADIES_LAWSON_CHINO_PANT_GREY_FRONT.webp,bs724l-product-bs724l-ladies-lawson-chino-pant-grey-front,https://notanother-nz.github.io/total-image-product-assets/assets/BS724L_LADIES_LAWSON_CHINO_PANT/webp/product/BS724L__LADIES_LAWSON_CHINO_PANT_GREY_FRONT.webp,ladies-lawson-chino-pant-bs724l,grey,22
Ladies Lawson Chino Pant — BS724L__LADIES_LAWSON_CHINO_PANT_NAVY_FRONT.webp,bs724l-product-bs724l-ladies-lawson-chino-pant-navy-front,https://notanother-nz.github.io/total-image-product-assets/assets/BS724L_LADIES_LAWSON_CHINO_PANT/webp/product/BS724L__LADIES_LAWSON_CHINO_PANT_NAVY_FRONT.webp,ladies-lawson-chino-pant-bs724l,navy,23
Ladies Lawson Chino Pant — BS724L_LADIES_LAWSON_CHINO_PANT_BLACK_FRONT.webp,bs724l-product-bs724l-ladies-lawson-chino-pant-black-front-a8db03e6,https://notanother-nz.github.io/total-image-product-assets/assets/BS724L_LADIES_LAWSON_CHINO_PANT/webp/product/BS724L_LADIES_LAWSON_CHINO_PANT_BLACK_FRONT.webp,ladies-lawson-chino-pant-bs724l,black,24
Ladies Lawson Chino Pant — BS724L_LADIES_LAWSON_CHINO_PANT_DARK_STONE_FRONT.webp,bs724l-product-bs724l-ladies-lawson-chino-pant-dark-stone-front,https://notanother-nz.github.io/total-image-product-assets/assets/BS724L_LADIES_LAWSON_CHINO_PANT/webp/product/BS724L_LADIES_LAWSON_CHINO_PANT_DARK_STONE_FRONT.webp,ladies-lawson-chino-pant-bs724l,dark-stone,25
Ladies Lawson Chino Pant — BS724L_LADIES_LAWSON_CHINO_PANT_GREY_FRONT.webp,bs724l-product-bs724l-ladies-lawson-chino-pant-grey-front-257fed98,https://notanother-nz.github.io/total-image-product-assets/assets/BS724L_LADIES_LAWSON_CHINO_PANT/webp/product/BS724L_LADIES_LAWSON_CHINO_PANT_GREY_FRONT.webp,ladies-lawson-chino-pant-bs724l,grey,26
Ladies Lawson Chino Pant — BS724L_LADIES_LAWSON_CHINO_PANT_NAVY_FRONT.webp,bs724l-product-bs724l-ladies-lawson-chino-pant-navy-front-eb9d97ad,https://notanother-nz.github.io/total-image-product-assets/assets/BS724L_LADIES_LAWSON_CHINO_PANT/webp/product/BS724L_LADIES_LAWSON_CHINO_PANT_NAVY_FRONT.webp,ladies-lawson-chino-pant-bs724l,navy,27
Ladies Lawson Chino Pant — BS724L__LADIES_LAWSON_CHINO_PANT_BLACK_BACK.webp,bs724l-product-bs724l-ladies-lawson-chino-pant-black-back,https://notanother-nz.github.io/total-image-product-assets/assets/BS724L_LADIES_LAWSON_CHINO_PANT/webp/product/BS724L__LADIES_LAWSON_CHINO_PANT_BLACK_BACK.webp,ladies-lawson-chino-pant-bs724l,black,28
Ladies Lawson Chino Pant — BS724L__LADIES_LAWSON_CHINO_PANT_DARKSTONE_BACK.webp,bs724l-product-bs724l-ladies-lawson-chino-pant-darkstone-back,https://notanother-nz.github.io/total-image-product-assets/assets/BS724L_LADIES_LAWSON_CHINO_PANT/webp/product/BS724L__LADIES_LAWSON_CHINO_PANT_DARKSTONE_BACK.webp,ladies-lawson-chino-pant-bs724l,dark-stone,29
Ladies Lawson Chino Pant — BS724L__LADIES_LAWSON_CHINO_PANT_GREY_BACK.webp,bs724l-product-bs724l-ladies-lawson-chino-pant-grey-back,https://notanother-nz.github.io/total-image-product-assets/assets/BS724L_LADIES_LAWSON_CHINO_PANT/webp/product/BS724L__LADIES_LAWSON_CHINO_PANT_GREY_BACK.webp,ladies-lawson-chino-pant-bs724l,grey,30
Ladies Lawson Chino Pant — BS724L__LADIES_LAWSON_CHINO_PANT_NAVY_BACK.webp,bs724l-product-bs724l-ladies-lawson-chino-pant-navy-back,https://notanother-nz.github.io/total-image-product-assets/assets/BS724L_LADIES_LAWSON_CHINO_PANT/webp/product/BS724L__LADIES_LAWSON_CHINO_PANT_NAVY_BACK.webp,ladies-lawson-chino-pant-bs724l,navy,31
Ladies Lawson Chino Pant — BS724L_LADIES_LAWSON_CHINO_PANT_BLACK_BACK.webp,bs724l-product-bs724l-ladies-lawson-chino-pant-black-back-1b861af4,https://notanother-nz.github.io/total-image-product-assets/assets/BS724L_LADIES_LAWSON_CHINO_PANT/webp/product/BS724L_LADIES_LAWSON_CHINO_PANT_BLACK_BACK.webp,ladies-lawson-chino-pant-bs724l,black,32
Ladies Lawson Chino Pant — BS724L_LADIES_LAWSON_CHINO_PANT_DARK_STONE_BACK.webp,bs724l-product-bs724l-ladies-lawson-chino-pant-dark-stone-back,https://notanother-nz.github.io/total-image-product-assets/assets/BS724L_LADIES_LAWSON_CHINO_PANT/webp/product/BS724L_LADIES_LAWSON_CHINO_PANT_DARK_STONE_BACK.webp,ladies-lawson-chino-pant-bs724l,dark-stone,33
Ladies Lawson Chino Pant — BS724L_LADIES_LAWSON_CHINO_PANT_GREY_BACK.webp,bs724l-product-bs724l-ladies-lawson-chino-pant-grey-back-8e25362e,https://notanother-nz.github.io/total-image-product-assets/assets/BS724L_LADIES_LAWSON_CHINO_PANT/webp/product/BS724L_LADIES_LAWSON_CHINO_PANT_GREY_BACK.webp,ladies-lawson-chino-pant-bs724l,grey,34
Ladies Lawson Chino Pant — BS724L_LADIES_LAWSON_CHINO_PANT_NAVY_BACK.webp,bs724l-product-bs724l-ladies-lawson-chino-pant-navy-back-4921db8f,https://notanother-nz.github.io/total-image-product-assets/assets/BS724L_LADIES_LAWSON_CHINO_PANT/webp/product/BS724L_LADIES_LAWSON_CHINO_PANT_NAVY_BACK.webp,ladies-lawson-chino-pant-bs724l,navy,35
Men's Lawson Chino Pant — BS724M_MEN'S_LAWSON_CHINO_PANT_AFRICAN_BLACK_HERO_FRONT.webp,bs724m-model-bs724m-mens-lawson-chino-pant-african-black-hero-front,https://notanother-nz.github.io/total-image-product-assets/assets/BS724M_MEN'S_LAWSON_CHINO_PANT/webp/model/BS724M_MEN'S_LAWSON_CHINO_PANT_AFRICAN_BLACK_HERO_FRONT.webp,mens-lawson-chino-pant-bs724m,black,1
Men's Lawson Chino Pant — BS724M_MEN'S_LAWSON_CHINO_PANT_BLACK_HERO_FRONT.webp,bs724m-model-bs724m-mens-lawson-chino-pant-black-hero-front,https://notanother-nz.github.io/total-image-product-assets/assets/BS724M_MEN'S_LAWSON_CHINO_PANT/webp/model/BS724M_MEN'S_LAWSON_CHINO_PANT_BLACK_HERO_FRONT.webp,mens-lawson-chino-pant-bs724m,black,2
Men's Lawson Chino Pant — BS724M_MEN'S_LAWSON_CHINO_PANT_NAVY_HERO_FRONT.webp,bs724m-model-bs724m-mens-lawson-chino-pant-navy-hero-front,https://notanother-nz.github.io/total-image-product-assets/assets/BS724M_MEN'S_LAWSON_CHINO_PANT/webp/model/BS724M_MEN'S_LAWSON_CHINO_PANT_NAVY_HERO_FRONT.webp,mens-lawson-chino-pant-bs724m,navy,3
Men's Lawson Chino Pant — BS724M_Mens_Lawson_Chino_Pant_Hero_Front.webp,bs724m-model-bs724m-mens-lawson-chino-pant-hero-front,https://notanother-nz.github.io/total-image-product-assets/assets/BS724M_MEN'S_LAWSON_CHINO_PANT/webp/model/BS724M_Mens_Lawson_Chino_Pant_Hero_Front.webp,mens-lawson-chino-pant-bs724m,,4
Men's Lawson Chino Pant — BS724M_MEN'S_LAWSON_CHINO_PANT_AFRICAN_BLACK_HERO_BACK.webp,bs724m-model-bs724m-mens-lawson-chino-pant-african-black-hero-back,https://notanother-nz.github.io/total-image-product-assets/assets/BS724M_MEN'S_LAWSON_CHINO_PANT/webp/model/BS724M_MEN'S_LAWSON_CHINO_PANT_AFRICAN_BLACK_HERO_BACK.webp,mens-lawson-chino-pant-bs724m,black,5
Men's Lawson Chino Pant — BS724M_MEN'S_LAWSON_CHINO_PANT_BLACK_HERO_BACK.webp,bs724m-model-bs724m-mens-lawson-chino-pant-black-hero-back,https://notanother-nz.github.io/total-image-product-assets/assets/BS724M_MEN'S_LAWSON_CHINO_PANT/webp/model/BS724M_MEN'S_LAWSON_CHINO_PANT_BLACK_HERO_BACK.webp,mens-lawson-chino-pant-bs724m,black,6
Men's Lawson Chino Pant — BS724M_MEN'S_LAWSON_CHINO_PANT_NAVY_HERO_BACK.webp,bs724m-model-bs724m-mens-lawson-chino-pant-navy-hero-back,https://notanother-nz.github.io/total-image-product-assets/assets/BS724M_MEN'S_LAWSON_CHINO_PANT/webp/model/BS724M_MEN'S_LAWSON_CHINO_PANT_NAVY_HERO_BACK.webp,mens-lawson-chino-pant-bs724m,navy,7
Men's Lawson Chino Pant — BS724M_Mens_Lawson_Chino_Pant_Hero_Back.webp,bs724m-model-bs724m-mens-lawson-chino-pant-hero-back,https://notanother-nz.github.io/total-image-product-assets/assets/BS724M_MEN'S_LAWSON_CHINO_PANT/webp/model/BS724M_Mens_Lawson_Chino_Pant_Hero_Back.webp,mens-lawson-chino-pant-bs724m,,8
Men's Lawson Chino Pant — BS724M_MEN'S_LAWSON_CHINO_PANT_AFRICAN_BLACK_HERO_CLOSEUP.webp,bs724m-model-bs724m-mens-lawson-chino-pant-african-black-hero-closeup,https://notanother-nz.github.io/total-image-product-assets/assets/BS724M_MEN'S_LAWSON_CHINO_PANT/webp/model/BS724M_MEN'S_LAWSON_CHINO_PANT_AFRICAN_BLACK_HERO_CLOSEUP.webp,mens-lawson-chino-pant-bs724m,black,9
Men's Lawson Chino Pant — BS724M_MEN'S_LAWSON_CHINO_PANT_BLACK_HERO_CLOSEUP.webp,bs724m-model-bs724m-mens-lawson-chino-pant-black-hero-closeup,https://notanother-nz.github.io/total-image-product-assets/assets/BS724M_MEN'S_LAWSON_CHINO_PANT/webp/model/BS724M_MEN'S_LAWSON_CHINO_PANT_BLACK_HERO_CLOSEUP.webp,mens-lawson-chino-pant-bs724m,black,10
Men's Lawson Chino Pant — BS724M_MEN'S_LAWSON_CHINO_PANT_NAVY_HERO_CLOSEUP.webp,bs724m-model-bs724m-mens-lawson-chino-pant-navy-hero-closeup,https://notanother-nz.github.io/total-image-product-assets/assets/BS724M_MEN'S_LAWSON_CHINO_PANT/webp/model/BS724M_MEN'S_LAWSON_CHINO_PANT_NAVY_HERO_CLOSEUP.webp,mens-lawson-chino-pant-bs724m,navy,11
Men's Lawson Chino Pant — BS724M_MEN'S_LAWSON_CHINO_PANT_AFRICAN_BLACK_HERO_SIDE.webp,bs724m-model-bs724m-mens-lawson-chino-pant-african-black-hero-side,https://notanother-nz.github.io/total-image-product-assets/assets/BS724M_MEN'S_LAWSON_CHINO_PANT/webp/model/BS724M_MEN'S_LAWSON_CHINO_PANT_AFRICAN_BLACK_HERO_SIDE.webp,mens-lawson-chino-pant-bs724m,black,12
Men's Lawson Chino Pant — BS724M_MEN'S_LAWSON_CHINO_PANT_BLACK_HERO_SIDE.webp,bs724m-model-bs724m-mens-lawson-chino-pant-black-hero-side,https://notanother-nz.github.io/total-image-product-assets/assets/BS724M_MEN'S_LAWSON_CHINO_PANT/webp/model/BS724M_MEN'S_LAWSON_CHINO_PANT_BLACK_HERO_SIDE.webp,mens-lawson-chino-pant-bs724m,black,13
Men's Lawson Chino Pant — BS724M_MEN'S_LAWSON_CHINO_PANT_NAVY_HERO_SIDE.webp,bs724m-model-bs724m-mens-lawson-chino-pant-navy-hero-side,https://notanother-nz.github.io/total-image-product-assets/assets/BS724M_MEN'S_LAWSON_CHINO_PANT/webp/model/BS724M_MEN'S_LAWSON_CHINO_PANT_NAVY_HERO_SIDE.webp,mens-lawson-chino-pant-bs724m,navy,14
Men's Lawson Chino Pant — BS724M_Mens_Lawson_Chino_Pant_Hero_Side.webp,bs724m-model-bs724m-mens-lawson-chino-pant-hero-side,https://notanother-nz.github.io/total-image-product-assets/assets/BS724M_MEN'S_LAWSON_CHINO_PANT/webp/model/BS724M_Mens_Lawson_Chino_Pant_Hero_Side.webp,mens-lawson-chino-pant-bs724m,,15
Men's Lawson Chino Pant — BS724M_MEN'S_LAWSON_CHINO_PANT_BLACK_FRONT.webp,bs724m-product-bs724m-mens-lawson-chino-pant-black-front,https://notanother-nz.github.io/total-image-product-assets/assets/BS724M_MEN'S_LAWSON_CHINO_PANT/webp/product/BS724M_MEN'S_LAWSON_CHINO_PANT_BLACK_FRONT.webp,mens-lawson-chino-pant-bs724m,black,16
Men's Lawson Chino Pant — BS724M_MEN'S_LAWSON_CHINO_PANT_DARK_STONE_FRONT.webp,bs724m-product-bs724m-mens-lawson-chino-pant-dark-stone-front,https://notanother-nz.github.io/total-image-product-assets/assets/BS724M_MEN'S_LAWSON_CHINO_PANT/webp/product/BS724M_MEN'S_LAWSON_CHINO_PANT_DARK_STONE_FRONT.webp,mens-lawson-chino-pant-bs724m,dark-stone,17
Men's Lawson Chino Pant — BS724M_MEN'S_LAWSON_CHINO_PANT_GREY_FRONT.webp,bs724m-product-bs724m-mens-lawson-chino-pant-grey-front,https://notanother-nz.github.io/total-image-product-assets/assets/BS724M_MEN'S_LAWSON_CHINO_PANT/webp/product/BS724M_MEN'S_LAWSON_CHINO_PANT_GREY_FRONT.webp,mens-lawson-chino-pant-bs724m,grey,18
Men's Lawson Chino Pant — BS724M_MEN'S_LAWSON_CHINO_PANT_NAVY_FRONT.webp,bs724m-product-bs724m-mens-lawson-chino-pant-navy-front,https://notanother-nz.github.io/total-image-product-assets/assets/BS724M_MEN'S_LAWSON_CHINO_PANT/webp/product/BS724M_MEN'S_LAWSON_CHINO_PANT_NAVY_FRONT.webp,mens-lawson-chino-pant-bs724m,navy,19
Men's Lawson Chino Pant — BS724M_MEN'S_LAWSON_CHINO_PANT_BLACK_BACK.webp,bs724m-product-bs724m-mens-lawson-chino-pant-black-back,https://notanother-nz.github.io/total-image-product-assets/assets/BS724M_MEN'S_LAWSON_CHINO_PANT/webp/product/BS724M_MEN'S_LAWSON_CHINO_PANT_BLACK_BACK.webp,mens-lawson-chino-pant-bs724m,black,20
Men's Lawson Chino Pant — BS724M_MEN'S_LAWSON_CHINO_PANT_DARK_STONE_BACK.webp,bs724m-product-bs724m-mens-lawson-chino-pant-dark-stone-back,https://notanother-nz.github.io/total-image-product-assets/assets/BS724M_MEN'S_LAWSON_CHINO_PANT/webp/product/BS724M_MEN'S_LAWSON_CHINO_PANT_DARK_STONE_BACK.webp,mens-lawson-chino-pant-bs724m,dark-stone,21
Men's Lawson Chino Pant — BS724M_MEN'S_LAWSON_CHINO_PANT_GREY_BACK.webp,bs724m-product-bs724m-mens-lawson-chino-pant-grey-back,https://notanother-nz.github.io/total-image-product-assets/assets/BS724M_MEN'S_LAWSON_CHINO_PANT/webp/product/BS724M_MEN'S_LAWSON_CHINO_PANT_GREY_BACK.webp,mens-lawson-chino-pant-bs724m,grey,22
Men's Lawson Chino Pant — BS724M_MEN'S_LAWSON_CHINO_PANT_NAVY_BACK.webp,bs724m-product-bs724m-mens-lawson-chino-pant-navy-back,https://notanother-nz.github.io/total-image-product-assets/assets/BS724M_MEN'S_LAWSON_CHINO_PANT/webp/product/BS724M_MEN'S_LAWSON_CHINO_PANT_NAVY_BACK.webp,mens-lawson-chino-pant-bs724m,navy,23
Men's Lawson Chino Pant — BS724M_Mens_Lawson_Chino_Pant_Black_BACK.webp,bs724m-product-bs724m-mens-lawson-chino-pant-black-back-ad1f81a0,https://notanother-nz.github.io/total-image-product-assets/assets/BS724M_MEN'S_LAWSON_CHINO_PANT/webp/product/BS724M_Mens_Lawson_Chino_Pant_Black_BACK.webp,mens-lawson-chino-pant-bs724m,black,24
Men's Lawson Chino Pant — BS724M_Mens_Lawson_Chino_Pant_Dark_Stone_BACK.webp,bs724m-product-bs724m-mens-lawson-chino-pant-dark-stone-back-2cb59bcd,https://notanother-nz.github.io/total-image-product-assets/assets/BS724M_MEN'S_LAWSON_CHINO_PANT/webp/product/BS724M_Mens_Lawson_Chino_Pant_Dark_Stone_BACK.webp,mens-lawson-chino-pant-bs724m,dark-stone,25
Men's Lawson Chino Pant — BS724M_Mens_Lawson_Chino_Pant_Grey_BACK.webp,bs724m-product-bs724m-mens-lawson-chino-pant-grey-back-8557ed7a,https://notanother-nz.github.io/total-image-product-assets/assets/BS724M_MEN'S_LAWSON_CHINO_PANT/webp/product/BS724M_Mens_Lawson_Chino_Pant_Grey_BACK.webp,mens-lawson-chino-pant-bs724m,grey,26
Men's Lawson Chino Pant — BS724M_Mens_Lawson_Chino_Pant_NAVY_BACK.webp,bs724m-product-bs724m-mens-lawson-chino-pant-navy-back-5351af51,https://notanother-nz.github.io/total-image-product-assets/assets/BS724M_MEN'S_LAWSON_CHINO_PANT/webp/product/BS724M_Mens_Lawson_Chino_Pant_NAVY_BACK.webp,mens-lawson-chino-pant-bs724m,navy,27
Men's Lawson Chino Pant — BS724M_Mens_Lawson_Chino_Pant_Black.webp,bs724m-product-bs724m-mens-lawson-chino-pant-black,https://notanother-nz.github.io/total-image-product-assets/assets/BS724M_MEN'S_LAWSON_CHINO_PANT/webp/product/BS724M_Mens_Lawson_Chino_Pant_Black.webp,mens-lawson-chino-pant-bs724m,black,28
Men's Lawson Chino Pant — BS724M_Mens_Lawson_Chino_Pant_Dark_Stone.webp,bs724m-product-bs724m-mens-lawson-chino-pant-dark-stone,https://notanother-nz.github.io/total-image-product-assets/assets/BS724M_MEN'S_LAWSON_CHINO_PANT/webp/product/BS724M_Mens_Lawson_Chino_Pant_Dark_Stone.webp,mens-lawson-chino-pant-bs724m,dark-stone,29
Men's Lawson Chino Pant — BS724M_Mens_Lawson_Chino_Pant_Grey.webp,bs724m-product-bs724m-mens-lawson-chino-pant-grey,https://notanother-nz.github.io/total-image-product-assets/assets/BS724M_MEN'S_LAWSON_CHINO_PANT/webp/product/BS724M_Mens_Lawson_Chino_Pant_Grey.webp,mens-lawson-chino-pant-bs724m,grey,30
Men's Lawson Chino Pant — BS724M_Mens_Lawson_Chino_Pant_NAVY.webp,bs724m-product-bs724m-mens-lawson-chino-pant-navy,https://notanother-nz.github.io/total-image-product-assets/assets/BS724M_MEN'S_LAWSON_CHINO_PANT/webp/product/BS724M_Mens_Lawson_Chino_Pant_NAVY.webp,mens-lawson-chino-pant-bs724m,navy,31
Ladies Bianca Jacket — BS732L_BIANCA_WOMEN'S_JACKET_NAVY_HERO_FRONT_2.webp,bs732l-model-bs732l-bianca-womens-jacket-navy-hero-front-2,https://notanother-nz.github.io/total-image-product-assets/assets/BS732L_LADIES_BIANCA_JACKET/webp/model/BS732L_BIANCA_WOMEN'S_JACKET_NAVY_HERO_FRONT_2.webp,ladies-bianca-jacket-bs732l,navy,1
Ladies Bianca Jacket — BS732L_BIANCA_WOMEN'S_JACKET_NAVY_HERO_FRONT.webp,bs732l-model-bs732l-bianca-womens-jacket-navy-hero-front,https://notanother-nz.github.io/total-image-product-assets/assets/BS732L_LADIES_BIANCA_JACKET/webp/model/BS732L_BIANCA_WOMEN'S_JACKET_NAVY_HERO_FRONT.webp,ladies-bianca-jacket-bs732l,navy,2
Ladies Bianca Jacket — S732L_BIANCA_WOMEN'S_JACKET_NAVY_HERO_FRONT.webp,bs732l-model-s732l-bianca-womens-jacket-navy-hero-front,https://notanother-nz.github.io/total-image-product-assets/assets/BS732L_LADIES_BIANCA_JACKET/webp/model/S732L_BIANCA_WOMEN'S_JACKET_NAVY_HERO_FRONT.webp,ladies-bianca-jacket-bs732l,navy,3
Ladies Bianca Jacket — BS732L_BIANCA_WOMEN'S_JACKET_NAVY_HERO_BACK_2.webp,bs732l-model-bs732l-bianca-womens-jacket-navy-hero-back-2,https://notanother-nz.github.io/total-image-product-assets/assets/BS732L_LADIES_BIANCA_JACKET/webp/model/BS732L_BIANCA_WOMEN'S_JACKET_NAVY_HERO_BACK_2.webp,ladies-bianca-jacket-bs732l,navy,4
Ladies Bianca Jacket — BS732L_BIANCA_WOMEN'S_JACKET_NAVY_HERO_BACK.webp,bs732l-model-bs732l-bianca-womens-jacket-navy-hero-back,https://notanother-nz.github.io/total-image-product-assets/assets/BS732L_LADIES_BIANCA_JACKET/webp/model/BS732L_BIANCA_WOMEN'S_JACKET_NAVY_HERO_BACK.webp,ladies-bianca-jacket-bs732l,navy,5
Ladies Bianca Jacket — S732L_BIANCA_WOMEN'S_JACKET_NAVY_HERO_BACK.webp,bs732l-model-s732l-bianca-womens-jacket-navy-hero-back,https://notanother-nz.github.io/total-image-product-assets/assets/BS732L_LADIES_BIANCA_JACKET/webp/model/S732L_BIANCA_WOMEN'S_JACKET_NAVY_HERO_BACK.webp,ladies-bianca-jacket-bs732l,navy,6
Ladies Bianca Jacket — BS732L_BIANCA_WOMEN'S_JACKET_NAVY_HERO_CLOSEUP_2.webp,bs732l-model-bs732l-bianca-womens-jacket-navy-hero-closeup-2,https://notanother-nz.github.io/total-image-product-assets/assets/BS732L_LADIES_BIANCA_JACKET/webp/model/BS732L_BIANCA_WOMEN'S_JACKET_NAVY_HERO_CLOSEUP_2.webp,ladies-bianca-jacket-bs732l,navy,7
Ladies Bianca Jacket — BS732L_BIANCA_WOMEN'S_JACKET_NAVY_HERO_CLOSEUP.webp,bs732l-model-bs732l-bianca-womens-jacket-navy-hero-closeup,https://notanother-nz.github.io/total-image-product-assets/assets/BS732L_LADIES_BIANCA_JACKET/webp/model/BS732L_BIANCA_WOMEN'S_JACKET_NAVY_HERO_CLOSEUP.webp,ladies-bianca-jacket-bs732l,navy,8
Ladies Bianca Jacket — S732L_BIANCA_WOMEN'S_JACKET_NAVY_HERO_CLOSEUP.webp,bs732l-model-s732l-bianca-womens-jacket-navy-hero-closeup,https://notanother-nz.github.io/total-image-product-assets/assets/BS732L_LADIES_BIANCA_JACKET/webp/model/S732L_BIANCA_WOMEN'S_JACKET_NAVY_HERO_CLOSEUP.webp,ladies-bianca-jacket-bs732l,navy,9
Ladies Bianca Jacket — BS732L_BIANCA_WOMEN'S_JACKET_NAVY_HERO_SIDE_2.webp,bs732l-model-bs732l-bianca-womens-jacket-navy-hero-side-2,https://notanother-nz.github.io/total-image-product-assets/assets/BS732L_LADIES_BIANCA_JACKET/webp/model/BS732L_BIANCA_WOMEN'S_JACKET_NAVY_HERO_SIDE_2.webp,ladies-bianca-jacket-bs732l,navy,10
Ladies Bianca Jacket — BS732L_BIANCA_WOMEN'S_JACKET_NAVY_HERO_SIDE.webp,bs732l-model-bs732l-bianca-womens-jacket-navy-hero-side,https://notanother-nz.github.io/total-image-product-assets/assets/BS732L_LADIES_BIANCA_JACKET/webp/model/BS732L_BIANCA_WOMEN'S_JACKET_NAVY_HERO_SIDE.webp,ladies-bianca-jacket-bs732l,navy,11
Ladies Bianca Jacket — S732L_BIANCA_WOMEN'S_JACKET_NAVY_HERO_SIDE.webp,bs732l-model-s732l-bianca-womens-jacket-navy-hero-side,https://notanother-nz.github.io/total-image-product-assets/assets/BS732L_LADIES_BIANCA_JACKET/webp/model/S732L_BIANCA_WOMEN'S_JACKET_NAVY_HERO_SIDE.webp,ladies-bianca-jacket-bs732l,navy,12
Ladies Bianca Jacket — BS732L_BIANCA_WOMEN'S_JACKET_BLACK_FRONT.webp,bs732l-product-bs732l-bianca-womens-jacket-black-front,https://notanother-nz.github.io/total-image-product-assets/assets/BS732L_LADIES_BIANCA_JACKET/webp/product/BS732L_BIANCA_WOMEN'S_JACKET_BLACK_FRONT.webp,ladies-bianca-jacket-bs732l,black,13
Ladies Bianca Jacket — BS732L_BIANCA_WOMEN'S_JACKET_NAVY_FRONT_2.webp,bs732l-product-bs732l-bianca-womens-jacket-navy-front-2,https://notanother-nz.github.io/total-image-product-assets/assets/BS732L_LADIES_BIANCA_JACKET/webp/product/BS732L_BIANCA_WOMEN'S_JACKET_NAVY_FRONT_2.webp,ladies-bianca-jacket-bs732l,navy,14
Ladies Bianca Jacket — BS732L_BIANCA_WOMEN'S_JACKET_NAVY_FRONT.webp,bs732l-product-bs732l-bianca-womens-jacket-navy-front,https://notanother-nz.github.io/total-image-product-assets/assets/BS732L_LADIES_BIANCA_JACKET/webp/product/BS732L_BIANCA_WOMEN'S_JACKET_NAVY_FRONT.webp,ladies-bianca-jacket-bs732l,navy,15
Ladies Bianca Jacket — BS732L_BIANCA_WOMEN'S_JACKET_BLACK_BACK.webp,bs732l-product-bs732l-bianca-womens-jacket-black-back,https://notanother-nz.github.io/total-image-product-assets/assets/BS732L_LADIES_BIANCA_JACKET/webp/product/BS732L_BIANCA_WOMEN'S_JACKET_BLACK_BACK.webp,ladies-bianca-jacket-bs732l,black,16
Ladies Bianca Jacket — BS732L_BIANCA_WOMEN'S_JACKET_NAVY_BACK_2.webp,bs732l-product-bs732l-bianca-womens-jacket-navy-back-2,https://notanother-nz.github.io/total-image-product-assets/assets/BS732L_LADIES_BIANCA_JACKET/webp/product/BS732L_BIANCA_WOMEN'S_JACKET_NAVY_BACK_2.webp,ladies-bianca-jacket-bs732l,navy,17
Ladies Bianca Jacket — BS732L_BIANCA_WOMEN'S_JACKET_NAVY_BACK.webp,bs732l-product-bs732l-bianca-womens-jacket-navy-back,https://notanother-nz.github.io/total-image-product-assets/assets/BS732L_LADIES_BIANCA_JACKET/webp/product/BS732L_BIANCA_WOMEN'S_JACKET_NAVY_BACK.webp,ladies-bianca-jacket-bs732l,navy,18
Ladies Remy Pant — BS909L_LADIES_REMY_PANT_NAVY_HERO_FRONT__jpg.webp,bs909l-model-bs909l-ladies-remy-pant-navy-hero-front-jpg,https://notanother-nz.github.io/total-image-product-assets/assets/BS909L_LADIES_REMY_PANT/webp/model/BS909L_LADIES_REMY_PANT_NAVY_HERO_FRONT__jpg.webp,ladies-remy-pant-bs909l,navy,1
Ladies Remy Pant — BS909L_LADIES_REMY_PANT_NAVY_HERO_FRONT__png.webp,bs909l-model-bs909l-ladies-remy-pant-navy-hero-front-png,https://notanother-nz.github.io/total-image-product-assets/assets/BS909L_LADIES_REMY_PANT/webp/model/BS909L_LADIES_REMY_PANT_NAVY_HERO_FRONT__png.webp,ladies-remy-pant-bs909l,navy,2
Ladies Remy Pant — BS909L_LADIES_REMY_PANT_NAVY_HERO_BACK__jpg.webp,bs909l-model-bs909l-ladies-remy-pant-navy-hero-back-jpg,https://notanother-nz.github.io/total-image-product-assets/assets/BS909L_LADIES_REMY_PANT/webp/model/BS909L_LADIES_REMY_PANT_NAVY_HERO_BACK__jpg.webp,ladies-remy-pant-bs909l,navy,3
Ladies Remy Pant — BS909L_LADIES_REMY_PANT_NAVY_HERO_BACK__png.webp,bs909l-model-bs909l-ladies-remy-pant-navy-hero-back-png,https://notanother-nz.github.io/total-image-product-assets/assets/BS909L_LADIES_REMY_PANT/webp/model/BS909L_LADIES_REMY_PANT_NAVY_HERO_BACK__png.webp,ladies-remy-pant-bs909l,navy,4
Ladies Remy Pant — BS909L_LADIES_REMY_PANT_NAVY_HERO_CLOSEUP.webp,bs909l-model-bs909l-ladies-remy-pant-navy-hero-closeup,https://notanother-nz.github.io/total-image-product-assets/assets/BS909L_LADIES_REMY_PANT/webp/model/BS909L_LADIES_REMY_PANT_NAVY_HERO_CLOSEUP.webp,ladies-remy-pant-bs909l,navy,5
Ladies Remy Pant — BS909L_LADIES_REMY_PANT_NAVY_HERO_SIDE.webp,bs909l-model-bs909l-ladies-remy-pant-navy-hero-side,https://notanother-nz.github.io/total-image-product-assets/assets/BS909L_LADIES_REMY_PANT/webp/model/BS909L_LADIES_REMY_PANT_NAVY_HERO_SIDE.webp,ladies-remy-pant-bs909l,navy,6
Ladies Remy Pant — BS909L_LADIES_REMY_PANT_BLACK_CLOSEUP.webp,bs909l-model-bs909l-ladies-remy-pant-black-closeup,https://notanother-nz.github.io/total-image-product-assets/assets/BS909L_LADIES_REMY_PANT/webp/model/BS909L_LADIES_REMY_PANT_BLACK_CLOSEUP.webp,ladies-remy-pant-bs909l,black,7
Ladies Remy Pant — BS909L_LADIES_REMY_PANT_BLACK_FRONT.webp,bs909l-product-bs909l-ladies-remy-pant-black-front,https://notanother-nz.github.io/total-image-product-assets/assets/BS909L_LADIES_REMY_PANT/webp/product/BS909L_LADIES_REMY_PANT_BLACK_FRONT.webp,ladies-remy-pant-bs909l,black,8
Ladies Remy Pant — BS909L_LADIES_REMY_PANT_NAVY_FRONT.webp,bs909l-product-bs909l-ladies-remy-pant-navy-front,https://notanother-nz.github.io/total-image-product-assets/assets/BS909L_LADIES_REMY_PANT/webp/product/BS909L_LADIES_REMY_PANT_NAVY_FRONT.webp,ladies-remy-pant-bs909l,navy,9
Ladies Remy Pant — BS909L_LADIES_REMY_PANT_BLACK_BACK.webp,bs909l-product-bs909l-ladies-remy-pant-black-back,https://notanother-nz.github.io/total-image-product-assets/assets/BS909L_LADIES_REMY_PANT/webp/product/BS909L_LADIES_REMY_PANT_BLACK_BACK.webp,ladies-remy-pant-bs909l,black,10
Ladies Remy Pant — BS909L_LADIES_REMY_PANT_NAVY_BACK.webp,bs909l-product-bs909l-ladies-remy-pant-navy-back,https://notanother-nz.github.io/total-image-product-assets/assets/BS909L_LADIES_REMY_PANT/webp/product/BS909L_LADIES_REMY_PANT_NAVY_BACK.webp,ladies-remy-pant-bs909l,navy,11
So Ezy Pant — CA3PSO_EZY_ PANT_NAVY_HERO_FRONT.webp,ca3pso-model-ca3pso-ezy-pant-navy-hero-front,https://notanother-nz.github.io/total-image-product-assets/assets/CA3PSO_EZY_%20PANT/webp/model/CA3PSO_EZY_%20PANT_NAVY_HERO_FRONT.webp,so-ezy-pant-ca3pso,navy,1
So Ezy Pant — CA3PSO_EZY_ PANT_NAVY_HERO_BACK.webp,ca3pso-model-ca3pso-ezy-pant-navy-hero-back,https://notanother-nz.github.io/total-image-product-assets/assets/CA3PSO_EZY_%20PANT/webp/model/CA3PSO_EZY_%20PANT_NAVY_HERO_BACK.webp,so-ezy-pant-ca3pso,navy,2
So Ezy Pant — CA3PSO_EZY_ PANT_NAVY_HERO_SIDE.webp,ca3pso-model-ca3pso-ezy-pant-navy-hero-side,https://notanother-nz.github.io/total-image-product-assets/assets/CA3PSO_EZY_%20PANT/webp/model/CA3PSO_EZY_%20PANT_NAVY_HERO_SIDE.webp,so-ezy-pant-ca3pso,navy,3
So Ezy Pant — CA3P_BLACK.webp,ca3pso-model-ca3p-black,https://notanother-nz.github.io/total-image-product-assets/assets/CA3PSO_EZY_%20PANT/webp/model/CA3P_BLACK.webp,so-ezy-pant-ca3pso,black,4
So Ezy Pant — CA3P_NAVY.webp,ca3pso-model-ca3p-navy,https://notanother-nz.github.io/total-image-product-assets/assets/CA3PSO_EZY_%20PANT/webp/model/CA3P_NAVY.webp,so-ezy-pant-ca3pso,navy,5
City Active Pant — CA4P_CITY_ACTIVE_CHARCOAL_AFRICAN_HERO_FRONT.webp,ca4p-model-ca4p-city-active-charcoal-african-hero-front,https://notanother-nz.github.io/total-image-product-assets/assets/CA4P_CITY_ACTIVE_PANT/webp/model/CA4P_CITY_ACTIVE_CHARCOAL_AFRICAN_HERO_FRONT.webp,city-active-pant-ca4p,charcoal,1
City Active Pant — CA4P_CITY_ACTIVE_NAVY_HERO_FRONT.webp,ca4p-model-ca4p-city-active-navy-hero-front,https://notanother-nz.github.io/total-image-product-assets/assets/CA4P_CITY_ACTIVE_PANT/webp/model/CA4P_CITY_ACTIVE_NAVY_HERO_FRONT.webp,city-active-pant-ca4p,navy,2
City Active Pant — CA4P_CITY_ACTIVE_PANT_CHARCOAL_HERO_FRONT.webp,ca4p-model-ca4p-city-active-pant-charcoal-hero-front,https://notanother-nz.github.io/total-image-product-assets/assets/CA4P_CITY_ACTIVE_PANT/webp/model/CA4P_CITY_ACTIVE_PANT_CHARCOAL_HERO_FRONT.webp,city-active-pant-ca4p,charcoal,3
City Active Pant — CA4P_CITY_ACTIVE_PANT_NAVY_HERO_FRONT.webp,ca4p-model-ca4p-city-active-pant-navy-hero-front,https://notanother-nz.github.io/total-image-product-assets/assets/CA4P_CITY_ACTIVE_PANT/webp/model/CA4P_CITY_ACTIVE_PANT_NAVY_HERO_FRONT.webp,city-active-pant-ca4p,navy,4
City Active Pant — CA4P_CITY_ACTIVE_CHARCOAL_AFRICAN_HERO_BACK.webp,ca4p-model-ca4p-city-active-charcoal-african-hero-back,https://notanother-nz.github.io/total-image-product-assets/assets/CA4P_CITY_ACTIVE_PANT/webp/model/CA4P_CITY_ACTIVE_CHARCOAL_AFRICAN_HERO_BACK.webp,city-active-pant-ca4p,charcoal,5
City Active Pant — CA4P_CITY_ACTIVE_NAVY_HERO_BACK.webp,ca4p-model-ca4p-city-active-navy-hero-back,https://notanother-nz.github.io/total-image-product-assets/assets/CA4P_CITY_ACTIVE_PANT/webp/model/CA4P_CITY_ACTIVE_NAVY_HERO_BACK.webp,city-active-pant-ca4p,navy,6
City Active Pant — CA4P_CITY_ACTIVE_PANT_CHARCOAL_HERO_BACK.webp,ca4p-model-ca4p-city-active-pant-charcoal-hero-back,https://notanother-nz.github.io/total-image-product-assets/assets/CA4P_CITY_ACTIVE_PANT/webp/model/CA4P_CITY_ACTIVE_PANT_CHARCOAL_HERO_BACK.webp,city-active-pant-ca4p,charcoal,7
City Active Pant — CA4P_CITY_ACTIVE_PANT_NAVY_HERO_BACK.webp,ca4p-model-ca4p-city-active-pant-navy-hero-back,https://notanother-nz.github.io/total-image-product-assets/assets/CA4P_CITY_ACTIVE_PANT/webp/model/CA4P_CITY_ACTIVE_PANT_NAVY_HERO_BACK.webp,city-active-pant-ca4p,navy,8
City Active Pant — CA4P_CITY_ACTIVE_CHARCOAL_AFRICAN_HERO_CLOSEUP.webp,ca4p-model-ca4p-city-active-charcoal-african-hero-closeup,https://notanother-nz.github.io/total-image-product-assets/assets/CA4P_CITY_ACTIVE_PANT/webp/model/CA4P_CITY_ACTIVE_CHARCOAL_AFRICAN_HERO_CLOSEUP.webp,city-active-pant-ca4p,charcoal,9
City Active Pant — CA4P_CITY_ACTIVE_NAVY_HERO_CLOSEUP.webp,ca4p-model-ca4p-city-active-navy-hero-closeup,https://notanother-nz.github.io/total-image-product-assets/assets/CA4P_CITY_ACTIVE_PANT/webp/model/CA4P_CITY_ACTIVE_NAVY_HERO_CLOSEUP.webp,city-active-pant-ca4p,navy,10
City Active Pant — CA4P_CITY_ACTIVE_PANT_CHARCOAL_HERO_CLOSEUP.webp,ca4p-model-ca4p-city-active-pant-charcoal-hero-closeup,https://notanother-nz.github.io/total-image-product-assets/assets/CA4P_CITY_ACTIVE_PANT/webp/model/CA4P_CITY_ACTIVE_PANT_CHARCOAL_HERO_CLOSEUP.webp,city-active-pant-ca4p,charcoal,11
City Active Pant — CA4P_CITY_ACTIVE_PANT_NAVY_HERO_CLOSEUP.webp,ca4p-model-ca4p-city-active-pant-navy-hero-closeup,https://notanother-nz.github.io/total-image-product-assets/assets/CA4P_CITY_ACTIVE_PANT/webp/model/CA4P_CITY_ACTIVE_PANT_NAVY_HERO_CLOSEUP.webp,city-active-pant-ca4p,navy,12
City Active Pant — CA4P_CITY_ACTIVE_CHARCOAL_AFRICAN_HERO_SIDE.webp,ca4p-model-ca4p-city-active-charcoal-african-hero-side,https://notanother-nz.github.io/total-image-product-assets/assets/CA4P_CITY_ACTIVE_PANT/webp/model/CA4P_CITY_ACTIVE_CHARCOAL_AFRICAN_HERO_SIDE.webp,city-active-pant-ca4p,charcoal,13
City Active Pant — CA4P_CITY_ACTIVE_NAVY_HERO_SIDE_FRONT.webp,ca4p-model-ca4p-city-active-navy-hero-side-front,https://notanother-nz.github.io/total-image-product-assets/assets/CA4P_CITY_ACTIVE_PANT/webp/model/CA4P_CITY_ACTIVE_NAVY_HERO_SIDE_FRONT.webp,city-active-pant-ca4p,navy,14
City Active Pant — CA4P_CITY_ACTIVE_NAVY_HERO_SIDE.webp,ca4p-model-ca4p-city-active-navy-hero-side,https://notanother-nz.github.io/total-image-product-assets/assets/CA4P_CITY_ACTIVE_PANT/webp/model/CA4P_CITY_ACTIVE_NAVY_HERO_SIDE.webp,city-active-pant-ca4p,navy,15
City Active Pant — CA4P_CITY_ACTIVE_PANT_CHARCOAL_HERO_SIDE.webp,ca4p-model-ca4p-city-active-pant-charcoal-hero-side,https://notanother-nz.github.io/total-image-product-assets/assets/CA4P_CITY_ACTIVE_PANT/webp/model/CA4P_CITY_ACTIVE_PANT_CHARCOAL_HERO_SIDE.webp,city-active-pant-ca4p,charcoal,16
City Active Pant — CA4P_CITY_ACTIVE_PANT_NAVY_HERO_SIDE.webp,ca4p-model-ca4p-city-active-pant-navy-hero-side,https://notanother-nz.github.io/total-image-product-assets/assets/CA4P_CITY_ACTIVE_PANT/webp/model/CA4P_CITY_ACTIVE_PANT_NAVY_HERO_SIDE.webp,city-active-pant-ca4p,navy,17
City Active Pant — CA4P_CITY_ACTIVE_CHARCOAL.webp,ca4p-model-ca4p-city-active-charcoal,https://notanother-nz.github.io/total-image-product-assets/assets/CA4P_CITY_ACTIVE_PANT/webp/model/CA4P_CITY_ACTIVE_CHARCOAL.webp,city-active-pant-ca4p,charcoal,18
City Active Pant — CA4P_CITY_ACTIVE_NAVY.webp,ca4p-model-ca4p-city-active-navy,https://notanother-nz.github.io/total-image-product-assets/assets/CA4P_CITY_ACTIVE_PANT/webp/model/CA4P_CITY_ACTIVE_NAVY.webp,city-active-pant-ca4p,navy,19
City Active Pant — CA4P_CITY_ACTIVE_PANT_BLACK__jpg.webp,ca4p-model-ca4p-city-active-pant-black-jpg,https://notanother-nz.github.io/total-image-product-assets/assets/CA4P_CITY_ACTIVE_PANT/webp/model/CA4P_CITY_ACTIVE_PANT_BLACK__jpg.webp,city-active-pant-ca4p,black,20
City Active Pant — CA4P_CITY_ACTIVE_PANT_BLACK__png.webp,ca4p-model-ca4p-city-active-pant-black-png,https://notanother-nz.github.io/total-image-product-assets/assets/CA4P_CITY_ACTIVE_PANT/webp/model/CA4P_CITY_ACTIVE_PANT_BLACK__png.webp,city-active-pant-ca4p,black,21
City Active Pant — CA4P_CITY_ACTIVE_PANT_CHARCOAL.webp,ca4p-model-ca4p-city-active-pant-charcoal,https://notanother-nz.github.io/total-image-product-assets/assets/CA4P_CITY_ACTIVE_PANT/webp/model/CA4P_CITY_ACTIVE_PANT_CHARCOAL.webp,city-active-pant-ca4p,charcoal,22
City Active Pant — CA4P_CITY_ACTIVE_PANT_NAVY.webp,ca4p-model-ca4p-city-active-pant-navy,https://notanother-nz.github.io/total-image-product-assets/assets/CA4P_CITY_ACTIVE_PANT/webp/model/CA4P_CITY_ACTIVE_PANT_NAVY.webp,city-active-pant-ca4p,navy,23
City Active Pant — CA4P_CITY_ACTIVE_TEAL.webp,ca4p-model-ca4p-city-active-teal,https://notanother-nz.github.io/total-image-product-assets/assets/CA4P_CITY_ACTIVE_PANT/webp/model/CA4P_CITY_ACTIVE_TEAL.webp,city-active-pant-ca4p,teal,24
City Active Top — CA4T_CITY_ACTIVE_TOP_CHARCOAL_HERO_FRONT.webp,ca4t-model-ca4t-city-active-top-charcoal-hero-front,https://notanother-nz.github.io/total-image-product-assets/assets/CA4T_CITY_ACTIVE_TOP/webp/model/CA4T_CITY_ACTIVE_TOP_CHARCOAL_HERO_FRONT.webp,city-active-top-ca4t,charcoal,1
City Active Top — CA4T_CITY_ACTIVE_TOP_CHARCOAL_HERO_BACK.webp,ca4t-model-ca4t-city-active-top-charcoal-hero-back,https://notanother-nz.github.io/total-image-product-assets/assets/CA4T_CITY_ACTIVE_TOP/webp/model/CA4T_CITY_ACTIVE_TOP_CHARCOAL_HERO_BACK.webp,city-active-top-ca4t,charcoal,2
City Active Top — CA4T_CITY_ACTIVE_TOP_CHARCOAL_HERO_CLOSEUP.webp,ca4t-model-ca4t-city-active-top-charcoal-hero-closeup,https://notanother-nz.github.io/total-image-product-assets/assets/CA4T_CITY_ACTIVE_TOP/webp/model/CA4T_CITY_ACTIVE_TOP_CHARCOAL_HERO_CLOSEUP.webp,city-active-top-ca4t,charcoal,3
City Active Top — CA4T_CITY_ACTIVE_TOP_CHARCOAL_HERO_SIDE.webp,ca4t-model-ca4t-city-active-top-charcoal-hero-side,https://notanother-nz.github.io/total-image-product-assets/assets/CA4T_CITY_ACTIVE_TOP/webp/model/CA4T_CITY_ACTIVE_TOP_CHARCOAL_HERO_SIDE.webp,city-active-top-ca4t,charcoal,4
City Active Top — CA4T_CITY_ACTIVE_TOP_BLACK.webp,ca4t-product-ca4t-city-active-top-black,https://notanother-nz.github.io/total-image-product-assets/assets/CA4T_CITY_ACTIVE_TOP/webp/product/CA4T_CITY_ACTIVE_TOP_BLACK.webp,city-active-top-ca4t,black,5
City Active Top — CA4T_CITY_ACTIVE_TOP_CHARCOAL.webp,ca4t-product-ca4t-city-active-top-charcoal,https://notanother-nz.github.io/total-image-product-assets/assets/CA4T_CITY_ACTIVE_TOP/webp/product/CA4T_CITY_ACTIVE_TOP_CHARCOAL.webp,city-active-top-ca4t,charcoal,6
City Active Top — CA4T_CITY_ACTIVE_TOP_NAVY.webp,ca4t-product-ca4t-city-active-top-navy,https://notanother-nz.github.io/total-image-product-assets/assets/CA4T_CITY_ACTIVE_TOP/webp/product/CA4T_CITY_ACTIVE_TOP_NAVY.webp,city-active-top-ca4t,navy,7
City Active Top — CA4T_CITY_ACTIVE_TOP_ROYAL.webp,ca4t-product-ca4t-city-active-top-royal,https://notanother-nz.github.io/total-image-product-assets/assets/CA4T_CITY_ACTIVE_TOP/webp/product/CA4T_CITY_ACTIVE_TOP_ROYAL.webp,city-active-top-ca4t,royal,8
City Active Top — CA4T_CITY_ACTIVE_TOP_TEAL.webp,ca4t-product-ca4t-city-active-top-teal,https://notanother-nz.github.io/total-image-product-assets/assets/CA4T_CITY_ACTIVE_TOP/webp/product/CA4T_CITY_ACTIVE_TOP_TEAL.webp,city-active-top-ca4t,teal,9
Nepal Chef Jacket — CBZ02_NEPAL_CHEF_JACKET_OCEAN_BLUE_HERO_FRONT.webp,cbz02-model-cbz02-nepal-chef-jacket-ocean-blue-hero-front,https://notanother-nz.github.io/total-image-product-assets/assets/CBZ02_NEPAL_CHEF_JACKET/webp/model/CBZ02_NEPAL_CHEF_JACKET_OCEAN_BLUE_HERO_FRONT.webp,nepal-chef-jacket-cbz02,ocean-blue,1
Nepal Chef Jacket — CBZ02_NEPAL_CHEF_JACKET_OCEAN_BLUE_HERO_BACK.webp,cbz02-model-cbz02-nepal-chef-jacket-ocean-blue-hero-back,https://notanother-nz.github.io/total-image-product-assets/assets/CBZ02_NEPAL_CHEF_JACKET/webp/model/CBZ02_NEPAL_CHEF_JACKET_OCEAN_BLUE_HERO_BACK.webp,nepal-chef-jacket-cbz02,ocean-blue,2
Nepal Chef Jacket — CBZ02_NEPAL_CHEF_JACKET_OCEAN_BLUE_HERO_CLOSEUP.webp,cbz02-model-cbz02-nepal-chef-jacket-ocean-blue-hero-closeup,https://notanother-nz.github.io/total-image-product-assets/assets/CBZ02_NEPAL_CHEF_JACKET/webp/model/CBZ02_NEPAL_CHEF_JACKET_OCEAN_BLUE_HERO_CLOSEUP.webp,nepal-chef-jacket-cbz02,ocean-blue,3
Nepal Chef Jacket — CBZ02_NEPAL_CHEF_JACKET_OCEAN_BLUE_HERO_SIDE.webp,cbz02-model-cbz02-nepal-chef-jacket-ocean-blue-hero-side,https://notanother-nz.github.io/total-image-product-assets/assets/CBZ02_NEPAL_CHEF_JACKET/webp/model/CBZ02_NEPAL_CHEF_JACKET_OCEAN_BLUE_HERO_SIDE.webp,nepal-chef-jacket-cbz02,ocean-blue,4
Nepal Chef Jacket — CBZ02_NEPAL_CHEF_JACKET_BLACK_FRONT.webp,cbz02-product-cbz02-nepal-chef-jacket-black-front,https://notanother-nz.github.io/total-image-product-assets/assets/CBZ02_NEPAL_CHEF_JACKET/webp/product/CBZ02_NEPAL_CHEF_JACKET_BLACK_FRONT.webp,nepal-chef-jacket-cbz02,black,5
Nepal Chef Jacket — CBZ02_NEPAL_CHEF_JACKET_FRONT.webp,cbz02-product-cbz02-nepal-chef-jacket-front,https://notanother-nz.github.io/total-image-product-assets/assets/CBZ02_NEPAL_CHEF_JACKET/webp/product/CBZ02_NEPAL_CHEF_JACKET_FRONT.webp,nepal-chef-jacket-cbz02,,6
Nepal Chef Jacket — CBZ02_NEPAL_CHEF_JACKET_OCEAN_BLUE_FRONT.webp,cbz02-product-cbz02-nepal-chef-jacket-ocean-blue-front,https://notanother-nz.github.io/total-image-product-assets/assets/CBZ02_NEPAL_CHEF_JACKET/webp/product/CBZ02_NEPAL_CHEF_JACKET_OCEAN_BLUE_FRONT.webp,nepal-chef-jacket-cbz02,ocean-blue,7
Nepal Chef Jacket — CBZ02_NEPAL_CHEF_JACKET_WHITE_FRONT.webp,cbz02-product-cbz02-nepal-chef-jacket-white-front,https://notanother-nz.github.io/total-image-product-assets/assets/CBZ02_NEPAL_CHEF_JACKET/webp/product/CBZ02_NEPAL_CHEF_JACKET_WHITE_FRONT.webp,nepal-chef-jacket-cbz02,white,8
Nepal Chef Jacket — CBZ02_NEPAL_CHEF_JACKET_BLACK_BACK.webp,cbz02-product-cbz02-nepal-chef-jacket-black-back,https://notanother-nz.github.io/total-image-product-assets/assets/CBZ02_NEPAL_CHEF_JACKET/webp/product/CBZ02_NEPAL_CHEF_JACKET_BLACK_BACK.webp,nepal-chef-jacket-cbz02,black,9
Nepal Chef Jacket — CBZ02_NEPAL_CHEF_JACKET_GREY_BACK.webp,cbz02-product-cbz02-nepal-chef-jacket-grey-back,https://notanother-nz.github.io/total-image-product-assets/assets/CBZ02_NEPAL_CHEF_JACKET/webp/product/CBZ02_NEPAL_CHEF_JACKET_GREY_BACK.webp,nepal-chef-jacket-cbz02,grey,10
Nepal Chef Jacket — CBZ02_NEPAL_CHEF_JACKETOCEAN_BLUE_BACK.webp,cbz02-product-cbz02-nepal-chef-jacketocean-blue-back,https://notanother-nz.github.io/total-image-product-assets/assets/CBZ02_NEPAL_CHEF_JACKET/webp/product/CBZ02_NEPAL_CHEF_JACKETOCEAN_BLUE_BACK.webp,nepal-chef-jacket-cbz02,ocean-blue,11
Nepal Chef Jacket — CBZ02_NEPAL_CHEF_JACKETWHITE_BACK.webp,cbz02-product-cbz02-nepal-chef-jacketwhite-back,https://notanother-nz.github.io/total-image-product-assets/assets/CBZ02_NEPAL_CHEF_JACKET/webp/product/CBZ02_NEPAL_CHEF_JACKETWHITE_BACK.webp,nepal-chef-jacket-cbz02,white,12
Al Dente Men's Chef Jacket — CH230ML_BIZ_AL_DENTE_MEN'S_CHEF_JACKET_BLACK_HERO_FRONT.webp,ch230ml-model-ch230ml-biz-al-dente-mens-chef-jacket-black-hero-front,https://notanother-nz.github.io/total-image-product-assets/assets/CH230ML_AL_DENTE_MEN'S_CHEF_JACKET/webp/model/CH230ML_BIZ_AL_DENTE_MEN'S_CHEF_JACKET_BLACK_HERO_FRONT.webp,al-dente-mens-chef-jacket-ch230ml,black,1
Al Dente Men's Chef Jacket — CH230ML_BIZ_AL_DENTE_MEN'S_CHEF_JACKET_WHITE_HERO_FRONT.webp,ch230ml-model-ch230ml-biz-al-dente-mens-chef-jacket-white-hero-front,https://notanother-nz.github.io/total-image-product-assets/assets/CH230ML_AL_DENTE_MEN'S_CHEF_JACKET/webp/model/CH230ML_BIZ_AL_DENTE_MEN'S_CHEF_JACKET_WHITE_HERO_FRONT.webp,al-dente-mens-chef-jacket-ch230ml,white,2
Al Dente Men's Chef Jacket — CH230ML_BIZ_AL_DENTE_MEN'S_CHEF_JACKET_BLACK_HERO_BACK.webp,ch230ml-model-ch230ml-biz-al-dente-mens-chef-jacket-black-hero-back,https://notanother-nz.github.io/total-image-product-assets/assets/CH230ML_AL_DENTE_MEN'S_CHEF_JACKET/webp/model/CH230ML_BIZ_AL_DENTE_MEN'S_CHEF_JACKET_BLACK_HERO_BACK.webp,al-dente-mens-chef-jacket-ch230ml,black,3
Al Dente Men's Chef Jacket — CH230ML_BIZ_AL_DENTE_MEN'S_CHEF_JACKET_WHITE_HERO_BACK.webp,ch230ml-model-ch230ml-biz-al-dente-mens-chef-jacket-white-hero-back,https://notanother-nz.github.io/total-image-product-assets/assets/CH230ML_AL_DENTE_MEN'S_CHEF_JACKET/webp/model/CH230ML_BIZ_AL_DENTE_MEN'S_CHEF_JACKET_WHITE_HERO_BACK.webp,al-dente-mens-chef-jacket-ch230ml,white,4
Al Dente Men's Chef Jacket — CH230ML_BIZ_AL_DENTE_MEN'S_CHEF_JACKET_BLACK_HERO_CLOSEUP.webp,ch230ml-model-ch230ml-biz-al-dente-mens-chef-jacket-black-hero-closeup,https://notanother-nz.github.io/total-image-product-assets/assets/CH230ML_AL_DENTE_MEN'S_CHEF_JACKET/webp/model/CH230ML_BIZ_AL_DENTE_MEN'S_CHEF_JACKET_BLACK_HERO_CLOSEUP.webp,al-dente-mens-chef-jacket-ch230ml,black,5
Al Dente Men's Chef Jacket — CH230ML_BIZ_AL_DENTE_MEN'S_CHEF_JACKET_WHITE_HERO_CLOSEUP.webp,ch230ml-model-ch230ml-biz-al-dente-mens-chef-jacket-white-hero-closeup,https://notanother-nz.github.io/total-image-product-assets/assets/CH230ML_AL_DENTE_MEN'S_CHEF_JACKET/webp/model/CH230ML_BIZ_AL_DENTE_MEN'S_CHEF_JACKET_WHITE_HERO_CLOSEUP.webp,al-dente-mens-chef-jacket-ch230ml,white,6
Al Dente Men's Chef Jacket — CH230ML_BIZ_AL_DENTE_MEN'S_CHEF_JACKET_BLACK_HERO_SIDE.webp,ch230ml-model-ch230ml-biz-al-dente-mens-chef-jacket-black-hero-side,https://notanother-nz.github.io/total-image-product-assets/assets/CH230ML_AL_DENTE_MEN'S_CHEF_JACKET/webp/model/CH230ML_BIZ_AL_DENTE_MEN'S_CHEF_JACKET_BLACK_HERO_SIDE.webp,al-dente-mens-chef-jacket-ch230ml,black,7
Al Dente Men's Chef Jacket — CH230ML_BIZ_AL_DENTE_MEN'S_CHEF_JACKET_WHITE_HERO_SIDE.webp,ch230ml-model-ch230ml-biz-al-dente-mens-chef-jacket-white-hero-side,https://notanother-nz.github.io/total-image-product-assets/assets/CH230ML_AL_DENTE_MEN'S_CHEF_JACKET/webp/model/CH230ML_BIZ_AL_DENTE_MEN'S_CHEF_JACKET_WHITE_HERO_SIDE.webp,al-dente-mens-chef-jacket-ch230ml,white,8
Al Dente Men's Chef Jacket — CH230ML_BIZ_AL_DENTE_MEN'S_CHEF_JACKET_BLACK_FRONT.webp,ch230ml-product-ch230ml-biz-al-dente-mens-chef-jacket-black-front,https://notanother-nz.github.io/total-image-product-assets/assets/CH230ML_AL_DENTE_MEN'S_CHEF_JACKET/webp/product/CH230ML_BIZ_AL_DENTE_MEN'S_CHEF_JACKET_BLACK_FRONT.webp,al-dente-mens-chef-jacket-ch230ml,black,9
Al Dente Men's Chef Jacket — CH230ML_BIZ_AL_DENTE_MEN'S_CHEF_JACKET_WHITE_FRONT.webp,ch230ml-product-ch230ml-biz-al-dente-mens-chef-jacket-white-front,https://notanother-nz.github.io/total-image-product-assets/assets/CH230ML_AL_DENTE_MEN'S_CHEF_JACKET/webp/product/CH230ML_BIZ_AL_DENTE_MEN'S_CHEF_JACKET_WHITE_FRONT.webp,al-dente-mens-chef-jacket-ch230ml,white,10
Al Dente Men's Chef Jacket — CH230ML_BIZ_AL_DENTE_MEN'S CHEF_JACKET_BLACK_BACK.webp,ch230ml-product-ch230ml-biz-al-dente-mens-chef-jacket-black-back,https://notanother-nz.github.io/total-image-product-assets/assets/CH230ML_AL_DENTE_MEN'S_CHEF_JACKET/webp/product/CH230ML_BIZ_AL_DENTE_MEN'S%20CHEF_JACKET_BLACK_BACK.webp,al-dente-mens-chef-jacket-ch230ml,black,11
Al Dente Men's Chef Jacket — CH230ML_BIZ_AL_DENTE_MEN'S_CHEF_JACKET_WHITE_BACK.webp,ch230ml-product-ch230ml-biz-al-dente-mens-chef-jacket-white-back,https://notanother-nz.github.io/total-image-product-assets/assets/CH230ML_AL_DENTE_MEN'S_CHEF_JACKET/webp/product/CH230ML_BIZ_AL_DENTE_MEN'S_CHEF_JACKET_WHITE_BACK.webp,al-dente-mens-chef-jacket-ch230ml,white,12
Zest Women's Chef Jacket — CH232LS_ZEST WOMEN'S_CHEF_JACKET_WHITE_HERO_FRONT.webp,ch232ls-model-ch232ls-zest-womens-chef-jacket-white-hero-front,https://notanother-nz.github.io/total-image-product-assets/assets/CH232LS_ZEST_WOMEN'S_CHEF_JACKET/webp/model/CH232LS_ZEST%20WOMEN'S_CHEF_JACKET_WHITE_HERO_FRONT.webp,zest-womens-chef-jacket-ch232ls,white,1
Zest Women's Chef Jacket — CH232LS_ZEST_WOMEN'S_CHEF_JACKET_WHITE_HERO_BACK.webp,ch232ls-model-ch232ls-zest-womens-chef-jacket-white-hero-back,https://notanother-nz.github.io/total-image-product-assets/assets/CH232LS_ZEST_WOMEN'S_CHEF_JACKET/webp/model/CH232LS_ZEST_WOMEN'S_CHEF_JACKET_WHITE_HERO_BACK.webp,zest-womens-chef-jacket-ch232ls,white,2
Zest Women's Chef Jacket — CH232LS_ZEST_WOMEN'S_CHEF_JACKET_WHITE_HERO_CLOSEUP.webp,ch232ls-model-ch232ls-zest-womens-chef-jacket-white-hero-closeup,https://notanother-nz.github.io/total-image-product-assets/assets/CH232LS_ZEST_WOMEN'S_CHEF_JACKET/webp/model/CH232LS_ZEST_WOMEN'S_CHEF_JACKET_WHITE_HERO_CLOSEUP.webp,zest-womens-chef-jacket-ch232ls,white,3
Zest Women's Chef Jacket — CH232LS_ZEST_WOMEN'S_CHEF_JACKET_WHITE_HERO_SIDE.webp,ch232ls-model-ch232ls-zest-womens-chef-jacket-white-hero-side,https://notanother-nz.github.io/total-image-product-assets/assets/CH232LS_ZEST_WOMEN'S_CHEF_JACKET/webp/model/CH232LS_ZEST_WOMEN'S_CHEF_JACKET_WHITE_HERO_SIDE.webp,zest-womens-chef-jacket-ch232ls,white,4
Zest Women's Chef Jacket — CH232LS_ZEST_WOMEN'S_CHEF_JACKET_BLACK_FRONT.webp,ch232ls-product-ch232ls-zest-womens-chef-jacket-black-front,https://notanother-nz.github.io/total-image-product-assets/assets/CH232LS_ZEST_WOMEN'S_CHEF_JACKET/webp/product/CH232LS_ZEST_WOMEN'S_CHEF_JACKET_BLACK_FRONT.webp,zest-womens-chef-jacket-ch232ls,black,5
Zest Women's Chef Jacket — CH232LS_ZEST_WOMEN'S_CHEF_JACKET_WHITE_FRONT.webp,ch232ls-product-ch232ls-zest-womens-chef-jacket-white-front,https://notanother-nz.github.io/total-image-product-assets/assets/CH232LS_ZEST_WOMEN'S_CHEF_JACKET/webp/product/CH232LS_ZEST_WOMEN'S_CHEF_JACKET_WHITE_FRONT.webp,zest-womens-chef-jacket-ch232ls,white,6
Zest Women's Chef Jacket — CH232LS_ZEST_WOMEN'S_CHEF_JACKET_BLACK_BACK.webp,ch232ls-product-ch232ls-zest-womens-chef-jacket-black-back,https://notanother-nz.github.io/total-image-product-assets/assets/CH232LS_ZEST_WOMEN'S_CHEF_JACKET/webp/product/CH232LS_ZEST_WOMEN'S_CHEF_JACKET_BLACK_BACK.webp,zest-womens-chef-jacket-ch232ls,black,7
Zest Women's Chef Jacket — CH232LS_ZEST_WOMEN'S_CHEF_JACKET_WHITE_BACK.webp,ch232ls-product-ch232ls-zest-womens-chef-jacket-white-back,https://notanother-nz.github.io/total-image-product-assets/assets/CH232LS_ZEST_WOMEN'S_CHEF_JACKET/webp/product/CH232LS_ZEST_WOMEN'S_CHEF_JACKET_WHITE_BACK.webp,zest-womens-chef-jacket-ch232ls,white,8
Zest Men's L/S Chef Jacket — CH232ML_ZEST_MENS_LS_CHEF_JACKET_WHITE_HERO_FRONT.webp,ch232ml-model-ch232ml-zest-mens-ls-chef-jacket-white-hero-front,https://notanother-nz.github.io/total-image-product-assets/assets/CH232ML_ZEST_MENS_LS_CHEF_JACKET/webp/model/CH232ML_ZEST_MENS_LS_CHEF_JACKET_WHITE_HERO_FRONT.webp,zest-mens-l-s-chef-jacket,white,1
Zest Men's L/S Chef Jacket — CH232ML_ZEST_MENS_LS_CHEF_JACKET_WHITE_HERO_BACK.webp,ch232ml-model-ch232ml-zest-mens-ls-chef-jacket-white-hero-back,https://notanother-nz.github.io/total-image-product-assets/assets/CH232ML_ZEST_MENS_LS_CHEF_JACKET/webp/model/CH232ML_ZEST_MENS_LS_CHEF_JACKET_WHITE_HERO_BACK.webp,zest-mens-l-s-chef-jacket,white,2
Zest Men's L/S Chef Jacket — CH232ML_ZEST_MENS_LS_CHEF_JACKET_WHITE_HERO_CLOSEUP.webp,ch232ml-model-ch232ml-zest-mens-ls-chef-jacket-white-hero-closeup,https://notanother-nz.github.io/total-image-product-assets/assets/CH232ML_ZEST_MENS_LS_CHEF_JACKET/webp/model/CH232ML_ZEST_MENS_LS_CHEF_JACKET_WHITE_HERO_CLOSEUP.webp,zest-mens-l-s-chef-jacket,white,3
Zest Men's L/S Chef Jacket — CH232ML_ZEST_MENS_LS_CHEF_JACKET_WHITE_HERO_SIDE.webp,ch232ml-model-ch232ml-zest-mens-ls-chef-jacket-white-hero-side,https://notanother-nz.github.io/total-image-product-assets/assets/CH232ML_ZEST_MENS_LS_CHEF_JACKET/webp/model/CH232ML_ZEST_MENS_LS_CHEF_JACKET_WHITE_HERO_SIDE.webp,zest-mens-l-s-chef-jacket,white,4
Zest Men's L/S Chef Jacket — CH232ML_ZEST_MENS_LS_CHEF_JACKET_BLACK_FRONT.webp,ch232ml-product-ch232ml-zest-mens-ls-chef-jacket-black-front,https://notanother-nz.github.io/total-image-product-assets/assets/CH232ML_ZEST_MENS_LS_CHEF_JACKET/webp/product/CH232ML_ZEST_MENS_LS_CHEF_JACKET_BLACK_FRONT.webp,zest-mens-l-s-chef-jacket,black,5
Zest Men's L/S Chef Jacket — CH232ML_ZEST_MENS_LS_CHEF_JACKET_WHITE_FRONT.webp,ch232ml-product-ch232ml-zest-mens-ls-chef-jacket-white-front,https://notanother-nz.github.io/total-image-product-assets/assets/CH232ML_ZEST_MENS_LS_CHEF_JACKET/webp/product/CH232ML_ZEST_MENS_LS_CHEF_JACKET_WHITE_FRONT.webp,zest-mens-l-s-chef-jacket,white,6
Zest Men's L/S Chef Jacket — CH232ML_ZEST_MENS_LS_CHEF_JACKET_BLACK_BACK.webp,ch232ml-product-ch232ml-zest-mens-ls-chef-jacket-black-back,https://notanother-nz.github.io/total-image-product-assets/assets/CH232ML_ZEST_MENS_LS_CHEF_JACKET/webp/product/CH232ML_ZEST_MENS_LS_CHEF_JACKET_BLACK_BACK.webp,zest-mens-l-s-chef-jacket,black,7
Zest Men's L/S Chef Jacket — CH232ML_ZEST_MENS_LS_CHEF_JACKET_WHITE_BACK.webp,ch232ml-product-ch232ml-zest-mens-ls-chef-jacket-white-back,https://notanother-nz.github.io/total-image-product-assets/assets/CH232ML_ZEST_MENS_LS_CHEF_JACKET/webp/product/CH232ML_ZEST_MENS_LS_CHEF_JACKET_WHITE_BACK.webp,zest-mens-l-s-chef-jacket,white,8
Zest Men's S/S Chef Jacket — CH232MS_ZEST_MEN'S_SS_CHEF_JACKET_BLACK_HERO_FRONT.webp,ch232ms-model-ch232ms-zest-mens-ss-chef-jacket-black-hero-front,https://notanother-nz.github.io/total-image-product-assets/assets/CH232MS_ZEST_MEN'S_SS_CHEF_JACKET/webp/model/CH232MS_ZEST_MEN'S_SS_CHEF_JACKET_BLACK_HERO_FRONT.webp,zest-mens-s-s-chef-jacket,black,1
Zest Men's S/S Chef Jacket — CH232MS_ZEST_MEN'S_SS_CHEF_JACKET_BLACK_HERO_BACK.webp,ch232ms-model-ch232ms-zest-mens-ss-chef-jacket-black-hero-back,https://notanother-nz.github.io/total-image-product-assets/assets/CH232MS_ZEST_MEN'S_SS_CHEF_JACKET/webp/model/CH232MS_ZEST_MEN'S_SS_CHEF_JACKET_BLACK_HERO_BACK.webp,zest-mens-s-s-chef-jacket,black,2
Zest Men's S/S Chef Jacket — CH232MS_ZEST_MEN'S_SS_CHEF_JACKET_BLACK_HERO_CLOSEUP.webp,ch232ms-model-ch232ms-zest-mens-ss-chef-jacket-black-hero-closeup,https://notanother-nz.github.io/total-image-product-assets/assets/CH232MS_ZEST_MEN'S_SS_CHEF_JACKET/webp/model/CH232MS_ZEST_MEN'S_SS_CHEF_JACKET_BLACK_HERO_CLOSEUP.webp,zest-mens-s-s-chef-jacket,black,3
Zest Men's S/S Chef Jacket — CH232MS_ZEST_MEN'S_SS_CHEF_JACKET_BLACK_HERO_SIDE.webp,ch232ms-model-ch232ms-zest-mens-ss-chef-jacket-black-hero-side,https://notanother-nz.github.io/total-image-product-assets/assets/CH232MS_ZEST_MEN'S_SS_CHEF_JACKET/webp/model/CH232MS_ZEST_MEN'S_SS_CHEF_JACKET_BLACK_HERO_SIDE.webp,zest-mens-s-s-chef-jacket,black,4
Zest Men's S/S Chef Jacket — CH232MS_ZEST_MEN'S_SS_CHEF_JACKET_BLACK_FRONT.webp,ch232ms-product-ch232ms-zest-mens-ss-chef-jacket-black-front,https://notanother-nz.github.io/total-image-product-assets/assets/CH232MS_ZEST_MEN'S_SS_CHEF_JACKET/webp/product/CH232MS_ZEST_MEN'S_SS_CHEF_JACKET_BLACK_FRONT.webp,zest-mens-s-s-chef-jacket,black,5
Zest Men's S/S Chef Jacket — CH232MS_ZEST_MEN'S_SS_CHEF_JACKET_WHITE_FRONT.webp,ch232ms-product-ch232ms-zest-mens-ss-chef-jacket-white-front,https://notanother-nz.github.io/total-image-product-assets/assets/CH232MS_ZEST_MEN'S_SS_CHEF_JACKET/webp/product/CH232MS_ZEST_MEN'S_SS_CHEF_JACKET_WHITE_FRONT.webp,zest-mens-s-s-chef-jacket,white,6
Zest Men's S/S Chef Jacket — CH232MS_ZEST_MEN'S_SS_CHEF_JACKET_BLACK_BACK.webp,ch232ms-product-ch232ms-zest-mens-ss-chef-jacket-black-back,https://notanother-nz.github.io/total-image-product-assets/assets/CH232MS_ZEST_MEN'S_SS_CHEF_JACKET/webp/product/CH232MS_ZEST_MEN'S_SS_CHEF_JACKET_BLACK_BACK.webp,zest-mens-s-s-chef-jacket,black,7
Zest Men's S/S Chef Jacket — CH232MS_ZEST_MEN'S_SS_CHEF_JACKET_WHITE_BACK.webp,ch232ms-product-ch232ms-zest-mens-ss-chef-jacket-white-back,https://notanother-nz.github.io/total-image-product-assets/assets/CH232MS_ZEST_MEN'S_SS_CHEF_JACKET/webp/product/CH232MS_ZEST_MEN'S_SS_CHEF_JACKET_WHITE_BACK.webp,zest-mens-s-s-chef-jacket,white,8
Men's Alfresco Short Sleeve Chef Jacket — CH330MS_MEN'S_ALFRESCO_SHORT_SLEEVE_CHEF_JACKET_GREY_HERO_FRONT.webp,ch330ms-model-ch330ms-mens-alfresco-short-sleeve-chef-jacket-grey-hero-front,https://notanother-nz.github.io/total-image-product-assets/assets/CH330MS_MEN'S_ALFRESCO_SHORT_SLEEVE_CHEF_JACKET/webp/model/CH330MS_MEN'S_ALFRESCO_SHORT_SLEEVE_CHEF_JACKET_GREY_HERO_FRONT.webp,mens-alfresco-short-sleeve-chef-jacket-ch330ms,grey-smoke,1
Men's Alfresco Short Sleeve Chef Jacket — CH330MS_MEN'S_ALFRESCO_SHORT_SLEEVE_CHEF_JACKET_GREY_HERO_BACK.webp,ch330ms-model-ch330ms-mens-alfresco-short-sleeve-chef-jacket-grey-hero-back,https://notanother-nz.github.io/total-image-product-assets/assets/CH330MS_MEN'S_ALFRESCO_SHORT_SLEEVE_CHEF_JACKET/webp/model/CH330MS_MEN'S_ALFRESCO_SHORT_SLEEVE_CHEF_JACKET_GREY_HERO_BACK.webp,mens-alfresco-short-sleeve-chef-jacket-ch330ms,grey-smoke,2
Men's Alfresco Short Sleeve Chef Jacket — CH330MS_MEN'S_ALFRESCO_SHORT_SLEEVE_CHEF_JACKET_GREY_HERO_CLOSEUP.webp,ch330ms-model-ch330ms-mens-alfresco-short-sleeve-chef-jacket-grey-hero-closeup,https://notanother-nz.github.io/total-image-product-assets/assets/CH330MS_MEN'S_ALFRESCO_SHORT_SLEEVE_CHEF_JACKET/webp/model/CH330MS_MEN'S_ALFRESCO_SHORT_SLEEVE_CHEF_JACKET_GREY_HERO_CLOSEUP.webp,mens-alfresco-short-sleeve-chef-jacket-ch330ms,grey-smoke,3
Men's Alfresco Short Sleeve Chef Jacket — CH330MS_MEN'S_ALFRESCO_SHORT_SLEEVE_CHEF_JACKET_GREY_HERO_SIDE.webp,ch330ms-model-ch330ms-mens-alfresco-short-sleeve-chef-jacket-grey-hero-side,https://notanother-nz.github.io/total-image-product-assets/assets/CH330MS_MEN'S_ALFRESCO_SHORT_SLEEVE_CHEF_JACKET/webp/model/CH330MS_MEN'S_ALFRESCO_SHORT_SLEEVE_CHEF_JACKET_GREY_HERO_SIDE.webp,mens-alfresco-short-sleeve-chef-jacket-ch330ms,grey-smoke,4
Men's Alfresco Short Sleeve Chef Jacket — CH330MS_MEN'S_ALFRESCO_SHORT_SLEEVE_CHEF_JACKET_GREY_SMOKE_FRONT.webp,ch330ms-product-ch330ms-mens-alfresco-short-sleeve-chef-jacket-grey-smoke-front,https://notanother-nz.github.io/total-image-product-assets/assets/CH330MS_MEN'S_ALFRESCO_SHORT_SLEEVE_CHEF_JACKET/webp/product/CH330MS_MEN'S_ALFRESCO_SHORT_SLEEVE_CHEF_JACKET_GREY_SMOKE_FRONT.webp,mens-alfresco-short-sleeve-chef-jacket-ch330ms,grey-smoke,5
Men's Alfresco Short Sleeve Chef Jacket — CH330MS_MEN'S_ALFRESCO_SHORT_SLEEVE_CHEF_JACKET_GREY_SMOKE_BACK.webp,ch330ms-product-ch330ms-mens-alfresco-short-sleeve-chef-jacket-grey-smoke-back,https://notanother-nz.github.io/total-image-product-assets/assets/CH330MS_MEN'S_ALFRESCO_SHORT_SLEEVE_CHEF_JACKET/webp/product/CH330MS_MEN'S_ALFRESCO_SHORT_SLEEVE_CHEF_JACKET_GREY_SMOKE_BACK.webp,mens-alfresco-short-sleeve-chef-jacket-ch330ms,grey-smoke,6
Mesh Flat Top Hat — CH333_MESH_FLAT_TOP_HAT_BLACK_HERO.webp,ch333-model-ch333-mesh-flat-top-hat-black-hero,https://notanother-nz.github.io/total-image-product-assets/assets/CH333_MESH_FLAT_TOP_HAT/webp/model/CH333_MESH_FLAT_TOP_HAT_BLACK_HERO.webp,mesh-flat-top-hat-ch333,black,1
Mesh Flat Top Hat — CH333_MESH_FLAT_TOP_HAT_WHITE_HERO.webp,ch333-model-ch333-mesh-flat-top-hat-white-hero,https://notanother-nz.github.io/total-image-product-assets/assets/CH333_MESH_FLAT_TOP_HAT/webp/model/CH333_MESH_FLAT_TOP_HAT_WHITE_HERO.webp,mesh-flat-top-hat-ch333,,2
Mesh Flat Top Hat — CH333_MESH_FLAT_TOP_HAT_BLACK_FRONT.webp,ch333-product-ch333-mesh-flat-top-hat-black-front,https://notanother-nz.github.io/total-image-product-assets/assets/CH333_MESH_FLAT_TOP_HAT/webp/product/CH333_MESH_FLAT_TOP_HAT_BLACK_FRONT.webp,mesh-flat-top-hat-ch333,black,3
Mesh Flat Top Hat — CH333_MESH_FLAT_TOP_HAT_TRUE_WHITE_FRONT.webp,ch333-product-ch333-mesh-flat-top-hat-true-white-front,https://notanother-nz.github.io/total-image-product-assets/assets/CH333_MESH_FLAT_TOP_HAT/webp/product/CH333_MESH_FLAT_TOP_HAT_TRUE_WHITE_FRONT.webp,mesh-flat-top-hat-ch333,true-white,4
Mesh Flat Top Hat — CH333_MESH_FLAT_TOP_HAT_WHITE_FRONT.webp,ch333-product-ch333-mesh-flat-top-hat-white-front,https://notanother-nz.github.io/total-image-product-assets/assets/CH333_MESH_FLAT_TOP_HAT/webp/product/CH333_MESH_FLAT_TOP_HAT_WHITE_FRONT.webp,mesh-flat-top-hat-ch333,,5
Mesh Flat Top Hat — CH333_MESH_FLAT_TOP_HAT_BLACK_BACK.webp,ch333-product-ch333-mesh-flat-top-hat-black-back,https://notanother-nz.github.io/total-image-product-assets/assets/CH333_MESH_FLAT_TOP_HAT/webp/product/CH333_MESH_FLAT_TOP_HAT_BLACK_BACK.webp,mesh-flat-top-hat-ch333,black,6
Women's Saffron Chef Flex Pant — CH432L_WOMEN'S_SAFFRON_CHEF_FLEX_PANT_BLACK_HERO_FRONT.webp,ch432l-model-ch432l-womens-saffron-chef-flex-pant-black-hero-front,https://notanother-nz.github.io/total-image-product-assets/assets/CH432L_WOMEN'S_SAFFRON_CHEF_FLEX_PANT/webp/model/CH432L_WOMEN'S_SAFFRON_CHEF_FLEX_PANT_BLACK_HERO_FRONT.webp,womens-saffron-chef-flex-pant-ch432l,black,1
Women's Saffron Chef Flex Pant — CH432L_WOMEN'S_SAFFRON_CHEF_FLEX_PANT_BLACK_HERO_CLOSEUP.webp,ch432l-model-ch432l-womens-saffron-chef-flex-pant-black-hero-closeup,https://notanother-nz.github.io/total-image-product-assets/assets/CH432L_WOMEN'S_SAFFRON_CHEF_FLEX_PANT/webp/model/CH432L_WOMEN'S_SAFFRON_CHEF_FLEX_PANT_BLACK_HERO_CLOSEUP.webp,womens-saffron-chef-flex-pant-ch432l,black,2
Women's Saffron Chef Flex Pant — CH432L_WOMEN'S_SAFFRON_CHEF_FLEX_PANT_BLACK_HERO_SIDE.webp,ch432l-model-ch432l-womens-saffron-chef-flex-pant-black-hero-side,https://notanother-nz.github.io/total-image-product-assets/assets/CH432L_WOMEN'S_SAFFRON_CHEF_FLEX_PANT/webp/model/CH432L_WOMEN'S_SAFFRON_CHEF_FLEX_PANT_BLACK_HERO_SIDE.webp,womens-saffron-chef-flex-pant-ch432l,black,3
Women's Saffron Chef Flex Pant — CH432L_WOMEN'S_SAFFRON_CHEF_FLEX_PANT_BLACK_HERO_BLACK.webp,ch432l-model-ch432l-womens-saffron-chef-flex-pant-black-hero-black,https://notanother-nz.github.io/total-image-product-assets/assets/CH432L_WOMEN'S_SAFFRON_CHEF_FLEX_PANT/webp/model/CH432L_WOMEN'S_SAFFRON_CHEF_FLEX_PANT_BLACK_HERO_BLACK.webp,womens-saffron-chef-flex-pant-ch432l,black,4
Women's Saffron Chef Flex Pant — CH432L_WOMEN'S_SAFFRON_CHEF_FLEX_PANT_BLACK_FRONT.webp,ch432l-product-ch432l-womens-saffron-chef-flex-pant-black-front,https://notanother-nz.github.io/total-image-product-assets/assets/CH432L_WOMEN'S_SAFFRON_CHEF_FLEX_PANT/webp/product/CH432L_WOMEN'S_SAFFRON_CHEF_FLEX_PANT_BLACK_FRONT.webp,womens-saffron-chef-flex-pant-ch432l,black,5
Women's Saffron Chef Flex Pant — CH432L_WOMEN'S_SAFFRON_CHEF_FLEX_PANT_BLACK_BACK.webp,ch432l-product-ch432l-womens-saffron-chef-flex-pant-black-back,https://notanother-nz.github.io/total-image-product-assets/assets/CH432L_WOMEN'S_SAFFRON_CHEF_FLEX_PANT/webp/product/CH432L_WOMEN'S_SAFFRON_CHEF_FLEX_PANT_BLACK_BACK.webp,womens-saffron-chef-flex-pant-ch432l,black,6
Men's Saffron Chef Flex Pant — CH432M_MEN'S SAFFRON CHEF FLEX PANT_BLACK_HERO_FRONT.webp,ch432m-model-ch432m-mens-saffron-chef-flex-pant-black-hero-front,https://notanother-nz.github.io/total-image-product-assets/assets/CH432M_MEN'S_SAFFRON_CHEF_FLEX_PANT/webp/model/CH432M_MEN'S%20SAFFRON%20CHEF%20FLEX%20PANT_BLACK_HERO_FRONT.webp,mens-saffron-chef-flex-pant-ch432m,black,1
Men's Saffron Chef Flex Pant — CH432M_MEN'S_SAFFRON_CHEF_FLEX PANT_BLACK__HERO_FRONT.webp,ch432m-model-ch432m-mens-saffron-chef-flex-pant-black-hero-front-695c1aa1,https://notanother-nz.github.io/total-image-product-assets/assets/CH432M_MEN'S_SAFFRON_CHEF_FLEX_PANT/webp/model/CH432M_MEN'S_SAFFRON_CHEF_FLEX%20PANT_BLACK__HERO_FRONT.webp,mens-saffron-chef-flex-pant-ch432m,black,2
Men's Saffron Chef Flex Pant — CH432M_MEN'S_SAFFRON_CHEF_FLEX_PANT_BLACK__HERO_FRONT.webp,ch432m-model-ch432m-mens-saffron-chef-flex-pant-black-hero-front-a434a19a,https://notanother-nz.github.io/total-image-product-assets/assets/CH432M_MEN'S_SAFFRON_CHEF_FLEX_PANT/webp/model/CH432M_MEN'S_SAFFRON_CHEF_FLEX_PANT_BLACK__HERO_FRONT.webp,mens-saffron-chef-flex-pant-ch432m,black,3
Men's Saffron Chef Flex Pant — CH432M_MEN'S SAFFRON CHEF FLEX PANT_BLACK_HERO_BACK.webp,ch432m-model-ch432m-mens-saffron-chef-flex-pant-black-hero-back,https://notanother-nz.github.io/total-image-product-assets/assets/CH432M_MEN'S_SAFFRON_CHEF_FLEX_PANT/webp/model/CH432M_MEN'S%20SAFFRON%20CHEF%20FLEX%20PANT_BLACK_HERO_BACK.webp,mens-saffron-chef-flex-pant-ch432m,black,4
Men's Saffron Chef Flex Pant — CH432M_MEN'S_SAFFRON_CHEF_FLEX PANT_BLACK__HERO_BACK.webp,ch432m-model-ch432m-mens-saffron-chef-flex-pant-black-hero-back-716f2696,https://notanother-nz.github.io/total-image-product-assets/assets/CH432M_MEN'S_SAFFRON_CHEF_FLEX_PANT/webp/model/CH432M_MEN'S_SAFFRON_CHEF_FLEX%20PANT_BLACK__HERO_BACK.webp,mens-saffron-chef-flex-pant-ch432m,black,5
Men's Saffron Chef Flex Pant — CH432M_MEN'S_SAFFRON_CHEF_FLEX_PANT_BLACK__HERO_BACK.webp,ch432m-model-ch432m-mens-saffron-chef-flex-pant-black-hero-back-7dbb1f0c,https://notanother-nz.github.io/total-image-product-assets/assets/CH432M_MEN'S_SAFFRON_CHEF_FLEX_PANT/webp/model/CH432M_MEN'S_SAFFRON_CHEF_FLEX_PANT_BLACK__HERO_BACK.webp,mens-saffron-chef-flex-pant-ch432m,black,6
Men's Saffron Chef Flex Pant — CH432M_MEN'S_SAFFRON_CHEF_FLEX PANT_BLACK__HERO_CLOSEUP.webp,ch432m-model-ch432m-mens-saffron-chef-flex-pant-black-hero-closeup,https://notanother-nz.github.io/total-image-product-assets/assets/CH432M_MEN'S_SAFFRON_CHEF_FLEX_PANT/webp/model/CH432M_MEN'S_SAFFRON_CHEF_FLEX%20PANT_BLACK__HERO_CLOSEUP.webp,mens-saffron-chef-flex-pant-ch432m,black,7
Men's Saffron Chef Flex Pant — CH432M_MEN'S_SAFFRON_CHEF_FLEX_PANT_BLACK__HERO_CLOSEUP.webp,ch432m-model-ch432m-mens-saffron-chef-flex-pant-black-hero-closeup-b9ce0e9a,https://notanother-nz.github.io/total-image-product-assets/assets/CH432M_MEN'S_SAFFRON_CHEF_FLEX_PANT/webp/model/CH432M_MEN'S_SAFFRON_CHEF_FLEX_PANT_BLACK__HERO_CLOSEUP.webp,mens-saffron-chef-flex-pant-ch432m,black,8
Men's Saffron Chef Flex Pant — CH432M_MEN'S SAFFRON CHEF FLEX PANT_BLACK_HERO_SIDE.webp,ch432m-model-ch432m-mens-saffron-chef-flex-pant-black-hero-side,https://notanother-nz.github.io/total-image-product-assets/assets/CH432M_MEN'S_SAFFRON_CHEF_FLEX_PANT/webp/model/CH432M_MEN'S%20SAFFRON%20CHEF%20FLEX%20PANT_BLACK_HERO_SIDE.webp,mens-saffron-chef-flex-pant-ch432m,black,9
Men's Saffron Chef Flex Pant — CH432M_MEN'S_SAFFRON_CHEF_FLEX PANT_BLACK__HERO_SIDE.webp,ch432m-model-ch432m-mens-saffron-chef-flex-pant-black-hero-side-40004ede,https://notanother-nz.github.io/total-image-product-assets/assets/CH432M_MEN'S_SAFFRON_CHEF_FLEX_PANT/webp/model/CH432M_MEN'S_SAFFRON_CHEF_FLEX%20PANT_BLACK__HERO_SIDE.webp,mens-saffron-chef-flex-pant-ch432m,black,10
Men's Saffron Chef Flex Pant — CH432M_MEN'S_SAFFRON_CHEF_FLEX_PANT_BLACK__HERO_SIDE.webp,ch432m-model-ch432m-mens-saffron-chef-flex-pant-black-hero-side-95ed6e63,https://notanother-nz.github.io/total-image-product-assets/assets/CH432M_MEN'S_SAFFRON_CHEF_FLEX_PANT/webp/model/CH432M_MEN'S_SAFFRON_CHEF_FLEX_PANT_BLACK__HERO_SIDE.webp,mens-saffron-chef-flex-pant-ch432m,black,11
Men's Saffron Chef Flex Pant — CH432M_MEN'S SAFFRON CHEF FLEX PANT_BLACK_FRONT.webp,ch432m-model-ch432m-mens-saffron-chef-flex-pant-black-front,https://notanother-nz.github.io/total-image-product-assets/assets/CH432M_MEN'S_SAFFRON_CHEF_FLEX_PANT/webp/model/CH432M_MEN'S%20SAFFRON%20CHEF%20FLEX%20PANT_BLACK_FRONT.webp,mens-saffron-chef-flex-pant-ch432m,black,12
Men's Saffron Chef Flex Pant — CH432M_MEN'S SAFFRON CHEF FLEX PANT_BLACK_HERO_ASIAN_FRONT.webp,ch432m-model-ch432m-mens-saffron-chef-flex-pant-black-hero-asian-front,https://notanother-nz.github.io/total-image-product-assets/assets/CH432M_MEN'S_SAFFRON_CHEF_FLEX_PANT/webp/model/CH432M_MEN'S%20SAFFRON%20CHEF%20FLEX%20PANT_BLACK_HERO_ASIAN_FRONT.webp,mens-saffron-chef-flex-pant-ch432m,black,13
Men's Saffron Chef Flex Pant — CH432M_MEN'S SAFFRON CHEF FLEX PANT_BLACK_BACK.webp,ch432m-model-ch432m-mens-saffron-chef-flex-pant-black-back,https://notanother-nz.github.io/total-image-product-assets/assets/CH432M_MEN'S_SAFFRON_CHEF_FLEX_PANT/webp/model/CH432M_MEN'S%20SAFFRON%20CHEF%20FLEX%20PANT_BLACK_BACK.webp,mens-saffron-chef-flex-pant-ch432m,black,14
Men's Saffron Chef Flex Pant — CH432M_MEN'S SAFFRON CHEF FLEX PANT_BLACK_HERO_ASIAN_BACK.webp,ch432m-model-ch432m-mens-saffron-chef-flex-pant-black-hero-asian-back,https://notanother-nz.github.io/total-image-product-assets/assets/CH432M_MEN'S_SAFFRON_CHEF_FLEX_PANT/webp/model/CH432M_MEN'S%20SAFFRON%20CHEF%20FLEX%20PANT_BLACK_HERO_ASIAN_BACK.webp,mens-saffron-chef-flex-pant-ch432m,black,15
Men's Saffron Chef Flex Pant — CH432M_MEN'S SAFFRON CHEF FLEX PANT_BLACK_HERO_AISA_SIDE.webp,ch432m-model-ch432m-mens-saffron-chef-flex-pant-black-hero-aisa-side,https://notanother-nz.github.io/total-image-product-assets/assets/CH432M_MEN'S_SAFFRON_CHEF_FLEX_PANT/webp/model/CH432M_MEN'S%20SAFFRON%20CHEF%20FLEX%20PANT_BLACK_HERO_AISA_SIDE.webp,mens-saffron-chef-flex-pant-ch432m,black,16
Men's Saffron Chef Flex Pant — CH432M_MEN'S SAFFRON CHEF FLEX PANT_BLACK_SIDE.webp,ch432m-model-ch432m-mens-saffron-chef-flex-pant-black-side,https://notanother-nz.github.io/total-image-product-assets/assets/CH432M_MEN'S_SAFFRON_CHEF_FLEX_PANT/webp/model/CH432M_MEN'S%20SAFFRON%20CHEF%20FLEX%20PANT_BLACK_SIDE.webp,mens-saffron-chef-flex-pant-ch432m,black,17
Men's Saffron Chef Flex Pant — CH432M_MEN'S SAFFRON CHEF FLEX PANT_BLACK_HERO_ASIAN_CLOSEUP.webp,ch432m-model-ch432m-mens-saffron-chef-flex-pant-black-hero-asian-closeup,https://notanother-nz.github.io/total-image-product-assets/assets/CH432M_MEN'S_SAFFRON_CHEF_FLEX_PANT/webp/model/CH432M_MEN'S%20SAFFRON%20CHEF%20FLEX%20PANT_BLACK_HERO_ASIAN_CLOSEUP.webp,mens-saffron-chef-flex-pant-ch432m,black,18
Men's Saffron Chef Flex Pant — CH432M_MEN'S_SAFFRON_CHEF_FLEX_PANT_BLACK_FRONT.webp,ch432m-product-ch432m-mens-saffron-chef-flex-pant-black-front,https://notanother-nz.github.io/total-image-product-assets/assets/CH432M_MEN'S_SAFFRON_CHEF_FLEX_PANT/webp/product/CH432M_MEN'S_SAFFRON_CHEF_FLEX_PANT_BLACK_FRONT.webp,mens-saffron-chef-flex-pant-ch432m,black,19
Men's Saffron Chef Flex Pant — CH432M_MEN'S_SAFFRON_CHEF_FLEX_PANT_BLACK_BACK.webp,ch432m-product-ch432m-mens-saffron-chef-flex-pant-black-back,https://notanother-nz.github.io/total-image-product-assets/assets/CH432M_MEN'S_SAFFRON_CHEF_FLEX_PANT/webp/product/CH432M_MEN'S_SAFFRON_CHEF_FLEX_PANT_BLACK_BACK.webp,mens-saffron-chef-flex-pant-ch432m,black,20
Women's Zip Front Short Sleeve Knit Cardigan — CK962LC_Zip_Front_Womens_Short_Sleeve_Knit_Cardigan_HERO_FRONT.webp,ck962lc-model-ck962lc-zip-front-womens-short-sleeve-knit-cardigan-hero-front,https://notanother-nz.github.io/total-image-product-assets/assets/CK962LC_Zip_Front_Womens_Short_Sleeve_Knit_Cardigan/webp/model/CK962LC_Zip_Front_Womens_Short_Sleeve_Knit_Cardigan_HERO_FRONT.webp,womens-zip-front-short-sleeve-knit-cardigan-ck962lc,,1
Women's Zip Front Short Sleeve Knit Cardigan — CK962LC_ZIP_FRONT_WOMENS_SHORT_SLEEVE_KNIT_CARDIGAN_NAVY_HERO_FRONT.webp,ck962lc-model-ck962lc-zip-front-womens-short-sleeve-knit-cardigan-navy-hero-front,https://notanother-nz.github.io/total-image-product-assets/assets/CK962LC_Zip_Front_Womens_Short_Sleeve_Knit_Cardigan/webp/model/CK962LC_ZIP_FRONT_WOMENS_SHORT_SLEEVE_KNIT_CARDIGAN_NAVY_HERO_FRONT.webp,womens-zip-front-short-sleeve-knit-cardigan-ck962lc,navy,2
Women's Zip Front Short Sleeve Knit Cardigan — CK962LC_Zip_Front_Womens_Short_Sleeve_Knit_Cardigan_HERO_BACK.webp,ck962lc-model-ck962lc-zip-front-womens-short-sleeve-knit-cardigan-hero-back,https://notanother-nz.github.io/total-image-product-assets/assets/CK962LC_Zip_Front_Womens_Short_Sleeve_Knit_Cardigan/webp/model/CK962LC_Zip_Front_Womens_Short_Sleeve_Knit_Cardigan_HERO_BACK.webp,womens-zip-front-short-sleeve-knit-cardigan-ck962lc,,3
Women's Zip Front Short Sleeve Knit Cardigan — CK962LC_ZIP_FRONT_WOMENS_SHORT_SLEEVE_KNIT_CARDIGAN_NAVY_HERO_BACK.webp,ck962lc-model-ck962lc-zip-front-womens-short-sleeve-knit-cardigan-navy-hero-back,https://notanother-nz.github.io/total-image-product-assets/assets/CK962LC_Zip_Front_Womens_Short_Sleeve_Knit_Cardigan/webp/model/CK962LC_ZIP_FRONT_WOMENS_SHORT_SLEEVE_KNIT_CARDIGAN_NAVY_HERO_BACK.webp,womens-zip-front-short-sleeve-knit-cardigan-ck962lc,navy,4
Women's Zip Front Short Sleeve Knit Cardigan — CK962LC_Zip_Front_Womens_Short_Sleeve_Knit_Cardigan_HERO_CLOSEUP.webp,ck962lc-model-ck962lc-zip-front-womens-short-sleeve-knit-cardigan-hero-closeup,https://notanother-nz.github.io/total-image-product-assets/assets/CK962LC_Zip_Front_Womens_Short_Sleeve_Knit_Cardigan/webp/model/CK962LC_Zip_Front_Womens_Short_Sleeve_Knit_Cardigan_HERO_CLOSEUP.webp,womens-zip-front-short-sleeve-knit-cardigan-ck962lc,,5
Women's Zip Front Short Sleeve Knit Cardigan — CK962LC_ZIP_FRONT_WOMENS_SHORT_SLEEVE_KNIT_CARDIGAN_NAVY_HERO_CLOSEUP.webp,ck962lc-model-ck962lc-zip-front-womens-short-sleeve-knit-cardigan-navy-hero-closeup,https://notanother-nz.github.io/total-image-product-assets/assets/CK962LC_Zip_Front_Womens_Short_Sleeve_Knit_Cardigan/webp/model/CK962LC_ZIP_FRONT_WOMENS_SHORT_SLEEVE_KNIT_CARDIGAN_NAVY_HERO_CLOSEUP.webp,womens-zip-front-short-sleeve-knit-cardigan-ck962lc,navy,6
Women's Zip Front Short Sleeve Knit Cardigan — CK962LC_Zip_Front_Womens_Short_Sleeve_Knit_Cardigan_HERO_SIDE.webp,ck962lc-model-ck962lc-zip-front-womens-short-sleeve-knit-cardigan-hero-side,https://notanother-nz.github.io/total-image-product-assets/assets/CK962LC_Zip_Front_Womens_Short_Sleeve_Knit_Cardigan/webp/model/CK962LC_Zip_Front_Womens_Short_Sleeve_Knit_Cardigan_HERO_SIDE.webp,womens-zip-front-short-sleeve-knit-cardigan-ck962lc,,7
Women's Zip Front Short Sleeve Knit Cardigan — CK962LC_ZIP_FRONT_WOMENS_SHORT_SLEEVE_KNIT_CARDIGAN_NAVY_HERO_SIDE.webp,ck962lc-model-ck962lc-zip-front-womens-short-sleeve-knit-cardigan-navy-hero-side,https://notanother-nz.github.io/total-image-product-assets/assets/CK962LC_Zip_Front_Womens_Short_Sleeve_Knit_Cardigan/webp/model/CK962LC_ZIP_FRONT_WOMENS_SHORT_SLEEVE_KNIT_CARDIGAN_NAVY_HERO_SIDE.webp,womens-zip-front-short-sleeve-knit-cardigan-ck962lc,navy,8
Women's Zip Front Short Sleeve Knit Cardigan — CK962LC_Zip_Front_Womens_Short_Sleeve_Knit_Cardigan_BLACK_BACK_VIEW.webp,ck962lc-product-ck962lc-zip-front-womens-short-sleeve-knit-cardigan-black-back-view,https://notanother-nz.github.io/total-image-product-assets/assets/CK962LC_Zip_Front_Womens_Short_Sleeve_Knit_Cardigan/webp/product/CK962LC_Zip_Front_Womens_Short_Sleeve_Knit_Cardigan_BLACK_BACK_VIEW.webp,womens-zip-front-short-sleeve-knit-cardigan-ck962lc,black,9
Women's Zip Front Short Sleeve Knit Cardigan — CK962LC_ZIP_FRONT_WOMENS_SHORT_SLEEVE_KNIT_CARDIGAN_BLACK_BACK.webp,ck962lc-product-ck962lc-zip-front-womens-short-sleeve-knit-cardigan-black-back,https://notanother-nz.github.io/total-image-product-assets/assets/CK962LC_Zip_Front_Womens_Short_Sleeve_Knit_Cardigan/webp/product/CK962LC_ZIP_FRONT_WOMENS_SHORT_SLEEVE_KNIT_CARDIGAN_BLACK_BACK.webp,womens-zip-front-short-sleeve-knit-cardigan-ck962lc,black,10
Women's Zip Front Short Sleeve Knit Cardigan — CK962LC_Zip_Front_Womens_Short_Sleeve_Knit_Cardigan_BLACK_FRONT_VIEW.webp,ck962lc-product-ck962lc-zip-front-womens-short-sleeve-knit-cardigan-black-front-view,https://notanother-nz.github.io/total-image-product-assets/assets/CK962LC_Zip_Front_Womens_Short_Sleeve_Knit_Cardigan/webp/product/CK962LC_Zip_Front_Womens_Short_Sleeve_Knit_Cardigan_BLACK_FRONT_VIEW.webp,womens-zip-front-short-sleeve-knit-cardigan-ck962lc,black,11
Women's Zip Front Short Sleeve Knit Cardigan — CK962LC_ZIP_FRONT_WOMENS_SHORT_SLEEVE_KNIT_CARDIGAN_BLACK_FRONT.webp,ck962lc-product-ck962lc-zip-front-womens-short-sleeve-knit-cardigan-black-front,https://notanother-nz.github.io/total-image-product-assets/assets/CK962LC_Zip_Front_Womens_Short_Sleeve_Knit_Cardigan/webp/product/CK962LC_ZIP_FRONT_WOMENS_SHORT_SLEEVE_KNIT_CARDIGAN_BLACK_FRONT.webp,womens-zip-front-short-sleeve-knit-cardigan-ck962lc,black,12
Women's Zip Front Short Sleeve Knit Cardigan — CK962LC_Zip_Front_Womens_Short_Sleeve_Knit_Cardigan_CHARCOAL_BACK_VIEW.webp,ck962lc-product-ck962lc-zip-front-womens-short-sleeve-knit-cardigan-charcoal-back-view,https://notanother-nz.github.io/total-image-product-assets/assets/CK962LC_Zip_Front_Womens_Short_Sleeve_Knit_Cardigan/webp/product/CK962LC_Zip_Front_Womens_Short_Sleeve_Knit_Cardigan_CHARCOAL_BACK_VIEW.webp,womens-zip-front-short-sleeve-knit-cardigan-ck962lc,charcoal,13
Women's Zip Front Short Sleeve Knit Cardigan — CK962LC_ZIP_FRONT_WOMENS_SHORT_SLEEVE_KNIT_CARDIGAN_CHARCOAL_BACK.webp,ck962lc-product-ck962lc-zip-front-womens-short-sleeve-knit-cardigan-charcoal-back,https://notanother-nz.github.io/total-image-product-assets/assets/CK962LC_Zip_Front_Womens_Short_Sleeve_Knit_Cardigan/webp/product/CK962LC_ZIP_FRONT_WOMENS_SHORT_SLEEVE_KNIT_CARDIGAN_CHARCOAL_BACK.webp,womens-zip-front-short-sleeve-knit-cardigan-ck962lc,charcoal,14
Women's Zip Front Short Sleeve Knit Cardigan — CK962LC_Zip_Front_Womens_Short_Sleeve_Knit_Cardigan_CHARCOAL_FRONT_VIEW.webp,ck962lc-product-ck962lc-zip-front-womens-short-sleeve-knit-cardigan-charcoal-front-view,https://notanother-nz.github.io/total-image-product-assets/assets/CK962LC_Zip_Front_Womens_Short_Sleeve_Knit_Cardigan/webp/product/CK962LC_Zip_Front_Womens_Short_Sleeve_Knit_Cardigan_CHARCOAL_FRONT_VIEW.webp,womens-zip-front-short-sleeve-knit-cardigan-ck962lc,charcoal,15
Women's Zip Front Short Sleeve Knit Cardigan — CK962LC_ZIP_FRONT_WOMENS_SHORT_SLEEVE_KNIT_CARDIGAN_CHARCOAL_FRONT.webp,ck962lc-product-ck962lc-zip-front-womens-short-sleeve-knit-cardigan-charcoal-front,https://notanother-nz.github.io/total-image-product-assets/assets/CK962LC_Zip_Front_Womens_Short_Sleeve_Knit_Cardigan/webp/product/CK962LC_ZIP_FRONT_WOMENS_SHORT_SLEEVE_KNIT_CARDIGAN_CHARCOAL_FRONT.webp,womens-zip-front-short-sleeve-knit-cardigan-ck962lc,charcoal,16
Women's Zip Front Short Sleeve Knit Cardigan — CK962LC_Zip_Front_Womens_Short_Sleeve_Knit_Cardigan_NAVY_BACK_VIEW.webp,ck962lc-product-ck962lc-zip-front-womens-short-sleeve-knit-cardigan-navy-back-view,https://notanother-nz.github.io/total-image-product-assets/assets/CK962LC_Zip_Front_Womens_Short_Sleeve_Knit_Cardigan/webp/product/CK962LC_Zip_Front_Womens_Short_Sleeve_Knit_Cardigan_NAVY_BACK_VIEW.webp,womens-zip-front-short-sleeve-knit-cardigan-ck962lc,navy,17
Women's Zip Front Short Sleeve Knit Cardigan — CK962LC_ZIP_FRONT_WOMENS_SHORT_SLEEVE_KNIT_CARDIGAN_NAVY_BACK.webp,ck962lc-product-ck962lc-zip-front-womens-short-sleeve-knit-cardigan-navy-back,https://notanother-nz.github.io/total-image-product-assets/assets/CK962LC_Zip_Front_Womens_Short_Sleeve_Knit_Cardigan/webp/product/CK962LC_ZIP_FRONT_WOMENS_SHORT_SLEEVE_KNIT_CARDIGAN_NAVY_BACK.webp,womens-zip-front-short-sleeve-knit-cardigan-ck962lc,navy,18
Women's Zip Front Short Sleeve Knit Cardigan — CK962LC_Zip_Front_Womens_Short_Sleeve_Knit_Cardigan_NAVY_FRONT_VIEW.webp,ck962lc-product-ck962lc-zip-front-womens-short-sleeve-knit-cardigan-navy-front-view,https://notanother-nz.github.io/total-image-product-assets/assets/CK962LC_Zip_Front_Womens_Short_Sleeve_Knit_Cardigan/webp/product/CK962LC_Zip_Front_Womens_Short_Sleeve_Knit_Cardigan_NAVY_FRONT_VIEW.webp,womens-zip-front-short-sleeve-knit-cardigan-ck962lc,navy,19
Women's Zip Front Short Sleeve Knit Cardigan — CK962LC_ZIP_FRONT_WOMENS_SHORT_SLEEVE_KNIT_CARDIGAN_NAVY_FRONT.webp,ck962lc-product-ck962lc-zip-front-womens-short-sleeve-knit-cardigan-navy-front,https://notanother-nz.github.io/total-image-product-assets/assets/CK962LC_Zip_Front_Womens_Short_Sleeve_Knit_Cardigan/webp/product/CK962LC_ZIP_FRONT_WOMENS_SHORT_SLEEVE_KNIT_CARDIGAN_NAVY_FRONT.webp,womens-zip-front-short-sleeve-knit-cardigan-ck962lc,navy,20
Jane 3/4 Length Stretch Pant — CL040LL_JANE_3_4_LENGTH_PANT_HERO_FRONT.webp,cl040ll-model-cl040ll-jane-3-4-length-pant-hero-front,https://notanother-nz.github.io/total-image-product-assets/assets/CL040LL_Jane_3_4_Length_Stretch_Pant/webp/model/CL040LL_JANE_3_4_LENGTH_PANT_HERO_FRONT.webp,jane-3-4-length-stretch-pant-cl040ll,,1
Jane 3/4 Length Stretch Pant — CL040LL_JANE_3_4_LENGTH_STRETCH_PANT_NAVY_HERO_FRONT.webp,cl040ll-model-cl040ll-jane-3-4-length-stretch-pant-navy-hero-front,https://notanother-nz.github.io/total-image-product-assets/assets/CL040LL_Jane_3_4_Length_Stretch_Pant/webp/model/CL040LL_JANE_3_4_LENGTH_STRETCH_PANT_NAVY_HERO_FRONT.webp,jane-3-4-length-stretch-pant-cl040ll,navy,2
Jane 3/4 Length Stretch Pant — CL040LL_JANE_3_4_LENGTH_PANT_HERO_BACK.webp,cl040ll-model-cl040ll-jane-3-4-length-pant-hero-back,https://notanother-nz.github.io/total-image-product-assets/assets/CL040LL_Jane_3_4_Length_Stretch_Pant/webp/model/CL040LL_JANE_3_4_LENGTH_PANT_HERO_BACK.webp,jane-3-4-length-stretch-pant-cl040ll,,3
Jane 3/4 Length Stretch Pant — CL040LL_JANE_3_4_LENGTH_STRETCH_PANT_NAVY_HERO_BACK.webp,cl040ll-model-cl040ll-jane-3-4-length-stretch-pant-navy-hero-back,https://notanother-nz.github.io/total-image-product-assets/assets/CL040LL_Jane_3_4_Length_Stretch_Pant/webp/model/CL040LL_JANE_3_4_LENGTH_STRETCH_PANT_NAVY_HERO_BACK.webp,jane-3-4-length-stretch-pant-cl040ll,navy,4
Jane 3/4 Length Stretch Pant — CL040LL_JANE_3_4_LENGTH_STRETCH_PANT_NAVY_HERO_CLOSEUP.webp,cl040ll-model-cl040ll-jane-3-4-length-stretch-pant-navy-hero-closeup,https://notanother-nz.github.io/total-image-product-assets/assets/CL040LL_Jane_3_4_Length_Stretch_Pant/webp/model/CL040LL_JANE_3_4_LENGTH_STRETCH_PANT_NAVY_HERO_CLOSEUP.webp,jane-3-4-length-stretch-pant-cl040ll,navy,5
Jane 3/4 Length Stretch Pant — CL040LL_JANE_3_4_LENGTH_PANT_HERO_SIDE.webp,cl040ll-model-cl040ll-jane-3-4-length-pant-hero-side,https://notanother-nz.github.io/total-image-product-assets/assets/CL040LL_Jane_3_4_Length_Stretch_Pant/webp/model/CL040LL_JANE_3_4_LENGTH_PANT_HERO_SIDE.webp,jane-3-4-length-stretch-pant-cl040ll,,6
Jane 3/4 Length Stretch Pant — CL040LL_JANE_3_4_LENGTH_STRETCH_PANT_NAVY_HERO_SIDE.webp,cl040ll-model-cl040ll-jane-3-4-length-stretch-pant-navy-hero-side,https://notanother-nz.github.io/total-image-product-assets/assets/CL040LL_Jane_3_4_Length_Stretch_Pant/webp/model/CL040LL_JANE_3_4_LENGTH_STRETCH_PANT_NAVY_HERO_SIDE.webp,jane-3-4-length-stretch-pant-cl040ll,navy,7
Jane 3/4 Length Stretch Pant — CL040LL_JANE_3_4_LENGTH_STRETCH_PANT_BLACK_FRONT.webp,cl040ll-product-cl040ll-jane-3-4-length-stretch-pant-black-front,https://notanother-nz.github.io/total-image-product-assets/assets/CL040LL_Jane_3_4_Length_Stretch_Pant/webp/product/CL040LL_JANE_3_4_LENGTH_STRETCH_PANT_BLACK_FRONT.webp,jane-3-4-length-stretch-pant-cl040ll,black,8
Jane 3/4 Length Stretch Pant — CL040LL_JANE_3_4_LENGTH_STRETCH_PANT_CHARCOAL_FRONT.webp,cl040ll-product-cl040ll-jane-3-4-length-stretch-pant-charcoal-front,https://notanother-nz.github.io/total-image-product-assets/assets/CL040LL_Jane_3_4_Length_Stretch_Pant/webp/product/CL040LL_JANE_3_4_LENGTH_STRETCH_PANT_CHARCOAL_FRONT.webp,jane-3-4-length-stretch-pant-cl040ll,charcoal,9
Jane 3/4 Length Stretch Pant — CL040LL_JANE_3_4_LENGTH_STRETCH_PANT_NAVY_FRONT.webp,cl040ll-product-cl040ll-jane-3-4-length-stretch-pant-navy-front,https://notanother-nz.github.io/total-image-product-assets/assets/CL040LL_Jane_3_4_Length_Stretch_Pant/webp/product/CL040LL_JANE_3_4_LENGTH_STRETCH_PANT_NAVY_FRONT.webp,jane-3-4-length-stretch-pant-cl040ll,navy,10
Jane 3/4 Length Stretch Pant — CL040LL_JANE_3_4_LENGTH_STRETCH_PANT_BLACK_BACK__jpg.webp,cl040ll-product-cl040ll-jane-3-4-length-stretch-pant-black-back-jpg,https://notanother-nz.github.io/total-image-product-assets/assets/CL040LL_Jane_3_4_Length_Stretch_Pant/webp/product/CL040LL_JANE_3_4_LENGTH_STRETCH_PANT_BLACK_BACK__jpg.webp,jane-3-4-length-stretch-pant-cl040ll,black,11
Jane 3/4 Length Stretch Pant — CL040LL_Jane_3_4_Length_Stretch_Pant_Black_BACK__png.webp,cl040ll-product-cl040ll-jane-3-4-length-stretch-pant-black-back-png,https://notanother-nz.github.io/total-image-product-assets/assets/CL040LL_Jane_3_4_Length_Stretch_Pant/webp/product/CL040LL_Jane_3_4_Length_Stretch_Pant_Black_BACK__png.webp,jane-3-4-length-stretch-pant-cl040ll,black,12
Jane 3/4 Length Stretch Pant — CL040LL_JANE_3_4_LENGTH_STRETCH_PANT_CHARCOAL_BACK__jpg.webp,cl040ll-product-cl040ll-jane-3-4-length-stretch-pant-charcoal-back-jpg,https://notanother-nz.github.io/total-image-product-assets/assets/CL040LL_Jane_3_4_Length_Stretch_Pant/webp/product/CL040LL_JANE_3_4_LENGTH_STRETCH_PANT_CHARCOAL_BACK__jpg.webp,jane-3-4-length-stretch-pant-cl040ll,charcoal,13
Jane 3/4 Length Stretch Pant — CL040LL_Jane_3_4_Length_Stretch_Pant_Charcoal_BACK__png.webp,cl040ll-product-cl040ll-jane-3-4-length-stretch-pant-charcoal-back-png,https://notanother-nz.github.io/total-image-product-assets/assets/CL040LL_Jane_3_4_Length_Stretch_Pant/webp/product/CL040LL_Jane_3_4_Length_Stretch_Pant_Charcoal_BACK__png.webp,jane-3-4-length-stretch-pant-cl040ll,charcoal,14
Jane 3/4 Length Stretch Pant — CL040LL_JANE_3_4_LENGTH_STRETCH_PANT_NAVY_BACK__jpg.webp,cl040ll-product-cl040ll-jane-3-4-length-stretch-pant-navy-back-jpg,https://notanother-nz.github.io/total-image-product-assets/assets/CL040LL_Jane_3_4_Length_Stretch_Pant/webp/product/CL040LL_JANE_3_4_LENGTH_STRETCH_PANT_NAVY_BACK__jpg.webp,jane-3-4-length-stretch-pant-cl040ll,navy,15
Jane 3/4 Length Stretch Pant — CL040LL_Jane_3_4_Length_Stretch_Pant_Navy_BACK__png.webp,cl040ll-product-cl040ll-jane-3-4-length-stretch-pant-navy-back-png,https://notanother-nz.github.io/total-image-product-assets/assets/CL040LL_Jane_3_4_Length_Stretch_Pant/webp/product/CL040LL_Jane_3_4_Length_Stretch_Pant_Navy_BACK__png.webp,jane-3-4-length-stretch-pant-cl040ll,navy,16
Jane 3/4 Length Stretch Pant — CL040LL_Jane_3_4_Length_Stretch_Pant_Black.webp,cl040ll-product-cl040ll-jane-3-4-length-stretch-pant-black,https://notanother-nz.github.io/total-image-product-assets/assets/CL040LL_Jane_3_4_Length_Stretch_Pant/webp/product/CL040LL_Jane_3_4_Length_Stretch_Pant_Black.webp,jane-3-4-length-stretch-pant-cl040ll,black,17
Jane 3/4 Length Stretch Pant — CL040LL_Jane_3_4_Length_Stretch_Pant_Charcoal.webp,cl040ll-product-cl040ll-jane-3-4-length-stretch-pant-charcoal,https://notanother-nz.github.io/total-image-product-assets/assets/CL040LL_Jane_3_4_Length_Stretch_Pant/webp/product/CL040LL_Jane_3_4_Length_Stretch_Pant_Charcoal.webp,jane-3-4-length-stretch-pant-cl040ll,charcoal,18
Jane 3/4 Length Stretch Pant — CL040LL_Jane_3_4_Length_Stretch_Pant_Navy.webp,cl040ll-product-cl040ll-jane-3-4-length-stretch-pant-navy,https://notanother-nz.github.io/total-image-product-assets/assets/CL040LL_Jane_3_4_Length_Stretch_Pant/webp/product/CL040LL_Jane_3_4_Length_Stretch_Pant_Navy.webp,jane-3-4-length-stretch-pant-cl040ll,navy,19
Women's Pulse Jogger Scrub Pant — CL541LL_WOMEN'S_PULSE_JOGGER_SCRUB_PANT_HERO_FRONT.webp,cl541ll-model-cl541ll-womens-pulse-jogger-scrub-pant-hero-front,https://notanother-nz.github.io/total-image-product-assets/assets/CL541LL_WOMEN'S_PULSE_JOGGER_SCRUB_PANT/webp/model/CL541LL_WOMEN'S_PULSE_JOGGER_SCRUB_PANT_HERO_FRONT.webp,womens-pulse-jogger-scrub-pant-cl541ll,,1
Women's Pulse Jogger Scrub Pant — CL541LL_WOMEN'S_PULSE_JOGGER_SCRUB_PANT_HERO_BACK.webp,cl541ll-model-cl541ll-womens-pulse-jogger-scrub-pant-hero-back,https://notanother-nz.github.io/total-image-product-assets/assets/CL541LL_WOMEN'S_PULSE_JOGGER_SCRUB_PANT/webp/model/CL541LL_WOMEN'S_PULSE_JOGGER_SCRUB_PANT_HERO_BACK.webp,womens-pulse-jogger-scrub-pant-cl541ll,,2
Women's Pulse Jogger Scrub Pant — CL541LL_WOMEN'S_PULSE_JOGGER_SCRUB_PANT_HERO_CLOSEUP.webp,cl541ll-model-cl541ll-womens-pulse-jogger-scrub-pant-hero-closeup,https://notanother-nz.github.io/total-image-product-assets/assets/CL541LL_WOMEN'S_PULSE_JOGGER_SCRUB_PANT/webp/model/CL541LL_WOMEN'S_PULSE_JOGGER_SCRUB_PANT_HERO_CLOSEUP.webp,womens-pulse-jogger-scrub-pant-cl541ll,,3
Women's Pulse Jogger Scrub Pant — CL541LL_WOMEN'S_PULSE_JOGGER_SCRUB_PANT_HERO_SIDE.webp,cl541ll-model-cl541ll-womens-pulse-jogger-scrub-pant-hero-side,https://notanother-nz.github.io/total-image-product-assets/assets/CL541LL_WOMEN'S_PULSE_JOGGER_SCRUB_PANT/webp/model/CL541LL_WOMEN'S_PULSE_JOGGER_SCRUB_PANT_HERO_SIDE.webp,womens-pulse-jogger-scrub-pant-cl541ll,,4
Women's Pulse Jogger Scrub Pant — CL541LL_WOMEN'S_PULSE_JOGGER_SCRUB_PANT_CARIBBEANBLUE_FRONT.webp,cl541ll-product-cl541ll-womens-pulse-jogger-scrub-pant-caribbeanblue-front,https://notanother-nz.github.io/total-image-product-assets/assets/CL541LL_WOMEN'S_PULSE_JOGGER_SCRUB_PANT/webp/product/CL541LL_WOMEN'S_PULSE_JOGGER_SCRUB_PANT_CARIBBEANBLUE_FRONT.webp,womens-pulse-jogger-scrub-pant-cl541ll,caribbean-blue,5
Women's Pulse Jogger Scrub Pant — CL541LL_WOMEN'S_PULSE_JOGGER_SCRUB_PANT_MIDNIGHTNAVY_FRONT.webp,cl541ll-product-cl541ll-womens-pulse-jogger-scrub-pant-midnightnavy-front,https://notanother-nz.github.io/total-image-product-assets/assets/CL541LL_WOMEN'S_PULSE_JOGGER_SCRUB_PANT/webp/product/CL541LL_WOMEN'S_PULSE_JOGGER_SCRUB_PANT_MIDNIGHTNAVY_FRONT.webp,womens-pulse-jogger-scrub-pant-cl541ll,midnight-navy,6
Women's Pulse Jogger Scrub Pant — CL541LL_WOMEN'S_PULSE_JOGGER_SCRUB_PANT_CARIBBEANBLUE_BACK.webp,cl541ll-product-cl541ll-womens-pulse-jogger-scrub-pant-caribbeanblue-back,https://notanother-nz.github.io/total-image-product-assets/assets/CL541LL_WOMEN'S_PULSE_JOGGER_SCRUB_PANT/webp/product/CL541LL_WOMEN'S_PULSE_JOGGER_SCRUB_PANT_CARIBBEANBLUE_BACK.webp,womens-pulse-jogger-scrub-pant-cl541ll,caribbean-blue,7
Women's Pulse Jogger Scrub Pant — CL541LL_WOMEN'S_PULSE_JOGGER_SCRUB_PANT_MIDNIGHTNAVY_BACK.webp,cl541ll-product-cl541ll-womens-pulse-jogger-scrub-pant-midnightnavy-back,https://notanother-nz.github.io/total-image-product-assets/assets/CL541LL_WOMEN'S_PULSE_JOGGER_SCRUB_PANT/webp/product/CL541LL_WOMEN'S_PULSE_JOGGER_SCRUB_PANT_MIDNIGHTNAVY_BACK.webp,womens-pulse-jogger-scrub-pant-cl541ll,midnight-navy,8
Unisex Pulse Straight Leg Scrub Pant — CL542UL_UNISEX_PULSE_STRAIGHT_LEG_SCRUB_PANT_HERO_FRONT.webp,cl542ul-model-cl542ul-unisex-pulse-straight-leg-scrub-pant-hero-front,https://notanother-nz.github.io/total-image-product-assets/assets/CL542UL_UNISEX_PULSE_STRAIGHT_LEG_SCRUB_PANT/webp/model/CL542UL_UNISEX_PULSE_STRAIGHT_LEG_SCRUB_PANT_HERO_FRONT.webp,unisex-pulse-straight-leg-scrub-pant-cl542ul,black,1
Unisex Pulse Straight Leg Scrub Pant — CL542UL_UNISEX_PULSE_STRAIGHT_LEG_SCRUB_PANT_HERO_BACK.webp,cl542ul-model-cl542ul-unisex-pulse-straight-leg-scrub-pant-hero-back,https://notanother-nz.github.io/total-image-product-assets/assets/CL542UL_UNISEX_PULSE_STRAIGHT_LEG_SCRUB_PANT/webp/model/CL542UL_UNISEX_PULSE_STRAIGHT_LEG_SCRUB_PANT_HERO_BACK.webp,unisex-pulse-straight-leg-scrub-pant-cl542ul,black,2
Unisex Pulse Straight Leg Scrub Pant — CL542UL_UNISEX_PULSE_STRAIGHT_LEG_SCRUB_PANT_HERO_CLOSEUP.webp,cl542ul-model-cl542ul-unisex-pulse-straight-leg-scrub-pant-hero-closeup,https://notanother-nz.github.io/total-image-product-assets/assets/CL542UL_UNISEX_PULSE_STRAIGHT_LEG_SCRUB_PANT/webp/model/CL542UL_UNISEX_PULSE_STRAIGHT_LEG_SCRUB_PANT_HERO_CLOSEUP.webp,unisex-pulse-straight-leg-scrub-pant-cl542ul,black,3
Unisex Pulse Straight Leg Scrub Pant — CL542UL_UNISEX_PULSE_STRAIGHT_LEG_SCRUB_PANT_HERO_SIDE.webp,cl542ul-model-cl542ul-unisex-pulse-straight-leg-scrub-pant-hero-side,https://notanother-nz.github.io/total-image-product-assets/assets/CL542UL_UNISEX_PULSE_STRAIGHT_LEG_SCRUB_PANT/webp/model/CL542UL_UNISEX_PULSE_STRAIGHT_LEG_SCRUB_PANT_HERO_SIDE.webp,unisex-pulse-straight-leg-scrub-pant-cl542ul,black,4
Unisex Pulse Straight Leg Scrub Pant — CL542UL_UNISEX_PULSE_STRAIGHT_LEG_SCRUB_PANT_BLACK_FRONT.webp,cl542ul-product-cl542ul-unisex-pulse-straight-leg-scrub-pant-black-front,https://notanother-nz.github.io/total-image-product-assets/assets/CL542UL_UNISEX_PULSE_STRAIGHT_LEG_SCRUB_PANT/webp/product/CL542UL_UNISEX_PULSE_STRAIGHT_LEG_SCRUB_PANT_BLACK_FRONT.webp,unisex-pulse-straight-leg-scrub-pant-cl542ul,black,5
Unisex Pulse Straight Leg Scrub Pant — CL542UL_UNISEX_PULSE_STRAIGHT_LEG_SCRUB_PANT_BLACK_BACK.webp,cl542ul-product-cl542ul-unisex-pulse-straight-leg-scrub-pant-black-back,https://notanother-nz.github.io/total-image-product-assets/assets/CL542UL_UNISEX_PULSE_STRAIGHT_LEG_SCRUB_PANT/webp/product/CL542UL_UNISEX_PULSE_STRAIGHT_LEG_SCRUB_PANT_BLACK_BACK.webp,unisex-pulse-straight-leg-scrub-pant-cl542ul,black,6
Women's Comfort Waist Cargo Pant — CL954LL_WOMEN'S_COMFORT_WAIST_CARGO_PANT_BLACK_ASIAN_HERO_FRONT.webp,cl954ll-model-cl954ll-womens-comfort-waist-cargo-pant-black-asian-hero-front,https://notanother-nz.github.io/total-image-product-assets/assets/CL954LL_WOMEN'S_COMFORT_WAIST_CARGO_PANT/webp/model/CL954LL_WOMEN'S_COMFORT_WAIST_CARGO_PANT_BLACK_ASIAN_HERO_FRONT.webp,womens-comfort-waist-cargo-pant-cl954ll,black,1
Women's Comfort Waist Cargo Pant — CL954LL_WOMEN'S_COMFORT_WAIST_CARGO_PANT_BLACK_Caucasian_HERO_FRONT.webp,cl954ll-model-cl954ll-womens-comfort-waist-cargo-pant-black-caucasian-hero-front,https://notanother-nz.github.io/total-image-product-assets/assets/CL954LL_WOMEN'S_COMFORT_WAIST_CARGO_PANT/webp/model/CL954LL_WOMEN'S_COMFORT_WAIST_CARGO_PANT_BLACK_Caucasian_HERO_FRONT.webp,womens-comfort-waist-cargo-pant-cl954ll,black,2
Women's Comfort Waist Cargo Pant — CL954LL_WOMEN'S_COMFORT_WAIST_CARGO_PANT_BLACK_HERO_FRONT.webp,cl954ll-model-cl954ll-womens-comfort-waist-cargo-pant-black-hero-front,https://notanother-nz.github.io/total-image-product-assets/assets/CL954LL_WOMEN'S_COMFORT_WAIST_CARGO_PANT/webp/model/CL954LL_WOMEN'S_COMFORT_WAIST_CARGO_PANT_BLACK_HERO_FRONT.webp,womens-comfort-waist-cargo-pant-cl954ll,black,3
Women's Comfort Waist Cargo Pant — CL954LL_WOMEN'S_COMFORT_WAIST_CARGO_PANT_BLACK_PLUS_SIZE_HERO_FRONT.webp,cl954ll-model-cl954ll-womens-comfort-waist-cargo-pant-black-plus-size-hero-front,https://notanother-nz.github.io/total-image-product-assets/assets/CL954LL_WOMEN'S_COMFORT_WAIST_CARGO_PANT/webp/model/CL954LL_WOMEN'S_COMFORT_WAIST_CARGO_PANT_BLACK_PLUS_SIZE_HERO_FRONT.webp,womens-comfort-waist-cargo-pant-cl954ll,black,4
Women's Comfort Waist Cargo Pant — CL954LL_WOMEN'S_COMFORT_WAIST_CARGO_PANT_NAVY_AFRICAN_HERO_FRONT.webp,cl954ll-model-cl954ll-womens-comfort-waist-cargo-pant-navy-african-hero-front,https://notanother-nz.github.io/total-image-product-assets/assets/CL954LL_WOMEN'S_COMFORT_WAIST_CARGO_PANT/webp/model/CL954LL_WOMEN'S_COMFORT_WAIST_CARGO_PANT_NAVY_AFRICAN_HERO_FRONT.webp,womens-comfort-waist-cargo-pant-cl954ll,navy,5
Women's Comfort Waist Cargo Pant — CL954LL_WOMEN'S_COMFORT_WAIST_CARGO_PANT_NAVY_ASIAN_HERO_FRONT.webp,cl954ll-model-cl954ll-womens-comfort-waist-cargo-pant-navy-asian-hero-front,https://notanother-nz.github.io/total-image-product-assets/assets/CL954LL_WOMEN'S_COMFORT_WAIST_CARGO_PANT/webp/model/CL954LL_WOMEN'S_COMFORT_WAIST_CARGO_PANT_NAVY_ASIAN_HERO_FRONT.webp,womens-comfort-waist-cargo-pant-cl954ll,navy,6
Women's Comfort Waist Cargo Pant — CL954LL_WOMEN'S_COMFORT_WAIST_CARGO_PANT_NAVY_Caucasian_HERO_FRONT.webp,cl954ll-model-cl954ll-womens-comfort-waist-cargo-pant-navy-caucasian-hero-front,https://notanother-nz.github.io/total-image-product-assets/assets/CL954LL_WOMEN'S_COMFORT_WAIST_CARGO_PANT/webp/model/CL954LL_WOMEN'S_COMFORT_WAIST_CARGO_PANT_NAVY_Caucasian_HERO_FRONT.webp,womens-comfort-waist-cargo-pant-cl954ll,navy,7
Women's Comfort Waist Cargo Pant — CL954LL_WOMEN'S_COMFORT_WAIST_CARGO_PANT_BLACK_ASIAN_HERO_BACK.webp,cl954ll-model-cl954ll-womens-comfort-waist-cargo-pant-black-asian-hero-back,https://notanother-nz.github.io/total-image-product-assets/assets/CL954LL_WOMEN'S_COMFORT_WAIST_CARGO_PANT/webp/model/CL954LL_WOMEN'S_COMFORT_WAIST_CARGO_PANT_BLACK_ASIAN_HERO_BACK.webp,womens-comfort-waist-cargo-pant-cl954ll,black,8
Women's Comfort Waist Cargo Pant — CL954LL_WOMEN'S_COMFORT_WAIST_CARGO_PANT_BLACK_Caucasian_HERO_BACK.webp,cl954ll-model-cl954ll-womens-comfort-waist-cargo-pant-black-caucasian-hero-back,https://notanother-nz.github.io/total-image-product-assets/assets/CL954LL_WOMEN'S_COMFORT_WAIST_CARGO_PANT/webp/model/CL954LL_WOMEN'S_COMFORT_WAIST_CARGO_PANT_BLACK_Caucasian_HERO_BACK.webp,womens-comfort-waist-cargo-pant-cl954ll,black,9
Women's Comfort Waist Cargo Pant — CL954LL_WOMEN'S_COMFORT_WAIST_CARGO_PANT_BLACK_HERO_BACK.webp,cl954ll-model-cl954ll-womens-comfort-waist-cargo-pant-black-hero-back,https://notanother-nz.github.io/total-image-product-assets/assets/CL954LL_WOMEN'S_COMFORT_WAIST_CARGO_PANT/webp/model/CL954LL_WOMEN'S_COMFORT_WAIST_CARGO_PANT_BLACK_HERO_BACK.webp,womens-comfort-waist-cargo-pant-cl954ll,black,10
Women's Comfort Waist Cargo Pant — CL954LL_WOMEN'S_COMFORT_WAIST_CARGO_PANT_BLACK_PLUS_SIZE_HERO_BACK.webp,cl954ll-model-cl954ll-womens-comfort-waist-cargo-pant-black-plus-size-hero-back,https://notanother-nz.github.io/total-image-product-assets/assets/CL954LL_WOMEN'S_COMFORT_WAIST_CARGO_PANT/webp/model/CL954LL_WOMEN'S_COMFORT_WAIST_CARGO_PANT_BLACK_PLUS_SIZE_HERO_BACK.webp,womens-comfort-waist-cargo-pant-cl954ll,black,11
Women's Comfort Waist Cargo Pant — CL954LL_WOMEN'S_COMFORT_WAIST_CARGO_PANT_NAVY_AFRICAN_HERO_BACK.webp,cl954ll-model-cl954ll-womens-comfort-waist-cargo-pant-navy-african-hero-back,https://notanother-nz.github.io/total-image-product-assets/assets/CL954LL_WOMEN'S_COMFORT_WAIST_CARGO_PANT/webp/model/CL954LL_WOMEN'S_COMFORT_WAIST_CARGO_PANT_NAVY_AFRICAN_HERO_BACK.webp,womens-comfort-waist-cargo-pant-cl954ll,navy,12
Women's Comfort Waist Cargo Pant — CL954LL_WOMEN'S_COMFORT_WAIST_CARGO_PANT_NAVY_ASIAN_HERO_BACK.webp,cl954ll-model-cl954ll-womens-comfort-waist-cargo-pant-navy-asian-hero-back,https://notanother-nz.github.io/total-image-product-assets/assets/CL954LL_WOMEN'S_COMFORT_WAIST_CARGO_PANT/webp/model/CL954LL_WOMEN'S_COMFORT_WAIST_CARGO_PANT_NAVY_ASIAN_HERO_BACK.webp,womens-comfort-waist-cargo-pant-cl954ll,navy,13
Women's Comfort Waist Cargo Pant — CL954LL_WOMEN'S_COMFORT_WAIST_CARGO_PANT_NAVY_Caucasian_HERO_BACK.webp,cl954ll-model-cl954ll-womens-comfort-waist-cargo-pant-navy-caucasian-hero-back,https://notanother-nz.github.io/total-image-product-assets/assets/CL954LL_WOMEN'S_COMFORT_WAIST_CARGO_PANT/webp/model/CL954LL_WOMEN'S_COMFORT_WAIST_CARGO_PANT_NAVY_Caucasian_HERO_BACK.webp,womens-comfort-waist-cargo-pant-cl954ll,navy,14
Women's Comfort Waist Cargo Pant — CL954LL_WOMEN'S_COMFORT_WAIST_CARGO_PANT_BLACK_ASIAN_HERO_CLOSEUP.webp,cl954ll-model-cl954ll-womens-comfort-waist-cargo-pant-black-asian-hero-closeup,https://notanother-nz.github.io/total-image-product-assets/assets/CL954LL_WOMEN'S_COMFORT_WAIST_CARGO_PANT/webp/model/CL954LL_WOMEN'S_COMFORT_WAIST_CARGO_PANT_BLACK_ASIAN_HERO_CLOSEUP.webp,womens-comfort-waist-cargo-pant-cl954ll,black,15
Women's Comfort Waist Cargo Pant — CL954LL_WOMEN'S_COMFORT_WAIST_CARGO_PANT_BLACK_Caucasian_HERO_CLOSEUP.webp,cl954ll-model-cl954ll-womens-comfort-waist-cargo-pant-black-caucasian-hero-closeup,https://notanother-nz.github.io/total-image-product-assets/assets/CL954LL_WOMEN'S_COMFORT_WAIST_CARGO_PANT/webp/model/CL954LL_WOMEN'S_COMFORT_WAIST_CARGO_PANT_BLACK_Caucasian_HERO_CLOSEUP.webp,womens-comfort-waist-cargo-pant-cl954ll,black,16
Women's Comfort Waist Cargo Pant — CL954LL_WOMEN'S_COMFORT_WAIST_CARGO_PANT_BLACK_HERO_CLOSEUP.webp,cl954ll-model-cl954ll-womens-comfort-waist-cargo-pant-black-hero-closeup,https://notanother-nz.github.io/total-image-product-assets/assets/CL954LL_WOMEN'S_COMFORT_WAIST_CARGO_PANT/webp/model/CL954LL_WOMEN'S_COMFORT_WAIST_CARGO_PANT_BLACK_HERO_CLOSEUP.webp,womens-comfort-waist-cargo-pant-cl954ll,black,17
Women's Comfort Waist Cargo Pant — CL954LL_WOMEN'S_COMFORT_WAIST_CARGO_PANT_BLACK_PLUS_SIZE_HERO_CLOSEUP.webp,cl954ll-model-cl954ll-womens-comfort-waist-cargo-pant-black-plus-size-hero-closeup,https://notanother-nz.github.io/total-image-product-assets/assets/CL954LL_WOMEN'S_COMFORT_WAIST_CARGO_PANT/webp/model/CL954LL_WOMEN'S_COMFORT_WAIST_CARGO_PANT_BLACK_PLUS_SIZE_HERO_CLOSEUP.webp,womens-comfort-waist-cargo-pant-cl954ll,black,18
Women's Comfort Waist Cargo Pant — CL954LL_WOMEN'S_COMFORT_WAIST_CARGO_PANT_NAVY_AFRICAN_HERO_CLOSEUP.webp,cl954ll-model-cl954ll-womens-comfort-waist-cargo-pant-navy-african-hero-closeup,https://notanother-nz.github.io/total-image-product-assets/assets/CL954LL_WOMEN'S_COMFORT_WAIST_CARGO_PANT/webp/model/CL954LL_WOMEN'S_COMFORT_WAIST_CARGO_PANT_NAVY_AFRICAN_HERO_CLOSEUP.webp,womens-comfort-waist-cargo-pant-cl954ll,navy,19
Women's Comfort Waist Cargo Pant — CL954LL_WOMEN'S_COMFORT_WAIST_CARGO_PANT_NAVY_ASIAN_HERO_CLOSEUP.webp,cl954ll-model-cl954ll-womens-comfort-waist-cargo-pant-navy-asian-hero-closeup,https://notanother-nz.github.io/total-image-product-assets/assets/CL954LL_WOMEN'S_COMFORT_WAIST_CARGO_PANT/webp/model/CL954LL_WOMEN'S_COMFORT_WAIST_CARGO_PANT_NAVY_ASIAN_HERO_CLOSEUP.webp,womens-comfort-waist-cargo-pant-cl954ll,navy,20
Women's Comfort Waist Cargo Pant — CL954LL_WOMEN'S_COMFORT_WAIST_CARGO_PANT_NAVY_Caucasian_HERO_CLOSEUP.webp,cl954ll-model-cl954ll-womens-comfort-waist-cargo-pant-navy-caucasian-hero-closeup,https://notanother-nz.github.io/total-image-product-assets/assets/CL954LL_WOMEN'S_COMFORT_WAIST_CARGO_PANT/webp/model/CL954LL_WOMEN'S_COMFORT_WAIST_CARGO_PANT_NAVY_Caucasian_HERO_CLOSEUP.webp,womens-comfort-waist-cargo-pant-cl954ll,navy,21
Women's Comfort Waist Cargo Pant — CL954LL_WOMEN'S_COMFORT_WAIST_CARGO_PANT_BLACK_ASIAN_HERO_SIDE.webp,cl954ll-model-cl954ll-womens-comfort-waist-cargo-pant-black-asian-hero-side,https://notanother-nz.github.io/total-image-product-assets/assets/CL954LL_WOMEN'S_COMFORT_WAIST_CARGO_PANT/webp/model/CL954LL_WOMEN'S_COMFORT_WAIST_CARGO_PANT_BLACK_ASIAN_HERO_SIDE.webp,womens-comfort-waist-cargo-pant-cl954ll,black,22
Women's Comfort Waist Cargo Pant — CL954LL_WOMEN'S_COMFORT_WAIST_CARGO_PANT_BLACK_Caucasian_HERO_SIDE.webp,cl954ll-model-cl954ll-womens-comfort-waist-cargo-pant-black-caucasian-hero-side,https://notanother-nz.github.io/total-image-product-assets/assets/CL954LL_WOMEN'S_COMFORT_WAIST_CARGO_PANT/webp/model/CL954LL_WOMEN'S_COMFORT_WAIST_CARGO_PANT_BLACK_Caucasian_HERO_SIDE.webp,womens-comfort-waist-cargo-pant-cl954ll,black,23
Women's Comfort Waist Cargo Pant — CL954LL_WOMEN'S_COMFORT_WAIST_CARGO_PANT_BLACK_HERO_SIDE.webp,cl954ll-model-cl954ll-womens-comfort-waist-cargo-pant-black-hero-side,https://notanother-nz.github.io/total-image-product-assets/assets/CL954LL_WOMEN'S_COMFORT_WAIST_CARGO_PANT/webp/model/CL954LL_WOMEN'S_COMFORT_WAIST_CARGO_PANT_BLACK_HERO_SIDE.webp,womens-comfort-waist-cargo-pant-cl954ll,black,24
Women's Comfort Waist Cargo Pant — CL954LL_WOMEN'S_COMFORT_WAIST_CARGO_PANT_BLACK_PLUS_SIZE_HERO_SIDE.webp,cl954ll-model-cl954ll-womens-comfort-waist-cargo-pant-black-plus-size-hero-side,https://notanother-nz.github.io/total-image-product-assets/assets/CL954LL_WOMEN'S_COMFORT_WAIST_CARGO_PANT/webp/model/CL954LL_WOMEN'S_COMFORT_WAIST_CARGO_PANT_BLACK_PLUS_SIZE_HERO_SIDE.webp,womens-comfort-waist-cargo-pant-cl954ll,black,25
Women's Comfort Waist Cargo Pant — CL954LL_WOMEN'S_COMFORT_WAIST_CARGO_PANT_NAVY_AFRICAN_HERO_SIDE.webp,cl954ll-model-cl954ll-womens-comfort-waist-cargo-pant-navy-african-hero-side,https://notanother-nz.github.io/total-image-product-assets/assets/CL954LL_WOMEN'S_COMFORT_WAIST_CARGO_PANT/webp/model/CL954LL_WOMEN'S_COMFORT_WAIST_CARGO_PANT_NAVY_AFRICAN_HERO_SIDE.webp,womens-comfort-waist-cargo-pant-cl954ll,navy,26
Women's Comfort Waist Cargo Pant — CL954LL_WOMEN'S_COMFORT_WAIST_CARGO_PANT_NAVY_ASIAN_HERO_SIDE.webp,cl954ll-model-cl954ll-womens-comfort-waist-cargo-pant-navy-asian-hero-side,https://notanother-nz.github.io/total-image-product-assets/assets/CL954LL_WOMEN'S_COMFORT_WAIST_CARGO_PANT/webp/model/CL954LL_WOMEN'S_COMFORT_WAIST_CARGO_PANT_NAVY_ASIAN_HERO_SIDE.webp,womens-comfort-waist-cargo-pant-cl954ll,navy,27
Women's Comfort Waist Cargo Pant — CL954LL_WOMEN'S_COMFORT_WAIST_CARGO_PANT_NAVY_Caucasian_HERO_SIDE.webp,cl954ll-model-cl954ll-womens-comfort-waist-cargo-pant-navy-caucasian-hero-side,https://notanother-nz.github.io/total-image-product-assets/assets/CL954LL_WOMEN'S_COMFORT_WAIST_CARGO_PANT/webp/model/CL954LL_WOMEN'S_COMFORT_WAIST_CARGO_PANT_NAVY_Caucasian_HERO_SIDE.webp,womens-comfort-waist-cargo-pant-cl954ll,navy,28
Women's Comfort Waist Cargo Pant — CL954LL_WOMEN'S_COMFORT_WAIST_CARGO_PANT_BLACK_FRONT.webp,cl954ll-product-cl954ll-womens-comfort-waist-cargo-pant-black-front,https://notanother-nz.github.io/total-image-product-assets/assets/CL954LL_WOMEN'S_COMFORT_WAIST_CARGO_PANT/webp/product/CL954LL_WOMEN'S_COMFORT_WAIST_CARGO_PANT_BLACK_FRONT.webp,womens-comfort-waist-cargo-pant-cl954ll,black,29
Women's Comfort Waist Cargo Pant — CL954LL_WOMEN'S_COMFORT_WAIST_CARGO_PANT_CHARCOAL_FRONT.webp,cl954ll-product-cl954ll-womens-comfort-waist-cargo-pant-charcoal-front,https://notanother-nz.github.io/total-image-product-assets/assets/CL954LL_WOMEN'S_COMFORT_WAIST_CARGO_PANT/webp/product/CL954LL_WOMEN'S_COMFORT_WAIST_CARGO_PANT_CHARCOAL_FRONT.webp,womens-comfort-waist-cargo-pant-cl954ll,charcoal,30
Women's Comfort Waist Cargo Pant — CL954LL_WOMEN'S_COMFORT_WAIST_CARGO_PANT_NAVY_FRONT.webp,cl954ll-product-cl954ll-womens-comfort-waist-cargo-pant-navy-front,https://notanother-nz.github.io/total-image-product-assets/assets/CL954LL_WOMEN'S_COMFORT_WAIST_CARGO_PANT/webp/product/CL954LL_WOMEN'S_COMFORT_WAIST_CARGO_PANT_NAVY_FRONT.webp,womens-comfort-waist-cargo-pant-cl954ll,navy,31
Women's Comfort Waist Cargo Pant — CL954LL_WOMEN'S_COMFORT_WAIST_CARGO_PANT_BLACK_BACK.webp,cl954ll-product-cl954ll-womens-comfort-waist-cargo-pant-black-back,https://notanother-nz.github.io/total-image-product-assets/assets/CL954LL_WOMEN'S_COMFORT_WAIST_CARGO_PANT/webp/product/CL954LL_WOMEN'S_COMFORT_WAIST_CARGO_PANT_BLACK_BACK.webp,womens-comfort-waist-cargo-pant-cl954ll,black,32
Women's Comfort Waist Cargo Pant — CL954LL_WOMEN'S_COMFORT_WAIST_CARGO_PANT_CHARCOAL_BACK.webp,cl954ll-product-cl954ll-womens-comfort-waist-cargo-pant-charcoal-back,https://notanother-nz.github.io/total-image-product-assets/assets/CL954LL_WOMEN'S_COMFORT_WAIST_CARGO_PANT/webp/product/CL954LL_WOMEN'S_COMFORT_WAIST_CARGO_PANT_CHARCOAL_BACK.webp,womens-comfort-waist-cargo-pant-cl954ll,charcoal,33
Women's Comfort Waist Cargo Pant — CL954LL_WOMEN'S_COMFORT_WAIST_CARGO_PANT_NAVY_BACK.webp,cl954ll-product-cl954ll-womens-comfort-waist-cargo-pant-navy-back,https://notanother-nz.github.io/total-image-product-assets/assets/CL954LL_WOMEN'S_COMFORT_WAIST_CARGO_PANT/webp/product/CL954LL_WOMEN'S_COMFORT_WAIST_CARGO_PANT_NAVY_BACK.webp,womens-comfort-waist-cargo-pant-cl954ll,navy,34
Women's Comfort Waist Straight Leg Pant — CL955LL_Women_Comfort_Waist Straight_Leg_Pant_HERO_Front.webp,cl955ll-model-cl955ll-women-comfort-waist-straight-leg-pant-hero-front,https://notanother-nz.github.io/total-image-product-assets/assets/CL955LL_WOMEN'S_COMFORT_WAIST_STRAIGHT_LEG_PANT/webp/model/CL955LL_Women_Comfort_Waist%20Straight_Leg_Pant_HERO_Front.webp,womens-comfort-waist-straight-leg-pant-cl955ll,,1
Women's Comfort Waist Straight Leg Pant — CL955LL_WOMEN'S_COMFORT_WAIST_STRAIGHT_LEG_PANT_NAVY_HERO_FRONT.webp,cl955ll-model-cl955ll-womens-comfort-waist-straight-leg-pant-navy-hero-front,https://notanother-nz.github.io/total-image-product-assets/assets/CL955LL_WOMEN'S_COMFORT_WAIST_STRAIGHT_LEG_PANT/webp/model/CL955LL_WOMEN'S_COMFORT_WAIST_STRAIGHT_LEG_PANT_NAVY_HERO_FRONT.webp,womens-comfort-waist-straight-leg-pant-cl955ll,navy,2
Women's Comfort Waist Straight Leg Pant — CL955LL_Women_Comfort_Waist Straight_Leg_Pant_HERO_Back.webp,cl955ll-model-cl955ll-women-comfort-waist-straight-leg-pant-hero-back,https://notanother-nz.github.io/total-image-product-assets/assets/CL955LL_WOMEN'S_COMFORT_WAIST_STRAIGHT_LEG_PANT/webp/model/CL955LL_Women_Comfort_Waist%20Straight_Leg_Pant_HERO_Back.webp,womens-comfort-waist-straight-leg-pant-cl955ll,,3
Women's Comfort Waist Straight Leg Pant — CL955LL_WOMEN'S_COMFORT_WAIST_STRAIGHT_LEG_PANT_NAVY_HERO_BACK.webp,cl955ll-model-cl955ll-womens-comfort-waist-straight-leg-pant-navy-hero-back,https://notanother-nz.github.io/total-image-product-assets/assets/CL955LL_WOMEN'S_COMFORT_WAIST_STRAIGHT_LEG_PANT/webp/model/CL955LL_WOMEN'S_COMFORT_WAIST_STRAIGHT_LEG_PANT_NAVY_HERO_BACK.webp,womens-comfort-waist-straight-leg-pant-cl955ll,navy,4
Women's Comfort Waist Straight Leg Pant — CL955LL_Women_Comfort_Waist Straight_Leg_Pant_HERO_Side.webp,cl955ll-model-cl955ll-women-comfort-waist-straight-leg-pant-hero-side,https://notanother-nz.github.io/total-image-product-assets/assets/CL955LL_WOMEN'S_COMFORT_WAIST_STRAIGHT_LEG_PANT/webp/model/CL955LL_Women_Comfort_Waist%20Straight_Leg_Pant_HERO_Side.webp,womens-comfort-waist-straight-leg-pant-cl955ll,,5
Women's Comfort Waist Straight Leg Pant — CL955LL_WOMEN'S_COMFORT_WAIST_STRAIGHT_LEG_PANT_NAVY_HERO_SIDE.webp,cl955ll-model-cl955ll-womens-comfort-waist-straight-leg-pant-navy-hero-side,https://notanother-nz.github.io/total-image-product-assets/assets/CL955LL_WOMEN'S_COMFORT_WAIST_STRAIGHT_LEG_PANT/webp/model/CL955LL_WOMEN'S_COMFORT_WAIST_STRAIGHT_LEG_PANT_NAVY_HERO_SIDE.webp,womens-comfort-waist-straight-leg-pant-cl955ll,navy,6
Women's Comfort Waist Straight Leg Pant — CL955LL_WOMEN'S_COMFORT_WAIST_STRAIGHT_LEG_PANT_NAVY_HERO_CLOSE.webp,cl955ll-model-cl955ll-womens-comfort-waist-straight-leg-pant-navy-hero-close,https://notanother-nz.github.io/total-image-product-assets/assets/CL955LL_WOMEN'S_COMFORT_WAIST_STRAIGHT_LEG_PANT/webp/model/CL955LL_WOMEN'S_COMFORT_WAIST_STRAIGHT_LEG_PANT_NAVY_HERO_CLOSE.webp,womens-comfort-waist-straight-leg-pant-cl955ll,navy,7
Women's Comfort Waist Straight Leg Pant — CL955LL_WOMEN'S_COMFORT_WAIST_STRAIGHT_LEG_PANT_BLACK_FRONT.webp,cl955ll-product-cl955ll-womens-comfort-waist-straight-leg-pant-black-front,https://notanother-nz.github.io/total-image-product-assets/assets/CL955LL_WOMEN'S_COMFORT_WAIST_STRAIGHT_LEG_PANT/webp/product/CL955LL_WOMEN'S_COMFORT_WAIST_STRAIGHT_LEG_PANT_BLACK_FRONT.webp,womens-comfort-waist-straight-leg-pant-cl955ll,black,8
Women's Comfort Waist Straight Leg Pant — CL955LL_WOMEN'S_COMFORT_WAIST_STRAIGHT_LEG_PANT_CHARCOAL_FRONT.webp,cl955ll-product-cl955ll-womens-comfort-waist-straight-leg-pant-charcoal-front,https://notanother-nz.github.io/total-image-product-assets/assets/CL955LL_WOMEN'S_COMFORT_WAIST_STRAIGHT_LEG_PANT/webp/product/CL955LL_WOMEN'S_COMFORT_WAIST_STRAIGHT_LEG_PANT_CHARCOAL_FRONT.webp,womens-comfort-waist-straight-leg-pant-cl955ll,charcoal,9
Women's Comfort Waist Straight Leg Pant — CL955LL_WOMEN'S_COMFORT_WAIST_STRAIGHT_LEG_PANT_NAVY_FRONT.webp,cl955ll-product-cl955ll-womens-comfort-waist-straight-leg-pant-navy-front,https://notanother-nz.github.io/total-image-product-assets/assets/CL955LL_WOMEN'S_COMFORT_WAIST_STRAIGHT_LEG_PANT/webp/product/CL955LL_WOMEN'S_COMFORT_WAIST_STRAIGHT_LEG_PANT_NAVY_FRONT.webp,womens-comfort-waist-straight-leg-pant-cl955ll,navy,10
Women's Comfort Waist Straight Leg Pant — CL955LL_Women_Comfort_Waist Straight_Leg_Pant_Black_BACK.webp,cl955ll-product-cl955ll-women-comfort-waist-straight-leg-pant-black-back,https://notanother-nz.github.io/total-image-product-assets/assets/CL955LL_WOMEN'S_COMFORT_WAIST_STRAIGHT_LEG_PANT/webp/product/CL955LL_Women_Comfort_Waist%20Straight_Leg_Pant_Black_BACK.webp,womens-comfort-waist-straight-leg-pant-cl955ll,black,11
Women's Comfort Waist Straight Leg Pant — CL955LL_Women_Comfort_Waist Straight_Leg_Pant_Charcoal_BACK.webp,cl955ll-product-cl955ll-women-comfort-waist-straight-leg-pant-charcoal-back,https://notanother-nz.github.io/total-image-product-assets/assets/CL955LL_WOMEN'S_COMFORT_WAIST_STRAIGHT_LEG_PANT/webp/product/CL955LL_Women_Comfort_Waist%20Straight_Leg_Pant_Charcoal_BACK.webp,womens-comfort-waist-straight-leg-pant-cl955ll,charcoal,12
Women's Comfort Waist Straight Leg Pant — CL955LL_Women_Comfort_Waist Straight_Leg_Pant_Navy_BACK.webp,cl955ll-product-cl955ll-women-comfort-waist-straight-leg-pant-navy-back,https://notanother-nz.github.io/total-image-product-assets/assets/CL955LL_WOMEN'S_COMFORT_WAIST_STRAIGHT_LEG_PANT/webp/product/CL955LL_Women_Comfort_Waist%20Straight_Leg_Pant_Navy_BACK.webp,womens-comfort-waist-straight-leg-pant-cl955ll,navy,13
Women's Comfort Waist Straight Leg Pant — CL955LL_WOMEN'S_COMFORT_WAIST_STRAIGHT_LEG_PANT_BLACK_BACK.webp,cl955ll-product-cl955ll-womens-comfort-waist-straight-leg-pant-black-back,https://notanother-nz.github.io/total-image-product-assets/assets/CL955LL_WOMEN'S_COMFORT_WAIST_STRAIGHT_LEG_PANT/webp/product/CL955LL_WOMEN'S_COMFORT_WAIST_STRAIGHT_LEG_PANT_BLACK_BACK.webp,womens-comfort-waist-straight-leg-pant-cl955ll,black,14
Women's Comfort Waist Straight Leg Pant — CL955LL_WOMEN'S_COMFORT_WAIST_STRAIGHT_LEG_PANT_CHARCOAL_BACK.webp,cl955ll-product-cl955ll-womens-comfort-waist-straight-leg-pant-charcoal-back,https://notanother-nz.github.io/total-image-product-assets/assets/CL955LL_WOMEN'S_COMFORT_WAIST_STRAIGHT_LEG_PANT/webp/product/CL955LL_WOMEN'S_COMFORT_WAIST_STRAIGHT_LEG_PANT_CHARCOAL_BACK.webp,womens-comfort-waist-straight-leg-pant-cl955ll,charcoal,15
Women's Comfort Waist Straight Leg Pant — CL955LL_WOMEN'S_COMFORT_WAIST_STRAIGHT_LEG_PANT_NAVY_BACK.webp,cl955ll-product-cl955ll-womens-comfort-waist-straight-leg-pant-navy-back,https://notanother-nz.github.io/total-image-product-assets/assets/CL955LL_WOMEN'S_COMFORT_WAIST_STRAIGHT_LEG_PANT/webp/product/CL955LL_WOMEN'S_COMFORT_WAIST_STRAIGHT_LEG_PANT_NAVY_BACK.webp,womens-comfort-waist-straight-leg-pant-cl955ll,navy,16
Women's Comfort Waist Straight Leg Pant — CL955LL_Women_Comfort_Waist Straight_Leg_Pant_Black.webp,cl955ll-product-cl955ll-women-comfort-waist-straight-leg-pant-black,https://notanother-nz.github.io/total-image-product-assets/assets/CL955LL_WOMEN'S_COMFORT_WAIST_STRAIGHT_LEG_PANT/webp/product/CL955LL_Women_Comfort_Waist%20Straight_Leg_Pant_Black.webp,womens-comfort-waist-straight-leg-pant-cl955ll,black,17
Women's Comfort Waist Straight Leg Pant — CL955LL_Women_Comfort_Waist Straight_Leg_Pant_Charcoal.webp,cl955ll-product-cl955ll-women-comfort-waist-straight-leg-pant-charcoal,https://notanother-nz.github.io/total-image-product-assets/assets/CL955LL_WOMEN'S_COMFORT_WAIST_STRAIGHT_LEG_PANT/webp/product/CL955LL_Women_Comfort_Waist%20Straight_Leg_Pant_Charcoal.webp,womens-comfort-waist-straight-leg-pant-cl955ll,charcoal,18
Women's Comfort Waist Straight Leg Pant — CL955LL_Women_Comfort_Waist Straight_Leg_Pant_Navy.webp,cl955ll-product-cl955ll-women-comfort-waist-straight-leg-pant-navy,https://notanother-nz.github.io/total-image-product-assets/assets/CL955LL_WOMEN'S_COMFORT_WAIST_STRAIGHT_LEG_PANT/webp/product/CL955LL_Women_Comfort_Waist%20Straight_Leg_Pant_Navy.webp,womens-comfort-waist-straight-leg-pant-cl955ll,navy,19
Women's Comfort Waist Cargo Skirt — CL956LS_WOMEN'S_COMFORT_WAIST_CARGO_SKIRT_NAVY_HERO_FRONT.webp,cl956ls-model-cl956ls-womens-comfort-waist-cargo-skirt-navy-hero-front,https://notanother-nz.github.io/total-image-product-assets/assets/CL956LS_WOMEN'S_COMFORT_WAIST_CARGO_SKIRT/webp/model/CL956LS_WOMEN'S_COMFORT_WAIST_CARGO_SKIRT_NAVY_HERO_FRONT.webp,womens-comfort-waist-cargo-skirt-cl956ls,navy,1
Women's Comfort Waist Cargo Skirt — CL956LS_WOMEN'S_COMFORT_WAIST_CARGO_SKIRT_NAVY_HERO_BACK.webp,cl956ls-model-cl956ls-womens-comfort-waist-cargo-skirt-navy-hero-back,https://notanother-nz.github.io/total-image-product-assets/assets/CL956LS_WOMEN'S_COMFORT_WAIST_CARGO_SKIRT/webp/model/CL956LS_WOMEN'S_COMFORT_WAIST_CARGO_SKIRT_NAVY_HERO_BACK.webp,womens-comfort-waist-cargo-skirt-cl956ls,navy,2
Women's Comfort Waist Cargo Skirt — CL956LS_WOMEN'S_COMFORT_WAIST_CARGO_SKIRT_NAVY_HERO_CLOSEUP.webp,cl956ls-model-cl956ls-womens-comfort-waist-cargo-skirt-navy-hero-closeup,https://notanother-nz.github.io/total-image-product-assets/assets/CL956LS_WOMEN'S_COMFORT_WAIST_CARGO_SKIRT/webp/model/CL956LS_WOMEN'S_COMFORT_WAIST_CARGO_SKIRT_NAVY_HERO_CLOSEUP.webp,womens-comfort-waist-cargo-skirt-cl956ls,navy,3
Women's Comfort Waist Cargo Skirt — CL956LS_WOMEN'S_COMFORT_WAIST_CARGO_SKIRT_NAVY_HERO_SIDE.webp,cl956ls-model-cl956ls-womens-comfort-waist-cargo-skirt-navy-hero-side,https://notanother-nz.github.io/total-image-product-assets/assets/CL956LS_WOMEN'S_COMFORT_WAIST_CARGO_SKIRT/webp/model/CL956LS_WOMEN'S_COMFORT_WAIST_CARGO_SKIRT_NAVY_HERO_SIDE.webp,womens-comfort-waist-cargo-skirt-cl956ls,navy,4
Women's Comfort Waist Cargo Skirt — CL956LS_WOMEN'S_COMFORT_WAIST_CARGO_SKIRT_BLACK_FRONT.webp,cl956ls-product-cl956ls-womens-comfort-waist-cargo-skirt-black-front,https://notanother-nz.github.io/total-image-product-assets/assets/CL956LS_WOMEN'S_COMFORT_WAIST_CARGO_SKIRT/webp/product/CL956LS_WOMEN'S_COMFORT_WAIST_CARGO_SKIRT_BLACK_FRONT.webp,womens-comfort-waist-cargo-skirt-cl956ls,black,5
Women's Comfort Waist Cargo Skirt — CL956LS_WOMEN'S_COMFORT_WAIST_CARGO_SKIRT_CHARCOAL_FRONT.webp,cl956ls-product-cl956ls-womens-comfort-waist-cargo-skirt-charcoal-front,https://notanother-nz.github.io/total-image-product-assets/assets/CL956LS_WOMEN'S_COMFORT_WAIST_CARGO_SKIRT/webp/product/CL956LS_WOMEN'S_COMFORT_WAIST_CARGO_SKIRT_CHARCOAL_FRONT.webp,womens-comfort-waist-cargo-skirt-cl956ls,charcoal,6
Women's Comfort Waist Cargo Skirt — CL956LS_WOMEN'S_COMFORT_WAIST_CARGO_SKIRT_NAVY_FRONT.webp,cl956ls-product-cl956ls-womens-comfort-waist-cargo-skirt-navy-front,https://notanother-nz.github.io/total-image-product-assets/assets/CL956LS_WOMEN'S_COMFORT_WAIST_CARGO_SKIRT/webp/product/CL956LS_WOMEN'S_COMFORT_WAIST_CARGO_SKIRT_NAVY_FRONT.webp,womens-comfort-waist-cargo-skirt-cl956ls,navy,7
Women's Comfort Waist Cargo Skirt — CL956LS_WOMEN'S_COMFORT_WAIST_CARGO_SKIRT_BLACK_BACK.webp,cl956ls-product-cl956ls-womens-comfort-waist-cargo-skirt-black-back,https://notanother-nz.github.io/total-image-product-assets/assets/CL956LS_WOMEN'S_COMFORT_WAIST_CARGO_SKIRT/webp/product/CL956LS_WOMEN'S_COMFORT_WAIST_CARGO_SKIRT_BLACK_BACK.webp,womens-comfort-waist-cargo-skirt-cl956ls,black,8
Women's Comfort Waist Cargo Skirt — CL956LS_WOMEN'S_COMFORT_WAIST_CARGO_SKIRT_CHARCOAL_BACK.webp,cl956ls-product-cl956ls-womens-comfort-waist-cargo-skirt-charcoal-back,https://notanother-nz.github.io/total-image-product-assets/assets/CL956LS_WOMEN'S_COMFORT_WAIST_CARGO_SKIRT/webp/product/CL956LS_WOMEN'S_COMFORT_WAIST_CARGO_SKIRT_CHARCOAL_BACK.webp,womens-comfort-waist-cargo-skirt-cl956ls,charcoal,9
Women's Comfort Waist Cargo Skirt — CL956LS_WOMEN'S_COMFORT_WAIST_CARGO_SKIRT_NAVY_BACK.webp,cl956ls-product-cl956ls-womens-comfort-waist-cargo-skirt-navy-back,https://notanother-nz.github.io/total-image-product-assets/assets/CL956LS_WOMEN'S_COMFORT_WAIST_CARGO_SKIRT/webp/product/CL956LS_WOMEN'S_COMFORT_WAIST_CARGO_SKIRT_NAVY_BACK.webp,womens-comfort-waist-cargo-skirt-cl956ls,navy,10
Women's Comfort Waist Cargo Short — CL957LS_WOMEN'S_COMFORT_WAIST_CARGO_SHORT_CHARCOAL_AFRICAN_HERO_FRONT.webp,cl957ls-model-cl957ls-womens-comfort-waist-cargo-short-charcoal-african-hero-front,https://notanother-nz.github.io/total-image-product-assets/assets/CL957LS_WOMEN'S_COMFORT_WAIST_CARGO_SHORT/webp/model/CL957LS_WOMEN'S_COMFORT_WAIST_CARGO_SHORT_CHARCOAL_AFRICAN_HERO_FRONT.webp,womens-comfort-waist-cargo-short-cl957ls,charcoal,1
Women's Comfort Waist Cargo Short — CL957LS_WOMEN'S_COMFORT_WAIST_CARGO_SHORT_NAVY_HERO_FRONT.webp,cl957ls-model-cl957ls-womens-comfort-waist-cargo-short-navy-hero-front,https://notanother-nz.github.io/total-image-product-assets/assets/CL957LS_WOMEN'S_COMFORT_WAIST_CARGO_SHORT/webp/model/CL957LS_WOMEN'S_COMFORT_WAIST_CARGO_SHORT_NAVY_HERO_FRONT.webp,womens-comfort-waist-cargo-short-cl957ls,navy,2
Women's Comfort Waist Cargo Short — CL957LS_WOMEN'S_COMFORT_WAIST_CARGO_SHORT_CHARCOAL_AFRICAN_HERO_BACK.webp,cl957ls-model-cl957ls-womens-comfort-waist-cargo-short-charcoal-african-hero-back,https://notanother-nz.github.io/total-image-product-assets/assets/CL957LS_WOMEN'S_COMFORT_WAIST_CARGO_SHORT/webp/model/CL957LS_WOMEN'S_COMFORT_WAIST_CARGO_SHORT_CHARCOAL_AFRICAN_HERO_BACK.webp,womens-comfort-waist-cargo-short-cl957ls,charcoal,3
Women's Comfort Waist Cargo Short — CL957LS_WOMEN'S_COMFORT_WAIST_CARGO_SHORT_NAVY_HERO_BACK.webp,cl957ls-model-cl957ls-womens-comfort-waist-cargo-short-navy-hero-back,https://notanother-nz.github.io/total-image-product-assets/assets/CL957LS_WOMEN'S_COMFORT_WAIST_CARGO_SHORT/webp/model/CL957LS_WOMEN'S_COMFORT_WAIST_CARGO_SHORT_NAVY_HERO_BACK.webp,womens-comfort-waist-cargo-short-cl957ls,navy,4
Women's Comfort Waist Cargo Short — CL957LS_WOMEN'S_COMFORT_WAIST_CARGO_SHORT_CHARCOAL_AFRICAN_HERO_CLOSEUP.webp,cl957ls-model-cl957ls-womens-comfort-waist-cargo-short-charcoal-african-hero-closeup,https://notanother-nz.github.io/total-image-product-assets/assets/CL957LS_WOMEN'S_COMFORT_WAIST_CARGO_SHORT/webp/model/CL957LS_WOMEN'S_COMFORT_WAIST_CARGO_SHORT_CHARCOAL_AFRICAN_HERO_CLOSEUP.webp,womens-comfort-waist-cargo-short-cl957ls,charcoal,5
Women's Comfort Waist Cargo Short — CL957LS_WOMEN'S_COMFORT_WAIST_CARGO_SHORT_NAVY_HERO_CLOSEUP.webp,cl957ls-model-cl957ls-womens-comfort-waist-cargo-short-navy-hero-closeup,https://notanother-nz.github.io/total-image-product-assets/assets/CL957LS_WOMEN'S_COMFORT_WAIST_CARGO_SHORT/webp/model/CL957LS_WOMEN'S_COMFORT_WAIST_CARGO_SHORT_NAVY_HERO_CLOSEUP.webp,womens-comfort-waist-cargo-short-cl957ls,navy,6
Women's Comfort Waist Cargo Short — CL957LS_WOMEN'S_COMFORT_WAIST_CARGO_SHORT_CHARCOAL_AFRICAN_HERO_SIDE.webp,cl957ls-model-cl957ls-womens-comfort-waist-cargo-short-charcoal-african-hero-side,https://notanother-nz.github.io/total-image-product-assets/assets/CL957LS_WOMEN'S_COMFORT_WAIST_CARGO_SHORT/webp/model/CL957LS_WOMEN'S_COMFORT_WAIST_CARGO_SHORT_CHARCOAL_AFRICAN_HERO_SIDE.webp,womens-comfort-waist-cargo-short-cl957ls,charcoal,7
Women's Comfort Waist Cargo Short — CL957LS_WOMEN'S_COMFORT_WAIST_CARGO_SHORT_NAVY_HERO_SIDE.webp,cl957ls-model-cl957ls-womens-comfort-waist-cargo-short-navy-hero-side,https://notanother-nz.github.io/total-image-product-assets/assets/CL957LS_WOMEN'S_COMFORT_WAIST_CARGO_SHORT/webp/model/CL957LS_WOMEN'S_COMFORT_WAIST_CARGO_SHORT_NAVY_HERO_SIDE.webp,womens-comfort-waist-cargo-short-cl957ls,navy,8
Women's Comfort Waist Cargo Short — CL957LS_WOMEN'S_COMFORT_WAIST_CARGO_SHORT_BLACK_FRONT.webp,cl957ls-product-cl957ls-womens-comfort-waist-cargo-short-black-front,https://notanother-nz.github.io/total-image-product-assets/assets/CL957LS_WOMEN'S_COMFORT_WAIST_CARGO_SHORT/webp/product/CL957LS_WOMEN'S_COMFORT_WAIST_CARGO_SHORT_BLACK_FRONT.webp,womens-comfort-waist-cargo-short-cl957ls,black,9
Women's Comfort Waist Cargo Short — CL957LS_WOMEN'S_COMFORT_WAIST_CARGO_SHORT_CHARCOAL_FRONT.webp,cl957ls-product-cl957ls-womens-comfort-waist-cargo-short-charcoal-front,https://notanother-nz.github.io/total-image-product-assets/assets/CL957LS_WOMEN'S_COMFORT_WAIST_CARGO_SHORT/webp/product/CL957LS_WOMEN'S_COMFORT_WAIST_CARGO_SHORT_CHARCOAL_FRONT.webp,womens-comfort-waist-cargo-short-cl957ls,charcoal,10
Women's Comfort Waist Cargo Short — CL957LS_WOMEN'S_COMFORT_WAIST_CARGO_SHORT_NAVY_FRONT.webp,cl957ls-product-cl957ls-womens-comfort-waist-cargo-short-navy-front,https://notanother-nz.github.io/total-image-product-assets/assets/CL957LS_WOMEN'S_COMFORT_WAIST_CARGO_SHORT/webp/product/CL957LS_WOMEN'S_COMFORT_WAIST_CARGO_SHORT_NAVY_FRONT.webp,womens-comfort-waist-cargo-short-cl957ls,navy,11
Women's Comfort Waist Cargo Short — CL957LS_WOMEN'S_COMFORT_WAIST_CARGO_SHORT_BLACK_BACK.webp,cl957ls-product-cl957ls-womens-comfort-waist-cargo-short-black-back,https://notanother-nz.github.io/total-image-product-assets/assets/CL957LS_WOMEN'S_COMFORT_WAIST_CARGO_SHORT/webp/product/CL957LS_WOMEN'S_COMFORT_WAIST_CARGO_SHORT_BLACK_BACK.webp,womens-comfort-waist-cargo-short-cl957ls,black,12
Women's Comfort Waist Cargo Short — CL957LS_WOMEN'S_COMFORT_WAIST_CARGO_SHORT_CHARCOAL_BACK.webp,cl957ls-product-cl957ls-womens-comfort-waist-cargo-short-charcoal-back,https://notanother-nz.github.io/total-image-product-assets/assets/CL957LS_WOMEN'S_COMFORT_WAIST_CARGO_SHORT/webp/product/CL957LS_WOMEN'S_COMFORT_WAIST_CARGO_SHORT_CHARCOAL_BACK.webp,womens-comfort-waist-cargo-short-cl957ls,charcoal,13
Women's Comfort Waist Cargo Short — CL957LS_WOMEN'S_COMFORT_WAIST_CARGO_SHORT_NAVY_BACK.webp,cl957ls-product-cl957ls-womens-comfort-waist-cargo-short-navy-back,https://notanother-nz.github.io/total-image-product-assets/assets/CL957LS_WOMEN'S_COMFORT_WAIST_CARGO_SHORT/webp/product/CL957LS_WOMEN'S_COMFORT_WAIST_CARGO_SHORT_NAVY_BACK.webp,womens-comfort-waist-cargo-short-cl957ls,navy,14
Men's Comfort Waist Flat Front Pant — CL958ML_MEN'S_COMFORT_WAIST_FLAT_FRONT_PANT_HERO_FRONT.webp,cl958ml-model-cl958ml-mens-comfort-waist-flat-front-pant-hero-front,https://notanother-nz.github.io/total-image-product-assets/assets/CL958ML_MEN'S_COMFORT_WAIST_FLAT_FRONT_PANT/webp/model/CL958ML_MEN'S_COMFORT_WAIST_FLAT_FRONT_PANT_HERO_FRONT.webp,mens-comfort-waist-flat-front-pant-cl958ml,,1
Men's Comfort Waist Flat Front Pant — MEN'S_COMFORT_WAIST_FLAT_FRONT_PANT_NAVY_HERO_FRONT.webp,cl958ml-model-mens-comfort-waist-flat-front-pant-navy-hero-front,https://notanother-nz.github.io/total-image-product-assets/assets/CL958ML_MEN'S_COMFORT_WAIST_FLAT_FRONT_PANT/webp/model/MEN'S_COMFORT_WAIST_FLAT_FRONT_PANT_NAVY_HERO_FRONT.webp,mens-comfort-waist-flat-front-pant-cl958ml,navy,2
Men's Comfort Waist Flat Front Pant — CL958ML_MEN'S_COMFORT_WAIST_FLAT_FRONT_PANT_HERO_BACK.webp,cl958ml-model-cl958ml-mens-comfort-waist-flat-front-pant-hero-back,https://notanother-nz.github.io/total-image-product-assets/assets/CL958ML_MEN'S_COMFORT_WAIST_FLAT_FRONT_PANT/webp/model/CL958ML_MEN'S_COMFORT_WAIST_FLAT_FRONT_PANT_HERO_BACK.webp,mens-comfort-waist-flat-front-pant-cl958ml,,3
Men's Comfort Waist Flat Front Pant — MEN'S_COMFORT_WAIST_FLAT_FRONT_PANT_NAVY_HERO_BACK.webp,cl958ml-model-mens-comfort-waist-flat-front-pant-navy-hero-back,https://notanother-nz.github.io/total-image-product-assets/assets/CL958ML_MEN'S_COMFORT_WAIST_FLAT_FRONT_PANT/webp/model/MEN'S_COMFORT_WAIST_FLAT_FRONT_PANT_NAVY_HERO_BACK.webp,mens-comfort-waist-flat-front-pant-cl958ml,navy,4
Men's Comfort Waist Flat Front Pant — CL958ML_MEN'S_COMFORT_WAIST_FLAT_FRONT_PANT_HERO_CLOSEUP.webp,cl958ml-model-cl958ml-mens-comfort-waist-flat-front-pant-hero-closeup,https://notanother-nz.github.io/total-image-product-assets/assets/CL958ML_MEN'S_COMFORT_WAIST_FLAT_FRONT_PANT/webp/model/CL958ML_MEN'S_COMFORT_WAIST_FLAT_FRONT_PANT_HERO_CLOSEUP.webp,mens-comfort-waist-flat-front-pant-cl958ml,,5
Men's Comfort Waist Flat Front Pant — MEN'S_COMFORT_WAIST_FLAT_FRONT_PANT_NAVY_HERO_CLOSEUP.webp,cl958ml-model-mens-comfort-waist-flat-front-pant-navy-hero-closeup,https://notanother-nz.github.io/total-image-product-assets/assets/CL958ML_MEN'S_COMFORT_WAIST_FLAT_FRONT_PANT/webp/model/MEN'S_COMFORT_WAIST_FLAT_FRONT_PANT_NAVY_HERO_CLOSEUP.webp,mens-comfort-waist-flat-front-pant-cl958ml,navy,6
Men's Comfort Waist Flat Front Pant — CL958ML_MEN'S_COMFORT_WAIST_FLAT_FRONT_PANT_HERO_SIDE.webp,cl958ml-model-cl958ml-mens-comfort-waist-flat-front-pant-hero-side,https://notanother-nz.github.io/total-image-product-assets/assets/CL958ML_MEN'S_COMFORT_WAIST_FLAT_FRONT_PANT/webp/model/CL958ML_MEN'S_COMFORT_WAIST_FLAT_FRONT_PANT_HERO_SIDE.webp,mens-comfort-waist-flat-front-pant-cl958ml,,7
Men's Comfort Waist Flat Front Pant — MEN'S_COMFORT_WAIST_FLAT_FRONT_PANT_NAVY_HERO_SIDE.webp,cl958ml-model-mens-comfort-waist-flat-front-pant-navy-hero-side,https://notanother-nz.github.io/total-image-product-assets/assets/CL958ML_MEN'S_COMFORT_WAIST_FLAT_FRONT_PANT/webp/model/MEN'S_COMFORT_WAIST_FLAT_FRONT_PANT_NAVY_HERO_SIDE.webp,mens-comfort-waist-flat-front-pant-cl958ml,navy,8
Men's Comfort Waist Flat Front Pant — CL958ML_MEN'S_COMFORT_WAIST_FLAT_FRONT_PANT_BLACK_BACK.webp,cl958ml-product-cl958ml-mens-comfort-waist-flat-front-pant-black-back,https://notanother-nz.github.io/total-image-product-assets/assets/CL958ML_MEN'S_COMFORT_WAIST_FLAT_FRONT_PANT/webp/product/CL958ML_MEN'S_COMFORT_WAIST_FLAT_FRONT_PANT_BLACK_BACK.webp,mens-comfort-waist-flat-front-pant-cl958ml,black,9
Men's Comfort Waist Flat Front Pant — CL958ML_MEN'S_COMFORT_WAIST_FLAT_FRONT_PANT_BLACK_FRONT.webp,cl958ml-product-cl958ml-mens-comfort-waist-flat-front-pant-black-front,https://notanother-nz.github.io/total-image-product-assets/assets/CL958ML_MEN'S_COMFORT_WAIST_FLAT_FRONT_PANT/webp/product/CL958ML_MEN'S_COMFORT_WAIST_FLAT_FRONT_PANT_BLACK_FRONT.webp,mens-comfort-waist-flat-front-pant-cl958ml,black,10
Men's Comfort Waist Flat Front Pant — CL958ML_MEN'S_COMFORT_WAIST_FLAT_FRONT_PANT_CHARCOAL_BACK.webp,cl958ml-product-cl958ml-mens-comfort-waist-flat-front-pant-charcoal-back,https://notanother-nz.github.io/total-image-product-assets/assets/CL958ML_MEN'S_COMFORT_WAIST_FLAT_FRONT_PANT/webp/product/CL958ML_MEN'S_COMFORT_WAIST_FLAT_FRONT_PANT_CHARCOAL_BACK.webp,mens-comfort-waist-flat-front-pant-cl958ml,charcoal,11
Men's Comfort Waist Flat Front Pant — CL958ML_MEN'S_COMFORT_WAIST_FLAT_FRONT_PANT_CHARCOAL_FRONT.webp,cl958ml-product-cl958ml-mens-comfort-waist-flat-front-pant-charcoal-front,https://notanother-nz.github.io/total-image-product-assets/assets/CL958ML_MEN'S_COMFORT_WAIST_FLAT_FRONT_PANT/webp/product/CL958ML_MEN'S_COMFORT_WAIST_FLAT_FRONT_PANT_CHARCOAL_FRONT.webp,mens-comfort-waist-flat-front-pant-cl958ml,charcoal,12
Men's Comfort Waist Flat Front Pant — CL958ML_MEN'S_COMFORT_WAIST_FLAT_FRONT_PANT_NAVY_BACK.webp,cl958ml-product-cl958ml-mens-comfort-waist-flat-front-pant-navy-back,https://notanother-nz.github.io/total-image-product-assets/assets/CL958ML_MEN'S_COMFORT_WAIST_FLAT_FRONT_PANT/webp/product/CL958ML_MEN'S_COMFORT_WAIST_FLAT_FRONT_PANT_NAVY_BACK.webp,mens-comfort-waist-flat-front-pant-cl958ml,navy,13
Men's Comfort Waist Flat Front Pant — CL958ML_MEN'S_COMFORT_WAIST_FLAT_FRONT_PANT_NAVY_FRONT.webp,cl958ml-product-cl958ml-mens-comfort-waist-flat-front-pant-navy-front,https://notanother-nz.github.io/total-image-product-assets/assets/CL958ML_MEN'S_COMFORT_WAIST_FLAT_FRONT_PANT/webp/product/CL958ML_MEN'S_COMFORT_WAIST_FLAT_FRONT_PANT_NAVY_FRONT.webp,mens-comfort-waist-flat-front-pant-cl958ml,navy,14
Men's Comfort Waist Cargo Pant — CL959ML_MEN'S_COMFORT_WAIST_CARGO_PANT_BLACK_ASIAN_HERO_FRONT.webp,cl959ml-model-cl959ml-mens-comfort-waist-cargo-pant-black-asian-hero-front,https://notanother-nz.github.io/total-image-product-assets/assets/CL959ML_MEN'S_COMFORT_WAIST_CARGO_PANT/webp/model/CL959ML_MEN'S_COMFORT_WAIST_CARGO_PANT_BLACK_ASIAN_HERO_FRONT.webp,mens-comfort-waist-cargo-pant-cl959ml,black,1
Men's Comfort Waist Cargo Pant — CL959ML_MEN'S_COMFORT_WAIST_CARGO_PANT_BLACK_HERO_FRONT.webp,cl959ml-model-cl959ml-mens-comfort-waist-cargo-pant-black-hero-front,https://notanother-nz.github.io/total-image-product-assets/assets/CL959ML_MEN'S_COMFORT_WAIST_CARGO_PANT/webp/model/CL959ML_MEN'S_COMFORT_WAIST_CARGO_PANT_BLACK_HERO_FRONT.webp,mens-comfort-waist-cargo-pant-cl959ml,black,2
Men's Comfort Waist Cargo Pant — CL959ML_MEN'S_COMFORT_WAIST_CARGO_PANT_BLACK_PLUS_SIZE_HERO_FRONT.webp,cl959ml-model-cl959ml-mens-comfort-waist-cargo-pant-black-plus-size-hero-front,https://notanother-nz.github.io/total-image-product-assets/assets/CL959ML_MEN'S_COMFORT_WAIST_CARGO_PANT/webp/model/CL959ML_MEN'S_COMFORT_WAIST_CARGO_PANT_BLACK_PLUS_SIZE_HERO_FRONT.webp,mens-comfort-waist-cargo-pant-cl959ml,black,3
Men's Comfort Waist Cargo Pant — CL959ML_MEN'S_COMFORT_WAIST_CARGO_PANT_NAVY_ASIAN_HERO_FRONT.webp,cl959ml-model-cl959ml-mens-comfort-waist-cargo-pant-navy-asian-hero-front,https://notanother-nz.github.io/total-image-product-assets/assets/CL959ML_MEN'S_COMFORT_WAIST_CARGO_PANT/webp/model/CL959ML_MEN'S_COMFORT_WAIST_CARGO_PANT_NAVY_ASIAN_HERO_FRONT.webp,mens-comfort-waist-cargo-pant-cl959ml,navy,4
Men's Comfort Waist Cargo Pant — CL959ML_MEN'S_COMFORT_WAIST_CARGO_PANT_NAVY_HERO_FRONT.webp,cl959ml-model-cl959ml-mens-comfort-waist-cargo-pant-navy-hero-front,https://notanother-nz.github.io/total-image-product-assets/assets/CL959ML_MEN'S_COMFORT_WAIST_CARGO_PANT/webp/model/CL959ML_MEN'S_COMFORT_WAIST_CARGO_PANT_NAVY_HERO_FRONT.webp,mens-comfort-waist-cargo-pant-cl959ml,navy,5
Men's Comfort Waist Cargo Pant — CL959ML_MEN'S_COMFORT_WAIST_CARGO_PANT_NAVY_PLUS_SIZE_HERO_FRONT.webp,cl959ml-model-cl959ml-mens-comfort-waist-cargo-pant-navy-plus-size-hero-front,https://notanother-nz.github.io/total-image-product-assets/assets/CL959ML_MEN'S_COMFORT_WAIST_CARGO_PANT/webp/model/CL959ML_MEN'S_COMFORT_WAIST_CARGO_PANT_NAVY_PLUS_SIZE_HERO_FRONT.webp,mens-comfort-waist-cargo-pant-cl959ml,navy,6
Men's Comfort Waist Cargo Pant — CL959ML_MEN'S_COMFORT_WAIST_CARGO_PANT_BLACK_ASIAN_HERO_BACK_2.webp,cl959ml-model-cl959ml-mens-comfort-waist-cargo-pant-black-asian-hero-back-2,https://notanother-nz.github.io/total-image-product-assets/assets/CL959ML_MEN'S_COMFORT_WAIST_CARGO_PANT/webp/model/CL959ML_MEN'S_COMFORT_WAIST_CARGO_PANT_BLACK_ASIAN_HERO_BACK_2.webp,mens-comfort-waist-cargo-pant-cl959ml,black,7
Men's Comfort Waist Cargo Pant — CL959ML_MEN'S_COMFORT_WAIST_CARGO_PANT_BLACK_ASIAN_HERO_BACK.webp,cl959ml-model-cl959ml-mens-comfort-waist-cargo-pant-black-asian-hero-back,https://notanother-nz.github.io/total-image-product-assets/assets/CL959ML_MEN'S_COMFORT_WAIST_CARGO_PANT/webp/model/CL959ML_MEN'S_COMFORT_WAIST_CARGO_PANT_BLACK_ASIAN_HERO_BACK.webp,mens-comfort-waist-cargo-pant-cl959ml,black,8
Men's Comfort Waist Cargo Pant — CL959ML_MEN'S_COMFORT_WAIST_CARGO_PANT_BLACK_HERO_BACK.webp,cl959ml-model-cl959ml-mens-comfort-waist-cargo-pant-black-hero-back,https://notanother-nz.github.io/total-image-product-assets/assets/CL959ML_MEN'S_COMFORT_WAIST_CARGO_PANT/webp/model/CL959ML_MEN'S_COMFORT_WAIST_CARGO_PANT_BLACK_HERO_BACK.webp,mens-comfort-waist-cargo-pant-cl959ml,black,9
Men's Comfort Waist Cargo Pant — CL959ML_MEN'S_COMFORT_WAIST_CARGO_PANT_BLACK_PLUS_SIZE_HERO_BACK.webp,cl959ml-model-cl959ml-mens-comfort-waist-cargo-pant-black-plus-size-hero-back,https://notanother-nz.github.io/total-image-product-assets/assets/CL959ML_MEN'S_COMFORT_WAIST_CARGO_PANT/webp/model/CL959ML_MEN'S_COMFORT_WAIST_CARGO_PANT_BLACK_PLUS_SIZE_HERO_BACK.webp,mens-comfort-waist-cargo-pant-cl959ml,black,10
Men's Comfort Waist Cargo Pant — CL959ML_MEN'S_COMFORT_WAIST_CARGO_PANT_NAVY_ASIAN_HERO_BACK.webp,cl959ml-model-cl959ml-mens-comfort-waist-cargo-pant-navy-asian-hero-back,https://notanother-nz.github.io/total-image-product-assets/assets/CL959ML_MEN'S_COMFORT_WAIST_CARGO_PANT/webp/model/CL959ML_MEN'S_COMFORT_WAIST_CARGO_PANT_NAVY_ASIAN_HERO_BACK.webp,mens-comfort-waist-cargo-pant-cl959ml,navy,11
Men's Comfort Waist Cargo Pant — CL959ML_MEN'S_COMFORT_WAIST_CARGO_PANT_NAVY_HERO_BACK.webp,cl959ml-model-cl959ml-mens-comfort-waist-cargo-pant-navy-hero-back,https://notanother-nz.github.io/total-image-product-assets/assets/CL959ML_MEN'S_COMFORT_WAIST_CARGO_PANT/webp/model/CL959ML_MEN'S_COMFORT_WAIST_CARGO_PANT_NAVY_HERO_BACK.webp,mens-comfort-waist-cargo-pant-cl959ml,navy,12
Men's Comfort Waist Cargo Pant — CL959ML_MEN'S_COMFORT_WAIST_CARGO_PANT_NAVY_PLUS_SIZE_HERO_BACK.webp,cl959ml-model-cl959ml-mens-comfort-waist-cargo-pant-navy-plus-size-hero-back,https://notanother-nz.github.io/total-image-product-assets/assets/CL959ML_MEN'S_COMFORT_WAIST_CARGO_PANT/webp/model/CL959ML_MEN'S_COMFORT_WAIST_CARGO_PANT_NAVY_PLUS_SIZE_HERO_BACK.webp,mens-comfort-waist-cargo-pant-cl959ml,navy,13
Men's Comfort Waist Cargo Pant — CL959ML_MEN'S_COMFORT_WAIST_CARGO_PANT_BLACK_ASIAN_HERO_CLOSEUP.webp,cl959ml-model-cl959ml-mens-comfort-waist-cargo-pant-black-asian-hero-closeup,https://notanother-nz.github.io/total-image-product-assets/assets/CL959ML_MEN'S_COMFORT_WAIST_CARGO_PANT/webp/model/CL959ML_MEN'S_COMFORT_WAIST_CARGO_PANT_BLACK_ASIAN_HERO_CLOSEUP.webp,mens-comfort-waist-cargo-pant-cl959ml,black,14
Men's Comfort Waist Cargo Pant — CL959ML_MEN'S_COMFORT_WAIST_CARGO_PANT_BLACK_HERO_CLOSEUP.webp,cl959ml-model-cl959ml-mens-comfort-waist-cargo-pant-black-hero-closeup,https://notanother-nz.github.io/total-image-product-assets/assets/CL959ML_MEN'S_COMFORT_WAIST_CARGO_PANT/webp/model/CL959ML_MEN'S_COMFORT_WAIST_CARGO_PANT_BLACK_HERO_CLOSEUP.webp,mens-comfort-waist-cargo-pant-cl959ml,black,15
Men's Comfort Waist Cargo Pant — CL959ML_MEN'S_COMFORT_WAIST_CARGO_PANT_BLACK_PLUS_SIZE_HERO_CLOSEUP.webp,cl959ml-model-cl959ml-mens-comfort-waist-cargo-pant-black-plus-size-hero-closeup,https://notanother-nz.github.io/total-image-product-assets/assets/CL959ML_MEN'S_COMFORT_WAIST_CARGO_PANT/webp/model/CL959ML_MEN'S_COMFORT_WAIST_CARGO_PANT_BLACK_PLUS_SIZE_HERO_CLOSEUP.webp,mens-comfort-waist-cargo-pant-cl959ml,black,16
Men's Comfort Waist Cargo Pant — CL959ML_MEN'S_COMFORT_WAIST_CARGO_PANT_NAVY_ASIAN_HERO_CLOSEUP.webp,cl959ml-model-cl959ml-mens-comfort-waist-cargo-pant-navy-asian-hero-closeup,https://notanother-nz.github.io/total-image-product-assets/assets/CL959ML_MEN'S_COMFORT_WAIST_CARGO_PANT/webp/model/CL959ML_MEN'S_COMFORT_WAIST_CARGO_PANT_NAVY_ASIAN_HERO_CLOSEUP.webp,mens-comfort-waist-cargo-pant-cl959ml,navy,17
Men's Comfort Waist Cargo Pant — CL959ML_MEN'S_COMFORT_WAIST_CARGO_PANT_NAVY_HERO_CLOSEUP.webp,cl959ml-model-cl959ml-mens-comfort-waist-cargo-pant-navy-hero-closeup,https://notanother-nz.github.io/total-image-product-assets/assets/CL959ML_MEN'S_COMFORT_WAIST_CARGO_PANT/webp/model/CL959ML_MEN'S_COMFORT_WAIST_CARGO_PANT_NAVY_HERO_CLOSEUP.webp,mens-comfort-waist-cargo-pant-cl959ml,navy,18
Men's Comfort Waist Cargo Pant — CL959ML_MEN'S_COMFORT_WAIST_CARGO_PANT_NAVY_PLUS_SIZE_HERO_CLOSEUP.webp,cl959ml-model-cl959ml-mens-comfort-waist-cargo-pant-navy-plus-size-hero-closeup,https://notanother-nz.github.io/total-image-product-assets/assets/CL959ML_MEN'S_COMFORT_WAIST_CARGO_PANT/webp/model/CL959ML_MEN'S_COMFORT_WAIST_CARGO_PANT_NAVY_PLUS_SIZE_HERO_CLOSEUP.webp,mens-comfort-waist-cargo-pant-cl959ml,navy,19
Men's Comfort Waist Cargo Pant — CL959ML_MEN'S_COMFORT_WAIST_CARGO_PANT_BLACK_ASIAN_HERO_SIDE.webp,cl959ml-model-cl959ml-mens-comfort-waist-cargo-pant-black-asian-hero-side,https://notanother-nz.github.io/total-image-product-assets/assets/CL959ML_MEN'S_COMFORT_WAIST_CARGO_PANT/webp/model/CL959ML_MEN'S_COMFORT_WAIST_CARGO_PANT_BLACK_ASIAN_HERO_SIDE.webp,mens-comfort-waist-cargo-pant-cl959ml,black,20
Men's Comfort Waist Cargo Pant — CL959ML_MEN'S_COMFORT_WAIST_CARGO_PANT_BLACK_HERO_SIDE.webp,cl959ml-model-cl959ml-mens-comfort-waist-cargo-pant-black-hero-side,https://notanother-nz.github.io/total-image-product-assets/assets/CL959ML_MEN'S_COMFORT_WAIST_CARGO_PANT/webp/model/CL959ML_MEN'S_COMFORT_WAIST_CARGO_PANT_BLACK_HERO_SIDE.webp,mens-comfort-waist-cargo-pant-cl959ml,black,21
Men's Comfort Waist Cargo Pant — CL959ML_MEN'S_COMFORT_WAIST_CARGO_PANT_BLACK_PLUS_SIZE_HERO_SIDE.webp,cl959ml-model-cl959ml-mens-comfort-waist-cargo-pant-black-plus-size-hero-side,https://notanother-nz.github.io/total-image-product-assets/assets/CL959ML_MEN'S_COMFORT_WAIST_CARGO_PANT/webp/model/CL959ML_MEN'S_COMFORT_WAIST_CARGO_PANT_BLACK_PLUS_SIZE_HERO_SIDE.webp,mens-comfort-waist-cargo-pant-cl959ml,black,22
Men's Comfort Waist Cargo Pant — CL959ML_MEN'S_COMFORT_WAIST_CARGO_PANT_NAVY_ASIAN_HERO_SIDE.webp,cl959ml-model-cl959ml-mens-comfort-waist-cargo-pant-navy-asian-hero-side,https://notanother-nz.github.io/total-image-product-assets/assets/CL959ML_MEN'S_COMFORT_WAIST_CARGO_PANT/webp/model/CL959ML_MEN'S_COMFORT_WAIST_CARGO_PANT_NAVY_ASIAN_HERO_SIDE.webp,mens-comfort-waist-cargo-pant-cl959ml,navy,23
Men's Comfort Waist Cargo Pant — CL959ML_MEN'S_COMFORT_WAIST_CARGO_PANT_NAVY_HERO_SIDE.webp,cl959ml-model-cl959ml-mens-comfort-waist-cargo-pant-navy-hero-side,https://notanother-nz.github.io/total-image-product-assets/assets/CL959ML_MEN'S_COMFORT_WAIST_CARGO_PANT/webp/model/CL959ML_MEN'S_COMFORT_WAIST_CARGO_PANT_NAVY_HERO_SIDE.webp,mens-comfort-waist-cargo-pant-cl959ml,navy,24
Men's Comfort Waist Cargo Pant — CL959ML_MEN'S_COMFORT_WAIST_CARGO_PANT_NAVY_PLUS_SIZE_HERO_SIDE.webp,cl959ml-model-cl959ml-mens-comfort-waist-cargo-pant-navy-plus-size-hero-side,https://notanother-nz.github.io/total-image-product-assets/assets/CL959ML_MEN'S_COMFORT_WAIST_CARGO_PANT/webp/model/CL959ML_MEN'S_COMFORT_WAIST_CARGO_PANT_NAVY_PLUS_SIZE_HERO_SIDE.webp,mens-comfort-waist-cargo-pant-cl959ml,navy,25
Men's Comfort Waist Cargo Pant — CL959ML_MEN'S_COMFORT_WAIST_CARGO_PANT_BLACK_FRONT.webp,cl959ml-product-cl959ml-mens-comfort-waist-cargo-pant-black-front,https://notanother-nz.github.io/total-image-product-assets/assets/CL959ML_MEN'S_COMFORT_WAIST_CARGO_PANT/webp/product/CL959ML_MEN'S_COMFORT_WAIST_CARGO_PANT_BLACK_FRONT.webp,mens-comfort-waist-cargo-pant-cl959ml,black,26
Men's Comfort Waist Cargo Pant — CL959ML_MEN'S_COMFORT_WAIST_CARGO_PANT_CHARCOAL_FRONT.webp,cl959ml-product-cl959ml-mens-comfort-waist-cargo-pant-charcoal-front,https://notanother-nz.github.io/total-image-product-assets/assets/CL959ML_MEN'S_COMFORT_WAIST_CARGO_PANT/webp/product/CL959ML_MEN'S_COMFORT_WAIST_CARGO_PANT_CHARCOAL_FRONT.webp,mens-comfort-waist-cargo-pant-cl959ml,charcoal,27
Men's Comfort Waist Cargo Pant — CL959ML_MEN'S_COMFORT_WAIST_CARGO_PANT_NAVY_FRONT.webp,cl959ml-product-cl959ml-mens-comfort-waist-cargo-pant-navy-front,https://notanother-nz.github.io/total-image-product-assets/assets/CL959ML_MEN'S_COMFORT_WAIST_CARGO_PANT/webp/product/CL959ML_MEN'S_COMFORT_WAIST_CARGO_PANT_NAVY_FRONT.webp,mens-comfort-waist-cargo-pant-cl959ml,navy,28
Men's Comfort Waist Cargo Pant — CL959ML_MEN'S_COMFORT_WAIST_CARGO_PANT_BLACK_BACK.webp,cl959ml-product-cl959ml-mens-comfort-waist-cargo-pant-black-back,https://notanother-nz.github.io/total-image-product-assets/assets/CL959ML_MEN'S_COMFORT_WAIST_CARGO_PANT/webp/product/CL959ML_MEN'S_COMFORT_WAIST_CARGO_PANT_BLACK_BACK.webp,mens-comfort-waist-cargo-pant-cl959ml,black,29
Men's Comfort Waist Cargo Pant — CL959ML_MEN'S_COMFORT_WAIST_CARGO_PANT_CHARCOAL_BACK.webp,cl959ml-product-cl959ml-mens-comfort-waist-cargo-pant-charcoal-back,https://notanother-nz.github.io/total-image-product-assets/assets/CL959ML_MEN'S_COMFORT_WAIST_CARGO_PANT/webp/product/CL959ML_MEN'S_COMFORT_WAIST_CARGO_PANT_CHARCOAL_BACK.webp,mens-comfort-waist-cargo-pant-cl959ml,charcoal,30
Men's Comfort Waist Cargo Pant — CL959ML_MEN'S_COMFORT_WAIST_CARGO_PANT_NAVY_BACK.webp,cl959ml-product-cl959ml-mens-comfort-waist-cargo-pant-navy-back,https://notanother-nz.github.io/total-image-product-assets/assets/CL959ML_MEN'S_COMFORT_WAIST_CARGO_PANT/webp/product/CL959ML_MEN'S_COMFORT_WAIST_CARGO_PANT_NAVY_BACK.webp,mens-comfort-waist-cargo-pant-cl959ml,navy,31
Men's Comfort Waist Cargo Short — CL960MS_Comfort_Waist_Mens_Cargo_Short_Hero_Front.webp,cl960ms-model-cl960ms-comfort-waist-mens-cargo-short-hero-front,https://notanother-nz.github.io/total-image-product-assets/assets/CL960MS_MEN'S_COMFORT_WAIST_CARGO_SHORT/webp/model/CL960MS_Comfort_Waist_Mens_Cargo_Short_Hero_Front.webp,mens-comfort-waist-cargo-short-cl960ms,,1
Men's Comfort Waist Cargo Short — CL960MS_MEN'S_COMFORT_WAIST_CARGO_SHORT_CHARCOAL_HERO_FRONT.webp,cl960ms-model-cl960ms-mens-comfort-waist-cargo-short-charcoal-hero-front,https://notanother-nz.github.io/total-image-product-assets/assets/CL960MS_MEN'S_COMFORT_WAIST_CARGO_SHORT/webp/model/CL960MS_MEN'S_COMFORT_WAIST_CARGO_SHORT_CHARCOAL_HERO_FRONT.webp,mens-comfort-waist-cargo-short-cl960ms,charcoal,2
Men's Comfort Waist Cargo Short — CL960MS_MEN'S_COMFORT_WAIST_CARGO_SHORT_NAVY_CAUCASIAN_HERO_FRONT.webp,cl960ms-model-cl960ms-mens-comfort-waist-cargo-short-navy-caucasian-hero-front,https://notanother-nz.github.io/total-image-product-assets/assets/CL960MS_MEN'S_COMFORT_WAIST_CARGO_SHORT/webp/model/CL960MS_MEN'S_COMFORT_WAIST_CARGO_SHORT_NAVY_CAUCASIAN_HERO_FRONT.webp,mens-comfort-waist-cargo-short-cl960ms,navy,3
Men's Comfort Waist Cargo Short — CL960MS_MEN'S_COMFORT_WAIST_CARGO_SHORT_NAVY_HERO_FRONT.webp,cl960ms-model-cl960ms-mens-comfort-waist-cargo-short-navy-hero-front,https://notanother-nz.github.io/total-image-product-assets/assets/CL960MS_MEN'S_COMFORT_WAIST_CARGO_SHORT/webp/model/CL960MS_MEN'S_COMFORT_WAIST_CARGO_SHORT_NAVY_HERO_FRONT.webp,mens-comfort-waist-cargo-short-cl960ms,navy,4
Men's Comfort Waist Cargo Short — CL960MS_Comfort_Waist_Mens_Cargo_Short_Hero_Back.webp,cl960ms-model-cl960ms-comfort-waist-mens-cargo-short-hero-back,https://notanother-nz.github.io/total-image-product-assets/assets/CL960MS_MEN'S_COMFORT_WAIST_CARGO_SHORT/webp/model/CL960MS_Comfort_Waist_Mens_Cargo_Short_Hero_Back.webp,mens-comfort-waist-cargo-short-cl960ms,,5
Men's Comfort Waist Cargo Short — CL960MS_MEN'S_COMFORT_WAIST_CARGO_SHORT_CHARCOAL_HERO_BACK.webp,cl960ms-model-cl960ms-mens-comfort-waist-cargo-short-charcoal-hero-back,https://notanother-nz.github.io/total-image-product-assets/assets/CL960MS_MEN'S_COMFORT_WAIST_CARGO_SHORT/webp/model/CL960MS_MEN'S_COMFORT_WAIST_CARGO_SHORT_CHARCOAL_HERO_BACK.webp,mens-comfort-waist-cargo-short-cl960ms,charcoal,6
Men's Comfort Waist Cargo Short — CL960MS_MEN'S_COMFORT_WAIST_CARGO_SHORT_NAVY_CAUCASIAN_HERO_BACK.webp,cl960ms-model-cl960ms-mens-comfort-waist-cargo-short-navy-caucasian-hero-back,https://notanother-nz.github.io/total-image-product-assets/assets/CL960MS_MEN'S_COMFORT_WAIST_CARGO_SHORT/webp/model/CL960MS_MEN'S_COMFORT_WAIST_CARGO_SHORT_NAVY_CAUCASIAN_HERO_BACK.webp,mens-comfort-waist-cargo-short-cl960ms,navy,7
Men's Comfort Waist Cargo Short — CL960MS_MEN'S_COMFORT_WAIST_CARGO_SHORT_NAVY_HERO_BACK.webp,cl960ms-model-cl960ms-mens-comfort-waist-cargo-short-navy-hero-back,https://notanother-nz.github.io/total-image-product-assets/assets/CL960MS_MEN'S_COMFORT_WAIST_CARGO_SHORT/webp/model/CL960MS_MEN'S_COMFORT_WAIST_CARGO_SHORT_NAVY_HERO_BACK.webp,mens-comfort-waist-cargo-short-cl960ms,navy,8
Men's Comfort Waist Cargo Short — CL960MS_Comfort_Waist_Mens_Cargo_Short_Hero_CloseUp.webp,cl960ms-model-cl960ms-comfort-waist-mens-cargo-short-hero-closeup,https://notanother-nz.github.io/total-image-product-assets/assets/CL960MS_MEN'S_COMFORT_WAIST_CARGO_SHORT/webp/model/CL960MS_Comfort_Waist_Mens_Cargo_Short_Hero_CloseUp.webp,mens-comfort-waist-cargo-short-cl960ms,,9
Men's Comfort Waist Cargo Short — CL960MS_MEN'S_COMFORT_WAIST_CARGO_SHORT_CHARCOAL_HERO_CLOSEUP.webp,cl960ms-model-cl960ms-mens-comfort-waist-cargo-short-charcoal-hero-closeup,https://notanother-nz.github.io/total-image-product-assets/assets/CL960MS_MEN'S_COMFORT_WAIST_CARGO_SHORT/webp/model/CL960MS_MEN'S_COMFORT_WAIST_CARGO_SHORT_CHARCOAL_HERO_CLOSEUP.webp,mens-comfort-waist-cargo-short-cl960ms,charcoal,10
Men's Comfort Waist Cargo Short — CL960MS_MEN'S_COMFORT_WAIST_CARGO_SHORT_NAVY_CAUCASIAN_HERO_CLOSEUP.webp,cl960ms-model-cl960ms-mens-comfort-waist-cargo-short-navy-caucasian-hero-closeup,https://notanother-nz.github.io/total-image-product-assets/assets/CL960MS_MEN'S_COMFORT_WAIST_CARGO_SHORT/webp/model/CL960MS_MEN'S_COMFORT_WAIST_CARGO_SHORT_NAVY_CAUCASIAN_HERO_CLOSEUP.webp,mens-comfort-waist-cargo-short-cl960ms,navy,11
Men's Comfort Waist Cargo Short — CL960MS_MEN'S_COMFORT_WAIST_CARGO_SHORT_NAVY_HERO_CLOSEUP.webp,cl960ms-model-cl960ms-mens-comfort-waist-cargo-short-navy-hero-closeup,https://notanother-nz.github.io/total-image-product-assets/assets/CL960MS_MEN'S_COMFORT_WAIST_CARGO_SHORT/webp/model/CL960MS_MEN'S_COMFORT_WAIST_CARGO_SHORT_NAVY_HERO_CLOSEUP.webp,mens-comfort-waist-cargo-short-cl960ms,navy,12
Men's Comfort Waist Cargo Short — CL960MS_Comfort_Waist_Mens_Cargo_Short_Hero_Side.webp,cl960ms-model-cl960ms-comfort-waist-mens-cargo-short-hero-side,https://notanother-nz.github.io/total-image-product-assets/assets/CL960MS_MEN'S_COMFORT_WAIST_CARGO_SHORT/webp/model/CL960MS_Comfort_Waist_Mens_Cargo_Short_Hero_Side.webp,mens-comfort-waist-cargo-short-cl960ms,,13
Men's Comfort Waist Cargo Short — CL960MS_MEN'S_COMFORT_WAIST_CARGO_SHORT_CHARCOAL_HERO_SIDE.webp,cl960ms-model-cl960ms-mens-comfort-waist-cargo-short-charcoal-hero-side,https://notanother-nz.github.io/total-image-product-assets/assets/CL960MS_MEN'S_COMFORT_WAIST_CARGO_SHORT/webp/model/CL960MS_MEN'S_COMFORT_WAIST_CARGO_SHORT_CHARCOAL_HERO_SIDE.webp,mens-comfort-waist-cargo-short-cl960ms,charcoal,14
Men's Comfort Waist Cargo Short — CL960MS_MEN'S_COMFORT_WAIST_CARGO_SHORT_NAVY_CAUCASIAN_HERO_SIDE.webp,cl960ms-model-cl960ms-mens-comfort-waist-cargo-short-navy-caucasian-hero-side,https://notanother-nz.github.io/total-image-product-assets/assets/CL960MS_MEN'S_COMFORT_WAIST_CARGO_SHORT/webp/model/CL960MS_MEN'S_COMFORT_WAIST_CARGO_SHORT_NAVY_CAUCASIAN_HERO_SIDE.webp,mens-comfort-waist-cargo-short-cl960ms,navy,15
Men's Comfort Waist Cargo Short — CL960MS_MEN'S_COMFORT_WAIST_CARGO_SHORT_NAVY_HERO_SIDE.webp,cl960ms-model-cl960ms-mens-comfort-waist-cargo-short-navy-hero-side,https://notanother-nz.github.io/total-image-product-assets/assets/CL960MS_MEN'S_COMFORT_WAIST_CARGO_SHORT/webp/model/CL960MS_MEN'S_COMFORT_WAIST_CARGO_SHORT_NAVY_HERO_SIDE.webp,mens-comfort-waist-cargo-short-cl960ms,navy,16
Men's Comfort Waist Cargo Short — CL960MS_Comfort_Waist_Mens_Cargo_Short_Black_Front_View.webp,cl960ms-product-cl960ms-comfort-waist-mens-cargo-short-black-front-view,https://notanother-nz.github.io/total-image-product-assets/assets/CL960MS_MEN'S_COMFORT_WAIST_CARGO_SHORT/webp/product/CL960MS_Comfort_Waist_Mens_Cargo_Short_Black_Front_View.webp,mens-comfort-waist-cargo-short-cl960ms,black,17
Men's Comfort Waist Cargo Short — CL960MS_Comfort_Waist_Mens_Cargo_Short_Charcoal_Front_View.webp,cl960ms-product-cl960ms-comfort-waist-mens-cargo-short-charcoal-front-view,https://notanother-nz.github.io/total-image-product-assets/assets/CL960MS_MEN'S_COMFORT_WAIST_CARGO_SHORT/webp/product/CL960MS_Comfort_Waist_Mens_Cargo_Short_Charcoal_Front_View.webp,mens-comfort-waist-cargo-short-cl960ms,charcoal,18
Men's Comfort Waist Cargo Short — CL960MS_Comfort_Waist_Mens_Cargo_Short_Navy_Front_View.webp,cl960ms-product-cl960ms-comfort-waist-mens-cargo-short-navy-front-view,https://notanother-nz.github.io/total-image-product-assets/assets/CL960MS_MEN'S_COMFORT_WAIST_CARGO_SHORT/webp/product/CL960MS_Comfort_Waist_Mens_Cargo_Short_Navy_Front_View.webp,mens-comfort-waist-cargo-short-cl960ms,navy,19
Men's Comfort Waist Cargo Short — CL960MS_MEN'S_COMFORT_WAIST_CARGO_SHORT_BLACK_FRONT.webp,cl960ms-product-cl960ms-mens-comfort-waist-cargo-short-black-front,https://notanother-nz.github.io/total-image-product-assets/assets/CL960MS_MEN'S_COMFORT_WAIST_CARGO_SHORT/webp/product/CL960MS_MEN'S_COMFORT_WAIST_CARGO_SHORT_BLACK_FRONT.webp,mens-comfort-waist-cargo-short-cl960ms,black,20
Men's Comfort Waist Cargo Short — CL960MS_MEN'S_COMFORT_WAIST_CARGO_SHORT_CHARCOAL_FRONT.webp,cl960ms-product-cl960ms-mens-comfort-waist-cargo-short-charcoal-front,https://notanother-nz.github.io/total-image-product-assets/assets/CL960MS_MEN'S_COMFORT_WAIST_CARGO_SHORT/webp/product/CL960MS_MEN'S_COMFORT_WAIST_CARGO_SHORT_CHARCOAL_FRONT.webp,mens-comfort-waist-cargo-short-cl960ms,charcoal,21
Men's Comfort Waist Cargo Short — CL960MS_MEN'S_COMFORT_WAIST_CARGO_SHORT_NAVY_FRONT.webp,cl960ms-product-cl960ms-mens-comfort-waist-cargo-short-navy-front,https://notanother-nz.github.io/total-image-product-assets/assets/CL960MS_MEN'S_COMFORT_WAIST_CARGO_SHORT/webp/product/CL960MS_MEN'S_COMFORT_WAIST_CARGO_SHORT_NAVY_FRONT.webp,mens-comfort-waist-cargo-short-cl960ms,navy,22
Men's Comfort Waist Cargo Short — CL960MS_Comfort_Waist_Mens_Cargo_Short_Black_Back_View.webp,cl960ms-product-cl960ms-comfort-waist-mens-cargo-short-black-back-view,https://notanother-nz.github.io/total-image-product-assets/assets/CL960MS_MEN'S_COMFORT_WAIST_CARGO_SHORT/webp/product/CL960MS_Comfort_Waist_Mens_Cargo_Short_Black_Back_View.webp,mens-comfort-waist-cargo-short-cl960ms,black,23
Men's Comfort Waist Cargo Short — CL960MS_Comfort_Waist_Mens_Cargo_Short_Charcoal_Back_View.webp,cl960ms-product-cl960ms-comfort-waist-mens-cargo-short-charcoal-back-view,https://notanother-nz.github.io/total-image-product-assets/assets/CL960MS_MEN'S_COMFORT_WAIST_CARGO_SHORT/webp/product/CL960MS_Comfort_Waist_Mens_Cargo_Short_Charcoal_Back_View.webp,mens-comfort-waist-cargo-short-cl960ms,charcoal,24
Men's Comfort Waist Cargo Short — CL960MS_Comfort_Waist_Mens_Cargo_Short_Navy_Back_View.webp,cl960ms-product-cl960ms-comfort-waist-mens-cargo-short-navy-back-view,https://notanother-nz.github.io/total-image-product-assets/assets/CL960MS_MEN'S_COMFORT_WAIST_CARGO_SHORT/webp/product/CL960MS_Comfort_Waist_Mens_Cargo_Short_Navy_Back_View.webp,mens-comfort-waist-cargo-short-cl960ms,navy,25
Men's Comfort Waist Cargo Short — CL960MS_MEN'S_COMFORT_WAIST_CARGO_SHORT_BLACK_BACK.webp,cl960ms-product-cl960ms-mens-comfort-waist-cargo-short-black-back,https://notanother-nz.github.io/total-image-product-assets/assets/CL960MS_MEN'S_COMFORT_WAIST_CARGO_SHORT/webp/product/CL960MS_MEN'S_COMFORT_WAIST_CARGO_SHORT_BLACK_BACK.webp,mens-comfort-waist-cargo-short-cl960ms,black,26
Men's Comfort Waist Cargo Short — CL960MS_MEN'S_COMFORT_WAIST_CARGO_SHORT_CHARCOAL_BACK.webp,cl960ms-product-cl960ms-mens-comfort-waist-cargo-short-charcoal-back,https://notanother-nz.github.io/total-image-product-assets/assets/CL960MS_MEN'S_COMFORT_WAIST_CARGO_SHORT/webp/product/CL960MS_MEN'S_COMFORT_WAIST_CARGO_SHORT_CHARCOAL_BACK.webp,mens-comfort-waist-cargo-short-cl960ms,charcoal,27
Men's Comfort Waist Cargo Short — CL960MS_MEN'S_COMFORT_WAIST_CARGO_SHORT_NAVY_BACK.webp,cl960ms-product-cl960ms-mens-comfort-waist-cargo-short-navy-back,https://notanother-nz.github.io/total-image-product-assets/assets/CL960MS_MEN'S_COMFORT_WAIST_CARGO_SHORT/webp/product/CL960MS_MEN'S_COMFORT_WAIST_CARGO_SHORT_NAVY_BACK.webp,mens-comfort-waist-cargo-short-cl960ms,navy,28
Nova Women's Knit Jacket — CO342LJ_NOVA_WOMENS_ZIP_FRONT_JUMPER_BLACK_MARLE_HERO_FRONT.webp,co342lj-model-co342lj-nova-womens-zip-front-jumper-black-marle-hero-front,https://notanother-nz.github.io/total-image-product-assets/assets/CO342LJ_NOVA_WOMEN'S_KNIT_JACKET/webp/model/CO342LJ_NOVA_WOMENS_ZIP_FRONT_JUMPER_BLACK_MARLE_HERO_FRONT.webp,nova-womens-knit-jacket-co342lj,black-marle,1
Nova Women's Knit Jacket — CO342LJ_NOVA_WOMENS_ZIP_FRONT_JUMPER_BLACK_MARLE_HERO_BACK.webp,co342lj-model-co342lj-nova-womens-zip-front-jumper-black-marle-hero-back,https://notanother-nz.github.io/total-image-product-assets/assets/CO342LJ_NOVA_WOMEN'S_KNIT_JACKET/webp/model/CO342LJ_NOVA_WOMENS_ZIP_FRONT_JUMPER_BLACK_MARLE_HERO_BACK.webp,nova-womens-knit-jacket-co342lj,black-marle,2
Nova Women's Knit Jacket — CO342LJ_NOVA_WOMENS_ZIP_FRONT_JUMPER_BLACK_MARLE_HERO_CLOSEUP.webp,co342lj-model-co342lj-nova-womens-zip-front-jumper-black-marle-hero-closeup,https://notanother-nz.github.io/total-image-product-assets/assets/CO342LJ_NOVA_WOMEN'S_KNIT_JACKET/webp/model/CO342LJ_NOVA_WOMENS_ZIP_FRONT_JUMPER_BLACK_MARLE_HERO_CLOSEUP.webp,nova-womens-knit-jacket-co342lj,black-marle,3
Nova Women's Knit Jacket — CO342LJ_NOVA_WOMENS_ZIP_FRONT_JUMPER_BLACK_MARLE_HERO_SIDE.webp,co342lj-model-co342lj-nova-womens-zip-front-jumper-black-marle-hero-side,https://notanother-nz.github.io/total-image-product-assets/assets/CO342LJ_NOVA_WOMEN'S_KNIT_JACKET/webp/model/CO342LJ_NOVA_WOMENS_ZIP_FRONT_JUMPER_BLACK_MARLE_HERO_SIDE.webp,nova-womens-knit-jacket-co342lj,black-marle,4
Nova Women's Knit Jacket — CO342LJ_NOVA_WOMEN'S_KNIT_JACKET_NAVY_MARLE_HERP_FRONT.webp,co342lj-model-co342lj-nova-womens-knit-jacket-navy-marle-herp-front,https://notanother-nz.github.io/total-image-product-assets/assets/CO342LJ_NOVA_WOMEN'S_KNIT_JACKET/webp/model/CO342LJ_NOVA_WOMEN'S_KNIT_JACKET_NAVY_MARLE_HERP_FRONT.webp,nova-womens-knit-jacket-co342lj,navy-marle,5
Nova Women's Knit Jacket — CO342LJ_NOVA_WOMEN'S_KNIT_JACKET_NAVY_MARLE_HERP_BACK.webp,co342lj-model-co342lj-nova-womens-knit-jacket-navy-marle-herp-back,https://notanother-nz.github.io/total-image-product-assets/assets/CO342LJ_NOVA_WOMEN'S_KNIT_JACKET/webp/model/CO342LJ_NOVA_WOMEN'S_KNIT_JACKET_NAVY_MARLE_HERP_BACK.webp,nova-womens-knit-jacket-co342lj,navy-marle,6
Nova Women's Knit Jacket — CO342LJ_NOVA_WOMEN'S_KNIT_JACKET_NAVY_MARLE_HERP_SIDE.webp,co342lj-model-co342lj-nova-womens-knit-jacket-navy-marle-herp-side,https://notanother-nz.github.io/total-image-product-assets/assets/CO342LJ_NOVA_WOMEN'S_KNIT_JACKET/webp/model/CO342LJ_NOVA_WOMEN'S_KNIT_JACKET_NAVY_MARLE_HERP_SIDE.webp,nova-womens-knit-jacket-co342lj,navy-marle,7
Nova Women's Knit Jacket — CO342LJ_NOVA_WOMEN'S_KNIT_JACKET_NAVY_MARLE_HERP_CLOSEUP.webp,co342lj-model-co342lj-nova-womens-knit-jacket-navy-marle-herp-closeup,https://notanother-nz.github.io/total-image-product-assets/assets/CO342LJ_NOVA_WOMEN'S_KNIT_JACKET/webp/model/CO342LJ_NOVA_WOMEN'S_KNIT_JACKET_NAVY_MARLE_HERP_CLOSEUP.webp,nova-womens-knit-jacket-co342lj,navy-marle,8
Nova Women's Knit Jacket — CO342LJ_NOVA_WOMEN'S_KNIT_JACKET_BLACK_MARLE_FRONT.webp,co342lj-product-co342lj-nova-womens-knit-jacket-black-marle-front,https://notanother-nz.github.io/total-image-product-assets/assets/CO342LJ_NOVA_WOMEN'S_KNIT_JACKET/webp/product/CO342LJ_NOVA_WOMEN'S_KNIT_JACKET_BLACK_MARLE_FRONT.webp,nova-womens-knit-jacket-co342lj,black-marle,9
Nova Women's Knit Jacket — CO342LJ_NOVA_WOMEN'S_KNIT_JACKET_NAVY_MARLE_FRONT.webp,co342lj-product-co342lj-nova-womens-knit-jacket-navy-marle-front,https://notanother-nz.github.io/total-image-product-assets/assets/CO342LJ_NOVA_WOMEN'S_KNIT_JACKET/webp/product/CO342LJ_NOVA_WOMEN'S_KNIT_JACKET_NAVY_MARLE_FRONT.webp,nova-womens-knit-jacket-co342lj,navy-marle,10
Nova Women's Knit Jacket — CO342LJ_NOVA_WOMEN'S_KNIT_JACKET_BLACK_MARLE_BACK.webp,co342lj-product-co342lj-nova-womens-knit-jacket-black-marle-back,https://notanother-nz.github.io/total-image-product-assets/assets/CO342LJ_NOVA_WOMEN'S_KNIT_JACKET/webp/product/CO342LJ_NOVA_WOMEN'S_KNIT_JACKET_BLACK_MARLE_BACK.webp,nova-womens-knit-jacket-co342lj,black-marle,11
Nova Women's Knit Jacket — CO342LJ_NOVA_WOMEN'S_KNIT_JACKET_NAVY_MARLE_BACK.webp,co342lj-product-co342lj-nova-womens-knit-jacket-navy-marle-back,https://notanother-nz.github.io/total-image-product-assets/assets/CO342LJ_NOVA_WOMEN'S_KNIT_JACKET/webp/product/CO342LJ_NOVA_WOMEN'S_KNIT_JACKET_NAVY_MARLE_BACK.webp,nova-womens-knit-jacket-co342lj,navy-marle,12
Nova Men's Knit Jacket — CO342MJ_NOVA_MEN'S_KNIT_JACKET_BLACK_MARLE_BACK_HERO_FRONT.webp,co342mj-model-co342mj-nova-mens-knit-jacket-black-marle-back-hero-front,https://notanother-nz.github.io/total-image-product-assets/assets/CO342MJ_NOVA_MEN'S_KNIT_JACKET/webp/model/CO342MJ_NOVA_MEN'S_KNIT_JACKET_BLACK_MARLE_BACK_HERO_FRONT.webp,nova-mens-knit-jacket-co342mj,black-marle,1
Nova Men's Knit Jacket — CO342MJ_NOVA_MEN'S_KNIT_JACKET_BLACK_MARLE_BACK_HERO_BACK.webp,co342mj-model-co342mj-nova-mens-knit-jacket-black-marle-back-hero-back,https://notanother-nz.github.io/total-image-product-assets/assets/CO342MJ_NOVA_MEN'S_KNIT_JACKET/webp/model/CO342MJ_NOVA_MEN'S_KNIT_JACKET_BLACK_MARLE_BACK_HERO_BACK.webp,nova-mens-knit-jacket-co342mj,black-marle,2
Nova Men's Knit Jacket — CO342MJ_NOVA_MEN'S_KNIT_JACKET_BLACK_MARLE_BACK_HERO_CLOSEUP.webp,co342mj-model-co342mj-nova-mens-knit-jacket-black-marle-back-hero-closeup,https://notanother-nz.github.io/total-image-product-assets/assets/CO342MJ_NOVA_MEN'S_KNIT_JACKET/webp/model/CO342MJ_NOVA_MEN'S_KNIT_JACKET_BLACK_MARLE_BACK_HERO_CLOSEUP.webp,nova-mens-knit-jacket-co342mj,black-marle,3
Nova Men's Knit Jacket — CO342MJ_NOVA_MEN'S_KNIT_JACKET_BLACK_MARLE_BACK_HERO_SIDE.webp,co342mj-model-co342mj-nova-mens-knit-jacket-black-marle-back-hero-side,https://notanother-nz.github.io/total-image-product-assets/assets/CO342MJ_NOVA_MEN'S_KNIT_JACKET/webp/model/CO342MJ_NOVA_MEN'S_KNIT_JACKET_BLACK_MARLE_BACK_HERO_SIDE.webp,nova-mens-knit-jacket-co342mj,black-marle,4
Nova Men's Knit Jacket — CO342MJ_NOVA_MEN'S_KNIT_JACKET_BLACK_MARLE_FRONT.webp,co342mj-product-co342mj-nova-mens-knit-jacket-black-marle-front,https://notanother-nz.github.io/total-image-product-assets/assets/CO342MJ_NOVA_MEN'S_KNIT_JACKET/webp/product/CO342MJ_NOVA_MEN'S_KNIT_JACKET_BLACK_MARLE_FRONT.webp,nova-mens-knit-jacket-co342mj,black-marle,5
Nova Men's Knit Jacket — CO342MJ_NOVA_MEN'S_KNIT_JACKET_NAVY_MARLE__FRONT.webp,co342mj-product-co342mj-nova-mens-knit-jacket-navy-marle-front,https://notanother-nz.github.io/total-image-product-assets/assets/CO342MJ_NOVA_MEN'S_KNIT_JACKET/webp/product/CO342MJ_NOVA_MEN'S_KNIT_JACKET_NAVY_MARLE__FRONT.webp,nova-mens-knit-jacket-co342mj,navy-marle,6
Nova Men's Knit Jacket — CO342MJ_NOVA_MEN'S_KNIT_JACKET_BLACK_MARLE_BACK.webp,co342mj-product-co342mj-nova-mens-knit-jacket-black-marle-back,https://notanother-nz.github.io/total-image-product-assets/assets/CO342MJ_NOVA_MEN'S_KNIT_JACKET/webp/product/CO342MJ_NOVA_MEN'S_KNIT_JACKET_BLACK_MARLE_BACK.webp,nova-mens-knit-jacket-co342mj,black-marle,7
Nova Men's Knit Jacket — CO342MJ_NOVA_MEN'S_KNIT_JACKET_NAVY_MARLE__BACK.webp,co342mj-product-co342mj-nova-mens-knit-jacket-navy-marle-back,https://notanother-nz.github.io/total-image-product-assets/assets/CO342MJ_NOVA_MEN'S_KNIT_JACKET/webp/product/CO342MJ_NOVA_MEN'S_KNIT_JACKET_NAVY_MARLE__BACK.webp,nova-mens-knit-jacket-co342mj,navy-marle,8
Nova Men's Knit Vest — CO343MV_NOVA_MEN'S_KNIT_VEST_NAVY_MARLE_HERO_FRONT.webp,co343mv-model-co343mv-nova-mens-knit-vest-navy-marle-hero-front,https://notanother-nz.github.io/total-image-product-assets/assets/CO343MV_NOVA_MEN'S_KNIT_VEST/webp/model/CO343MV_NOVA_MEN'S_KNIT_VEST_NAVY_MARLE_HERO_FRONT.webp,nova-mens-knit-vest-co343mv,navy-marle,1
Nova Men's Knit Vest — CO343MV_NOVA_MEN'S_ZIP_FRONT_VEST_BLACK_MARLE_HERO_FRONT.webp,co343mv-model-co343mv-nova-mens-zip-front-vest-black-marle-hero-front,https://notanother-nz.github.io/total-image-product-assets/assets/CO343MV_NOVA_MEN'S_KNIT_VEST/webp/model/CO343MV_NOVA_MEN'S_ZIP_FRONT_VEST_BLACK_MARLE_HERO_FRONT.webp,nova-mens-knit-vest-co343mv,black-marle,2
Nova Men's Knit Vest — CO343MV_NOVA_MENS_ZIP_FRONT_VEST_NAVY_MARLE_AFRICAN_HERO_FRONT.webp,co343mv-model-co343mv-nova-mens-zip-front-vest-navy-marle-african-hero-front,https://notanother-nz.github.io/total-image-product-assets/assets/CO343MV_NOVA_MEN'S_KNIT_VEST/webp/model/CO343MV_NOVA_MENS_ZIP_FRONT_VEST_NAVY_MARLE_AFRICAN_HERO_FRONT.webp,nova-mens-knit-vest-co343mv,navy-marle,3
Nova Men's Knit Vest — CO343MV_NOVA_MENS_ZIP_FRONT_VEST_NAVY_MARLE_HERO_FRONT.webp,co343mv-model-co343mv-nova-mens-zip-front-vest-navy-marle-hero-front,https://notanother-nz.github.io/total-image-product-assets/assets/CO343MV_NOVA_MEN'S_KNIT_VEST/webp/model/CO343MV_NOVA_MENS_ZIP_FRONT_VEST_NAVY_MARLE_HERO_FRONT.webp,nova-mens-knit-vest-co343mv,navy-marle,4
Nova Men's Knit Vest — CO343MV_NOVA_MEN'S_KNIT_VEST_NAVY_MARLE_HERO_BACK.webp,co343mv-model-co343mv-nova-mens-knit-vest-navy-marle-hero-back,https://notanother-nz.github.io/total-image-product-assets/assets/CO343MV_NOVA_MEN'S_KNIT_VEST/webp/model/CO343MV_NOVA_MEN'S_KNIT_VEST_NAVY_MARLE_HERO_BACK.webp,nova-mens-knit-vest-co343mv,navy-marle,5
Nova Men's Knit Vest — CO343MV_NOVA_MEN'S_ZIP_FRONT_VEST_BLACK_MARLE_HERO_BACK.webp,co343mv-model-co343mv-nova-mens-zip-front-vest-black-marle-hero-back,https://notanother-nz.github.io/total-image-product-assets/assets/CO343MV_NOVA_MEN'S_KNIT_VEST/webp/model/CO343MV_NOVA_MEN'S_ZIP_FRONT_VEST_BLACK_MARLE_HERO_BACK.webp,nova-mens-knit-vest-co343mv,black-marle,6
Nova Men's Knit Vest — CO343MV_NOVA_MENS_ZIP_FRONT_VEST_NAVY_MARLE_AFRICAN_HERO_BACK.webp,co343mv-model-co343mv-nova-mens-zip-front-vest-navy-marle-african-hero-back,https://notanother-nz.github.io/total-image-product-assets/assets/CO343MV_NOVA_MEN'S_KNIT_VEST/webp/model/CO343MV_NOVA_MENS_ZIP_FRONT_VEST_NAVY_MARLE_AFRICAN_HERO_BACK.webp,nova-mens-knit-vest-co343mv,navy-marle,7
Nova Men's Knit Vest — CO343MV_NOVA_MENS_ZIP_FRONT_VEST_NAVY_MARLE_HERO_BACK.webp,co343mv-model-co343mv-nova-mens-zip-front-vest-navy-marle-hero-back,https://notanother-nz.github.io/total-image-product-assets/assets/CO343MV_NOVA_MEN'S_KNIT_VEST/webp/model/CO343MV_NOVA_MENS_ZIP_FRONT_VEST_NAVY_MARLE_HERO_BACK.webp,nova-mens-knit-vest-co343mv,navy-marle,8
Nova Men's Knit Vest — CO343MV_NOVA_MEN'S_KNIT_VEST_NAVY_MARLE_HERO_CLOSEUP.webp,co343mv-model-co343mv-nova-mens-knit-vest-navy-marle-hero-closeup,https://notanother-nz.github.io/total-image-product-assets/assets/CO343MV_NOVA_MEN'S_KNIT_VEST/webp/model/CO343MV_NOVA_MEN'S_KNIT_VEST_NAVY_MARLE_HERO_CLOSEUP.webp,nova-mens-knit-vest-co343mv,navy-marle,9
Nova Men's Knit Vest — CO343MV_NOVA_MEN'S_ZIP_FRONT_VEST_BLACK_MARLE_HERO_CLOSEUP.webp,co343mv-model-co343mv-nova-mens-zip-front-vest-black-marle-hero-closeup,https://notanother-nz.github.io/total-image-product-assets/assets/CO343MV_NOVA_MEN'S_KNIT_VEST/webp/model/CO343MV_NOVA_MEN'S_ZIP_FRONT_VEST_BLACK_MARLE_HERO_CLOSEUP.webp,nova-mens-knit-vest-co343mv,black-marle,10
Nova Men's Knit Vest — CO343MV_NOVA_MENS_ZIP_FRONT_VEST_NAVY_MARLE_AFRICAN_HERO_CLOSEUP.webp,co343mv-model-co343mv-nova-mens-zip-front-vest-navy-marle-african-hero-closeup,https://notanother-nz.github.io/total-image-product-assets/assets/CO343MV_NOVA_MEN'S_KNIT_VEST/webp/model/CO343MV_NOVA_MENS_ZIP_FRONT_VEST_NAVY_MARLE_AFRICAN_HERO_CLOSEUP.webp,nova-mens-knit-vest-co343mv,navy-marle,11
Nova Men's Knit Vest — CO343MV_NOVA_MENS_ZIP_FRONT_VEST_NAVY_MARLE_HERO_CLOSEUP.webp,co343mv-model-co343mv-nova-mens-zip-front-vest-navy-marle-hero-closeup,https://notanother-nz.github.io/total-image-product-assets/assets/CO343MV_NOVA_MEN'S_KNIT_VEST/webp/model/CO343MV_NOVA_MENS_ZIP_FRONT_VEST_NAVY_MARLE_HERO_CLOSEUP.webp,nova-mens-knit-vest-co343mv,navy-marle,12
Nova Men's Knit Vest — CO343MV_NOVA_MEN'S_KNIT_VEST_NAVY_MARLE_HERO_SIDE.webp,co343mv-model-co343mv-nova-mens-knit-vest-navy-marle-hero-side,https://notanother-nz.github.io/total-image-product-assets/assets/CO343MV_NOVA_MEN'S_KNIT_VEST/webp/model/CO343MV_NOVA_MEN'S_KNIT_VEST_NAVY_MARLE_HERO_SIDE.webp,nova-mens-knit-vest-co343mv,navy-marle,13
Nova Men's Knit Vest — CO343MV_NOVA_MEN'S_ZIP_FRONT_VEST_BLACK_MARLE_HERO_SIDE.webp,co343mv-model-co343mv-nova-mens-zip-front-vest-black-marle-hero-side,https://notanother-nz.github.io/total-image-product-assets/assets/CO343MV_NOVA_MEN'S_KNIT_VEST/webp/model/CO343MV_NOVA_MEN'S_ZIP_FRONT_VEST_BLACK_MARLE_HERO_SIDE.webp,nova-mens-knit-vest-co343mv,black-marle,14
Nova Men's Knit Vest — CO343MV_NOVA_MENS_ZIP_FRONT_VEST_NAVY_MARLE_AFRICAN_HERO_SIDE.webp,co343mv-model-co343mv-nova-mens-zip-front-vest-navy-marle-african-hero-side,https://notanother-nz.github.io/total-image-product-assets/assets/CO343MV_NOVA_MEN'S_KNIT_VEST/webp/model/CO343MV_NOVA_MENS_ZIP_FRONT_VEST_NAVY_MARLE_AFRICAN_HERO_SIDE.webp,nova-mens-knit-vest-co343mv,navy-marle,15
Nova Men's Knit Vest — CO343MV_NOVA_MENS_ZIP_FRONT_VEST_NAVY_MARLE_HERO_SIDE.webp,co343mv-model-co343mv-nova-mens-zip-front-vest-navy-marle-hero-side,https://notanother-nz.github.io/total-image-product-assets/assets/CO343MV_NOVA_MEN'S_KNIT_VEST/webp/model/CO343MV_NOVA_MENS_ZIP_FRONT_VEST_NAVY_MARLE_HERO_SIDE.webp,nova-mens-knit-vest-co343mv,navy-marle,16
Nova Men's Knit Vest — CO343MV_NOVA_MENS_ZIP_FRONT_VEST_NAVY_MARLE_CLOSE.webp,co343mv-model-co343mv-nova-mens-zip-front-vest-navy-marle-close,https://notanother-nz.github.io/total-image-product-assets/assets/CO343MV_NOVA_MEN'S_KNIT_VEST/webp/model/CO343MV_NOVA_MENS_ZIP_FRONT_VEST_NAVY_MARLE_CLOSE.webp,nova-mens-knit-vest-co343mv,navy-marle,17
Nova Men's Knit Vest — CO343MV_NOVA_MENS_ZIP_FRONT_VEST_NAVY_MARLE_FRONT_SIDE.webp,co343mv-model-co343mv-nova-mens-zip-front-vest-navy-marle-front-side,https://notanother-nz.github.io/total-image-product-assets/assets/CO343MV_NOVA_MEN'S_KNIT_VEST/webp/model/CO343MV_NOVA_MENS_ZIP_FRONT_VEST_NAVY_MARLE_FRONT_SIDE.webp,nova-mens-knit-vest-co343mv,navy-marle,18
Nova Men's Knit Vest — CO343MV_NOVA_MEN'S_KNIT_VEST_BLACK_MARLE_FRONT.webp,co343mv-product-co343mv-nova-mens-knit-vest-black-marle-front,https://notanother-nz.github.io/total-image-product-assets/assets/CO343MV_NOVA_MEN'S_KNIT_VEST/webp/product/CO343MV_NOVA_MEN'S_KNIT_VEST_BLACK_MARLE_FRONT.webp,nova-mens-knit-vest-co343mv,black-marle,19
Nova Men's Knit Vest — CO343MV_NOVA_MEN'S_KNIT_VEST_NAVY_MARLE_FRONT.webp,co343mv-product-co343mv-nova-mens-knit-vest-navy-marle-front,https://notanother-nz.github.io/total-image-product-assets/assets/CO343MV_NOVA_MEN'S_KNIT_VEST/webp/product/CO343MV_NOVA_MEN'S_KNIT_VEST_NAVY_MARLE_FRONT.webp,nova-mens-knit-vest-co343mv,navy-marle,20
Nova Men's Knit Vest — CO343MV_NOVA_MEN'S_KNIT_VEST_BLACK_MARLE_BACK.webp,co343mv-product-co343mv-nova-mens-knit-vest-black-marle-back,https://notanother-nz.github.io/total-image-product-assets/assets/CO343MV_NOVA_MEN'S_KNIT_VEST/webp/product/CO343MV_NOVA_MEN'S_KNIT_VEST_BLACK_MARLE_BACK.webp,nova-mens-knit-vest-co343mv,black-marle,21
Nova Men's Knit Vest — CO343MV_NOVA_MEN'S_KNIT_VEST_NAVY_MARLE_BACK.webp,co343mv-product-co343mv-nova-mens-knit-vest-navy-marle-back,https://notanother-nz.github.io/total-image-product-assets/assets/CO343MV_NOVA_MEN'S_KNIT_VEST/webp/product/CO343MV_NOVA_MEN'S_KNIT_VEST_NAVY_MARLE_BACK.webp,nova-mens-knit-vest-co343mv,navy-marle,22
Women's Florence Stardust Print Tunic — CS450LS_WOMEN'S_FLORENCE_STARDUST_PRINT_TUNIC_HERO_FRONT.webp,cs450ls-model-cs450ls-womens-florence-stardust-print-tunic-hero-front,https://notanother-nz.github.io/total-image-product-assets/assets/CS450LS_WOMEN'S_FLORENCE_STARDUST_PRINT_TUNIC/webp/model/CS450LS_WOMEN'S_FLORENCE_STARDUST_PRINT_TUNIC_HERO_FRONT.webp,womens-florence-stardust-print-tunic-cs450ls,,1
Women's Florence Stardust Print Tunic — CS450LS_WOMEN'S_FLORENCE_STARDUST_PRINT_TUNIC_HERO_BACK.webp,cs450ls-model-cs450ls-womens-florence-stardust-print-tunic-hero-back,https://notanother-nz.github.io/total-image-product-assets/assets/CS450LS_WOMEN'S_FLORENCE_STARDUST_PRINT_TUNIC/webp/model/CS450LS_WOMEN'S_FLORENCE_STARDUST_PRINT_TUNIC_HERO_BACK.webp,womens-florence-stardust-print-tunic-cs450ls,,2
Women's Florence Stardust Print Tunic — CS450LS_WOMEN'S_FLORENCE_STARDUST_PRINT_TUNIC_HERO_CLOSEUP.webp,cs450ls-model-cs450ls-womens-florence-stardust-print-tunic-hero-closeup,https://notanother-nz.github.io/total-image-product-assets/assets/CS450LS_WOMEN'S_FLORENCE_STARDUST_PRINT_TUNIC/webp/model/CS450LS_WOMEN'S_FLORENCE_STARDUST_PRINT_TUNIC_HERO_CLOSEUP.webp,womens-florence-stardust-print-tunic-cs450ls,,3
Women's Florence Stardust Print Tunic — CS450LS_WOMEN'S_FLORENCE_STARDUST_PRINT_TUNIC_HERO_SIDE.webp,cs450ls-model-cs450ls-womens-florence-stardust-print-tunic-hero-side,https://notanother-nz.github.io/total-image-product-assets/assets/CS450LS_WOMEN'S_FLORENCE_STARDUST_PRINT_TUNIC/webp/model/CS450LS_WOMEN'S_FLORENCE_STARDUST_PRINT_TUNIC_HERO_SIDE.webp,womens-florence-stardust-print-tunic-cs450ls,,4
Women's Florence Stardust Print Tunic — CS450LS_WOMEN'S_FLORENCE_STARDUST_PRINT_TUNIC_MID_BLUE_FRONT.webp,cs450ls-product-cs450ls-womens-florence-stardust-print-tunic-mid-blue-front,https://notanother-nz.github.io/total-image-product-assets/assets/CS450LS_WOMEN'S_FLORENCE_STARDUST_PRINT_TUNIC/webp/product/CS450LS_WOMEN'S_FLORENCE_STARDUST_PRINT_TUNIC_MID_BLUE_FRONT.webp,womens-florence-stardust-print-tunic-cs450ls,mid-blue,5
Women's Florence Stardust Print Tunic — CS450LS_WOMEN'S_FLORENCE_STARDUST_PRINT_TUNIC_NAVY_FRONT.webp,cs450ls-product-cs450ls-womens-florence-stardust-print-tunic-navy-front,https://notanother-nz.github.io/total-image-product-assets/assets/CS450LS_WOMEN'S_FLORENCE_STARDUST_PRINT_TUNIC/webp/product/CS450LS_WOMEN'S_FLORENCE_STARDUST_PRINT_TUNIC_NAVY_FRONT.webp,womens-florence-stardust-print-tunic-cs450ls,navy,6
Women's Florence Stardust Print Tunic — CS450LS_WOMEN'S_FLORENCE_STARDUST_PRINT_TUNIC_TEAL_FRONT.webp,cs450ls-product-cs450ls-womens-florence-stardust-print-tunic-teal-front,https://notanother-nz.github.io/total-image-product-assets/assets/CS450LS_WOMEN'S_FLORENCE_STARDUST_PRINT_TUNIC/webp/product/CS450LS_WOMEN'S_FLORENCE_STARDUST_PRINT_TUNIC_TEAL_FRONT.webp,womens-florence-stardust-print-tunic-cs450ls,teal,7
Women's Florence Stardust Print Tunic — CS450LS_WOMEN'S_FLORENCE_STARDUST_PRINT_TUNIC_MID_BLUE_BACK.webp,cs450ls-product-cs450ls-womens-florence-stardust-print-tunic-mid-blue-back,https://notanother-nz.github.io/total-image-product-assets/assets/CS450LS_WOMEN'S_FLORENCE_STARDUST_PRINT_TUNIC/webp/product/CS450LS_WOMEN'S_FLORENCE_STARDUST_PRINT_TUNIC_MID_BLUE_BACK.webp,womens-florence-stardust-print-tunic-cs450ls,mid-blue,8
Women's Florence Stardust Print Tunic — CS450LS_WOMEN'S_FLORENCE_STARDUST_PRINT_TUNIC_NAVY_BACK.webp,cs450ls-product-cs450ls-womens-florence-stardust-print-tunic-navy-back,https://notanother-nz.github.io/total-image-product-assets/assets/CS450LS_WOMEN'S_FLORENCE_STARDUST_PRINT_TUNIC/webp/product/CS450LS_WOMEN'S_FLORENCE_STARDUST_PRINT_TUNIC_NAVY_BACK.webp,womens-florence-stardust-print-tunic-cs450ls,navy,9
Women's Florence Stardust Print Tunic — CS450LS_WOMEN'S_FLORENCE_STARDUST_PRINT_TUNIC_TEAL_BACK.webp,cs450ls-product-cs450ls-womens-florence-stardust-print-tunic-teal-back,https://notanother-nz.github.io/total-image-product-assets/assets/CS450LS_WOMEN'S_FLORENCE_STARDUST_PRINT_TUNIC/webp/product/CS450LS_WOMEN'S_FLORENCE_STARDUST_PRINT_TUNIC_TEAL_BACK.webp,womens-florence-stardust-print-tunic-cs450ls,teal,10
Women's Florence Daisy Print Short Sleeve Shirt — CS948LS_Florence_Womens_Daisy_Print_S_S_Shirt_Hero_Front.webp,cs948ls-model-cs948ls-florence-womens-daisy-print-s-s-shirt-hero-front,https://notanother-nz.github.io/total-image-product-assets/assets/CS948LS_Florence_Womens_Daisy_Print_S_S_Shirt/webp/model/CS948LS_Florence_Womens_Daisy_Print_S_S_Shirt_Hero_Front.webp,womens-florence-daisy-print-short-sleeve-shirt-cs948ls,,1
Women's Florence Daisy Print Short Sleeve Shirt — CS948LS_Florence_Womens_Daisy_Print_S_S_Shirt_Hero_Back.webp,cs948ls-model-cs948ls-florence-womens-daisy-print-s-s-shirt-hero-back,https://notanother-nz.github.io/total-image-product-assets/assets/CS948LS_Florence_Womens_Daisy_Print_S_S_Shirt/webp/model/CS948LS_Florence_Womens_Daisy_Print_S_S_Shirt_Hero_Back.webp,womens-florence-daisy-print-short-sleeve-shirt-cs948ls,,2
Women's Florence Daisy Print Short Sleeve Shirt — CS948LS_Florence_Womens_Daisy_Print_S_S_Shirt_Hero_CloseUp.webp,cs948ls-model-cs948ls-florence-womens-daisy-print-s-s-shirt-hero-closeup,https://notanother-nz.github.io/total-image-product-assets/assets/CS948LS_Florence_Womens_Daisy_Print_S_S_Shirt/webp/model/CS948LS_Florence_Womens_Daisy_Print_S_S_Shirt_Hero_CloseUp.webp,womens-florence-daisy-print-short-sleeve-shirt-cs948ls,,3
Women's Florence Daisy Print Short Sleeve Shirt — CS948LS_Florence_Womens_Daisy_Print_S_S_Shirt_Hero_Side.webp,cs948ls-model-cs948ls-florence-womens-daisy-print-s-s-shirt-hero-side,https://notanother-nz.github.io/total-image-product-assets/assets/CS948LS_Florence_Womens_Daisy_Print_S_S_Shirt/webp/model/CS948LS_Florence_Womens_Daisy_Print_S_S_Shirt_Hero_Side.webp,womens-florence-daisy-print-short-sleeve-shirt-cs948ls,,4
Women's Florence Daisy Print Short Sleeve Shirt — CS948LS_Florence_Womens_Daisy_Print_S_S_Shirt_ELECTRIC_BLUE_BACK_VIEW.webp,cs948ls-product-cs948ls-florence-womens-daisy-print-s-s-shirt-electric-blue-back-view,https://notanother-nz.github.io/total-image-product-assets/assets/CS948LS_Florence_Womens_Daisy_Print_S_S_Shirt/webp/product/CS948LS_Florence_Womens_Daisy_Print_S_S_Shirt_ELECTRIC_BLUE_BACK_VIEW.webp,womens-florence-daisy-print-short-sleeve-shirt-cs948ls,electric-blue,5
Women's Florence Daisy Print Short Sleeve Shirt — CS948LS_Florence_Womens_Daisy_Print_S_S_Shirt_NAVY_BACK_VIEW.webp,cs948ls-product-cs948ls-florence-womens-daisy-print-s-s-shirt-navy-back-view,https://notanother-nz.github.io/total-image-product-assets/assets/CS948LS_Florence_Womens_Daisy_Print_S_S_Shirt/webp/product/CS948LS_Florence_Womens_Daisy_Print_S_S_Shirt_NAVY_BACK_VIEW.webp,womens-florence-daisy-print-short-sleeve-shirt-cs948ls,navy,6
Women's Florence Daisy Print Short Sleeve Shirt — CS948LS_Florence_Womens_Daisy_Print_S_S_Shirt_PURPLE_BACK_VIEW.webp,cs948ls-product-cs948ls-florence-womens-daisy-print-s-s-shirt-purple-back-view,https://notanother-nz.github.io/total-image-product-assets/assets/CS948LS_Florence_Womens_Daisy_Print_S_S_Shirt/webp/product/CS948LS_Florence_Womens_Daisy_Print_S_S_Shirt_PURPLE_BACK_VIEW.webp,womens-florence-daisy-print-short-sleeve-shirt-cs948ls,purple,7
Women's Florence Daisy Print Short Sleeve Shirt — CS948LS_Florence_Womens_Daisy_Print_S_S_Shirt_TEAL_BACK_VIEW.webp,cs948ls-product-cs948ls-florence-womens-daisy-print-s-s-shirt-teal-back-view,https://notanother-nz.github.io/total-image-product-assets/assets/CS948LS_Florence_Womens_Daisy_Print_S_S_Shirt/webp/product/CS948LS_Florence_Womens_Daisy_Print_S_S_Shirt_TEAL_BACK_VIEW.webp,womens-florence-daisy-print-short-sleeve-shirt-cs948ls,teal,8
Women's Florence Daisy Print Short Sleeve Shirt — CS948LS_Florence_Womens_Daisy_Print_S_S_Shirt_ELECTRIC_BLUE_VIEW.webp,cs948ls-product-cs948ls-florence-womens-daisy-print-s-s-shirt-electric-blue-view,https://notanother-nz.github.io/total-image-product-assets/assets/CS948LS_Florence_Womens_Daisy_Print_S_S_Shirt/webp/product/CS948LS_Florence_Womens_Daisy_Print_S_S_Shirt_ELECTRIC_BLUE_VIEW.webp,womens-florence-daisy-print-short-sleeve-shirt-cs948ls,electric-blue,9
Women's Florence Daisy Print Short Sleeve Shirt — CS948LS_Florence_Womens_Daisy_Print_S_S_Shirt_NAVY_VIEW.webp,cs948ls-product-cs948ls-florence-womens-daisy-print-s-s-shirt-navy-view,https://notanother-nz.github.io/total-image-product-assets/assets/CS948LS_Florence_Womens_Daisy_Print_S_S_Shirt/webp/product/CS948LS_Florence_Womens_Daisy_Print_S_S_Shirt_NAVY_VIEW.webp,womens-florence-daisy-print-short-sleeve-shirt-cs948ls,navy,10
Women's Florence Daisy Print Short Sleeve Shirt — CS948LS_Florence_Womens_Daisy_Print_S_S_Shirt_PURPLE_VIEW.webp,cs948ls-product-cs948ls-florence-womens-daisy-print-s-s-shirt-purple-view,https://notanother-nz.github.io/total-image-product-assets/assets/CS948LS_Florence_Womens_Daisy_Print_S_S_Shirt/webp/product/CS948LS_Florence_Womens_Daisy_Print_S_S_Shirt_PURPLE_VIEW.webp,womens-florence-daisy-print-short-sleeve-shirt-cs948ls,purple,11
Women's Florence Daisy Print Short Sleeve Shirt — CS948LS_Florence_Womens_Daisy_Print_S_S_Shirt_TEAL_VIEW.webp,cs948ls-product-cs948ls-florence-womens-daisy-print-s-s-shirt-teal-view,https://notanother-nz.github.io/total-image-product-assets/assets/CS948LS_Florence_Womens_Daisy_Print_S_S_Shirt/webp/product/CS948LS_Florence_Womens_Daisy_Print_S_S_Shirt_TEAL_VIEW.webp,womens-florence-daisy-print-short-sleeve-shirt-cs948ls,teal,12
Ladies Florence Tunic — CS949LS_LADIES_FLORENCE_TUNIC_HERO_FRONT.webp,cs949ls-model-cs949ls-ladies-florence-tunic-hero-front,https://notanother-nz.github.io/total-image-product-assets/assets/CS949LS_LADIES_FLORENCE_TUNIC/webp/model/CS949LS_LADIES_FLORENCE_TUNIC_HERO_FRONT.webp,ladies-florence-tunic-cs949ls,,1
Ladies Florence Tunic — CS949LS_LADIES_FLORENCE_TUNIC_HERO_BACK.webp,cs949ls-model-cs949ls-ladies-florence-tunic-hero-back,https://notanother-nz.github.io/total-image-product-assets/assets/CS949LS_LADIES_FLORENCE_TUNIC/webp/model/CS949LS_LADIES_FLORENCE_TUNIC_HERO_BACK.webp,ladies-florence-tunic-cs949ls,,2
Ladies Florence Tunic — CS949LS_LADIES_FLORENCE_TUNIC_HERO_CLOSEUP.webp,cs949ls-model-cs949ls-ladies-florence-tunic-hero-closeup,https://notanother-nz.github.io/total-image-product-assets/assets/CS949LS_LADIES_FLORENCE_TUNIC/webp/model/CS949LS_LADIES_FLORENCE_TUNIC_HERO_CLOSEUP.webp,ladies-florence-tunic-cs949ls,,3
Ladies Florence Tunic — CS949LS_LADIES_FLORENCE_TUNIC_HERO_SIDE.webp,cs949ls-model-cs949ls-ladies-florence-tunic-hero-side,https://notanother-nz.github.io/total-image-product-assets/assets/CS949LS_LADIES_FLORENCE_TUNIC/webp/model/CS949LS_LADIES_FLORENCE_TUNIC_HERO_SIDE.webp,ladies-florence-tunic-cs949ls,,4
Ladies Florence Tunic — CS949LS_LADIES_FLORENCE_TUNIC_BLACK_FRONT.webp,cs949ls-product-cs949ls-ladies-florence-tunic-black-front,https://notanother-nz.github.io/total-image-product-assets/assets/CS949LS_LADIES_FLORENCE_TUNIC/webp/product/CS949LS_LADIES_FLORENCE_TUNIC_BLACK_FRONT.webp,ladies-florence-tunic-cs949ls,black,5
Ladies Florence Tunic — CS949LS_LADIES_FLORENCE_TUNIC_CHARCOAL_FRONT.webp,cs949ls-product-cs949ls-ladies-florence-tunic-charcoal-front,https://notanother-nz.github.io/total-image-product-assets/assets/CS949LS_LADIES_FLORENCE_TUNIC/webp/product/CS949LS_LADIES_FLORENCE_TUNIC_CHARCOAL_FRONT.webp,ladies-florence-tunic-cs949ls,charcoal,6
Ladies Florence Tunic — CS949LS_LADIES_FLORENCE_TUNIC_CHERRY_FRONT.webp,cs949ls-product-cs949ls-ladies-florence-tunic-cherry-front,https://notanother-nz.github.io/total-image-product-assets/assets/CS949LS_LADIES_FLORENCE_TUNIC/webp/product/CS949LS_LADIES_FLORENCE_TUNIC_CHERRY_FRONT.webp,ladies-florence-tunic-cs949ls,cherry,7
Ladies Florence Tunic — CS949LS_LADIES_FLORENCE_TUNIC_ELECTRICBLUE_FRONT.webp,cs949ls-product-cs949ls-ladies-florence-tunic-electricblue-front,https://notanother-nz.github.io/total-image-product-assets/assets/CS949LS_LADIES_FLORENCE_TUNIC/webp/product/CS949LS_LADIES_FLORENCE_TUNIC_ELECTRICBLUE_FRONT.webp,ladies-florence-tunic-cs949ls,electric-blue,8
Ladies Florence Tunic — CS949LS_LADIES_FLORENCE_TUNIC_MIDBLUE_FRONT.webp,cs949ls-product-cs949ls-ladies-florence-tunic-midblue-front,https://notanother-nz.github.io/total-image-product-assets/assets/CS949LS_LADIES_FLORENCE_TUNIC/webp/product/CS949LS_LADIES_FLORENCE_TUNIC_MIDBLUE_FRONT.webp,ladies-florence-tunic-cs949ls,mid-blue,9
Ladies Florence Tunic — CS949LS_LADIES_FLORENCE_TUNIC_NAVY_FRONT.webp,cs949ls-product-cs949ls-ladies-florence-tunic-navy-front,https://notanother-nz.github.io/total-image-product-assets/assets/CS949LS_LADIES_FLORENCE_TUNIC/webp/product/CS949LS_LADIES_FLORENCE_TUNIC_NAVY_FRONT.webp,ladies-florence-tunic-cs949ls,navy,10
Ladies Florence Tunic — CS949LS_LADIES_FLORENCE_TUNIC_PURPLE_FRONT.webp,cs949ls-product-cs949ls-ladies-florence-tunic-purple-front,https://notanother-nz.github.io/total-image-product-assets/assets/CS949LS_LADIES_FLORENCE_TUNIC/webp/product/CS949LS_LADIES_FLORENCE_TUNIC_PURPLE_FRONT.webp,ladies-florence-tunic-cs949ls,purple,11
Ladies Florence Tunic — CS949LS_LADIES_FLORENCE_TUNIC_TEAL_FRONT.webp,cs949ls-product-cs949ls-ladies-florence-tunic-teal-front,https://notanother-nz.github.io/total-image-product-assets/assets/CS949LS_LADIES_FLORENCE_TUNIC/webp/product/CS949LS_LADIES_FLORENCE_TUNIC_TEAL_FRONT.webp,ladies-florence-tunic-cs949ls,teal,12
Ladies Florence Tunic — CS949LS_LADIES_FLORENCE_TUNIC_BLACK_BACK.webp,cs949ls-product-cs949ls-ladies-florence-tunic-black-back,https://notanother-nz.github.io/total-image-product-assets/assets/CS949LS_LADIES_FLORENCE_TUNIC/webp/product/CS949LS_LADIES_FLORENCE_TUNIC_BLACK_BACK.webp,ladies-florence-tunic-cs949ls,black,13
Ladies Florence Tunic — CS949LS_LADIES_FLORENCE_TUNIC_CHARCOAL_BACK.webp,cs949ls-product-cs949ls-ladies-florence-tunic-charcoal-back,https://notanother-nz.github.io/total-image-product-assets/assets/CS949LS_LADIES_FLORENCE_TUNIC/webp/product/CS949LS_LADIES_FLORENCE_TUNIC_CHARCOAL_BACK.webp,ladies-florence-tunic-cs949ls,charcoal,14
Ladies Florence Tunic — CS949LS_LADIES_FLORENCE_TUNIC_CHERRY_BACK.webp,cs949ls-product-cs949ls-ladies-florence-tunic-cherry-back,https://notanother-nz.github.io/total-image-product-assets/assets/CS949LS_LADIES_FLORENCE_TUNIC/webp/product/CS949LS_LADIES_FLORENCE_TUNIC_CHERRY_BACK.webp,ladies-florence-tunic-cs949ls,cherry,15
Ladies Florence Tunic — CS949LS_LADIES_FLORENCE_TUNIC_ELECTRICBLUE_BACK.webp,cs949ls-product-cs949ls-ladies-florence-tunic-electricblue-back,https://notanother-nz.github.io/total-image-product-assets/assets/CS949LS_LADIES_FLORENCE_TUNIC/webp/product/CS949LS_LADIES_FLORENCE_TUNIC_ELECTRICBLUE_BACK.webp,ladies-florence-tunic-cs949ls,electric-blue,16
Ladies Florence Tunic — CS949LS_LADIES_FLORENCE_TUNIC_MIDBLUE_BACK.webp,cs949ls-product-cs949ls-ladies-florence-tunic-midblue-back,https://notanother-nz.github.io/total-image-product-assets/assets/CS949LS_LADIES_FLORENCE_TUNIC/webp/product/CS949LS_LADIES_FLORENCE_TUNIC_MIDBLUE_BACK.webp,ladies-florence-tunic-cs949ls,mid-blue,17
Ladies Florence Tunic — CS949LS_LADIES_FLORENCE_TUNIC_NAVY_BACK.webp,cs949ls-product-cs949ls-ladies-florence-tunic-navy-back,https://notanother-nz.github.io/total-image-product-assets/assets/CS949LS_LADIES_FLORENCE_TUNIC/webp/product/CS949LS_LADIES_FLORENCE_TUNIC_NAVY_BACK.webp,ladies-florence-tunic-cs949ls,navy,18
Ladies Florence Tunic — CS949LS_LADIES_FLORENCE_TUNIC_PURPLE_BACK.webp,cs949ls-product-cs949ls-ladies-florence-tunic-purple-back,https://notanother-nz.github.io/total-image-product-assets/assets/CS949LS_LADIES_FLORENCE_TUNIC/webp/product/CS949LS_LADIES_FLORENCE_TUNIC_PURPLE_BACK.webp,ladies-florence-tunic-cs949ls,purple,19
Ladies Florence Tunic — CS949LS_LADIES_FLORENCE_TUNIC_TEAL_BACK.webp,cs949ls-product-cs949ls-ladies-florence-tunic-teal-back,https://notanother-nz.github.io/total-image-product-assets/assets/CS949LS_LADIES_FLORENCE_TUNIC/webp/product/CS949LS_LADIES_FLORENCE_TUNIC_TEAL_BACK.webp,ladies-florence-tunic-cs949ls,teal,20
Women's Florence Daisy Print Tunic — CS950LS_WOMEN'S_FLORENCE_DAISY_PRINT_TUNIC_HERO_FRONT.webp,cs950ls-model-cs950ls-womens-florence-daisy-print-tunic-hero-front,https://notanother-nz.github.io/total-image-product-assets/assets/CS950LS_WOMEN'S_FLORENCE_DAISY_PRINT_TUNIC/webp/model/CS950LS_WOMEN'S_FLORENCE_DAISY_PRINT_TUNIC_HERO_FRONT.webp,womens-florence-daisy-print-tunic-cs950ls,,1
Women's Florence Daisy Print Tunic — CS950LS_WOMEN'S_FLORENCE_DAISY_PRINT_TUNIC_HERO_BACK.webp,cs950ls-model-cs950ls-womens-florence-daisy-print-tunic-hero-back,https://notanother-nz.github.io/total-image-product-assets/assets/CS950LS_WOMEN'S_FLORENCE_DAISY_PRINT_TUNIC/webp/model/CS950LS_WOMEN'S_FLORENCE_DAISY_PRINT_TUNIC_HERO_BACK.webp,womens-florence-daisy-print-tunic-cs950ls,,2
Women's Florence Daisy Print Tunic — CS950LS_WOMEN'S_FLORENCE_DAISY_PRINT_TUNIC_HERO_CLOSEUP.webp,cs950ls-model-cs950ls-womens-florence-daisy-print-tunic-hero-closeup,https://notanother-nz.github.io/total-image-product-assets/assets/CS950LS_WOMEN'S_FLORENCE_DAISY_PRINT_TUNIC/webp/model/CS950LS_WOMEN'S_FLORENCE_DAISY_PRINT_TUNIC_HERO_CLOSEUP.webp,womens-florence-daisy-print-tunic-cs950ls,,3
Women's Florence Daisy Print Tunic — CS950LS_WOMEN'S_FLORENCE_DAISY_PRINT_TUNIC_HERO_SIDE.webp,cs950ls-model-cs950ls-womens-florence-daisy-print-tunic-hero-side,https://notanother-nz.github.io/total-image-product-assets/assets/CS950LS_WOMEN'S_FLORENCE_DAISY_PRINT_TUNIC/webp/model/CS950LS_WOMEN'S_FLORENCE_DAISY_PRINT_TUNIC_HERO_SIDE.webp,womens-florence-daisy-print-tunic-cs950ls,,4
Women's Florence Daisy Print Tunic — CS950LS_WOMEN'S_FLORENCE_DAISY_PRINT_TUNIC_ELECTRICBLUE_FRONT.webp,cs950ls-product-cs950ls-womens-florence-daisy-print-tunic-electricblue-front,https://notanother-nz.github.io/total-image-product-assets/assets/CS950LS_WOMEN'S_FLORENCE_DAISY_PRINT_TUNIC/webp/product/CS950LS_WOMEN'S_FLORENCE_DAISY_PRINT_TUNIC_ELECTRICBLUE_FRONT.webp,womens-florence-daisy-print-tunic-cs950ls,electric-blue,5
Women's Florence Daisy Print Tunic — CS950LS_WOMEN'S_FLORENCE_DAISY_PRINT_TUNIC_NAVY_FRONT.webp,cs950ls-product-cs950ls-womens-florence-daisy-print-tunic-navy-front,https://notanother-nz.github.io/total-image-product-assets/assets/CS950LS_WOMEN'S_FLORENCE_DAISY_PRINT_TUNIC/webp/product/CS950LS_WOMEN'S_FLORENCE_DAISY_PRINT_TUNIC_NAVY_FRONT.webp,womens-florence-daisy-print-tunic-cs950ls,navy,6
Women's Florence Daisy Print Tunic — CS950LS_WOMEN'S_FLORENCE_DAISY_PRINT_TUNIC_PURPLE_FRONT.webp,cs950ls-product-cs950ls-womens-florence-daisy-print-tunic-purple-front,https://notanother-nz.github.io/total-image-product-assets/assets/CS950LS_WOMEN'S_FLORENCE_DAISY_PRINT_TUNIC/webp/product/CS950LS_WOMEN'S_FLORENCE_DAISY_PRINT_TUNIC_PURPLE_FRONT.webp,womens-florence-daisy-print-tunic-cs950ls,purple,7
Women's Florence Daisy Print Tunic — CS950LS_WOMEN'S_FLORENCE_DAISY_PRINT_TUNIC_TEAL_FRONT.webp,cs950ls-product-cs950ls-womens-florence-daisy-print-tunic-teal-front,https://notanother-nz.github.io/total-image-product-assets/assets/CS950LS_WOMEN'S_FLORENCE_DAISY_PRINT_TUNIC/webp/product/CS950LS_WOMEN'S_FLORENCE_DAISY_PRINT_TUNIC_TEAL_FRONT.webp,womens-florence-daisy-print-tunic-cs950ls,teal,8
Women's Florence Daisy Print Tunic — CS950LS_WOMEN'S_FLORENCE_DAISY_PRINT_TUNIC_ELECTRICBLUE_BACK.webp,cs950ls-product-cs950ls-womens-florence-daisy-print-tunic-electricblue-back,https://notanother-nz.github.io/total-image-product-assets/assets/CS950LS_WOMEN'S_FLORENCE_DAISY_PRINT_TUNIC/webp/product/CS950LS_WOMEN'S_FLORENCE_DAISY_PRINT_TUNIC_ELECTRICBLUE_BACK.webp,womens-florence-daisy-print-tunic-cs950ls,electric-blue,9
Women's Florence Daisy Print Tunic — CS950LS_WOMEN'S_FLORENCE_DAISY_PRINT_TUNIC_NAVY_BACK.webp,cs950ls-product-cs950ls-womens-florence-daisy-print-tunic-navy-back,https://notanother-nz.github.io/total-image-product-assets/assets/CS950LS_WOMEN'S_FLORENCE_DAISY_PRINT_TUNIC/webp/product/CS950LS_WOMEN'S_FLORENCE_DAISY_PRINT_TUNIC_NAVY_BACK.webp,womens-florence-daisy-print-tunic-cs950ls,navy,10
Women's Florence Daisy Print Tunic — CS950LS_WOMEN'S_FLORENCE_DAISY_PRINT_TUNIC_PURPLE_BACK.webp,cs950ls-product-cs950ls-womens-florence-daisy-print-tunic-purple-back,https://notanother-nz.github.io/total-image-product-assets/assets/CS950LS_WOMEN'S_FLORENCE_DAISY_PRINT_TUNIC/webp/product/CS950LS_WOMEN'S_FLORENCE_DAISY_PRINT_TUNIC_PURPLE_BACK.webp,womens-florence-daisy-print-tunic-cs950ls,purple,11
Women's Florence Daisy Print Tunic — CS950LS_WOMEN'S_FLORENCE_DAISY_PRINT_TUNIC_TEAL_BACK.webp,cs950ls-product-cs950ls-womens-florence-daisy-print-tunic-teal-back,https://notanother-nz.github.io/total-image-product-assets/assets/CS950LS_WOMEN'S_FLORENCE_DAISY_PRINT_TUNIC/webp/product/CS950LS_WOMEN'S_FLORENCE_DAISY_PRINT_TUNIC_TEAL_BACK.webp,womens-florence-daisy-print-tunic-cs950ls,teal,12
Women's Marley Jersey T-Top — CS952LS_WOMEN'S_MARLEY_JERSEY_T_TOP_CHARCOAL_HERO_FRONT.webp,cs952ls-model-cs952ls-womens-marley-jersey-t-top-charcoal-hero-front,https://notanother-nz.github.io/total-image-product-assets/assets/CS952LS_WOMEN'S_MARLEY_JERSEY_T_TOP/webp/model/CS952LS_WOMEN'S_MARLEY_JERSEY_T_TOP_CHARCOAL_HERO_FRONT.webp,womens-marley-jersey-t-top-cs952ls,charcoal,1
Women's Marley Jersey T-Top — CS952LS_WOMEN'S_MARLEY_JERSEY_T_TOP_CHARCOAL_HERO_BACK.webp,cs952ls-model-cs952ls-womens-marley-jersey-t-top-charcoal-hero-back,https://notanother-nz.github.io/total-image-product-assets/assets/CS952LS_WOMEN'S_MARLEY_JERSEY_T_TOP/webp/model/CS952LS_WOMEN'S_MARLEY_JERSEY_T_TOP_CHARCOAL_HERO_BACK.webp,womens-marley-jersey-t-top-cs952ls,charcoal,2
Women's Marley Jersey T-Top — CS952LS_WOMEN'S_MARLEY_JERSEY_T_TOP_CHARCOAL_HERO_CLOSEUP.webp,cs952ls-model-cs952ls-womens-marley-jersey-t-top-charcoal-hero-closeup,https://notanother-nz.github.io/total-image-product-assets/assets/CS952LS_WOMEN'S_MARLEY_JERSEY_T_TOP/webp/model/CS952LS_WOMEN'S_MARLEY_JERSEY_T_TOP_CHARCOAL_HERO_CLOSEUP.webp,womens-marley-jersey-t-top-cs952ls,charcoal,3
Women's Marley Jersey T-Top — CS952LS_WOMEN'S_MARLEY_JERSEY_T_TOP_CHARCOAL_HERO_SIDE.webp,cs952ls-model-cs952ls-womens-marley-jersey-t-top-charcoal-hero-side,https://notanother-nz.github.io/total-image-product-assets/assets/CS952LS_WOMEN'S_MARLEY_JERSEY_T_TOP/webp/model/CS952LS_WOMEN'S_MARLEY_JERSEY_T_TOP_CHARCOAL_HERO_SIDE.webp,womens-marley-jersey-t-top-cs952ls,charcoal,4
Women's Marley Jersey T-Top — WOMEN'S_MARLEY_JERSEY_T_TOP_BLACK_FRONT.webp,cs952ls-product-womens-marley-jersey-t-top-black-front,https://notanother-nz.github.io/total-image-product-assets/assets/CS952LS_WOMEN'S_MARLEY_JERSEY_T_TOP/webp/product/WOMEN'S_MARLEY_JERSEY_T_TOP_BLACK_FRONT.webp,womens-marley-jersey-t-top-cs952ls,black,5
Women's Marley Jersey T-Top — WOMEN'S_MARLEY_JERSEY_T_TOP_CHARCOAL_FRONT.webp,cs952ls-product-womens-marley-jersey-t-top-charcoal-front,https://notanother-nz.github.io/total-image-product-assets/assets/CS952LS_WOMEN'S_MARLEY_JERSEY_T_TOP/webp/product/WOMEN'S_MARLEY_JERSEY_T_TOP_CHARCOAL_FRONT.webp,womens-marley-jersey-t-top-cs952ls,charcoal,6
Women's Marley Jersey T-Top — WOMEN'S_MARLEY_JERSEY_T_TOP_CHERRY_FRONT.webp,cs952ls-product-womens-marley-jersey-t-top-cherry-front,https://notanother-nz.github.io/total-image-product-assets/assets/CS952LS_WOMEN'S_MARLEY_JERSEY_T_TOP/webp/product/WOMEN'S_MARLEY_JERSEY_T_TOP_CHERRY_FRONT.webp,womens-marley-jersey-t-top-cs952ls,cherry,7
Women's Marley Jersey T-Top — WOMEN'S_MARLEY_JERSEY_T_TOP_PURPLE_FRONT.webp,cs952ls-product-womens-marley-jersey-t-top-purple-front,https://notanother-nz.github.io/total-image-product-assets/assets/CS952LS_WOMEN'S_MARLEY_JERSEY_T_TOP/webp/product/WOMEN'S_MARLEY_JERSEY_T_TOP_PURPLE_FRONT.webp,womens-marley-jersey-t-top-cs952ls,purple,8
Women's Marley Jersey T-Top — WOMEN'S_MARLEY_JERSEY_T_TOP_TEAL_FRONT.webp,cs952ls-product-womens-marley-jersey-t-top-teal-front,https://notanother-nz.github.io/total-image-product-assets/assets/CS952LS_WOMEN'S_MARLEY_JERSEY_T_TOP/webp/product/WOMEN'S_MARLEY_JERSEY_T_TOP_TEAL_FRONT.webp,womens-marley-jersey-t-top-cs952ls,teal,9
Women's Marley Jersey T-Top — WOMEN'S_MARLEY_JERSEY_T_TOP_BLACK_BACK.webp,cs952ls-product-womens-marley-jersey-t-top-black-back,https://notanother-nz.github.io/total-image-product-assets/assets/CS952LS_WOMEN'S_MARLEY_JERSEY_T_TOP/webp/product/WOMEN'S_MARLEY_JERSEY_T_TOP_BLACK_BACK.webp,womens-marley-jersey-t-top-cs952ls,black,10
Women's Marley Jersey T-Top — WOMEN'S_MARLEY_JERSEY_T_TOP_CHARCOAL_BACK.webp,cs952ls-product-womens-marley-jersey-t-top-charcoal-back,https://notanother-nz.github.io/total-image-product-assets/assets/CS952LS_WOMEN'S_MARLEY_JERSEY_T_TOP/webp/product/WOMEN'S_MARLEY_JERSEY_T_TOP_CHARCOAL_BACK.webp,womens-marley-jersey-t-top-cs952ls,charcoal,11
Women's Marley Jersey T-Top — WOMEN'S_MARLEY_JERSEY_T_TOP_CHERRY_BACK.webp,cs952ls-product-womens-marley-jersey-t-top-cherry-back,https://notanother-nz.github.io/total-image-product-assets/assets/CS952LS_WOMEN'S_MARLEY_JERSEY_T_TOP/webp/product/WOMEN'S_MARLEY_JERSEY_T_TOP_CHERRY_BACK.webp,womens-marley-jersey-t-top-cs952ls,cherry,12
Women's Marley Jersey T-Top — WOMEN'S_MARLEY_JERSEY_T_TOP_PURPLE_BACK.webp,cs952ls-product-womens-marley-jersey-t-top-purple-back,https://notanother-nz.github.io/total-image-product-assets/assets/CS952LS_WOMEN'S_MARLEY_JERSEY_T_TOP/webp/product/WOMEN'S_MARLEY_JERSEY_T_TOP_PURPLE_BACK.webp,womens-marley-jersey-t-top-cs952ls,purple,13
Women's Marley Jersey T-Top — WOMEN'S_MARLEY_JERSEY_T_TOP_TEAL_BACK.webp,cs952ls-product-womens-marley-jersey-t-top-teal-back,https://notanother-nz.github.io/total-image-product-assets/assets/CS952LS_WOMEN'S_MARLEY_JERSEY_T_TOP/webp/product/WOMEN'S_MARLEY_JERSEY_T_TOP_TEAL_BACK.webp,womens-marley-jersey-t-top-cs952ls,teal,14
Women's Riley Slim Leg Jogger Scrub Pant — CSP042LL_WOMEN'S_RILEY_SLIM_LEG_JOGGER_SCRUB_PANT_HERO_FRONT.webp,csp042ll-model-csp042ll-womens-riley-slim-leg-jogger-scrub-pant-hero-front,https://notanother-nz.github.io/total-image-product-assets/assets/CSP042LL_WOMEN'S_RILEY_SLIM_LEG_JOGGER_SCRUB_PANT/webp/model/CSP042LL_WOMEN'S_RILEY_SLIM_LEG_JOGGER_SCRUB_PANT_HERO_FRONT.webp,womens-riley-slim-leg-jogger-scrub-pant-csp042ll,midnight-navy,1
Women's Riley Slim Leg Jogger Scrub Pant — CSP042LL_WOMEN'S_RILEY_SLIM_LEG_JOGGER_SCRUB_PANT_HERO_BACK.webp,csp042ll-model-csp042ll-womens-riley-slim-leg-jogger-scrub-pant-hero-back,https://notanother-nz.github.io/total-image-product-assets/assets/CSP042LL_WOMEN'S_RILEY_SLIM_LEG_JOGGER_SCRUB_PANT/webp/model/CSP042LL_WOMEN'S_RILEY_SLIM_LEG_JOGGER_SCRUB_PANT_HERO_BACK.webp,womens-riley-slim-leg-jogger-scrub-pant-csp042ll,midnight-navy,2
Women's Riley Slim Leg Jogger Scrub Pant — CSP042LL_WOMEN'S_RILEY_SLIM_LEG_JOGGER_SCRUB_PANT_HERO_CLOSEUP.webp,csp042ll-model-csp042ll-womens-riley-slim-leg-jogger-scrub-pant-hero-closeup,https://notanother-nz.github.io/total-image-product-assets/assets/CSP042LL_WOMEN'S_RILEY_SLIM_LEG_JOGGER_SCRUB_PANT/webp/model/CSP042LL_WOMEN'S_RILEY_SLIM_LEG_JOGGER_SCRUB_PANT_HERO_CLOSEUP.webp,womens-riley-slim-leg-jogger-scrub-pant-csp042ll,midnight-navy,3
Women's Riley Slim Leg Jogger Scrub Pant — CSP042LL_WOMEN'S_RILEY_SLIM_LEG_JOGGER_SCRUB_PANT_HERO_SIDE.webp,csp042ll-model-csp042ll-womens-riley-slim-leg-jogger-scrub-pant-hero-side,https://notanother-nz.github.io/total-image-product-assets/assets/CSP042LL_WOMEN'S_RILEY_SLIM_LEG_JOGGER_SCRUB_PANT/webp/model/CSP042LL_WOMEN'S_RILEY_SLIM_LEG_JOGGER_SCRUB_PANT_HERO_SIDE.webp,womens-riley-slim-leg-jogger-scrub-pant-csp042ll,midnight-navy,4
Women's Riley Slim Leg Jogger Scrub Pant — CSP042LL_WOMEN'S_RILEY_SLIM_LEG_JOGGER_SCRUB_PANT_MIDNIGHTNAVY_BACK.webp,csp042ll-product-csp042ll-womens-riley-slim-leg-jogger-scrub-pant-midnightnavy-back,https://notanother-nz.github.io/total-image-product-assets/assets/CSP042LL_WOMEN'S_RILEY_SLIM_LEG_JOGGER_SCRUB_PANT/webp/product/CSP042LL_WOMEN'S_RILEY_SLIM_LEG_JOGGER_SCRUB_PANT_MIDNIGHTNAVY_BACK.webp,womens-riley-slim-leg-jogger-scrub-pant-csp042ll,midnight-navy,5
Women's Riley Slim Leg Jogger Scrub Pant — CSP042LL_WOMEN'S_RILEY_SLIM_LEG_JOGGER_SCRUB_PANT_MIDNIGHTNAVY_FORNT.webp,csp042ll-product-csp042ll-womens-riley-slim-leg-jogger-scrub-pant-midnightnavy-fornt,https://notanother-nz.github.io/total-image-product-assets/assets/CSP042LL_WOMEN'S_RILEY_SLIM_LEG_JOGGER_SCRUB_PANT/webp/product/CSP042LL_WOMEN'S_RILEY_SLIM_LEG_JOGGER_SCRUB_PANT_MIDNIGHTNAVY_FORNT.webp,womens-riley-slim-leg-jogger-scrub-pant-csp042ll,midnight-navy,6
Men's Riley Slim Leg Jogger Scrub Pant — CSP042ML_MEN'S_RILEY_SLIM_LEG_JOGGER_SCRUB_PANT_MIDNIGHTNAVY_HERO_FRONT.webp,csp042ml-model-csp042ml-mens-riley-slim-leg-jogger-scrub-pant-midnightnavy-hero-front,https://notanother-nz.github.io/total-image-product-assets/assets/CSP042ML_MEN'S_RILEY_SLIM_LEG_JOGGER_SCRUB_PANT/webp/model/CSP042ML_MEN'S_RILEY_SLIM_LEG_JOGGER_SCRUB_PANT_MIDNIGHTNAVY_HERO_FRONT.webp,mens-riley-slim-leg-jogger-scrub-pant-csp042ml,midnight-navy,1
Men's Riley Slim Leg Jogger Scrub Pant — CSP042ML_MEN'S_RILEY_SLIM_LEG_JOGGER_SCRUB_PANT_MIDNIGHTNAVY_HERO_BACK.webp,csp042ml-model-csp042ml-mens-riley-slim-leg-jogger-scrub-pant-midnightnavy-hero-back,https://notanother-nz.github.io/total-image-product-assets/assets/CSP042ML_MEN'S_RILEY_SLIM_LEG_JOGGER_SCRUB_PANT/webp/model/CSP042ML_MEN'S_RILEY_SLIM_LEG_JOGGER_SCRUB_PANT_MIDNIGHTNAVY_HERO_BACK.webp,mens-riley-slim-leg-jogger-scrub-pant-csp042ml,midnight-navy,2
Men's Riley Slim Leg Jogger Scrub Pant — CSP042ML_MEN'S_RILEY_SLIM_LEG_JOGGER_SCRUB_PANT_MIDNIGHTNAVY_HERO_CLOSEUP.webp,csp042ml-model-csp042ml-mens-riley-slim-leg-jogger-scrub-pant-midnightnavy-hero-closeup,https://notanother-nz.github.io/total-image-product-assets/assets/CSP042ML_MEN'S_RILEY_SLIM_LEG_JOGGER_SCRUB_PANT/webp/model/CSP042ML_MEN'S_RILEY_SLIM_LEG_JOGGER_SCRUB_PANT_MIDNIGHTNAVY_HERO_CLOSEUP.webp,mens-riley-slim-leg-jogger-scrub-pant-csp042ml,midnight-navy,3
Men's Riley Slim Leg Jogger Scrub Pant — CSP042ML_MEN'S_RILEY_SLIM_LEG_JOGGER_SCRUB_PANT_MIDNIGHTNAVY_HERO_SIDE.webp,csp042ml-model-csp042ml-mens-riley-slim-leg-jogger-scrub-pant-midnightnavy-hero-side,https://notanother-nz.github.io/total-image-product-assets/assets/CSP042ML_MEN'S_RILEY_SLIM_LEG_JOGGER_SCRUB_PANT/webp/model/CSP042ML_MEN'S_RILEY_SLIM_LEG_JOGGER_SCRUB_PANT_MIDNIGHTNAVY_HERO_SIDE.webp,mens-riley-slim-leg-jogger-scrub-pant-csp042ml,midnight-navy,4
Men's Riley Slim Leg Jogger Scrub Pant — CSP042ML_MEN'S_RILEY_SLIM_LEG_JOGGER_SCRUB_PANT_MIDNIGHTNAVY_FRONT.webp,csp042ml-product-csp042ml-mens-riley-slim-leg-jogger-scrub-pant-midnightnavy-front,https://notanother-nz.github.io/total-image-product-assets/assets/CSP042ML_MEN'S_RILEY_SLIM_LEG_JOGGER_SCRUB_PANT/webp/product/CSP042ML_MEN'S_RILEY_SLIM_LEG_JOGGER_SCRUB_PANT_MIDNIGHTNAVY_FRONT.webp,mens-riley-slim-leg-jogger-scrub-pant-csp042ml,midnight-navy,5
Men's Riley Slim Leg Jogger Scrub Pant — CSP042ML_MEN'S_RILEY_SLIM_LEG_JOGGER_SCRUB_PANT_MIDNIGHTNAVY_BACK.webp,csp042ml-product-csp042ml-mens-riley-slim-leg-jogger-scrub-pant-midnightnavy-back,https://notanother-nz.github.io/total-image-product-assets/assets/CSP042ML_MEN'S_RILEY_SLIM_LEG_JOGGER_SCRUB_PANT/webp/product/CSP042ML_MEN'S_RILEY_SLIM_LEG_JOGGER_SCRUB_PANT_MIDNIGHTNAVY_BACK.webp,mens-riley-slim-leg-jogger-scrub-pant-csp042ml,midnight-navy,6
Women's Riley Straight Leg Scrub Pant — CSP047LL_WOMEN'S_RILEY_STRAIGHT_LEG_SCRUB_PANT_ELECTRICBLUE_HERO_FRONT.webp,csp047ll-model-csp047ll-womens-riley-straight-leg-scrub-pant-electricblue-hero-front,https://notanother-nz.github.io/total-image-product-assets/assets/CSP047LL_WOMEN'S_RILEY_STRAIGHT_LEG_SCRUB_PANT/webp/model/CSP047LL_WOMEN'S_RILEY_STRAIGHT_LEG_SCRUB_PANT_ELECTRICBLUE_HERO_FRONT.webp,womens-riley-straight-leg-scrub-pant-csp047ll,electric-blue,1
Women's Riley Straight Leg Scrub Pant — CSP047LL_WOMEN'S_RILEY_STRAIGHT_LEG_SCRUB_PANT_ELECTRICBLUE_HERO_BACK.webp,csp047ll-model-csp047ll-womens-riley-straight-leg-scrub-pant-electricblue-hero-back,https://notanother-nz.github.io/total-image-product-assets/assets/CSP047LL_WOMEN'S_RILEY_STRAIGHT_LEG_SCRUB_PANT/webp/model/CSP047LL_WOMEN'S_RILEY_STRAIGHT_LEG_SCRUB_PANT_ELECTRICBLUE_HERO_BACK.webp,womens-riley-straight-leg-scrub-pant-csp047ll,electric-blue,2
Women's Riley Straight Leg Scrub Pant — CSP047LL_WOMEN'S_RILEY_STRAIGHT_LEG_SCRUB_PANT_ELECTRICBLUE_HERO_CLOSEUP.webp,csp047ll-model-csp047ll-womens-riley-straight-leg-scrub-pant-electricblue-hero-closeup,https://notanother-nz.github.io/total-image-product-assets/assets/CSP047LL_WOMEN'S_RILEY_STRAIGHT_LEG_SCRUB_PANT/webp/model/CSP047LL_WOMEN'S_RILEY_STRAIGHT_LEG_SCRUB_PANT_ELECTRICBLUE_HERO_CLOSEUP.webp,womens-riley-straight-leg-scrub-pant-csp047ll,electric-blue,3
Women's Riley Straight Leg Scrub Pant — CSP047LL_WOMEN'S_RILEY_STRAIGHT_LEG_SCRUB_PANT_ELECTRICBLUE_HERO_SIDE.webp,csp047ll-model-csp047ll-womens-riley-straight-leg-scrub-pant-electricblue-hero-side,https://notanother-nz.github.io/total-image-product-assets/assets/CSP047LL_WOMEN'S_RILEY_STRAIGHT_LEG_SCRUB_PANT/webp/model/CSP047LL_WOMEN'S_RILEY_STRAIGHT_LEG_SCRUB_PANT_ELECTRICBLUE_HERO_SIDE.webp,womens-riley-straight-leg-scrub-pant-csp047ll,electric-blue,4
Women's Riley Straight Leg Scrub Pant — CSP047LL_WOMEN'S_RILEY_STRAIGHT_LEG_SCRUB_PANT_ELECTRICBLUE_FRONT.webp,csp047ll-product-csp047ll-womens-riley-straight-leg-scrub-pant-electricblue-front,https://notanother-nz.github.io/total-image-product-assets/assets/CSP047LL_WOMEN'S_RILEY_STRAIGHT_LEG_SCRUB_PANT/webp/product/CSP047LL_WOMEN'S_RILEY_STRAIGHT_LEG_SCRUB_PANT_ELECTRICBLUE_FRONT.webp,womens-riley-straight-leg-scrub-pant-csp047ll,electric-blue,5
Women's Riley Straight Leg Scrub Pant — CSP047LL_WOMEN'S_RILEY_STRAIGHT_LEG_SCRUB_PANT_ELECTRICBLUE_BACK.webp,csp047ll-product-csp047ll-womens-riley-straight-leg-scrub-pant-electricblue-back,https://notanother-nz.github.io/total-image-product-assets/assets/CSP047LL_WOMEN'S_RILEY_STRAIGHT_LEG_SCRUB_PANT/webp/product/CSP047LL_WOMEN'S_RILEY_STRAIGHT_LEG_SCRUB_PANT_ELECTRICBLUE_BACK.webp,womens-riley-straight-leg-scrub-pant-csp047ll,electric-blue,6
Men's Riley Straight Scrub Pant — CSP047ML_MEN'S_RILEY_STRAIGHT_SCRUB_PANT_HERO_FRONT.webp,csp047ml-model-csp047ml-mens-riley-straight-scrub-pant-hero-front,https://notanother-nz.github.io/total-image-product-assets/assets/CSP047ML_MEN'S_RILEY_STRAIGHT_SCRUB_PANT/webp/model/CSP047ML_MEN'S_RILEY_STRAIGHT_SCRUB_PANT_HERO_FRONT.webp,mens-riley-straight-scrub-pant-csp047ml,,1
Men's Riley Straight Scrub Pant — CSP047ML_MEN'S_RILEY_STRAIGHT_SCRUB_PANT_HERO_BACK.webp,csp047ml-model-csp047ml-mens-riley-straight-scrub-pant-hero-back,https://notanother-nz.github.io/total-image-product-assets/assets/CSP047ML_MEN'S_RILEY_STRAIGHT_SCRUB_PANT/webp/model/CSP047ML_MEN'S_RILEY_STRAIGHT_SCRUB_PANT_HERO_BACK.webp,mens-riley-straight-scrub-pant-csp047ml,,2
Men's Riley Straight Scrub Pant — CSP047ML_MEN'S_RILEY_STRAIGHT_SCRUB_PANT_HERO_CLOSEUP.webp,csp047ml-model-csp047ml-mens-riley-straight-scrub-pant-hero-closeup,https://notanother-nz.github.io/total-image-product-assets/assets/CSP047ML_MEN'S_RILEY_STRAIGHT_SCRUB_PANT/webp/model/CSP047ML_MEN'S_RILEY_STRAIGHT_SCRUB_PANT_HERO_CLOSEUP.webp,mens-riley-straight-scrub-pant-csp047ml,,3
Men's Riley Straight Scrub Pant — CSP047ML_MEN'S_RILEY_STRAIGHT_SCRUB_PANT_HERO_SIDE.webp,csp047ml-model-csp047ml-mens-riley-straight-scrub-pant-hero-side,https://notanother-nz.github.io/total-image-product-assets/assets/CSP047ML_MEN'S_RILEY_STRAIGHT_SCRUB_PANT/webp/model/CSP047ML_MEN'S_RILEY_STRAIGHT_SCRUB_PANT_HERO_SIDE.webp,mens-riley-straight-scrub-pant-csp047ml,,4
Men's Riley Straight Scrub Pant — CSP047ML_MEN'S_RILEY_STRAIGHT_SCRUB_PANT_ELECTRICBLUE_FRONT.webp,csp047ml-product-csp047ml-mens-riley-straight-scrub-pant-electricblue-front,https://notanother-nz.github.io/total-image-product-assets/assets/CSP047ML_MEN'S_RILEY_STRAIGHT_SCRUB_PANT/webp/product/CSP047ML_MEN'S_RILEY_STRAIGHT_SCRUB_PANT_ELECTRICBLUE_FRONT.webp,mens-riley-straight-scrub-pant-csp047ml,electric-blue,5
Men's Riley Straight Scrub Pant — CSP047ML_MEN'S_RILEY_STRAIGHT_SCRUB_PANT_MIDNIGHT_NAVY_FRONT.webp,csp047ml-product-csp047ml-mens-riley-straight-scrub-pant-midnight-navy-front,https://notanother-nz.github.io/total-image-product-assets/assets/CSP047ML_MEN'S_RILEY_STRAIGHT_SCRUB_PANT/webp/product/CSP047ML_MEN'S_RILEY_STRAIGHT_SCRUB_PANT_MIDNIGHT_NAVY_FRONT.webp,mens-riley-straight-scrub-pant-csp047ml,midnight-navy,6
Men's Riley Straight Scrub Pant — CSP047ML_MEN'S_RILEY_STRAIGHT_SCRUB_PANT_ELECTRICBLUE_BACK.webp,csp047ml-product-csp047ml-mens-riley-straight-scrub-pant-electricblue-back,https://notanother-nz.github.io/total-image-product-assets/assets/CSP047ML_MEN'S_RILEY_STRAIGHT_SCRUB_PANT/webp/product/CSP047ML_MEN'S_RILEY_STRAIGHT_SCRUB_PANT_ELECTRICBLUE_BACK.webp,mens-riley-straight-scrub-pant-csp047ml,electric-blue,7
Men's Riley Straight Scrub Pant — CSP047ML_MEN'S_RILEY_STRAIGHT_SCRUB_PANT_MIDNIGHT_NAVY_BACK.webp,csp047ml-product-csp047ml-mens-riley-straight-scrub-pant-midnight-navy-back,https://notanother-nz.github.io/total-image-product-assets/assets/CSP047ML_MEN'S_RILEY_STRAIGHT_SCRUB_PANT/webp/product/CSP047ML_MEN'S_RILEY_STRAIGHT_SCRUB_PANT_MIDNIGHT_NAVY_BACK.webp,mens-riley-straight-scrub-pant-csp047ml,midnight-navy,8
Women's Pink Jogger Scrub Pant — CSP241LL_WOMEN'S_PINK_JOGGER_SCRUB_PANT_HERO_FRONT.webp,csp241ll-model-csp241ll-womens-pink-jogger-scrub-pant-hero-front,https://notanother-nz.github.io/total-image-product-assets/assets/CSP241LL_WOMEN'S_PINK_JOGGER_SCRUB_PANT/webp/model/CSP241LL_WOMEN'S_PINK_JOGGER_SCRUB_PANT_HERO_FRONT.webp,womens-pink-jogger-scrub-pant-csp241ll,pink,1
Women's Pink Jogger Scrub Pant — CSP241LL_WOMEN'S_PINK_JOGGER_SCRUB_PANT_HERO_BACK.webp,csp241ll-model-csp241ll-womens-pink-jogger-scrub-pant-hero-back,https://notanother-nz.github.io/total-image-product-assets/assets/CSP241LL_WOMEN'S_PINK_JOGGER_SCRUB_PANT/webp/model/CSP241LL_WOMEN'S_PINK_JOGGER_SCRUB_PANT_HERO_BACK.webp,womens-pink-jogger-scrub-pant-csp241ll,pink,2
Women's Pink Jogger Scrub Pant — CSP241LL_WOMEN'S_PINK_JOGGER_SCRUB_PANT_HERO_CLOSEUP.webp,csp241ll-model-csp241ll-womens-pink-jogger-scrub-pant-hero-closeup,https://notanother-nz.github.io/total-image-product-assets/assets/CSP241LL_WOMEN'S_PINK_JOGGER_SCRUB_PANT/webp/model/CSP241LL_WOMEN'S_PINK_JOGGER_SCRUB_PANT_HERO_CLOSEUP.webp,womens-pink-jogger-scrub-pant-csp241ll,pink,3
Women's Pink Jogger Scrub Pant — CSP241LL_WOMEN'S_PINK_JOGGER_SCRUB_PANT_HERO_SIDE.webp,csp241ll-model-csp241ll-womens-pink-jogger-scrub-pant-hero-side,https://notanother-nz.github.io/total-image-product-assets/assets/CSP241LL_WOMEN'S_PINK_JOGGER_SCRUB_PANT/webp/model/CSP241LL_WOMEN'S_PINK_JOGGER_SCRUB_PANT_HERO_SIDE.webp,womens-pink-jogger-scrub-pant-csp241ll,pink,4
Women's Pink Jogger Scrub Pant — CSP241LL_WOMEN'S_PINK_JOGGER_SCRUB_PANT_PINK_FRONT.webp,csp241ll-product-csp241ll-womens-pink-jogger-scrub-pant-pink-front,https://notanother-nz.github.io/total-image-product-assets/assets/CSP241LL_WOMEN'S_PINK_JOGGER_SCRUB_PANT/webp/product/CSP241LL_WOMEN'S_PINK_JOGGER_SCRUB_PANT_PINK_FRONT.webp,womens-pink-jogger-scrub-pant-csp241ll,pink,5
Women's Pink Jogger Scrub Pant — CSP241LL_WOMEN'S_PINK_JOGGER_SCRUB_PANT_PINK_BACK.webp,csp241ll-product-csp241ll-womens-pink-jogger-scrub-pant-pink-back,https://notanother-nz.github.io/total-image-product-assets/assets/CSP241LL_WOMEN'S_PINK_JOGGER_SCRUB_PANT/webp/product/CSP241LL_WOMEN'S_PINK_JOGGER_SCRUB_PANT_PINK_BACK.webp,womens-pink-jogger-scrub-pant-csp241ll,pink,6
Women's Avery Multi-Pocket Straight Leg Pant — CSP944LL_WOMEN'S_AVERY_MULTI_POCKET_STRAIGHT_LEG_PANT_HERO_FRONT.webp,csp944ll-model-csp944ll-womens-avery-multi-pocket-straight-leg-pant-hero-front,https://notanother-nz.github.io/total-image-product-assets/assets/CSP944LL_WOMEN'S_AVERY_MULTI_POCKET_STRAIGHT_LEG_PANT/webp/model/CSP944LL_WOMEN'S_AVERY_MULTI_POCKET_STRAIGHT_LEG_PANT_HERO_FRONT.webp,womens-avery-multi-pocket-straight-leg-pant-csp944ll,,1
Women's Avery Multi-Pocket Straight Leg Pant — CSP944LL_WOMEN'S_AVERY_MULTI_POCKET_STRAIGHT_LEG_PANT_HERO_BACK.webp,csp944ll-model-csp944ll-womens-avery-multi-pocket-straight-leg-pant-hero-back,https://notanother-nz.github.io/total-image-product-assets/assets/CSP944LL_WOMEN'S_AVERY_MULTI_POCKET_STRAIGHT_LEG_PANT/webp/model/CSP944LL_WOMEN'S_AVERY_MULTI_POCKET_STRAIGHT_LEG_PANT_HERO_BACK.webp,womens-avery-multi-pocket-straight-leg-pant-csp944ll,,2
Women's Avery Multi-Pocket Straight Leg Pant — CSP944LL_WOMEN'S_AVERY_MULTI_POCKET_STRAIGHT_LEG_PANT_HERO_CLOSEUP.webp,csp944ll-model-csp944ll-womens-avery-multi-pocket-straight-leg-pant-hero-closeup,https://notanother-nz.github.io/total-image-product-assets/assets/CSP944LL_WOMEN'S_AVERY_MULTI_POCKET_STRAIGHT_LEG_PANT/webp/model/CSP944LL_WOMEN'S_AVERY_MULTI_POCKET_STRAIGHT_LEG_PANT_HERO_CLOSEUP.webp,womens-avery-multi-pocket-straight-leg-pant-csp944ll,,3
Women's Avery Multi-Pocket Straight Leg Pant — CSP944LL_WOMEN'S_AVERY_MULTI_POCKET_STRAIGHT_LEG_PANT_HERO_SIDE.webp,csp944ll-model-csp944ll-womens-avery-multi-pocket-straight-leg-pant-hero-side,https://notanother-nz.github.io/total-image-product-assets/assets/CSP944LL_WOMEN'S_AVERY_MULTI_POCKET_STRAIGHT_LEG_PANT/webp/model/CSP944LL_WOMEN'S_AVERY_MULTI_POCKET_STRAIGHT_LEG_PANT_HERO_SIDE.webp,womens-avery-multi-pocket-straight-leg-pant-csp944ll,,4
Women's Avery Multi-Pocket Straight Leg Pant — CSP944LL_WOMEN'S_AVERY_MULTI_POCKET_STRAIGHT_LEG_PANT_BLACK_FRONT.webp,csp944ll-product-csp944ll-womens-avery-multi-pocket-straight-leg-pant-black-front,https://notanother-nz.github.io/total-image-product-assets/assets/CSP944LL_WOMEN'S_AVERY_MULTI_POCKET_STRAIGHT_LEG_PANT/webp/product/CSP944LL_WOMEN'S_AVERY_MULTI_POCKET_STRAIGHT_LEG_PANT_BLACK_FRONT.webp,womens-avery-multi-pocket-straight-leg-pant-csp944ll,black,5
Women's Avery Multi-Pocket Straight Leg Pant — CSP944LL_WOMEN'S_AVERY_MULTI_POCKET_STRAIGHT_LEG_PANT_NAVY_FRONT.webp,csp944ll-product-csp944ll-womens-avery-multi-pocket-straight-leg-pant-navy-front,https://notanother-nz.github.io/total-image-product-assets/assets/CSP944LL_WOMEN'S_AVERY_MULTI_POCKET_STRAIGHT_LEG_PANT/webp/product/CSP944LL_WOMEN'S_AVERY_MULTI_POCKET_STRAIGHT_LEG_PANT_NAVY_FRONT.webp,womens-avery-multi-pocket-straight-leg-pant-csp944ll,navy,6
Women's Avery Multi-Pocket Straight Leg Pant — CSP944LL_WOMEN'S_AVERY_MULTI_POCKET_STRAIGHT_LEG_PANT_BLACK_BACK.webp,csp944ll-product-csp944ll-womens-avery-multi-pocket-straight-leg-pant-black-back,https://notanother-nz.github.io/total-image-product-assets/assets/CSP944LL_WOMEN'S_AVERY_MULTI_POCKET_STRAIGHT_LEG_PANT/webp/product/CSP944LL_WOMEN'S_AVERY_MULTI_POCKET_STRAIGHT_LEG_PANT_BLACK_BACK.webp,womens-avery-multi-pocket-straight-leg-pant-csp944ll,black,7
Women's Avery Multi-Pocket Straight Leg Pant — CSP944LL_WOMEN'S_AVERY_MULTI_POCKET_STRAIGHT_LEG_PANT_NAVY_BACK.webp,csp944ll-product-csp944ll-womens-avery-multi-pocket-straight-leg-pant-navy-back,https://notanother-nz.github.io/total-image-product-assets/assets/CSP944LL_WOMEN'S_AVERY_MULTI_POCKET_STRAIGHT_LEG_PANT/webp/product/CSP944LL_WOMEN'S_AVERY_MULTI_POCKET_STRAIGHT_LEG_PANT_NAVY_BACK.webp,womens-avery-multi-pocket-straight-leg-pant-csp944ll,navy,8
Women's Riley V-Neck Scrub Top — CST043LS_WOMEN'S_RILEY_V-NECK_SCRUB_TOP_MIDNIGHTNAVY_HERO_FRONT.webp,cst043ls-model-cst043ls-womens-riley-v-neck-scrub-top-midnightnavy-hero-front,https://notanother-nz.github.io/total-image-product-assets/assets/CST043LS_WOMEN'S_RILEY_V-NECK_SCRUB_TOP/webp/model/CST043LS_WOMEN'S_RILEY_V-NECK_SCRUB_TOP_MIDNIGHTNAVY_HERO_FRONT.webp,womens-riley-v-neck-scrub-top-cst043ls,midnight-navy,1
Women's Riley V-Neck Scrub Top — CST043LS_WOMEN'S_RILEY_V-NECK_SCRUB_TOP_MIDNIGHTNAVY_HERO_BACK.webp,cst043ls-model-cst043ls-womens-riley-v-neck-scrub-top-midnightnavy-hero-back,https://notanother-nz.github.io/total-image-product-assets/assets/CST043LS_WOMEN'S_RILEY_V-NECK_SCRUB_TOP/webp/model/CST043LS_WOMEN'S_RILEY_V-NECK_SCRUB_TOP_MIDNIGHTNAVY_HERO_BACK.webp,womens-riley-v-neck-scrub-top-cst043ls,midnight-navy,2
Women's Riley V-Neck Scrub Top — CST043LS_WOMEN'S_RILEY_V-NECK_SCRUB_TOP_MIDNIGHTNAVY_HERO_CLOSEUP.webp,cst043ls-model-cst043ls-womens-riley-v-neck-scrub-top-midnightnavy-hero-closeup,https://notanother-nz.github.io/total-image-product-assets/assets/CST043LS_WOMEN'S_RILEY_V-NECK_SCRUB_TOP/webp/model/CST043LS_WOMEN'S_RILEY_V-NECK_SCRUB_TOP_MIDNIGHTNAVY_HERO_CLOSEUP.webp,womens-riley-v-neck-scrub-top-cst043ls,midnight-navy,3
Women's Riley V-Neck Scrub Top — CST043LS_WOMEN'S_RILEY_V-NECK_SCRUB_TOP_MIDNIGHTNAVY_HERO_SIDE.webp,cst043ls-model-cst043ls-womens-riley-v-neck-scrub-top-midnightnavy-hero-side,https://notanother-nz.github.io/total-image-product-assets/assets/CST043LS_WOMEN'S_RILEY_V-NECK_SCRUB_TOP/webp/model/CST043LS_WOMEN'S_RILEY_V-NECK_SCRUB_TOP_MIDNIGHTNAVY_HERO_SIDE.webp,womens-riley-v-neck-scrub-top-cst043ls,midnight-navy,4
Women's Riley V-Neck Scrub Top — CST043LS_WOMEN'S_RILEY_V-NECK_SCRUB_TOP_ELECTRICBLUE_FRONT.webp,cst043ls-product-cst043ls-womens-riley-v-neck-scrub-top-electricblue-front,https://notanother-nz.github.io/total-image-product-assets/assets/CST043LS_WOMEN'S_RILEY_V-NECK_SCRUB_TOP/webp/product/CST043LS_WOMEN'S_RILEY_V-NECK_SCRUB_TOP_ELECTRICBLUE_FRONT.webp,womens-riley-v-neck-scrub-top-cst043ls,electric-blue,5
Women's Riley V-Neck Scrub Top — CST043LS_WOMEN'S_RILEY_V-NECK_SCRUB_TOP_MIDNIGHTNAVY_FRONT.webp,cst043ls-product-cst043ls-womens-riley-v-neck-scrub-top-midnightnavy-front,https://notanother-nz.github.io/total-image-product-assets/assets/CST043LS_WOMEN'S_RILEY_V-NECK_SCRUB_TOP/webp/product/CST043LS_WOMEN'S_RILEY_V-NECK_SCRUB_TOP_MIDNIGHTNAVY_FRONT.webp,womens-riley-v-neck-scrub-top-cst043ls,midnight-navy,6
Women's Riley V-Neck Scrub Top — CST043LS_WOMEN'S_RILEY_V-NECK_SCRUB_TOP_ELECTRICBLUE_BACK.webp,cst043ls-product-cst043ls-womens-riley-v-neck-scrub-top-electricblue-back,https://notanother-nz.github.io/total-image-product-assets/assets/CST043LS_WOMEN'S_RILEY_V-NECK_SCRUB_TOP/webp/product/CST043LS_WOMEN'S_RILEY_V-NECK_SCRUB_TOP_ELECTRICBLUE_BACK.webp,womens-riley-v-neck-scrub-top-cst043ls,electric-blue,7
Women's Riley V-Neck Scrub Top — CST043LS_WOMEN'S_RILEY_V-NECK_SCRUB_TOP_MIDNIGHTNAVY_BACK.webp,cst043ls-product-cst043ls-womens-riley-v-neck-scrub-top-midnightnavy-back,https://notanother-nz.github.io/total-image-product-assets/assets/CST043LS_WOMEN'S_RILEY_V-NECK_SCRUB_TOP/webp/product/CST043LS_WOMEN'S_RILEY_V-NECK_SCRUB_TOP_MIDNIGHTNAVY_BACK.webp,womens-riley-v-neck-scrub-top-cst043ls,midnight-navy,8
Men's Riley V-Neck Scrub Top — CST043MS_MEN'S_RILEY_V_NECK_SCRUB_TOP_ELECTRICBLUE_HERO_FRONT.webp,cst043ms-model-cst043ms-mens-riley-v-neck-scrub-top-electricblue-hero-front,https://notanother-nz.github.io/total-image-product-assets/assets/CST043MS_MEN'S_RILEY_V_NECK_SCRUB_TOP/webp/model/CST043MS_MEN'S_RILEY_V_NECK_SCRUB_TOP_ELECTRICBLUE_HERO_FRONT.webp,mens-riley-v-neck-scrub-top-cst043ms,electric-blue,1
Men's Riley V-Neck Scrub Top — CST043MS_MEN'S_RILEY_V_NECK_SCRUB_TOP_ELECTRICBLUE_HERO_BACK.webp,cst043ms-model-cst043ms-mens-riley-v-neck-scrub-top-electricblue-hero-back,https://notanother-nz.github.io/total-image-product-assets/assets/CST043MS_MEN'S_RILEY_V_NECK_SCRUB_TOP/webp/model/CST043MS_MEN'S_RILEY_V_NECK_SCRUB_TOP_ELECTRICBLUE_HERO_BACK.webp,mens-riley-v-neck-scrub-top-cst043ms,electric-blue,2
Men's Riley V-Neck Scrub Top — CST043MS_MEN'S_RILEY_V_NECK_SCRUB_TOP_ELECTRICBLUE_HERO_CLOSEUP.webp,cst043ms-model-cst043ms-mens-riley-v-neck-scrub-top-electricblue-hero-closeup,https://notanother-nz.github.io/total-image-product-assets/assets/CST043MS_MEN'S_RILEY_V_NECK_SCRUB_TOP/webp/model/CST043MS_MEN'S_RILEY_V_NECK_SCRUB_TOP_ELECTRICBLUE_HERO_CLOSEUP.webp,mens-riley-v-neck-scrub-top-cst043ms,electric-blue,3
Men's Riley V-Neck Scrub Top — CST043MS_MEN'S_RILEY_V_NECK_SCRUB_TOP_ELECTRICBLUE_HERO_SIDE.webp,cst043ms-model-cst043ms-mens-riley-v-neck-scrub-top-electricblue-hero-side,https://notanother-nz.github.io/total-image-product-assets/assets/CST043MS_MEN'S_RILEY_V_NECK_SCRUB_TOP/webp/model/CST043MS_MEN'S_RILEY_V_NECK_SCRUB_TOP_ELECTRICBLUE_HERO_SIDE.webp,mens-riley-v-neck-scrub-top-cst043ms,electric-blue,4
Men's Riley V-Neck Scrub Top — CST043MS_MEN'S_RILEY_V_NECK_SCRUB_TOP_ELECTRICBLUE_FRONT.webp,cst043ms-product-cst043ms-mens-riley-v-neck-scrub-top-electricblue-front,https://notanother-nz.github.io/total-image-product-assets/assets/CST043MS_MEN'S_RILEY_V_NECK_SCRUB_TOP/webp/product/CST043MS_MEN'S_RILEY_V_NECK_SCRUB_TOP_ELECTRICBLUE_FRONT.webp,mens-riley-v-neck-scrub-top-cst043ms,electric-blue,5
Men's Riley V-Neck Scrub Top — CST043MS_MEN'S_RILEY_V_NECK_SCRUB_TOP_MIDNIGHTNAVY_FRONT.webp,cst043ms-product-cst043ms-mens-riley-v-neck-scrub-top-midnightnavy-front,https://notanother-nz.github.io/total-image-product-assets/assets/CST043MS_MEN'S_RILEY_V_NECK_SCRUB_TOP/webp/product/CST043MS_MEN'S_RILEY_V_NECK_SCRUB_TOP_MIDNIGHTNAVY_FRONT.webp,mens-riley-v-neck-scrub-top-cst043ms,midnight-navy,6
Men's Riley V-Neck Scrub Top — CST043MS_MEN'S_RILEY_V_NECK_SCRUB_TOP_ELECTRICBLUE_BACK.webp,cst043ms-product-cst043ms-mens-riley-v-neck-scrub-top-electricblue-back,https://notanother-nz.github.io/total-image-product-assets/assets/CST043MS_MEN'S_RILEY_V_NECK_SCRUB_TOP/webp/product/CST043MS_MEN'S_RILEY_V_NECK_SCRUB_TOP_ELECTRICBLUE_BACK.webp,mens-riley-v-neck-scrub-top-cst043ms,electric-blue,7
Men's Riley V-Neck Scrub Top — CST043MS_MEN'S_RILEY_V_NECK_SCRUB_TOP_MIDNIGHTNAVY_BACK.webp,cst043ms-product-cst043ms-mens-riley-v-neck-scrub-top-midnightnavy-back,https://notanother-nz.github.io/total-image-product-assets/assets/CST043MS_MEN'S_RILEY_V_NECK_SCRUB_TOP/webp/product/CST043MS_MEN'S_RILEY_V_NECK_SCRUB_TOP_MIDNIGHTNAVY_BACK.webp,mens-riley-v-neck-scrub-top-cst043ms,midnight-navy,8
Women's Tokyo Scrub Top — CST141LS_WOMEN'S_TOKYO_SCRUB_TOP_HERO_FRONT.webp,cst141ls-model-cst141ls-womens-tokyo-scrub-top-hero-front,https://notanother-nz.github.io/total-image-product-assets/assets/CST141LS_WOMEN'S_TOKYO_SCRUB_TOP/webp/model/CST141LS_WOMEN'S_TOKYO_SCRUB_TOP_HERO_FRONT.webp,womens-tokyo-scrub-top-cst141ls,black,1
Women's Tokyo Scrub Top — CST141LS_WOMEN'S_TOKYO_SCRUB_TOP_HERO_BACK.webp,cst141ls-model-cst141ls-womens-tokyo-scrub-top-hero-back,https://notanother-nz.github.io/total-image-product-assets/assets/CST141LS_WOMEN'S_TOKYO_SCRUB_TOP/webp/model/CST141LS_WOMEN'S_TOKYO_SCRUB_TOP_HERO_BACK.webp,womens-tokyo-scrub-top-cst141ls,black,2
Women's Tokyo Scrub Top — CST141LS_WOMEN'S_TOKYO_SCRUB_TOP_HERO_CLOSEUP.webp,cst141ls-model-cst141ls-womens-tokyo-scrub-top-hero-closeup,https://notanother-nz.github.io/total-image-product-assets/assets/CST141LS_WOMEN'S_TOKYO_SCRUB_TOP/webp/model/CST141LS_WOMEN'S_TOKYO_SCRUB_TOP_HERO_CLOSEUP.webp,womens-tokyo-scrub-top-cst141ls,black,3
Women's Tokyo Scrub Top — CST141LS_WOMEN'S_TOKYO_SCRUB_TOP_HERO_SIDE.webp,cst141ls-model-cst141ls-womens-tokyo-scrub-top-hero-side,https://notanother-nz.github.io/total-image-product-assets/assets/CST141LS_WOMEN'S_TOKYO_SCRUB_TOP/webp/model/CST141LS_WOMEN'S_TOKYO_SCRUB_TOP_HERO_SIDE.webp,womens-tokyo-scrub-top-cst141ls,black,4
Women's Tokyo Scrub Top — CST141LS_WOMEN'S_TOKYO_SCRUB_TOP_BLACK_FRONT.webp,cst141ls-product-cst141ls-womens-tokyo-scrub-top-black-front,https://notanother-nz.github.io/total-image-product-assets/assets/CST141LS_WOMEN'S_TOKYO_SCRUB_TOP/webp/product/CST141LS_WOMEN'S_TOKYO_SCRUB_TOP_BLACK_FRONT.webp,womens-tokyo-scrub-top-cst141ls,black,5
Women's Tokyo Scrub Top — CST141LS_WOMEN'S_TOKYO_SCRUB_TOP_BLACK_BACK.webp,cst141ls-product-cst141ls-womens-tokyo-scrub-top-black-back,https://notanother-nz.github.io/total-image-product-assets/assets/CST141LS_WOMEN'S_TOKYO_SCRUB_TOP/webp/product/CST141LS_WOMEN'S_TOKYO_SCRUB_TOP_BLACK_BACK.webp,womens-tokyo-scrub-top-cst141ls,black,6
Men's Tokyo Scrub Top — CST141MS_MEN'S_TOKYO_SCRUB_TOP_HERO_FRONT.webp,cst141ms-model-cst141ms-mens-tokyo-scrub-top-hero-front,https://notanother-nz.github.io/total-image-product-assets/assets/CST141MS_MEN'S_TOKYO_SCRUB_TOP/webp/model/CST141MS_MEN'S_TOKYO_SCRUB_TOP_HERO_FRONT.webp,mens-tokyo-scrub-top-cst141ms,midnight-navy,1
Men's Tokyo Scrub Top — CST141MS_MEN'S_TOKYO_SCRUB_TOP_HERO_BACK.webp,cst141ms-model-cst141ms-mens-tokyo-scrub-top-hero-back,https://notanother-nz.github.io/total-image-product-assets/assets/CST141MS_MEN'S_TOKYO_SCRUB_TOP/webp/model/CST141MS_MEN'S_TOKYO_SCRUB_TOP_HERO_BACK.webp,mens-tokyo-scrub-top-cst141ms,midnight-navy,2
Men's Tokyo Scrub Top — CST141MS_MEN'S_TOKYO_SCRUB_TOP_HERO_CLOSEUP.webp,cst141ms-model-cst141ms-mens-tokyo-scrub-top-hero-closeup,https://notanother-nz.github.io/total-image-product-assets/assets/CST141MS_MEN'S_TOKYO_SCRUB_TOP/webp/model/CST141MS_MEN'S_TOKYO_SCRUB_TOP_HERO_CLOSEUP.webp,mens-tokyo-scrub-top-cst141ms,midnight-navy,3
Men's Tokyo Scrub Top — CST141MS_MEN'S_TOKYO_SCRUB_TOP_HERO_SIDE.webp,cst141ms-model-cst141ms-mens-tokyo-scrub-top-hero-side,https://notanother-nz.github.io/total-image-product-assets/assets/CST141MS_MEN'S_TOKYO_SCRUB_TOP/webp/model/CST141MS_MEN'S_TOKYO_SCRUB_TOP_HERO_SIDE.webp,mens-tokyo-scrub-top-cst141ms,midnight-navy,4
Men's Tokyo Scrub Top — CST141MS_MEN'S_TOKYO_SCRUB_TOP_MIDNIGHT_NAVY_FRONT.webp,cst141ms-product-cst141ms-mens-tokyo-scrub-top-midnight-navy-front,https://notanother-nz.github.io/total-image-product-assets/assets/CST141MS_MEN'S_TOKYO_SCRUB_TOP/webp/product/CST141MS_MEN'S_TOKYO_SCRUB_TOP_MIDNIGHT_NAVY_FRONT.webp,mens-tokyo-scrub-top-cst141ms,midnight-navy,5
Men's Tokyo Scrub Top — CST141MS_MEN'S_TOKYO_SCRUB_TOP_MIDNIGHT_NAVY_BACK.webp,cst141ms-product-cst141ms-mens-tokyo-scrub-top-midnight-navy-back,https://notanother-nz.github.io/total-image-product-assets/assets/CST141MS_MEN'S_TOKYO_SCRUB_TOP/webp/product/CST141MS_MEN'S_TOKYO_SCRUB_TOP_MIDNIGHT_NAVY_BACK.webp,mens-tokyo-scrub-top-cst141ms,midnight-navy,6
Women's Pink V-Neck Scrub Top — CST245LS_WOMEN'S_PINK_V-NECK_SCRUB_TOP_HERO_FRONT.webp,cst245ls-model-cst245ls-womens-pink-v-neck-scrub-top-hero-front,https://notanother-nz.github.io/total-image-product-assets/assets/CST245LS_WOMEN'S_PINK_V-NECK_SCRUB_TOP/webp/model/CST245LS_WOMEN'S_PINK_V-NECK_SCRUB_TOP_HERO_FRONT.webp,womens-pink-v-neck-scrub-top-cst245ls,pink,1
Women's Pink V-Neck Scrub Top — CST245LS_WOMEN'S_PINK_V-NECK_SCRUB_TOP_HERO_BACK.webp,cst245ls-model-cst245ls-womens-pink-v-neck-scrub-top-hero-back,https://notanother-nz.github.io/total-image-product-assets/assets/CST245LS_WOMEN'S_PINK_V-NECK_SCRUB_TOP/webp/model/CST245LS_WOMEN'S_PINK_V-NECK_SCRUB_TOP_HERO_BACK.webp,womens-pink-v-neck-scrub-top-cst245ls,pink,2
Women's Pink V-Neck Scrub Top — CST245LS_WOMEN'S_PINK_V-NECK_SCRUB_TOP_HERO_CLOSEUP.webp,cst245ls-model-cst245ls-womens-pink-v-neck-scrub-top-hero-closeup,https://notanother-nz.github.io/total-image-product-assets/assets/CST245LS_WOMEN'S_PINK_V-NECK_SCRUB_TOP/webp/model/CST245LS_WOMEN'S_PINK_V-NECK_SCRUB_TOP_HERO_CLOSEUP.webp,womens-pink-v-neck-scrub-top-cst245ls,pink,3
Women's Pink V-Neck Scrub Top — CST245LS_WOMEN'S_PINK_V-NECK_SCRUB_TOP_HERO_SIDE.webp,cst245ls-model-cst245ls-womens-pink-v-neck-scrub-top-hero-side,https://notanother-nz.github.io/total-image-product-assets/assets/CST245LS_WOMEN'S_PINK_V-NECK_SCRUB_TOP/webp/model/CST245LS_WOMEN'S_PINK_V-NECK_SCRUB_TOP_HERO_SIDE.webp,womens-pink-v-neck-scrub-top-cst245ls,pink,4
Women's Pink V-Neck Scrub Top — CST245LS_WOMEN'S_PINK_V-NECK_SCRUB_TOP_PINK_FRONT.webp,cst245ls-product-cst245ls-womens-pink-v-neck-scrub-top-pink-front,https://notanother-nz.github.io/total-image-product-assets/assets/CST245LS_WOMEN'S_PINK_V-NECK_SCRUB_TOP/webp/product/CST245LS_WOMEN'S_PINK_V-NECK_SCRUB_TOP_PINK_FRONT.webp,womens-pink-v-neck-scrub-top-cst245ls,pink,5
Women's Pink V-Neck Scrub Top — CST245LS_WOMEN'S_PINK_V-NECK_SCRUB_TOP_PINK_BACK.webp,cst245ls-product-cst245ls-womens-pink-v-neck-scrub-top-pink-back,https://notanother-nz.github.io/total-image-product-assets/assets/CST245LS_WOMEN'S_PINK_V-NECK_SCRUB_TOP/webp/product/CST245LS_WOMEN'S_PINK_V-NECK_SCRUB_TOP_PINK_BACK.webp,womens-pink-v-neck-scrub-top-cst245ls,pink,6
Women's Pulse V-Neck Scrub Top — CU543LS_WOMEN'S_PULSE_V-NECK_SCRUB_TOP_HERO_FRONT.webp,cu543ls-model-cu543ls-womens-pulse-v-neck-scrub-top-hero-front,https://notanother-nz.github.io/total-image-product-assets/assets/CU543LS_WOMEN'S_PULSE_V-NECK_SCRUB_TOP/webp/model/CU543LS_WOMEN'S_PULSE_V-NECK_SCRUB_TOP_HERO_FRONT.webp,womens-pulse-v-neck-scrub-top-cu543ls,midnight-navy,1
Women's Pulse V-Neck Scrub Top — CU543LS_WOMEN'S_PULSE_V-NECK_SCRUB_TOP_HERO_BACK.webp,cu543ls-model-cu543ls-womens-pulse-v-neck-scrub-top-hero-back,https://notanother-nz.github.io/total-image-product-assets/assets/CU543LS_WOMEN'S_PULSE_V-NECK_SCRUB_TOP/webp/model/CU543LS_WOMEN'S_PULSE_V-NECK_SCRUB_TOP_HERO_BACK.webp,womens-pulse-v-neck-scrub-top-cu543ls,midnight-navy,2
Women's Pulse V-Neck Scrub Top — CU543LS_WOMEN'S_PULSE_V-NECK_SCRUB_TOP_HERO_CLOSEUP.webp,cu543ls-model-cu543ls-womens-pulse-v-neck-scrub-top-hero-closeup,https://notanother-nz.github.io/total-image-product-assets/assets/CU543LS_WOMEN'S_PULSE_V-NECK_SCRUB_TOP/webp/model/CU543LS_WOMEN'S_PULSE_V-NECK_SCRUB_TOP_HERO_CLOSEUP.webp,womens-pulse-v-neck-scrub-top-cu543ls,midnight-navy,3
Women's Pulse V-Neck Scrub Top — CU543LS_WOMEN'S_PULSE_V-NECK_SCRUB_TOP_HERO_SIDE.webp,cu543ls-model-cu543ls-womens-pulse-v-neck-scrub-top-hero-side,https://notanother-nz.github.io/total-image-product-assets/assets/CU543LS_WOMEN'S_PULSE_V-NECK_SCRUB_TOP/webp/model/CU543LS_WOMEN'S_PULSE_V-NECK_SCRUB_TOP_HERO_SIDE.webp,womens-pulse-v-neck-scrub-top-cu543ls,midnight-navy,4
Women's Pulse V-Neck Scrub Top — CU543LS_WOMEN'S_PULSE_V-NECK_SCRUB_TOP_MIDNIGHTNAVY_FRONT.webp,cu543ls-product-cu543ls-womens-pulse-v-neck-scrub-top-midnightnavy-front,https://notanother-nz.github.io/total-image-product-assets/assets/CU543LS_WOMEN'S_PULSE_V-NECK_SCRUB_TOP/webp/product/CU543LS_WOMEN'S_PULSE_V-NECK_SCRUB_TOP_MIDNIGHTNAVY_FRONT.webp,womens-pulse-v-neck-scrub-top-cu543ls,midnight-navy,5
Women's Pulse V-Neck Scrub Top — CU543LS_WOMEN'S_PULSE_V-NECK_SCRUB_TOP_MIDNIGHTNAVY_BACK.webp,cu543ls-product-cu543ls-womens-pulse-v-neck-scrub-top-midnightnavy-back,https://notanother-nz.github.io/total-image-product-assets/assets/CU543LS_WOMEN'S_PULSE_V-NECK_SCRUB_TOP/webp/product/CU543LS_WOMEN'S_PULSE_V-NECK_SCRUB_TOP_MIDNIGHTNAVY_BACK.webp,womens-pulse-v-neck-scrub-top-cu543ls,midnight-navy,6
Unisex Pulse V-Neck Scrub Top — CU544US_UNISEX_PULSE_V-NECK_SCRUB_TOP_HERO_FRONT.webp,cu544us-model-cu544us-unisex-pulse-v-neck-scrub-top-hero-front,https://notanother-nz.github.io/total-image-product-assets/assets/CU544US_UNISEX_PULSE_V-NECK_SCRUB_TOP/webp/model/CU544US_UNISEX_PULSE_V-NECK_SCRUB_TOP_HERO_FRONT.webp,unisex-pulse-v-neck-scrub-top-cu544us,,1
Unisex Pulse V-Neck Scrub Top — CU544US_UNISEX_PULSE_V-NECK_SCRUB_TOP_HERO_BACK.webp,cu544us-model-cu544us-unisex-pulse-v-neck-scrub-top-hero-back,https://notanother-nz.github.io/total-image-product-assets/assets/CU544US_UNISEX_PULSE_V-NECK_SCRUB_TOP/webp/model/CU544US_UNISEX_PULSE_V-NECK_SCRUB_TOP_HERO_BACK.webp,unisex-pulse-v-neck-scrub-top-cu544us,,2
Unisex Pulse V-Neck Scrub Top — CU544US_UNISEX_PULSE_V-NECK_SCRUB_TOP_HERO_CLOSEUP.webp,cu544us-model-cu544us-unisex-pulse-v-neck-scrub-top-hero-closeup,https://notanother-nz.github.io/total-image-product-assets/assets/CU544US_UNISEX_PULSE_V-NECK_SCRUB_TOP/webp/model/CU544US_UNISEX_PULSE_V-NECK_SCRUB_TOP_HERO_CLOSEUP.webp,unisex-pulse-v-neck-scrub-top-cu544us,,3
Unisex Pulse V-Neck Scrub Top — CU544US_UNISEX_PULSE_V-NECK_SCRUB_TOP_HERO_SIDE.webp,cu544us-model-cu544us-unisex-pulse-v-neck-scrub-top-hero-side,https://notanother-nz.github.io/total-image-product-assets/assets/CU544US_UNISEX_PULSE_V-NECK_SCRUB_TOP/webp/model/CU544US_UNISEX_PULSE_V-NECK_SCRUB_TOP_HERO_SIDE.webp,unisex-pulse-v-neck-scrub-top-cu544us,,4
Unisex Pulse V-Neck Scrub Top — CU544US_UNISEX_PULSE_V-NECK_SCRUB_TOP_BLACK_FRONT.webp,cu544us-product-cu544us-unisex-pulse-v-neck-scrub-top-black-front,https://notanother-nz.github.io/total-image-product-assets/assets/CU544US_UNISEX_PULSE_V-NECK_SCRUB_TOP/webp/product/CU544US_UNISEX_PULSE_V-NECK_SCRUB_TOP_BLACK_FRONT.webp,unisex-pulse-v-neck-scrub-top-cu544us,black,5
Unisex Pulse V-Neck Scrub Top — CU544US_UNISEX_PULSE_V-NECK_SCRUB_TOP_CARIBBEANBLUE_FRONT.webp,cu544us-product-cu544us-unisex-pulse-v-neck-scrub-top-caribbeanblue-front,https://notanother-nz.github.io/total-image-product-assets/assets/CU544US_UNISEX_PULSE_V-NECK_SCRUB_TOP/webp/product/CU544US_UNISEX_PULSE_V-NECK_SCRUB_TOP_CARIBBEANBLUE_FRONT.webp,unisex-pulse-v-neck-scrub-top-cu544us,caribbean-blue,6
Unisex Pulse V-Neck Scrub Top — CU544US_UNISEX_PULSE_V-NECK_SCRUB_TOP_BLACK_BACK.webp,cu544us-product-cu544us-unisex-pulse-v-neck-scrub-top-black-back,https://notanother-nz.github.io/total-image-product-assets/assets/CU544US_UNISEX_PULSE_V-NECK_SCRUB_TOP/webp/product/CU544US_UNISEX_PULSE_V-NECK_SCRUB_TOP_BLACK_BACK.webp,unisex-pulse-v-neck-scrub-top-cu544us,black,7
Unisex Pulse V-Neck Scrub Top — CU544US_UNISEX_PULSE_V-NECK_SCRUB_TOP_CARIBBEANBLUE_BACK.webp,cu544us-product-cu544us-unisex-pulse-v-neck-scrub-top-caribbeanblue-back,https://notanother-nz.github.io/total-image-product-assets/assets/CU544US_UNISEX_PULSE_V-NECK_SCRUB_TOP/webp/product/CU544US_UNISEX_PULSE_V-NECK_SCRUB_TOP_CARIBBEANBLUE_BACK.webp,unisex-pulse-v-neck-scrub-top-cu544us,caribbean-blue,8
ECO NOVA Computer Backpack — D605.R_ECO_NOVA_COMPUTER_BACKPACK_BACK.webp,d605-r-product-d605-r-eco-nova-computer-backpack-back,https://notanother-nz.github.io/total-image-product-assets/assets/D605.R_ECO_NOVA_COMPUTER_BACKPACK/webp/product/D605.R_ECO_NOVA_COMPUTER_BACKPACK_BACK.webp,eco-nova-computer-backpack-d605-r,,1
ECO NOVA Computer Backpack — D605.R_ECO_NOVA_COMPUTER_BACKPACK_OPEN.webp,d605-r-product-d605-r-eco-nova-computer-backpack-open,https://notanother-nz.github.io/total-image-product-assets/assets/D605.R_ECO_NOVA_COMPUTER_BACKPACK/webp/product/D605.R_ECO_NOVA_COMPUTER_BACKPACK_OPEN.webp,eco-nova-computer-backpack-d605-r,,2
ECO NOVA Computer Backpack — D605.R_ECO_NOVA_COMPUTER_BACKPACK.webp,d605-r-product-d605-r-eco-nova-computer-backpack,https://notanother-nz.github.io/total-image-product-assets/assets/D605.R_ECO_NOVA_COMPUTER_BACKPACK/webp/product/D605.R_ECO_NOVA_COMPUTER_BACKPACK.webp,eco-nova-computer-backpack-d605-r,,3
"Darani 15"" 19L Computer Backpack In Repreve Recycled Material — DA1003_DARANI_1519L_COMPUTER_BACKPACK_IN_REPREVE_RECYCLED_MATERIAL_CHARCOAL.webp",da1003-product-da1003-darani-1519l-computer-backpack-in-repreve-recycled-material-charcoal,https://notanother-nz.github.io/total-image-product-assets/assets/DA1003_DARANI_1519L_COMPUTER_BACKPACK_IN_REPREVE_RECYCLED_MATERIAL_CHARCOAL/webp/product/DA1003_DARANI_1519L_COMPUTER_BACKPACK_IN_REPREVE_RECYCLED_MATERIAL_CHARCOAL.webp,darani-15-19l-computer-backpack-in-repreve-recycled-material-da1003,charcoal,1
"Darani GRS Recycled Canvas Anti-Theft 15"" 21L Laptop Backpack — DA1007_Darani GRS Recycled Canvas Anti-Theft 15 21L Laptop Backpack_black.webp",da1007-product-da1007-darani-grs-recycled-canvas-anti-theft-15-21l-laptop-backpack-black,https://notanother-nz.github.io/total-image-product-assets/assets/DA1007_Darani%20GRS%20Recycled%20Canvas%20Anti-Theft%2015%2021L%20Laptop%20Backpack/webp/product/DA1007_Darani%20GRS%20Recycled%20Canvas%20Anti-Theft%2015%2021L%20Laptop%20Backpack_black.webp,darani-grs-recycled-canvas-anti-theft-15-21l-laptop-backpack-da1007,black,1
"Darani GRS Recycled Canvas Anti-Theft 15"" 21L Laptop Backpack — DA1007_Darani GRS Recycled Canvas Anti-Theft 15 21L Laptop Backpack_NAVY.webp",da1007-product-da1007-darani-grs-recycled-canvas-anti-theft-15-21l-laptop-backpack-navy,https://notanother-nz.github.io/total-image-product-assets/assets/DA1007_Darani%20GRS%20Recycled%20Canvas%20Anti-Theft%2015%2021L%20Laptop%20Backpack/webp/product/DA1007_Darani%20GRS%20Recycled%20Canvas%20Anti-Theft%2015%2021L%20Laptop%20Backpack_NAVY.webp,darani-grs-recycled-canvas-anti-theft-15-21l-laptop-backpack-da1007,navy,2
"Darani GRS Recycled Canvas Anti-Theft 15"" 21L Laptop Backpack — DA1007_Darani GRS Recycled Canvas Anti-Theft 15 21L Laptop Backpack.webp",da1007-product-da1007-darani-grs-recycled-canvas-anti-theft-15-21l-laptop-backpack,https://notanother-nz.github.io/total-image-product-assets/assets/DA1007_Darani%20GRS%20Recycled%20Canvas%20Anti-Theft%2015%2021L%20Laptop%20Backpack/webp/product/DA1007_Darani%20GRS%20Recycled%20Canvas%20Anti-Theft%2015%2021L%20Laptop%20Backpack.webp,darani-grs-recycled-canvas-anti-theft-15-21l-laptop-backpack-da1007,,3
Bloa Pen — F501_BLOA_PEN.webp,f501-product-f501-bloa-pen,https://notanother-nz.github.io/total-image-product-assets/assets/F501_BLOA_PEN/webp/product/F501_BLOA_PEN.webp,bloa-pen-f501,black,1
Unisex - Family Black Bamboo (Simpson) Polo Shirt — FAMILY_YARN_UNISEX_FAMILY_BLACK_BAMBOO_(SIMPSON)_POLO_SHIRT_HERO_FRONT.webp,family-yarn-unisex-model-family-yarn-unisex-family-black-bamboo-simpson-polo-shirt-hero-front,https://notanother-nz.github.io/total-image-product-assets/assets/FAMILY_YARN_UNISEX_FAMILY_BLACK_BAMBOO_(SIMPSON)_POLO_SHIRT/webp/model/FAMILY_YARN_UNISEX_FAMILY_BLACK_BAMBOO_(SIMPSON)_POLO_SHIRT_HERO_FRONT.webp,unisex-family-black-bamboo-simpson-polo-shirt-family-yarn-unisex,black,1
Unisex - Family Black Bamboo (Simpson) Polo Shirt — FAMILY_YARN_UNISEX_FAMILY_BLACK_BAMBOO_(SIMPSON)_POLO_SHIRT_HERO_BACK.webp,family-yarn-unisex-model-family-yarn-unisex-family-black-bamboo-simpson-polo-shirt-hero-back,https://notanother-nz.github.io/total-image-product-assets/assets/FAMILY_YARN_UNISEX_FAMILY_BLACK_BAMBOO_(SIMPSON)_POLO_SHIRT/webp/model/FAMILY_YARN_UNISEX_FAMILY_BLACK_BAMBOO_(SIMPSON)_POLO_SHIRT_HERO_BACK.webp,unisex-family-black-bamboo-simpson-polo-shirt-family-yarn-unisex,black,2
Unisex - Family Black Bamboo (Simpson) Polo Shirt — FAMILY_YARN_UNISEX_FAMILY_BLACK_BAMBOO_(SIMPSON)_POLO_SHIRT_HERO_CLOSEUP.webp,family-yarn-unisex-model-family-yarn-unisex-family-black-bamboo-simpson-polo-shirt-hero-closeup,https://notanother-nz.github.io/total-image-product-assets/assets/FAMILY_YARN_UNISEX_FAMILY_BLACK_BAMBOO_(SIMPSON)_POLO_SHIRT/webp/model/FAMILY_YARN_UNISEX_FAMILY_BLACK_BAMBOO_(SIMPSON)_POLO_SHIRT_HERO_CLOSEUP.webp,unisex-family-black-bamboo-simpson-polo-shirt-family-yarn-unisex,black,3
Unisex - Family Black Bamboo (Simpson) Polo Shirt — FAMILY_YARN_UNISEX_FAMILY_BLACK_BAMBOO_(SIMPSON)_POLO_SHIRT_HERO_SIDE.webp,family-yarn-unisex-model-family-yarn-unisex-family-black-bamboo-simpson-polo-shirt-hero-side,https://notanother-nz.github.io/total-image-product-assets/assets/FAMILY_YARN_UNISEX_FAMILY_BLACK_BAMBOO_(SIMPSON)_POLO_SHIRT/webp/model/FAMILY_YARN_UNISEX_FAMILY_BLACK_BAMBOO_(SIMPSON)_POLO_SHIRT_HERO_SIDE.webp,unisex-family-black-bamboo-simpson-polo-shirt-family-yarn-unisex,black,4
Unisex - Family Black Bamboo (Simpson) Polo Shirt — FAMILY_YARN_UNISEX_FAMILY_BLACK_BAMBOO_(SIMPSON)_POLO_SHIRT_BLACK_FRONT.webp,family-yarn-unisex-product-family-yarn-unisex-family-black-bamboo-simpson-polo-shirt-black-front,https://notanother-nz.github.io/total-image-product-assets/assets/FAMILY_YARN_UNISEX_FAMILY_BLACK_BAMBOO_(SIMPSON)_POLO_SHIRT/webp/product/FAMILY_YARN_UNISEX_FAMILY_BLACK_BAMBOO_(SIMPSON)_POLO_SHIRT_BLACK_FRONT.webp,unisex-family-black-bamboo-simpson-polo-shirt-family-yarn-unisex,black,5
Unisex - Family Black Bamboo (Simpson) Polo Shirt — FAMILY_YARN_UNISEX_FAMILY_BLACK_BAMBOO_(SIMPSON)_POLO_SHIRT_BLACK_BACK.webp,family-yarn-unisex-product-family-yarn-unisex-family-black-bamboo-simpson-polo-shirt-black-back,https://notanother-nz.github.io/total-image-product-assets/assets/FAMILY_YARN_UNISEX_FAMILY_BLACK_BAMBOO_(SIMPSON)_POLO_SHIRT/webp/product/FAMILY_YARN_UNISEX_FAMILY_BLACK_BAMBOO_(SIMPSON)_POLO_SHIRT_BLACK_BACK.webp,unisex-family-black-bamboo-simpson-polo-shirt-family-yarn-unisex,black,6
Unisex - Future Dreaming Essence Polo Shirt — FUTURE_YARN_UNISEX_FUTURE_DREAMING_ESSENCE_POLO_SHIRT_HERO_FRONT.webp,future-yarn-unisex-model-future-yarn-unisex-future-dreaming-essence-polo-shirt-hero-front,https://notanother-nz.github.io/total-image-product-assets/assets/FUTURE_YARN_UNISEX_FUTURE_DREAMING_ESSENCE_POLO_SHIRT/webp/model/FUTURE_YARN_UNISEX_FUTURE_DREAMING_ESSENCE_POLO_SHIRT_HERO_FRONT.webp,unisex-future-dreaming-essence-polo-shirt-future-yarn-unisex,black,1
Unisex - Future Dreaming Essence Polo Shirt — FUTURE_YARN_UNISEX_FUTURE_DREAMING_ESSENCE_POLO_SHIRT_HERO_BACK.webp,future-yarn-unisex-model-future-yarn-unisex-future-dreaming-essence-polo-shirt-hero-back,https://notanother-nz.github.io/total-image-product-assets/assets/FUTURE_YARN_UNISEX_FUTURE_DREAMING_ESSENCE_POLO_SHIRT/webp/model/FUTURE_YARN_UNISEX_FUTURE_DREAMING_ESSENCE_POLO_SHIRT_HERO_BACK.webp,unisex-future-dreaming-essence-polo-shirt-future-yarn-unisex,black,2
Unisex - Future Dreaming Essence Polo Shirt — FUTURE_YARN_UNISEX_FUTURE_DREAMING_ESSENCE_POLO_SHIRT_HERO_CLOSEUP.webp,future-yarn-unisex-model-future-yarn-unisex-future-dreaming-essence-polo-shirt-hero-closeup,https://notanother-nz.github.io/total-image-product-assets/assets/FUTURE_YARN_UNISEX_FUTURE_DREAMING_ESSENCE_POLO_SHIRT/webp/model/FUTURE_YARN_UNISEX_FUTURE_DREAMING_ESSENCE_POLO_SHIRT_HERO_CLOSEUP.webp,unisex-future-dreaming-essence-polo-shirt-future-yarn-unisex,black,3
Unisex - Future Dreaming Essence Polo Shirt — FUTURE_YARN_UNISEX_FUTURE_DREAMING_ESSENCE_POLO_SHIRT_HERO_SIDE.webp,future-yarn-unisex-model-future-yarn-unisex-future-dreaming-essence-polo-shirt-hero-side,https://notanother-nz.github.io/total-image-product-assets/assets/FUTURE_YARN_UNISEX_FUTURE_DREAMING_ESSENCE_POLO_SHIRT/webp/model/FUTURE_YARN_UNISEX_FUTURE_DREAMING_ESSENCE_POLO_SHIRT_HERO_SIDE.webp,unisex-future-dreaming-essence-polo-shirt-future-yarn-unisex,black,4
Unisex - Future Dreaming Essence Polo Shirt — FUTURE_YARN_UNISEX_FUTURE_DREAMING_ESSENCE_POLO_SHIRT_BLACK_FRONT.webp,future-yarn-unisex-product-future-yarn-unisex-future-dreaming-essence-polo-shirt-black-front,https://notanother-nz.github.io/total-image-product-assets/assets/FUTURE_YARN_UNISEX_FUTURE_DREAMING_ESSENCE_POLO_SHIRT/webp/product/FUTURE_YARN_UNISEX_FUTURE_DREAMING_ESSENCE_POLO_SHIRT_BLACK_FRONT.webp,unisex-future-dreaming-essence-polo-shirt-future-yarn-unisex,black,5
Unisex - Future Dreaming Essence Polo Shirt — FUTURE_YARN_UNISEX_FUTURE_DREAMING_ESSENCE_POLO_SHIRT_BLACK_BACK.webp,future-yarn-unisex-product-future-yarn-unisex-future-dreaming-essence-polo-shirt-black-back,https://notanother-nz.github.io/total-image-product-assets/assets/FUTURE_YARN_UNISEX_FUTURE_DREAMING_ESSENCE_POLO_SHIRT/webp/product/FUTURE_YARN_UNISEX_FUTURE_DREAMING_ESSENCE_POLO_SHIRT_BLACK_BACK.webp,unisex-future-dreaming-essence-polo-shirt-future-yarn-unisex,black,6
Unisex - Guiding Light Black Bamboo (Simpson) Polo Shirt — GUIDING_YARN_UNISEX_GUIDING_LIGHT_BLACK_BAMBOO_(SIMPSON)_POLO_SHIRT_HERO_FRONT.webp,guiding-yarn-unisex-model-guiding-yarn-unisex-guiding-light-black-bamboo-simpson-polo-shirt-hero-front,https://notanother-nz.github.io/total-image-product-assets/assets/GUIDING_YARN_UNISEX_GUIDING_LIGHT_BLACK_BAMBOO_(SIMPSON)_POLO_SHIRT/webp/model/GUIDING_YARN_UNISEX_GUIDING_LIGHT_BLACK_BAMBOO_(SIMPSON)_POLO_SHIRT_HERO_FRONT.webp,unisex-guiding-light-black-bamboo-simpson-polo-shirt-guiding-yarn-unisex,multi-coloured,1
Unisex - Guiding Light Black Bamboo (Simpson) Polo Shirt — GUIDING_YARN_UNISEX_GUIDING_LIGHT_BLACK_BAMBOO_(SIMPSON)_POLO_SHIRT_HERO_BACK.webp,guiding-yarn-unisex-model-guiding-yarn-unisex-guiding-light-black-bamboo-simpson-polo-shirt-hero-back,https://notanother-nz.github.io/total-image-product-assets/assets/GUIDING_YARN_UNISEX_GUIDING_LIGHT_BLACK_BAMBOO_(SIMPSON)_POLO_SHIRT/webp/model/GUIDING_YARN_UNISEX_GUIDING_LIGHT_BLACK_BAMBOO_(SIMPSON)_POLO_SHIRT_HERO_BACK.webp,unisex-guiding-light-black-bamboo-simpson-polo-shirt-guiding-yarn-unisex,multi-coloured,2
Unisex - Guiding Light Black Bamboo (Simpson) Polo Shirt — GUIDING_YARN_UNISEX_GUIDING_LIGHT_BLACK_BAMBOO_(SIMPSON)_POLO_SHIRT_HERO_CLOSEUP.webp,guiding-yarn-unisex-model-guiding-yarn-unisex-guiding-light-black-bamboo-simpson-polo-shirt-hero-closeup,https://notanother-nz.github.io/total-image-product-assets/assets/GUIDING_YARN_UNISEX_GUIDING_LIGHT_BLACK_BAMBOO_(SIMPSON)_POLO_SHIRT/webp/model/GUIDING_YARN_UNISEX_GUIDING_LIGHT_BLACK_BAMBOO_(SIMPSON)_POLO_SHIRT_HERO_CLOSEUP.webp,unisex-guiding-light-black-bamboo-simpson-polo-shirt-guiding-yarn-unisex,multi-coloured,3
Unisex - Guiding Light Black Bamboo (Simpson) Polo Shirt — GUIDING_YARN_UNISEX_GUIDING_LIGHT_BLACK_BAMBOO_(SIMPSON)_POLO_SHIRT_HERO_SIDE.webp,guiding-yarn-unisex-model-guiding-yarn-unisex-guiding-light-black-bamboo-simpson-polo-shirt-hero-side,https://notanother-nz.github.io/total-image-product-assets/assets/GUIDING_YARN_UNISEX_GUIDING_LIGHT_BLACK_BAMBOO_(SIMPSON)_POLO_SHIRT/webp/model/GUIDING_YARN_UNISEX_GUIDING_LIGHT_BLACK_BAMBOO_(SIMPSON)_POLO_SHIRT_HERO_SIDE.webp,unisex-guiding-light-black-bamboo-simpson-polo-shirt-guiding-yarn-unisex,multi-coloured,4
Unisex - Guiding Light Black Bamboo (Simpson) Polo Shirt — GUIDING_YARN_UNISEX_GUIDING_LIGHT_BLACK_BAMBOO_(SIMPSON)_POLO_SHIRT_MULTI_COLOURED_FRONT.webp,guiding-yarn-unisex-product-guiding-yarn-unisex-guiding-light-black-bamboo-simpson-polo-shirt-multi-coloured-front,https://notanother-nz.github.io/total-image-product-assets/assets/GUIDING_YARN_UNISEX_GUIDING_LIGHT_BLACK_BAMBOO_(SIMPSON)_POLO_SHIRT/webp/product/GUIDING_YARN_UNISEX_GUIDING_LIGHT_BLACK_BAMBOO_(SIMPSON)_POLO_SHIRT_MULTI_COLOURED_FRONT.webp,unisex-guiding-light-black-bamboo-simpson-polo-shirt-guiding-yarn-unisex,multi-coloured,5
Unisex - Guiding Light Black Bamboo (Simpson) Polo Shirt — GUIDING_YARN_UNISEX_GUIDING_LIGHT_BLACK_BAMBOO_(SIMPSON)_POLO_SHIRT_MULTI_COLOURED_BACK.webp,guiding-yarn-unisex-product-guiding-yarn-unisex-guiding-light-black-bamboo-simpson-polo-shirt-multi-coloured-back,https://notanother-nz.github.io/total-image-product-assets/assets/GUIDING_YARN_UNISEX_GUIDING_LIGHT_BLACK_BAMBOO_(SIMPSON)_POLO_SHIRT/webp/product/GUIDING_YARN_UNISEX_GUIDING_LIGHT_BLACK_BAMBOO_(SIMPSON)_POLO_SHIRT_MULTI_COLOURED_BACK.webp,unisex-guiding-light-black-bamboo-simpson-polo-shirt-guiding-yarn-unisex,multi-coloured,6
Slouch Hat With Break-Away Clip Strap — H1026_SLOUCH_HAT_WITH_BREAK-AWAY_CLIP_STRAP_BLACK_HERO_FRONT.webp,h1026-model-h1026-slouch-hat-with-break-away-clip-strap-black-hero-front,https://notanother-nz.github.io/total-image-product-assets/assets/H1026_SLOUCH_HAT_WITH_BREAK-AWAY_CLIP_STRAP/webp/model/H1026_SLOUCH_HAT_WITH_BREAK-AWAY_CLIP_STRAP_BLACK_HERO_FRONT.webp,slouch-hat-with-break-away-clip-strap-h1026,black,1
Slouch Hat With Break-Away Clip Strap — H1026_SLOUCH_HAT_WITH_BREAK-AWAY_CLIP_STRAP_BOTTLE_HERO_FRONT.webp,h1026-model-h1026-slouch-hat-with-break-away-clip-strap-bottle-hero-front,https://notanother-nz.github.io/total-image-product-assets/assets/H1026_SLOUCH_HAT_WITH_BREAK-AWAY_CLIP_STRAP/webp/model/H1026_SLOUCH_HAT_WITH_BREAK-AWAY_CLIP_STRAP_BOTTLE_HERO_FRONT.webp,slouch-hat-with-break-away-clip-strap-h1026,bottle,2
Slouch Hat With Break-Away Clip Strap — H1026_SLOUCH_HAT_WITH_BREAK-AWAY_CLIP_STRAP_NAVY_HERO_FRONT.webp,h1026-model-h1026-slouch-hat-with-break-away-clip-strap-navy-hero-front,https://notanother-nz.github.io/total-image-product-assets/assets/H1026_SLOUCH_HAT_WITH_BREAK-AWAY_CLIP_STRAP/webp/model/H1026_SLOUCH_HAT_WITH_BREAK-AWAY_CLIP_STRAP_NAVY_HERO_FRONT.webp,slouch-hat-with-break-away-clip-strap-h1026,navy,3
Slouch Hat With Break-Away Clip Strap — H1026_SLOUCH_HAT_WITH_BREAK-AWAY_CLIP_STRAP_SKY_WHITE_HERO_FRONT.webp,h1026-model-h1026-slouch-hat-with-break-away-clip-strap-sky-white-hero-front,https://notanother-nz.github.io/total-image-product-assets/assets/H1026_SLOUCH_HAT_WITH_BREAK-AWAY_CLIP_STRAP/webp/model/H1026_SLOUCH_HAT_WITH_BREAK-AWAY_CLIP_STRAP_SKY_WHITE_HERO_FRONT.webp,slouch-hat-with-break-away-clip-strap-h1026,sky-white,4
Slouch Hat With Break-Away Clip Strap — H1026_SLOUCH_HAT_WITH_BREAK-AWAY_CLIP_STRAP_BLACK_HERO_BACK.webp,h1026-model-h1026-slouch-hat-with-break-away-clip-strap-black-hero-back,https://notanother-nz.github.io/total-image-product-assets/assets/H1026_SLOUCH_HAT_WITH_BREAK-AWAY_CLIP_STRAP/webp/model/H1026_SLOUCH_HAT_WITH_BREAK-AWAY_CLIP_STRAP_BLACK_HERO_BACK.webp,slouch-hat-with-break-away-clip-strap-h1026,black,5
Slouch Hat With Break-Away Clip Strap — H1026_SLOUCH_HAT_WITH_BREAK-AWAY_CLIP_STRAP_BOTTLE_HERO_BACK.webp,h1026-model-h1026-slouch-hat-with-break-away-clip-strap-bottle-hero-back,https://notanother-nz.github.io/total-image-product-assets/assets/H1026_SLOUCH_HAT_WITH_BREAK-AWAY_CLIP_STRAP/webp/model/H1026_SLOUCH_HAT_WITH_BREAK-AWAY_CLIP_STRAP_BOTTLE_HERO_BACK.webp,slouch-hat-with-break-away-clip-strap-h1026,bottle,6
Slouch Hat With Break-Away Clip Strap — H1026_SLOUCH_HAT_WITH_BREAK-AWAY_CLIP_STRAP_NAVY_HERO_BACK.webp,h1026-model-h1026-slouch-hat-with-break-away-clip-strap-navy-hero-back,https://notanother-nz.github.io/total-image-product-assets/assets/H1026_SLOUCH_HAT_WITH_BREAK-AWAY_CLIP_STRAP/webp/model/H1026_SLOUCH_HAT_WITH_BREAK-AWAY_CLIP_STRAP_NAVY_HERO_BACK.webp,slouch-hat-with-break-away-clip-strap-h1026,navy,7
Slouch Hat With Break-Away Clip Strap — H1026_SLOUCH_HAT_WITH_BREAK-AWAY_CLIP_STRAP_SKY_WHITE_HERO_BACK.webp,h1026-model-h1026-slouch-hat-with-break-away-clip-strap-sky-white-hero-back,https://notanother-nz.github.io/total-image-product-assets/assets/H1026_SLOUCH_HAT_WITH_BREAK-AWAY_CLIP_STRAP/webp/model/H1026_SLOUCH_HAT_WITH_BREAK-AWAY_CLIP_STRAP_SKY_WHITE_HERO_BACK.webp,slouch-hat-with-break-away-clip-strap-h1026,sky-white,8
Slouch Hat With Break-Away Clip Strap — H1026_SLOUCH_HAT_WITH_BREAK-AWAY_CLIP_STRAP_BLACK_HERO_CLOSEUP.webp,h1026-model-h1026-slouch-hat-with-break-away-clip-strap-black-hero-closeup,https://notanother-nz.github.io/total-image-product-assets/assets/H1026_SLOUCH_HAT_WITH_BREAK-AWAY_CLIP_STRAP/webp/model/H1026_SLOUCH_HAT_WITH_BREAK-AWAY_CLIP_STRAP_BLACK_HERO_CLOSEUP.webp,slouch-hat-with-break-away-clip-strap-h1026,black,9
Slouch Hat With Break-Away Clip Strap — H1026_SLOUCH_HAT_WITH_BREAK-AWAY_CLIP_STRAP_BLACK_HERO_SIDE.webp,h1026-model-h1026-slouch-hat-with-break-away-clip-strap-black-hero-side,https://notanother-nz.github.io/total-image-product-assets/assets/H1026_SLOUCH_HAT_WITH_BREAK-AWAY_CLIP_STRAP/webp/model/H1026_SLOUCH_HAT_WITH_BREAK-AWAY_CLIP_STRAP_BLACK_HERO_SIDE.webp,slouch-hat-with-break-away-clip-strap-h1026,black,10
Slouch Hat With Break-Away Clip Strap — H1026_SLOUCH_HAT_WITH_BREAK-AWAY_CLIP_STRAP_BOTTLE_HERO_SIDE.webp,h1026-model-h1026-slouch-hat-with-break-away-clip-strap-bottle-hero-side,https://notanother-nz.github.io/total-image-product-assets/assets/H1026_SLOUCH_HAT_WITH_BREAK-AWAY_CLIP_STRAP/webp/model/H1026_SLOUCH_HAT_WITH_BREAK-AWAY_CLIP_STRAP_BOTTLE_HERO_SIDE.webp,slouch-hat-with-break-away-clip-strap-h1026,bottle,11
Slouch Hat With Break-Away Clip Strap — H1026_SLOUCH_HAT_WITH_BREAK-AWAY_CLIP_STRAP_NAVY_HERO_SIDE.webp,h1026-model-h1026-slouch-hat-with-break-away-clip-strap-navy-hero-side,https://notanother-nz.github.io/total-image-product-assets/assets/H1026_SLOUCH_HAT_WITH_BREAK-AWAY_CLIP_STRAP/webp/model/H1026_SLOUCH_HAT_WITH_BREAK-AWAY_CLIP_STRAP_NAVY_HERO_SIDE.webp,slouch-hat-with-break-away-clip-strap-h1026,navy,12
Slouch Hat With Break-Away Clip Strap — H1026_SLOUCH_HAT_WITH_BREAK-AWAY_CLIP_STRAP_SKY_WHITE_HERO_SIDE.webp,h1026-model-h1026-slouch-hat-with-break-away-clip-strap-sky-white-hero-side,https://notanother-nz.github.io/total-image-product-assets/assets/H1026_SLOUCH_HAT_WITH_BREAK-AWAY_CLIP_STRAP/webp/model/H1026_SLOUCH_HAT_WITH_BREAK-AWAY_CLIP_STRAP_SKY_WHITE_HERO_SIDE.webp,slouch-hat-with-break-away-clip-strap-h1026,sky-white,13
Slouch Hat With Break-Away Clip Strap — H1026_SLOUCH_HAT_WITH_BREAK-AWAY_CLIP_STRAP_BLACK.webp,h1026-product-h1026-slouch-hat-with-break-away-clip-strap-black,https://notanother-nz.github.io/total-image-product-assets/assets/H1026_SLOUCH_HAT_WITH_BREAK-AWAY_CLIP_STRAP/webp/product/H1026_SLOUCH_HAT_WITH_BREAK-AWAY_CLIP_STRAP_BLACK.webp,slouch-hat-with-break-away-clip-strap-h1026,black,14
Slouch Hat With Break-Away Clip Strap — H1026_SLOUCH_HAT_WITH_BREAK-AWAY_CLIP_STRAP_BOTTLE.webp,h1026-product-h1026-slouch-hat-with-break-away-clip-strap-bottle,https://notanother-nz.github.io/total-image-product-assets/assets/H1026_SLOUCH_HAT_WITH_BREAK-AWAY_CLIP_STRAP/webp/product/H1026_SLOUCH_HAT_WITH_BREAK-AWAY_CLIP_STRAP_BOTTLE.webp,slouch-hat-with-break-away-clip-strap-h1026,bottle,15
Slouch Hat With Break-Away Clip Strap — H1026_SLOUCH_HAT_WITH_BREAK-AWAY_CLIP_STRAP_GOLD.webp,h1026-product-h1026-slouch-hat-with-break-away-clip-strap-gold,https://notanother-nz.github.io/total-image-product-assets/assets/H1026_SLOUCH_HAT_WITH_BREAK-AWAY_CLIP_STRAP/webp/product/H1026_SLOUCH_HAT_WITH_BREAK-AWAY_CLIP_STRAP_GOLD.webp,slouch-hat-with-break-away-clip-strap-h1026,gold,16
Slouch Hat With Break-Away Clip Strap — H1026_SLOUCH_HAT_WITH_BREAK-AWAY_CLIP_STRAP_MAROON.webp,h1026-product-h1026-slouch-hat-with-break-away-clip-strap-maroon,https://notanother-nz.github.io/total-image-product-assets/assets/H1026_SLOUCH_HAT_WITH_BREAK-AWAY_CLIP_STRAP/webp/product/H1026_SLOUCH_HAT_WITH_BREAK-AWAY_CLIP_STRAP_MAROON.webp,slouch-hat-with-break-away-clip-strap-h1026,maroon,17
Slouch Hat With Break-Away Clip Strap — H1026_SLOUCH_HAT_WITH_BREAK-AWAY_CLIP_STRAP_NAVY.webp,h1026-product-h1026-slouch-hat-with-break-away-clip-strap-navy,https://notanother-nz.github.io/total-image-product-assets/assets/H1026_SLOUCH_HAT_WITH_BREAK-AWAY_CLIP_STRAP/webp/product/H1026_SLOUCH_HAT_WITH_BREAK-AWAY_CLIP_STRAP_NAVY.webp,slouch-hat-with-break-away-clip-strap-h1026,navy,18
Slouch Hat With Break-Away Clip Strap — H1026_SLOUCH_HAT_WITH_BREAK-AWAY_CLIP_STRAP_RED.webp,h1026-product-h1026-slouch-hat-with-break-away-clip-strap-red,https://notanother-nz.github.io/total-image-product-assets/assets/H1026_SLOUCH_HAT_WITH_BREAK-AWAY_CLIP_STRAP/webp/product/H1026_SLOUCH_HAT_WITH_BREAK-AWAY_CLIP_STRAP_RED.webp,slouch-hat-with-break-away-clip-strap-h1026,red,19
Slouch Hat With Break-Away Clip Strap — H1026_SLOUCH_HAT_WITH_BREAK-AWAY_CLIP_STRAP_ROYAL.webp,h1026-product-h1026-slouch-hat-with-break-away-clip-strap-royal,https://notanother-nz.github.io/total-image-product-assets/assets/H1026_SLOUCH_HAT_WITH_BREAK-AWAY_CLIP_STRAP/webp/product/H1026_SLOUCH_HAT_WITH_BREAK-AWAY_CLIP_STRAP_ROYAL.webp,slouch-hat-with-break-away-clip-strap-h1026,royal,20
Slouch Hat With Break-Away Clip Strap — H1026_SLOUCH_HAT_WITH_BREAK-AWAY_CLIP_STRAP_SKY_BLUE.webp,h1026-product-h1026-slouch-hat-with-break-away-clip-strap-sky-blue,https://notanother-nz.github.io/total-image-product-assets/assets/H1026_SLOUCH_HAT_WITH_BREAK-AWAY_CLIP_STRAP/webp/product/H1026_SLOUCH_HAT_WITH_BREAK-AWAY_CLIP_STRAP_SKY_BLUE.webp,slouch-hat-with-break-away-clip-strap-h1026,sky-blue,21
Slouch Hat With Break-Away Clip Strap — H1026_SLOUCH_HAT_WITH_BREAK-AWAY_CLIP_STRAP_SKY_WHITE.webp,h1026-product-h1026-slouch-hat-with-break-away-clip-strap-sky-white,https://notanother-nz.github.io/total-image-product-assets/assets/H1026_SLOUCH_HAT_WITH_BREAK-AWAY_CLIP_STRAP/webp/product/H1026_SLOUCH_HAT_WITH_BREAK-AWAY_CLIP_STRAP_SKY_WHITE.webp,slouch-hat-with-break-away-clip-strap-h1026,sky-white,22
Bamboo Cap — IV170_BAMBOO_CAP_BLACK_FRONT_HERO_BACK.webp,iv170-model-iv170-bamboo-cap-black-front-hero-back,https://notanother-nz.github.io/total-image-product-assets/assets/IV170_BAMBOO_CAP/webp/model/IV170_BAMBOO_CAP_BLACK_FRONT_HERO_BACK.webp,bamboo-cap-iv170,black,1
Bamboo Cap — IV170_BAMBOO_CAP_BLACK_FRONT_HERO_CLOSEUP.webp,iv170-model-iv170-bamboo-cap-black-front-hero-closeup,https://notanother-nz.github.io/total-image-product-assets/assets/IV170_BAMBOO_CAP/webp/model/IV170_BAMBOO_CAP_BLACK_FRONT_HERO_CLOSEUP.webp,bamboo-cap-iv170,black,2
Bamboo Cap — IV170_BAMBOO_CAP_BLACK_FRONT_HERO_FRONT.webp,iv170-model-iv170-bamboo-cap-black-front-hero-front,https://notanother-nz.github.io/total-image-product-assets/assets/IV170_BAMBOO_CAP/webp/model/IV170_BAMBOO_CAP_BLACK_FRONT_HERO_FRONT.webp,bamboo-cap-iv170,black,3
Bamboo Cap — IV170_BAMBOO_CAP_BLACK_FRONT_HERO_SIDE.webp,iv170-model-iv170-bamboo-cap-black-front-hero-side,https://notanother-nz.github.io/total-image-product-assets/assets/IV170_BAMBOO_CAP/webp/model/IV170_BAMBOO_CAP_BLACK_FRONT_HERO_SIDE.webp,bamboo-cap-iv170,black,4
Bamboo Cap — IV170_BAMBOO_CAP_BLACK_FRONT.webp,iv170-product-iv170-bamboo-cap-black-front,https://notanother-nz.github.io/total-image-product-assets/assets/IV170_BAMBOO_CAP/webp/product/IV170_BAMBOO_CAP_BLACK_FRONT.webp,bamboo-cap-iv170,black,5
Bamboo Cap — IV170_BAMBOO_CAP_LIGHT_GREY_FRONT.webp,iv170-product-iv170-bamboo-cap-light-grey-front,https://notanother-nz.github.io/total-image-product-assets/assets/IV170_BAMBOO_CAP/webp/product/IV170_BAMBOO_CAP_LIGHT_GREY_FRONT.webp,bamboo-cap-iv170,light-grey,6
Bamboo Cap — IV170_BAMBOO_CAP_NAVY_FRONT.webp,iv170-product-iv170-bamboo-cap-navy-front,https://notanother-nz.github.io/total-image-product-assets/assets/IV170_BAMBOO_CAP/webp/product/IV170_BAMBOO_CAP_NAVY_FRONT.webp,bamboo-cap-iv170,navy,7
Alpine Ladies Puffer Vest — J211L_ALPINE_LADIES_PUFFER_VEST_NAVY_HERO_FRONT.webp,j211l-model-j211l-alpine-ladies-puffer-vest-navy-hero-front,https://notanother-nz.github.io/total-image-product-assets/assets/J211L_ALPINE_LADIES_PUFFER_VEST/webp/model/J211L_ALPINE_LADIES_PUFFER_VEST_NAVY_HERO_FRONT.webp,alpine-ladies-puffer-vest-j211l,navy,1
Alpine Ladies Puffer Vest — J211L_ALPINE_WOMENS_VEST_BLACK_HERO_FRONT.webp,j211l-model-j211l-alpine-womens-vest-black-hero-front,https://notanother-nz.github.io/total-image-product-assets/assets/J211L_ALPINE_LADIES_PUFFER_VEST/webp/model/J211L_ALPINE_WOMENS_VEST_BLACK_HERO_FRONT.webp,alpine-ladies-puffer-vest-j211l,black,2
Alpine Ladies Puffer Vest — J211L_ALPINE_LADIES_PUFFER_VEST_NAVY_HERO_BACK.webp,j211l-model-j211l-alpine-ladies-puffer-vest-navy-hero-back,https://notanother-nz.github.io/total-image-product-assets/assets/J211L_ALPINE_LADIES_PUFFER_VEST/webp/model/J211L_ALPINE_LADIES_PUFFER_VEST_NAVY_HERO_BACK.webp,alpine-ladies-puffer-vest-j211l,navy,3
Alpine Ladies Puffer Vest — J211L_ALPINE_WOMENS_VEST_BLACK_HERO_BACK.webp,j211l-model-j211l-alpine-womens-vest-black-hero-back,https://notanother-nz.github.io/total-image-product-assets/assets/J211L_ALPINE_LADIES_PUFFER_VEST/webp/model/J211L_ALPINE_WOMENS_VEST_BLACK_HERO_BACK.webp,alpine-ladies-puffer-vest-j211l,black,4
Alpine Ladies Puffer Vest — J211L_ALPINE_LADIES_PUFFER_VEST_NAVY_HERO_CLOSEUP.webp,j211l-model-j211l-alpine-ladies-puffer-vest-navy-hero-closeup,https://notanother-nz.github.io/total-image-product-assets/assets/J211L_ALPINE_LADIES_PUFFER_VEST/webp/model/J211L_ALPINE_LADIES_PUFFER_VEST_NAVY_HERO_CLOSEUP.webp,alpine-ladies-puffer-vest-j211l,navy,5
Alpine Ladies Puffer Vest — J211L_ALPINE_WOMENS_VEST_BLACK_HERO_CLOSEUP.webp,j211l-model-j211l-alpine-womens-vest-black-hero-closeup,https://notanother-nz.github.io/total-image-product-assets/assets/J211L_ALPINE_LADIES_PUFFER_VEST/webp/model/J211L_ALPINE_WOMENS_VEST_BLACK_HERO_CLOSEUP.webp,alpine-ladies-puffer-vest-j211l,black,6
Alpine Ladies Puffer Vest — 3J211L_ALPINE_LADIES_PUFFER_VEST_NAVY_HERO_SIDE.webp,j211l-model-3j211l-alpine-ladies-puffer-vest-navy-hero-side,https://notanother-nz.github.io/total-image-product-assets/assets/J211L_ALPINE_LADIES_PUFFER_VEST/webp/model/3J211L_ALPINE_LADIES_PUFFER_VEST_NAVY_HERO_SIDE.webp,alpine-ladies-puffer-vest-j211l,navy,7
Alpine Ladies Puffer Vest — J211L_ALPINE_WOMENS_VEST_BLACK_HERO_SIDE.webp,j211l-model-j211l-alpine-womens-vest-black-hero-side,https://notanother-nz.github.io/total-image-product-assets/assets/J211L_ALPINE_LADIES_PUFFER_VEST/webp/model/J211L_ALPINE_WOMENS_VEST_BLACK_HERO_SIDE.webp,alpine-ladies-puffer-vest-j211l,black,8
Alpine Ladies Puffer Vest — J211L_ALPINE_LADIES_PUFFER_VEST_BLACK_FRONT.webp,j211l-product-j211l-alpine-ladies-puffer-vest-black-front,https://notanother-nz.github.io/total-image-product-assets/assets/J211L_ALPINE_LADIES_PUFFER_VEST/webp/product/J211L_ALPINE_LADIES_PUFFER_VEST_BLACK_FRONT.webp,alpine-ladies-puffer-vest-j211l,black,9
Alpine Ladies Puffer Vest — J211L_ALPINE_LADIES_PUFFER_VEST_NAVY_FRONT.webp,j211l-product-j211l-alpine-ladies-puffer-vest-navy-front,https://notanother-nz.github.io/total-image-product-assets/assets/J211L_ALPINE_LADIES_PUFFER_VEST/webp/product/J211L_ALPINE_LADIES_PUFFER_VEST_NAVY_FRONT.webp,alpine-ladies-puffer-vest-j211l,navy,10
Alpine Ladies Puffer Vest — J211L_ALPINE_LADIES_PUFFER_VEST_BLACK_BACK.webp,j211l-product-j211l-alpine-ladies-puffer-vest-black-back,https://notanother-nz.github.io/total-image-product-assets/assets/J211L_ALPINE_LADIES_PUFFER_VEST/webp/product/J211L_ALPINE_LADIES_PUFFER_VEST_BLACK_BACK.webp,alpine-ladies-puffer-vest-j211l,black,11
Alpine Ladies Puffer Vest — J211L_ALPINE_LADIES_PUFFER_VEST_NAVY_BACK.webp,j211l-product-j211l-alpine-ladies-puffer-vest-navy-back,https://notanother-nz.github.io/total-image-product-assets/assets/J211L_ALPINE_LADIES_PUFFER_VEST/webp/product/J211L_ALPINE_LADIES_PUFFER_VEST_NAVY_BACK.webp,alpine-ladies-puffer-vest-j211l,navy,12
Alpine Men's Puffer Vest — J211M_ALPINE_MEN'S_PUFFER_VEST_BLACK_HERO_FRONT.webp,j211m-model-j211m-alpine-mens-puffer-vest-black-hero-front,https://notanother-nz.github.io/total-image-product-assets/assets/J211M_ALPINE_MEN'S_PUFFER_VEST/webp/model/J211M_ALPINE_MEN'S_PUFFER_VEST_BLACK_HERO_FRONT.webp,alpine-mens-puffer-vest-j211m,black,1
Alpine Men's Puffer Vest — J211M_ALPINE_MEN'S_PUFFER_VEST_BLACK_HERO_BACK.webp,j211m-model-j211m-alpine-mens-puffer-vest-black-hero-back,https://notanother-nz.github.io/total-image-product-assets/assets/J211M_ALPINE_MEN'S_PUFFER_VEST/webp/model/J211M_ALPINE_MEN'S_PUFFER_VEST_BLACK_HERO_BACK.webp,alpine-mens-puffer-vest-j211m,black,2
Alpine Men's Puffer Vest — J211M_ALPINE_MEN'S_PUFFER_VEST_BLACK_HERO_CLOSEUP.webp,j211m-model-j211m-alpine-mens-puffer-vest-black-hero-closeup,https://notanother-nz.github.io/total-image-product-assets/assets/J211M_ALPINE_MEN'S_PUFFER_VEST/webp/model/J211M_ALPINE_MEN'S_PUFFER_VEST_BLACK_HERO_CLOSEUP.webp,alpine-mens-puffer-vest-j211m,black,3
Alpine Men's Puffer Vest — J211M_ALPINE_MEN'S_PUFFER_VEST_BLACK_HERO_SIDE.webp,j211m-model-j211m-alpine-mens-puffer-vest-black-hero-side,https://notanother-nz.github.io/total-image-product-assets/assets/J211M_ALPINE_MEN'S_PUFFER_VEST/webp/model/J211M_ALPINE_MEN'S_PUFFER_VEST_BLACK_HERO_SIDE.webp,alpine-mens-puffer-vest-j211m,black,4
Alpine Men's Puffer Vest — J211M_ALPINE_MEN'S_PUFFER_VEST_BLACK_FRONT.webp,j211m-product-j211m-alpine-mens-puffer-vest-black-front,https://notanother-nz.github.io/total-image-product-assets/assets/J211M_ALPINE_MEN'S_PUFFER_VEST/webp/product/J211M_ALPINE_MEN'S_PUFFER_VEST_BLACK_FRONT.webp,alpine-mens-puffer-vest-j211m,black,5
Alpine Men's Puffer Vest — J211M_ALPINE_MEN'S_PUFFER_VEST_NAVY_FRONT.webp,j211m-product-j211m-alpine-mens-puffer-vest-navy-front,https://notanother-nz.github.io/total-image-product-assets/assets/J211M_ALPINE_MEN'S_PUFFER_VEST/webp/product/J211M_ALPINE_MEN'S_PUFFER_VEST_NAVY_FRONT.webp,alpine-mens-puffer-vest-j211m,navy,6
Alpine Men's Puffer Vest — J211M_ALPINE_MEN'S_PUFFER_VEST_BLACK_BACK.webp,j211m-product-j211m-alpine-mens-puffer-vest-black-back,https://notanother-nz.github.io/total-image-product-assets/assets/J211M_ALPINE_MEN'S_PUFFER_VEST/webp/product/J211M_ALPINE_MEN'S_PUFFER_VEST_BLACK_BACK.webp,alpine-mens-puffer-vest-j211m,black,7
Alpine Men's Puffer Vest — J211M_ALPINE_MEN'S_PUFFER_VEST_NAVY_BACK.webp,j211m-product-j211m-alpine-mens-puffer-vest-navy-back,https://notanother-nz.github.io/total-image-product-assets/assets/J211M_ALPINE_MEN'S_PUFFER_VEST/webp/product/J211M_ALPINE_MEN'S_PUFFER_VEST_NAVY_BACK.webp,alpine-mens-puffer-vest-j211m,navy,8
Alpine Ladies Puffer Jacket — J212L_ALPINE_LADIES_PUFFER_JACKET_BLACK_HERO_FRONT.webp,j212l-model-j212l-alpine-ladies-puffer-jacket-black-hero-front,https://notanother-nz.github.io/total-image-product-assets/assets/J212L_ALPINE_LADIES_PUFFER_JACKET/webp/model/J212L_ALPINE_LADIES_PUFFER_JACKET_BLACK_HERO_FRONT.webp,alpine-ladies-puffer-jacket-j212l,black,1
Alpine Ladies Puffer Jacket — J212L_ALPINE_WOMENS_JACKET_NAVY_HERO_FRONT.webp,j212l-model-j212l-alpine-womens-jacket-navy-hero-front,https://notanother-nz.github.io/total-image-product-assets/assets/J212L_ALPINE_LADIES_PUFFER_JACKET/webp/model/J212L_ALPINE_WOMENS_JACKET_NAVY_HERO_FRONT.webp,alpine-ladies-puffer-jacket-j212l,navy,2
Alpine Ladies Puffer Jacket — J212L_ALPINE_LADIES_PUFFER_JACKET_BLACK_HERO_BACK.webp,j212l-model-j212l-alpine-ladies-puffer-jacket-black-hero-back,https://notanother-nz.github.io/total-image-product-assets/assets/J212L_ALPINE_LADIES_PUFFER_JACKET/webp/model/J212L_ALPINE_LADIES_PUFFER_JACKET_BLACK_HERO_BACK.webp,alpine-ladies-puffer-jacket-j212l,black,3
Alpine Ladies Puffer Jacket — J212L_ALPINE_WOMENS_JACKET_NAVY_HERO_BACK.webp,j212l-model-j212l-alpine-womens-jacket-navy-hero-back,https://notanother-nz.github.io/total-image-product-assets/assets/J212L_ALPINE_LADIES_PUFFER_JACKET/webp/model/J212L_ALPINE_WOMENS_JACKET_NAVY_HERO_BACK.webp,alpine-ladies-puffer-jacket-j212l,navy,4
Alpine Ladies Puffer Jacket — J212L_ALPINE_LADIES_PUFFER_JACKET_BLACK_HERO_CLOSEUP.webp,j212l-model-j212l-alpine-ladies-puffer-jacket-black-hero-closeup,https://notanother-nz.github.io/total-image-product-assets/assets/J212L_ALPINE_LADIES_PUFFER_JACKET/webp/model/J212L_ALPINE_LADIES_PUFFER_JACKET_BLACK_HERO_CLOSEUP.webp,alpine-ladies-puffer-jacket-j212l,black,5
Alpine Ladies Puffer Jacket — J212L_ALPINE_WOMENS_JACKET_NAVY_HERO_CLOSEUP.webp,j212l-model-j212l-alpine-womens-jacket-navy-hero-closeup,https://notanother-nz.github.io/total-image-product-assets/assets/J212L_ALPINE_LADIES_PUFFER_JACKET/webp/model/J212L_ALPINE_WOMENS_JACKET_NAVY_HERO_CLOSEUP.webp,alpine-ladies-puffer-jacket-j212l,navy,6
Alpine Ladies Puffer Jacket — J212L_ALPINE_LADIES_PUFFER_JACKET_BLACK_HERO_SIDE.webp,j212l-model-j212l-alpine-ladies-puffer-jacket-black-hero-side,https://notanother-nz.github.io/total-image-product-assets/assets/J212L_ALPINE_LADIES_PUFFER_JACKET/webp/model/J212L_ALPINE_LADIES_PUFFER_JACKET_BLACK_HERO_SIDE.webp,alpine-ladies-puffer-jacket-j212l,black,7
Alpine Ladies Puffer Jacket — J212L_ALPINE_WOMENS_JACKET_NAVY_HERO_SIDE.webp,j212l-model-j212l-alpine-womens-jacket-navy-hero-side,https://notanother-nz.github.io/total-image-product-assets/assets/J212L_ALPINE_LADIES_PUFFER_JACKET/webp/model/J212L_ALPINE_WOMENS_JACKET_NAVY_HERO_SIDE.webp,alpine-ladies-puffer-jacket-j212l,navy,8
Alpine Ladies Puffer Jacket — J212L_ALPINE_LADIES_PUFFER_JACKET_BLACK_FRONT.webp,j212l-product-j212l-alpine-ladies-puffer-jacket-black-front,https://notanother-nz.github.io/total-image-product-assets/assets/J212L_ALPINE_LADIES_PUFFER_JACKET/webp/product/J212L_ALPINE_LADIES_PUFFER_JACKET_BLACK_FRONT.webp,alpine-ladies-puffer-jacket-j212l,black,9
Alpine Ladies Puffer Jacket — J212L_ALPINE_WOMENS_JACKET_NAVY_FRONT.webp,j212l-product-j212l-alpine-womens-jacket-navy-front,https://notanother-nz.github.io/total-image-product-assets/assets/J212L_ALPINE_LADIES_PUFFER_JACKET/webp/product/J212L_ALPINE_WOMENS_JACKET_NAVY_FRONT.webp,alpine-ladies-puffer-jacket-j212l,navy,10
Alpine Ladies Puffer Jacket — J212L_ALPINE_LADIES_PUFFER_JACKET_BLACK_BACK.webp,j212l-product-j212l-alpine-ladies-puffer-jacket-black-back,https://notanother-nz.github.io/total-image-product-assets/assets/J212L_ALPINE_LADIES_PUFFER_JACKET/webp/product/J212L_ALPINE_LADIES_PUFFER_JACKET_BLACK_BACK.webp,alpine-ladies-puffer-jacket-j212l,black,11
Alpine Ladies Puffer Jacket — J212L_ALPINE_WOMENS_JACKET_NAVY_BACK.webp,j212l-product-j212l-alpine-womens-jacket-navy-back,https://notanother-nz.github.io/total-image-product-assets/assets/J212L_ALPINE_LADIES_PUFFER_JACKET/webp/product/J212L_ALPINE_WOMENS_JACKET_NAVY_BACK.webp,alpine-ladies-puffer-jacket-j212l,navy,12
Alpine Men's Puffer Jacket — J212M_Alpine_Mens_Jacket_Hero_Front.webp,j212m-model-j212m-alpine-mens-jacket-hero-front,https://notanother-nz.github.io/total-image-product-assets/assets/J212M_Alpine_Mens_Jacket/webp/model/J212M_Alpine_Mens_Jacket_Hero_Front.webp,alpine-mens-puffer-jacket-j212m,,1
Alpine Men's Puffer Jacket — J212M_Alpine_Mens_Jacket_Hero_Back.webp,j212m-model-j212m-alpine-mens-jacket-hero-back,https://notanother-nz.github.io/total-image-product-assets/assets/J212M_Alpine_Mens_Jacket/webp/model/J212M_Alpine_Mens_Jacket_Hero_Back.webp,alpine-mens-puffer-jacket-j212m,,2
Alpine Men's Puffer Jacket — J212M_Alpine_Mens_Jacket_Hero_Closeup.webp,j212m-model-j212m-alpine-mens-jacket-hero-closeup,https://notanother-nz.github.io/total-image-product-assets/assets/J212M_Alpine_Mens_Jacket/webp/model/J212M_Alpine_Mens_Jacket_Hero_Closeup.webp,alpine-mens-puffer-jacket-j212m,,3
Alpine Men's Puffer Jacket — J212M_Alpine_Mens_Jacket_Hero_Side.webp,j212m-model-j212m-alpine-mens-jacket-hero-side,https://notanother-nz.github.io/total-image-product-assets/assets/J212M_Alpine_Mens_Jacket/webp/model/J212M_Alpine_Mens_Jacket_Hero_Side.webp,alpine-mens-puffer-jacket-j212m,,4
Alpine Men's Puffer Jacket — J212M_Alpine_Mens_Jacket_Black_Front_View.webp,j212m-product-j212m-alpine-mens-jacket-black-front-view,https://notanother-nz.github.io/total-image-product-assets/assets/J212M_Alpine_Mens_Jacket/webp/product/J212M_Alpine_Mens_Jacket_Black_Front_View.webp,alpine-mens-puffer-jacket-j212m,black,5
Alpine Men's Puffer Jacket — J212M_Alpine_Mens_Jacket_Navy_Front_View.webp,j212m-product-j212m-alpine-mens-jacket-navy-front-view,https://notanother-nz.github.io/total-image-product-assets/assets/J212M_Alpine_Mens_Jacket/webp/product/J212M_Alpine_Mens_Jacket_Navy_Front_View.webp,alpine-mens-puffer-jacket-j212m,navy,6
Alpine Men's Puffer Jacket — J212M_Alpine_Mens_Jacket_Black_Back_View.webp,j212m-product-j212m-alpine-mens-jacket-black-back-view,https://notanother-nz.github.io/total-image-product-assets/assets/J212M_Alpine_Mens_Jacket/webp/product/J212M_Alpine_Mens_Jacket_Black_Back_View.webp,alpine-mens-puffer-jacket-j212m,black,7
Alpine Men's Puffer Jacket — J212M_Alpine_Mens_Jacket_Navy_Back_View.webp,j212m-product-j212m-alpine-mens-jacket-navy-back-view,https://notanother-nz.github.io/total-image-product-assets/assets/J212M_Alpine_Mens_Jacket/webp/product/J212M_Alpine_Mens_Jacket_Navy_Back_View.webp,alpine-mens-puffer-jacket-j212m,navy,8
Expedition Men's Vest — J213M_EXPEDITION_MEN'S_VEST_BLACK_HERO_FRONT.webp,j213m-model-j213m-expedition-mens-vest-black-hero-front,https://notanother-nz.github.io/total-image-product-assets/assets/J213M_EXPEDITION_MEN'S_VEST/webp/model/J213M_EXPEDITION_MEN'S_VEST_BLACK_HERO_FRONT.webp,expedition-mens-vest-j213m,black,1
Expedition Men's Vest — J213M_EXPEDITION_MEN'S_VEST_NAVY_HERO_FRONT.webp,j213m-model-j213m-expedition-mens-vest-navy-hero-front,https://notanother-nz.github.io/total-image-product-assets/assets/J213M_EXPEDITION_MEN'S_VEST/webp/model/J213M_EXPEDITION_MEN'S_VEST_NAVY_HERO_FRONT.webp,expedition-mens-vest-j213m,navy,2
Expedition Men's Vest — J213M_EXPEDITION_MEN'S_VEST_BLACK_HERO_BACK.webp,j213m-model-j213m-expedition-mens-vest-black-hero-back,https://notanother-nz.github.io/total-image-product-assets/assets/J213M_EXPEDITION_MEN'S_VEST/webp/model/J213M_EXPEDITION_MEN'S_VEST_BLACK_HERO_BACK.webp,expedition-mens-vest-j213m,black,3
Expedition Men's Vest — J213M_EXPEDITION_MEN'S_VEST_NAVY_HERO_BACK.webp,j213m-model-j213m-expedition-mens-vest-navy-hero-back,https://notanother-nz.github.io/total-image-product-assets/assets/J213M_EXPEDITION_MEN'S_VEST/webp/model/J213M_EXPEDITION_MEN'S_VEST_NAVY_HERO_BACK.webp,expedition-mens-vest-j213m,navy,4
Expedition Men's Vest — J213M_EXPEDITION_MEN'S_VEST_BLACK_HERO_CLOSEUP.webp,j213m-model-j213m-expedition-mens-vest-black-hero-closeup,https://notanother-nz.github.io/total-image-product-assets/assets/J213M_EXPEDITION_MEN'S_VEST/webp/model/J213M_EXPEDITION_MEN'S_VEST_BLACK_HERO_CLOSEUP.webp,expedition-mens-vest-j213m,black,5
Expedition Men's Vest — J213M_EXPEDITION_MEN'S_VEST_NAVY_HERO_CLOSEUP.webp,j213m-model-j213m-expedition-mens-vest-navy-hero-closeup,https://notanother-nz.github.io/total-image-product-assets/assets/J213M_EXPEDITION_MEN'S_VEST/webp/model/J213M_EXPEDITION_MEN'S_VEST_NAVY_HERO_CLOSEUP.webp,expedition-mens-vest-j213m,navy,6
Expedition Men's Vest — J213M_EXPEDITION_MEN'S_VEST_BLACK_HERO_SIDE.webp,j213m-model-j213m-expedition-mens-vest-black-hero-side,https://notanother-nz.github.io/total-image-product-assets/assets/J213M_EXPEDITION_MEN'S_VEST/webp/model/J213M_EXPEDITION_MEN'S_VEST_BLACK_HERO_SIDE.webp,expedition-mens-vest-j213m,black,7
Expedition Men's Vest — J213M_EXPEDITION_MEN'S_VEST_NAVY_HERO_SIDE.webp,j213m-model-j213m-expedition-mens-vest-navy-hero-side,https://notanother-nz.github.io/total-image-product-assets/assets/J213M_EXPEDITION_MEN'S_VEST/webp/model/J213M_EXPEDITION_MEN'S_VEST_NAVY_HERO_SIDE.webp,expedition-mens-vest-j213m,navy,8
Expedition Men's Vest — J213M_EXPEDITION_MEN'S_VEST_BLACK_FRONT.webp,j213m-product-j213m-expedition-mens-vest-black-front,https://notanother-nz.github.io/total-image-product-assets/assets/J213M_EXPEDITION_MEN'S_VEST/webp/product/J213M_EXPEDITION_MEN'S_VEST_BLACK_FRONT.webp,expedition-mens-vest-j213m,black,9
Expedition Men's Vest — J213M_EXPEDITION_MEN'S_VEST_NAVY_FRONT.webp,j213m-product-j213m-expedition-mens-vest-navy-front,https://notanother-nz.github.io/total-image-product-assets/assets/J213M_EXPEDITION_MEN'S_VEST/webp/product/J213M_EXPEDITION_MEN'S_VEST_NAVY_FRONT.webp,expedition-mens-vest-j213m,navy,10
Expedition Men's Vest — J213M_EXPEDITION_MEN'S_VEST_BLACK_BACK.webp,j213m-product-j213m-expedition-mens-vest-black-back,https://notanother-nz.github.io/total-image-product-assets/assets/J213M_EXPEDITION_MEN'S_VEST/webp/product/J213M_EXPEDITION_MEN'S_VEST_BLACK_BACK.webp,expedition-mens-vest-j213m,black,11
Expedition Men's Vest — J213M_EXPEDITION_MEN'S_VEST_NAVY_BACK.webp,j213m-product-j213m-expedition-mens-vest-navy-back,https://notanother-nz.github.io/total-image-product-assets/assets/J213M_EXPEDITION_MEN'S_VEST/webp/product/J213M_EXPEDITION_MEN'S_VEST_NAVY_BACK.webp,expedition-mens-vest-j213m,navy,12
Ladies Geneva Jacket — J307L_GENEVA_WOMENS_JACKET_BLACK_CYAN_AFRICAN_HERO_FRONT.webp,j307l-model-j307l-geneva-womens-jacket-black-cyan-african-hero-front,https://notanother-nz.github.io/total-image-product-assets/assets/J307L_LADIES_GENEVA_JACKET/webp/model/J307L_GENEVA_WOMENS_JACKET_BLACK_CYAN_AFRICAN_HERO_FRONT.webp,ladies-geneva-jacket-j307l,black-cyan,1
Ladies Geneva Jacket — J307L_GENEVA_WOMENS_JACKET_BLACK_CYAN_HERO_FRONT.webp,j307l-model-j307l-geneva-womens-jacket-black-cyan-hero-front,https://notanother-nz.github.io/total-image-product-assets/assets/J307L_LADIES_GENEVA_JACKET/webp/model/J307L_GENEVA_WOMENS_JACKET_BLACK_CYAN_HERO_FRONT.webp,ladies-geneva-jacket-j307l,black-cyan,2
Ladies Geneva Jacket — J307L_GENEVA_WOMENS_JACKET_BLACK_CYAN_PLUS_HERO_FRONT.webp,j307l-model-j307l-geneva-womens-jacket-black-cyan-plus-hero-front,https://notanother-nz.github.io/total-image-product-assets/assets/J307L_LADIES_GENEVA_JACKET/webp/model/J307L_GENEVA_WOMENS_JACKET_BLACK_CYAN_PLUS_HERO_FRONT.webp,ladies-geneva-jacket-j307l,black-cyan,3
Ladies Geneva Jacket — J307L_GENEVA_WOMENS_JACKET_NAVY_GRAPHITE__HERO_FRONT.webp,j307l-model-j307l-geneva-womens-jacket-navy-graphite-hero-front,https://notanother-nz.github.io/total-image-product-assets/assets/J307L_LADIES_GENEVA_JACKET/webp/model/J307L_GENEVA_WOMENS_JACKET_NAVY_GRAPHITE__HERO_FRONT.webp,ladies-geneva-jacket-j307l,navy-graphite,4
Ladies Geneva Jacket — J307L_GENEVA_WOMENS_JACKET_NAVY_GRAPHITE_AFRICAN_HERO_FRONT.webp,j307l-model-j307l-geneva-womens-jacket-navy-graphite-african-hero-front,https://notanother-nz.github.io/total-image-product-assets/assets/J307L_LADIES_GENEVA_JACKET/webp/model/J307L_GENEVA_WOMENS_JACKET_NAVY_GRAPHITE_AFRICAN_HERO_FRONT.webp,ladies-geneva-jacket-j307l,navy-graphite,5
Ladies Geneva Jacket — J307L_GENEVA_WOMENS_JACKET_NAVY_GRAPHITE_CAUCASIAN_HERO_FRONT.webp,j307l-model-j307l-geneva-womens-jacket-navy-graphite-caucasian-hero-front,https://notanother-nz.github.io/total-image-product-assets/assets/J307L_LADIES_GENEVA_JACKET/webp/model/J307L_GENEVA_WOMENS_JACKET_NAVY_GRAPHITE_CAUCASIAN_HERO_FRONT.webp,ladies-geneva-jacket-j307l,navy-graphite,6
Ladies Geneva Jacket — J307L_GENEVA_WOMENS_JACKET_NAVY_GRAPHITE_HERO_FRONT.webp,j307l-model-j307l-geneva-womens-jacket-navy-graphite-hero-front-29f03733,https://notanother-nz.github.io/total-image-product-assets/assets/J307L_LADIES_GENEVA_JACKET/webp/model/J307L_GENEVA_WOMENS_JACKET_NAVY_GRAPHITE_HERO_FRONT.webp,ladies-geneva-jacket-j307l,navy-graphite,7
Ladies Geneva Jacket — J307L_LADIES_GENEVA_JACKET_BLACK_CYAN_HERO_FRONT.webp,j307l-model-j307l-ladies-geneva-jacket-black-cyan-hero-front,https://notanother-nz.github.io/total-image-product-assets/assets/J307L_LADIES_GENEVA_JACKET/webp/model/J307L_LADIES_GENEVA_JACKET_BLACK_CYAN_HERO_FRONT.webp,ladies-geneva-jacket-j307l,black-cyan,8
Ladies Geneva Jacket — J307L_GENEVA_WOMENS_JACKET_BLACK_CYAN_AFRICAN_HERO_BACK.webp,j307l-model-j307l-geneva-womens-jacket-black-cyan-african-hero-back,https://notanother-nz.github.io/total-image-product-assets/assets/J307L_LADIES_GENEVA_JACKET/webp/model/J307L_GENEVA_WOMENS_JACKET_BLACK_CYAN_AFRICAN_HERO_BACK.webp,ladies-geneva-jacket-j307l,black-cyan,9
Ladies Geneva Jacket — J307L_GENEVA_WOMENS_JACKET_BLACK_CYAN_HERO_BACK.webp,j307l-model-j307l-geneva-womens-jacket-black-cyan-hero-back,https://notanother-nz.github.io/total-image-product-assets/assets/J307L_LADIES_GENEVA_JACKET/webp/model/J307L_GENEVA_WOMENS_JACKET_BLACK_CYAN_HERO_BACK.webp,ladies-geneva-jacket-j307l,black-cyan,10
Ladies Geneva Jacket — J307L_GENEVA_WOMENS_JACKET_BLACK_CYAN_PLUS_HERO_BACK.webp,j307l-model-j307l-geneva-womens-jacket-black-cyan-plus-hero-back,https://notanother-nz.github.io/total-image-product-assets/assets/J307L_LADIES_GENEVA_JACKET/webp/model/J307L_GENEVA_WOMENS_JACKET_BLACK_CYAN_PLUS_HERO_BACK.webp,ladies-geneva-jacket-j307l,black-cyan,11
Ladies Geneva Jacket — J307L_GENEVA_WOMENS_JACKET_NAVY_GRAPHITE__HERO_BACK.webp,j307l-model-j307l-geneva-womens-jacket-navy-graphite-hero-back,https://notanother-nz.github.io/total-image-product-assets/assets/J307L_LADIES_GENEVA_JACKET/webp/model/J307L_GENEVA_WOMENS_JACKET_NAVY_GRAPHITE__HERO_BACK.webp,ladies-geneva-jacket-j307l,navy-graphite,12
Ladies Geneva Jacket — J307L_GENEVA_WOMENS_JACKET_NAVY_GRAPHITE_AFRICAN_HERO_BACK.webp,j307l-model-j307l-geneva-womens-jacket-navy-graphite-african-hero-back,https://notanother-nz.github.io/total-image-product-assets/assets/J307L_LADIES_GENEVA_JACKET/webp/model/J307L_GENEVA_WOMENS_JACKET_NAVY_GRAPHITE_AFRICAN_HERO_BACK.webp,ladies-geneva-jacket-j307l,navy-graphite,13
Ladies Geneva Jacket — J307L_GENEVA_WOMENS_JACKET_NAVY_GRAPHITE_CAUCASIAN_HERO_BACK.webp,j307l-model-j307l-geneva-womens-jacket-navy-graphite-caucasian-hero-back,https://notanother-nz.github.io/total-image-product-assets/assets/J307L_LADIES_GENEVA_JACKET/webp/model/J307L_GENEVA_WOMENS_JACKET_NAVY_GRAPHITE_CAUCASIAN_HERO_BACK.webp,ladies-geneva-jacket-j307l,navy-graphite,14
Ladies Geneva Jacket — J307L_GENEVA_WOMENS_JACKET_NAVY_GRAPHITE_HERO_BACK.webp,j307l-model-j307l-geneva-womens-jacket-navy-graphite-hero-back-2d5ad945,https://notanother-nz.github.io/total-image-product-assets/assets/J307L_LADIES_GENEVA_JACKET/webp/model/J307L_GENEVA_WOMENS_JACKET_NAVY_GRAPHITE_HERO_BACK.webp,ladies-geneva-jacket-j307l,navy-graphite,15
Ladies Geneva Jacket — J307L_LADIES_GENEVA_JACKET_BLACK_CYAN_HERO_BACK.webp,j307l-model-j307l-ladies-geneva-jacket-black-cyan-hero-back,https://notanother-nz.github.io/total-image-product-assets/assets/J307L_LADIES_GENEVA_JACKET/webp/model/J307L_LADIES_GENEVA_JACKET_BLACK_CYAN_HERO_BACK.webp,ladies-geneva-jacket-j307l,black-cyan,16
Ladies Geneva Jacket — J307L_GENEVA_WOMENS_JACKET_BLACK_CYAN_AFRICAN_HERO_CLOSEUP.webp,j307l-model-j307l-geneva-womens-jacket-black-cyan-african-hero-closeup,https://notanother-nz.github.io/total-image-product-assets/assets/J307L_LADIES_GENEVA_JACKET/webp/model/J307L_GENEVA_WOMENS_JACKET_BLACK_CYAN_AFRICAN_HERO_CLOSEUP.webp,ladies-geneva-jacket-j307l,black-cyan,17
Ladies Geneva Jacket — J307L_GENEVA_WOMENS_JACKET_BLACK_CYAN_HERO_CLOSEUP.webp,j307l-model-j307l-geneva-womens-jacket-black-cyan-hero-closeup,https://notanother-nz.github.io/total-image-product-assets/assets/J307L_LADIES_GENEVA_JACKET/webp/model/J307L_GENEVA_WOMENS_JACKET_BLACK_CYAN_HERO_CLOSEUP.webp,ladies-geneva-jacket-j307l,black-cyan,18
Ladies Geneva Jacket — J307L_GENEVA_WOMENS_JACKET_BLACK_CYAN_PLUS_HERO_CLOSEUP.webp,j307l-model-j307l-geneva-womens-jacket-black-cyan-plus-hero-closeup,https://notanother-nz.github.io/total-image-product-assets/assets/J307L_LADIES_GENEVA_JACKET/webp/model/J307L_GENEVA_WOMENS_JACKET_BLACK_CYAN_PLUS_HERO_CLOSEUP.webp,ladies-geneva-jacket-j307l,black-cyan,19
Ladies Geneva Jacket — J307L_GENEVA_WOMENS_JACKET_NAVY_GRAPHITE__HERO_CLOSEUP.webp,j307l-model-j307l-geneva-womens-jacket-navy-graphite-hero-closeup,https://notanother-nz.github.io/total-image-product-assets/assets/J307L_LADIES_GENEVA_JACKET/webp/model/J307L_GENEVA_WOMENS_JACKET_NAVY_GRAPHITE__HERO_CLOSEUP.webp,ladies-geneva-jacket-j307l,navy-graphite,20
Ladies Geneva Jacket — J307L_GENEVA_WOMENS_JACKET_NAVY_GRAPHITE_AFRICAN_HERO_CLOSEUP.webp,j307l-model-j307l-geneva-womens-jacket-navy-graphite-african-hero-closeup,https://notanother-nz.github.io/total-image-product-assets/assets/J307L_LADIES_GENEVA_JACKET/webp/model/J307L_GENEVA_WOMENS_JACKET_NAVY_GRAPHITE_AFRICAN_HERO_CLOSEUP.webp,ladies-geneva-jacket-j307l,navy-graphite,21
Ladies Geneva Jacket — J307L_GENEVA_WOMENS_JACKET_NAVY_GRAPHITE_CAUCASIAN_HERO_CLOSEUP.webp,j307l-model-j307l-geneva-womens-jacket-navy-graphite-caucasian-hero-closeup,https://notanother-nz.github.io/total-image-product-assets/assets/J307L_LADIES_GENEVA_JACKET/webp/model/J307L_GENEVA_WOMENS_JACKET_NAVY_GRAPHITE_CAUCASIAN_HERO_CLOSEUP.webp,ladies-geneva-jacket-j307l,navy-graphite,22
Ladies Geneva Jacket — J307L_GENEVA_WOMENS_JACKET_NAVY_GRAPHITE_HERO_CLOSEUP.webp,j307l-model-j307l-geneva-womens-jacket-navy-graphite-hero-closeup-3471e2e8,https://notanother-nz.github.io/total-image-product-assets/assets/J307L_LADIES_GENEVA_JACKET/webp/model/J307L_GENEVA_WOMENS_JACKET_NAVY_GRAPHITE_HERO_CLOSEUP.webp,ladies-geneva-jacket-j307l,navy-graphite,23
Ladies Geneva Jacket — J307L_LADIES_GENEVA_JACKET_BLACK_CYAN_HERO_CLOSEUP.webp,j307l-model-j307l-ladies-geneva-jacket-black-cyan-hero-closeup,https://notanother-nz.github.io/total-image-product-assets/assets/J307L_LADIES_GENEVA_JACKET/webp/model/J307L_LADIES_GENEVA_JACKET_BLACK_CYAN_HERO_CLOSEUP.webp,ladies-geneva-jacket-j307l,black-cyan,24
Ladies Geneva Jacket — J307L_GENEVA_WOMENS_JACKET_BLACK_CYAN_AFRICAN_HERO_SIDE.webp,j307l-model-j307l-geneva-womens-jacket-black-cyan-african-hero-side,https://notanother-nz.github.io/total-image-product-assets/assets/J307L_LADIES_GENEVA_JACKET/webp/model/J307L_GENEVA_WOMENS_JACKET_BLACK_CYAN_AFRICAN_HERO_SIDE.webp,ladies-geneva-jacket-j307l,black-cyan,25
Ladies Geneva Jacket — J307L_GENEVA_WOMENS_JACKET_BLACK_CYAN_HERO_SIDE.webp,j307l-model-j307l-geneva-womens-jacket-black-cyan-hero-side,https://notanother-nz.github.io/total-image-product-assets/assets/J307L_LADIES_GENEVA_JACKET/webp/model/J307L_GENEVA_WOMENS_JACKET_BLACK_CYAN_HERO_SIDE.webp,ladies-geneva-jacket-j307l,black-cyan,26
Ladies Geneva Jacket — J307L_GENEVA_WOMENS_JACKET_BLACK_CYAN_PLUS_HERO_SIDE.webp,j307l-model-j307l-geneva-womens-jacket-black-cyan-plus-hero-side,https://notanother-nz.github.io/total-image-product-assets/assets/J307L_LADIES_GENEVA_JACKET/webp/model/J307L_GENEVA_WOMENS_JACKET_BLACK_CYAN_PLUS_HERO_SIDE.webp,ladies-geneva-jacket-j307l,black-cyan,27
Ladies Geneva Jacket — J307L_GENEVA_WOMENS_JACKET_NAVY_GRAPHITE__HERO_SIDE.webp,j307l-model-j307l-geneva-womens-jacket-navy-graphite-hero-side,https://notanother-nz.github.io/total-image-product-assets/assets/J307L_LADIES_GENEVA_JACKET/webp/model/J307L_GENEVA_WOMENS_JACKET_NAVY_GRAPHITE__HERO_SIDE.webp,ladies-geneva-jacket-j307l,navy-graphite,28
Ladies Geneva Jacket — J307L_GENEVA_WOMENS_JACKET_NAVY_GRAPHITE_AFRICAN_HERO_SIDE.webp,j307l-model-j307l-geneva-womens-jacket-navy-graphite-african-hero-side,https://notanother-nz.github.io/total-image-product-assets/assets/J307L_LADIES_GENEVA_JACKET/webp/model/J307L_GENEVA_WOMENS_JACKET_NAVY_GRAPHITE_AFRICAN_HERO_SIDE.webp,ladies-geneva-jacket-j307l,navy-graphite,29
Ladies Geneva Jacket — J307L_GENEVA_WOMENS_JACKET_NAVY_GRAPHITE_CAUCASIAN_HERO_SIDE.webp,j307l-model-j307l-geneva-womens-jacket-navy-graphite-caucasian-hero-side,https://notanother-nz.github.io/total-image-product-assets/assets/J307L_LADIES_GENEVA_JACKET/webp/model/J307L_GENEVA_WOMENS_JACKET_NAVY_GRAPHITE_CAUCASIAN_HERO_SIDE.webp,ladies-geneva-jacket-j307l,navy-graphite,30
Ladies Geneva Jacket — J307L_GENEVA_WOMENS_JACKET_NAVY_GRAPHITE_HERO_SIDE.webp,j307l-model-j307l-geneva-womens-jacket-navy-graphite-hero-side-124b84b0,https://notanother-nz.github.io/total-image-product-assets/assets/J307L_LADIES_GENEVA_JACKET/webp/model/J307L_GENEVA_WOMENS_JACKET_NAVY_GRAPHITE_HERO_SIDE.webp,ladies-geneva-jacket-j307l,navy-graphite,31
Ladies Geneva Jacket — J307L_LADIES_GENEVA_JACKET_BLACK_CYAN_HERO_SIDE.webp,j307l-model-j307l-ladies-geneva-jacket-black-cyan-hero-side,https://notanother-nz.github.io/total-image-product-assets/assets/J307L_LADIES_GENEVA_JACKET/webp/model/J307L_LADIES_GENEVA_JACKET_BLACK_CYAN_HERO_SIDE.webp,ladies-geneva-jacket-j307l,black-cyan,32
Ladies Geneva Jacket — J307L_LADIES_GENEVA_JACKET_BLACK_CYAN_FRONT.webp,j307l-product-j307l-ladies-geneva-jacket-black-cyan-front,https://notanother-nz.github.io/total-image-product-assets/assets/J307L_LADIES_GENEVA_JACKET/webp/product/J307L_LADIES_GENEVA_JACKET_BLACK_CYAN_FRONT.webp,ladies-geneva-jacket-j307l,black-cyan,33
Ladies Geneva Jacket — J307L_LADIES_GENEVA_JACKET_BLACK_GRAPHITE_FRONT.webp,j307l-product-j307l-ladies-geneva-jacket-black-graphite-front,https://notanother-nz.github.io/total-image-product-assets/assets/J307L_LADIES_GENEVA_JACKET/webp/product/J307L_LADIES_GENEVA_JACKET_BLACK_GRAPHITE_FRONT.webp,ladies-geneva-jacket-j307l,black-graphite,34
Ladies Geneva Jacket — J307L_LADIES_GENEVA_JACKET_BLACK_RED_FRONT.webp,j307l-product-j307l-ladies-geneva-jacket-black-red-front,https://notanother-nz.github.io/total-image-product-assets/assets/J307L_LADIES_GENEVA_JACKET/webp/product/J307L_LADIES_GENEVA_JACKET_BLACK_RED_FRONT.webp,ladies-geneva-jacket-j307l,black-red,35
Ladies Geneva Jacket — J307L_LADIES_GENEVA_JACKET_NAVY_GRAPHITE_FRONT.webp,j307l-product-j307l-ladies-geneva-jacket-navy-graphite-front,https://notanother-nz.github.io/total-image-product-assets/assets/J307L_LADIES_GENEVA_JACKET/webp/product/J307L_LADIES_GENEVA_JACKET_NAVY_GRAPHITE_FRONT.webp,ladies-geneva-jacket-j307l,navy-graphite,36
Ladies Geneva Jacket — J307L_LADIES_GENEVA_JACKET_BLACK_CYAN_BACK.webp,j307l-product-j307l-ladies-geneva-jacket-black-cyan-back,https://notanother-nz.github.io/total-image-product-assets/assets/J307L_LADIES_GENEVA_JACKET/webp/product/J307L_LADIES_GENEVA_JACKET_BLACK_CYAN_BACK.webp,ladies-geneva-jacket-j307l,black-cyan,37
Ladies Geneva Jacket — J307L_LADIES_GENEVA_JACKET_BLACK_GRAPHITE_BACK.webp,j307l-product-j307l-ladies-geneva-jacket-black-graphite-back,https://notanother-nz.github.io/total-image-product-assets/assets/J307L_LADIES_GENEVA_JACKET/webp/product/J307L_LADIES_GENEVA_JACKET_BLACK_GRAPHITE_BACK.webp,ladies-geneva-jacket-j307l,black-graphite,38
Ladies Geneva Jacket — J307L_LADIES_GENEVA_JACKET_BLACK_RED_BACK.webp,j307l-product-j307l-ladies-geneva-jacket-black-red-back,https://notanother-nz.github.io/total-image-product-assets/assets/J307L_LADIES_GENEVA_JACKET/webp/product/J307L_LADIES_GENEVA_JACKET_BLACK_RED_BACK.webp,ladies-geneva-jacket-j307l,black-red,39
Ladies Geneva Jacket — J307L_LADIES_GENEVA_JACKET_NAVY_GRAPHITE_BACK.webp,j307l-product-j307l-ladies-geneva-jacket-navy-graphite-back,https://notanother-nz.github.io/total-image-product-assets/assets/J307L_LADIES_GENEVA_JACKET/webp/product/J307L_LADIES_GENEVA_JACKET_NAVY_GRAPHITE_BACK.webp,ladies-geneva-jacket-j307l,navy-graphite,40
Men's Soft Shell Vest — J3881_MEN'S_SOFT_SHELL_VEST_BLACK_HERO_FRONT.webp,j3881-model-j3881-mens-soft-shell-vest-black-hero-front,https://notanother-nz.github.io/total-image-product-assets/assets/J3881_MEN'S_SOFT_SHELL_VEST/webp/model/J3881_MEN'S_SOFT_SHELL_VEST_BLACK_HERO_FRONT.webp,mens-soft-shell-vest-j3881,black,1
Men's Soft Shell Vest — J3881_MEN'S_SOFT_SHELL_VEST_BLACK_HERO_BACK.webp,j3881-model-j3881-mens-soft-shell-vest-black-hero-back,https://notanother-nz.github.io/total-image-product-assets/assets/J3881_MEN'S_SOFT_SHELL_VEST/webp/model/J3881_MEN'S_SOFT_SHELL_VEST_BLACK_HERO_BACK.webp,mens-soft-shell-vest-j3881,black,2
Men's Soft Shell Vest — J3881_MEN'S_SOFT_SHELL_VEST_BLACK_HERO_CLOSEUP.webp,j3881-model-j3881-mens-soft-shell-vest-black-hero-closeup,https://notanother-nz.github.io/total-image-product-assets/assets/J3881_MEN'S_SOFT_SHELL_VEST/webp/model/J3881_MEN'S_SOFT_SHELL_VEST_BLACK_HERO_CLOSEUP.webp,mens-soft-shell-vest-j3881,black,3
Men's Soft Shell Vest — J3881_MEN'S_SOFT_SHELL_VEST_BLACK_HERO_SIDE.webp,j3881-model-j3881-mens-soft-shell-vest-black-hero-side,https://notanother-nz.github.io/total-image-product-assets/assets/J3881_MEN'S_SOFT_SHELL_VEST/webp/model/J3881_MEN'S_SOFT_SHELL_VEST_BLACK_HERO_SIDE.webp,mens-soft-shell-vest-j3881,black,4
Men's Soft Shell Vest — J3881_MEN'S_SOFT_SHELL_VEST_BLACK_FRONT.webp,j3881-product-j3881-mens-soft-shell-vest-black-front,https://notanother-nz.github.io/total-image-product-assets/assets/J3881_MEN'S_SOFT_SHELL_VEST/webp/product/J3881_MEN'S_SOFT_SHELL_VEST_BLACK_FRONT.webp,mens-soft-shell-vest-j3881,black,5
Men's Soft Shell Vest — J3881_MEN'S_SOFT_SHELL_VEST_NAVY_FRONT.webp,j3881-product-j3881-mens-soft-shell-vest-navy-front,https://notanother-nz.github.io/total-image-product-assets/assets/J3881_MEN'S_SOFT_SHELL_VEST/webp/product/J3881_MEN'S_SOFT_SHELL_VEST_NAVY_FRONT.webp,mens-soft-shell-vest-j3881,navy,6
Men's Soft Shell Vest — J3881_MEN'S_SOFT_SHELL_VEST_BLACK_BACK.webp,j3881-product-j3881-mens-soft-shell-vest-black-back,https://notanother-nz.github.io/total-image-product-assets/assets/J3881_MEN'S_SOFT_SHELL_VEST/webp/product/J3881_MEN'S_SOFT_SHELL_VEST_BLACK_BACK.webp,mens-soft-shell-vest-j3881,black,7
Men's Soft Shell Vest — J3881_MEN'S_SOFT_SHELL_VEST_NAVY_BACK.webp,j3881-product-j3881-mens-soft-shell-vest-navy-back,https://notanother-nz.github.io/total-image-product-assets/assets/J3881_MEN'S_SOFT_SHELL_VEST/webp/product/J3881_MEN'S_SOFT_SHELL_VEST_NAVY_BACK.webp,mens-soft-shell-vest-j3881,navy,8
Ladies Geneva Vest — J404L_LADIES_GENEVA_VEST_NAVY_GRAPHITE_HERO_FRONT.webp,j404l-model-j404l-ladies-geneva-vest-navy-graphite-hero-front,https://notanother-nz.github.io/total-image-product-assets/assets/J404L_LADIES_GENEVA_VEST/webp/model/J404L_LADIES_GENEVA_VEST_NAVY_GRAPHITE_HERO_FRONT.webp,ladies-geneva-vest-j404l,navy-graphite,1
Ladies Geneva Vest — J404L_LADIES_GENEVA_VEST_NAVY_GRAPHITE_HERO_BACK.webp,j404l-model-j404l-ladies-geneva-vest-navy-graphite-hero-back,https://notanother-nz.github.io/total-image-product-assets/assets/J404L_LADIES_GENEVA_VEST/webp/model/J404L_LADIES_GENEVA_VEST_NAVY_GRAPHITE_HERO_BACK.webp,ladies-geneva-vest-j404l,navy-graphite,2
Ladies Geneva Vest — J404L_LADIES_GENEVA_VEST_NAVY_GRAPHITE_HERO_CLOSEUP.webp,j404l-model-j404l-ladies-geneva-vest-navy-graphite-hero-closeup,https://notanother-nz.github.io/total-image-product-assets/assets/J404L_LADIES_GENEVA_VEST/webp/model/J404L_LADIES_GENEVA_VEST_NAVY_GRAPHITE_HERO_CLOSEUP.webp,ladies-geneva-vest-j404l,navy-graphite,3
Ladies Geneva Vest — J404L_LADIES_GENEVA_VEST_NAVY_GRAPHITE_HERO_SIDE.webp,j404l-model-j404l-ladies-geneva-vest-navy-graphite-hero-side,https://notanother-nz.github.io/total-image-product-assets/assets/J404L_LADIES_GENEVA_VEST/webp/model/J404L_LADIES_GENEVA_VEST_NAVY_GRAPHITE_HERO_SIDE.webp,ladies-geneva-vest-j404l,navy-graphite,4
Ladies Geneva Vest — J404L_LADIES_GENEVA_VEST_BLACK_CYAN_FRONT.webp,j404l-product-j404l-ladies-geneva-vest-black-cyan-front,https://notanother-nz.github.io/total-image-product-assets/assets/J404L_LADIES_GENEVA_VEST/webp/product/J404L_LADIES_GENEVA_VEST_BLACK_CYAN_FRONT.webp,ladies-geneva-vest-j404l,black-cyan,5
Ladies Geneva Vest — J404L_LADIES_GENEVA_VEST_BLACK_GRAPHITE_FRONT.webp,j404l-product-j404l-ladies-geneva-vest-black-graphite-front,https://notanother-nz.github.io/total-image-product-assets/assets/J404L_LADIES_GENEVA_VEST/webp/product/J404L_LADIES_GENEVA_VEST_BLACK_GRAPHITE_FRONT.webp,ladies-geneva-vest-j404l,black-graphite,6
Ladies Geneva Vest — J404L_LADIES_GENEVA_VEST_BLACK_RED_FRONT.webp,j404l-product-j404l-ladies-geneva-vest-black-red-front,https://notanother-nz.github.io/total-image-product-assets/assets/J404L_LADIES_GENEVA_VEST/webp/product/J404L_LADIES_GENEVA_VEST_BLACK_RED_FRONT.webp,ladies-geneva-vest-j404l,black-red,7
Ladies Geneva Vest — J404L_LADIES_GENEVA_VEST_NAVY_GRAPHITE_FRONT.webp,j404l-product-j404l-ladies-geneva-vest-navy-graphite-front,https://notanother-nz.github.io/total-image-product-assets/assets/J404L_LADIES_GENEVA_VEST/webp/product/J404L_LADIES_GENEVA_VEST_NAVY_GRAPHITE_FRONT.webp,ladies-geneva-vest-j404l,navy-graphite,8
Ladies Geneva Vest — J404L_LADIES_GENEVA_VEST_BLACK_CYAN_BACK.webp,j404l-product-j404l-ladies-geneva-vest-black-cyan-back,https://notanother-nz.github.io/total-image-product-assets/assets/J404L_LADIES_GENEVA_VEST/webp/product/J404L_LADIES_GENEVA_VEST_BLACK_CYAN_BACK.webp,ladies-geneva-vest-j404l,black-cyan,9
Ladies Geneva Vest — J404L_LADIES_GENEVA_VEST_BLACK_GRAPHITE_BACK.webp,j404l-product-j404l-ladies-geneva-vest-black-graphite-back,https://notanother-nz.github.io/total-image-product-assets/assets/J404L_LADIES_GENEVA_VEST/webp/product/J404L_LADIES_GENEVA_VEST_BLACK_GRAPHITE_BACK.webp,ladies-geneva-vest-j404l,black-graphite,10
Ladies Geneva Vest — J404L_LADIES_GENEVA_VEST_BLACK_RED_BACK.webp,j404l-product-j404l-ladies-geneva-vest-black-red-back,https://notanother-nz.github.io/total-image-product-assets/assets/J404L_LADIES_GENEVA_VEST/webp/product/J404L_LADIES_GENEVA_VEST_BLACK_RED_BACK.webp,ladies-geneva-vest-j404l,black-red,11
Ladies Geneva Vest — J404L_LADIES_GENEVA_VEST_NAVY_GRAPHITE_BACK.webp,j404l-product-j404l-ladies-geneva-vest-navy-graphite-back,https://notanother-nz.github.io/total-image-product-assets/assets/J404L_LADIES_GENEVA_VEST/webp/product/J404L_LADIES_GENEVA_VEST_NAVY_GRAPHITE_BACK.webp,ladies-geneva-vest-j404l,navy-graphite,12
